{"authorDailyContributionsMap":{"xpzmichael":[{"date":"2022-02-20","commitResults":[{"hash":"b90bac113b87b15b80051aa171920c802b969a4b","messageTitle":"Update DeveloperGuide.md","messageBody":"","fileTypesAndContributionMap":{"docs":{"insertions":111,"deletions":18}}}]},{"date":"2022-02-27","commitResults":[{"hash":"0380790eb92a66e8fc01ea6f0c524a595ff4bccc","messageTitle":"Update DeveloperGuide.md","messageBody":"","fileTypesAndContributionMap":{"docs":{"insertions":128,"deletions":35}}},{"hash":"a340f51b9ceef537dbed96ba699c6c871626a4b9","messageTitle":"Update UserGuide.md","messageBody":"","fileTypesAndContributionMap":{"docs":{"insertions":10,"deletions":0}}}]},{"date":"2022-03-03","commitResults":[{"hash":"a31b0c71db9aaef8cdb0143ef06c934dcb35c557","messageTitle":"Update UserGuide.md","messageBody":"","fileTypesAndContributionMap":{"docs":{"insertions":3,"deletions":3}}},{"hash":"f5679038cc206cf6c122ba46ee55c44a41de9607","messageTitle":"Update DeveloperGuide.md","messageBody":"","fileTypesAndContributionMap":{"docs":{"insertions":21,"deletions":19}}},{"hash":"efcef6a08ee5cee15d618b3fd3fb9f65d4746e66","messageTitle":"Update DeveloperGuide.md","messageBody":"","fileTypesAndContributionMap":{"docs":{"insertions":1,"deletions":1}}},{"hash":"3d5232c1e3088c6dc0d819244c210ddb86f7961a","messageTitle":"Update xpzmichael.md","messageBody":"","fileTypesAndContributionMap":{"docs":{"insertions":11,"deletions":15}}}]},{"date":"2022-03-14","commitResults":[{"hash":"a798013f6f2be71a51f4a2eeb18135c91d544fa0","messageTitle":"Add new feature \"invoke\"","messageBody":"","fileTypesAndContributionMap":{"functional-code":{"insertions":66,"deletions":10}}},{"hash":"a04563bd22094273e764b1b26acb2f5b244bc347","messageTitle":"Invoke feature update","messageBody":"","fileTypesAndContributionMap":{"functional-code":{"insertions":29,"deletions":8}}}]},{"date":"2022-03-15","commitResults":[{"hash":"9a43259b6d6fe9031fc4767c8758ac6f99694e99","messageTitle":"update checkstyles","messageBody":"","fileTypesAndContributionMap":{"functional-code":{"insertions":4,"deletions":1}}},{"hash":"fb7184251754ec92527ee89011373913798edad8","messageTitle":"fix checkstyle issues","messageBody":"","fileTypesAndContributionMap":{"functional-code":{"insertions":14,"deletions":2}}},{"hash":"54201e7bde72cdd37e0d432ee786d0e4dbc01c91","messageTitle":"fix checkstyle issues","messageBody":"","fileTypesAndContributionMap":{"functional-code":{"insertions":5,"deletions":5}}},{"hash":"4b21cf664af2d9b94374dd3d2585d095ca6e310c","messageTitle":"Update AddressBookParser.java","messageBody":"","fileTypesAndContributionMap":{"functional-code":{"insertions":0,"deletions":1}}},{"hash":"9c14ff4d609f35bb6ba37f56f300f815a529d991","messageTitle":"Update AddressBookParser.java","messageBody":"","fileTypesAndContributionMap":{"functional-code":{"insertions":0,"deletions":1}}},{"hash":"48c9b6fe366a1b17f055bd17ab34fe777f25f24c","messageTitle":"Update AddCommandTest.java","messageBody":"","fileTypesAndContributionMap":{"test-code":{"insertions":5,"deletions":0}}},{"hash":"8a993e0fd6a3c2a2aa6b1c0812e28afe51e4a8dc","messageTitle":"Update Model.java","messageBody":"","fileTypesAndContributionMap":{"functional-code":{"insertions":1,"deletions":0}}},{"hash":"aed3082a08aad2a639b5a479fb42564c3bc22865","messageTitle":"Change \"invoke\" to \"history\" for all files","messageBody":"","fileTypesAndContributionMap":{"functional-code":{"insertions":59,"deletions":59},"other":{"insertions":3,"deletions":3},"docs":{"insertions":3,"deletions":2}}},{"hash":"5bc2db32d95a9c51fa0b438c2cd37eb0789ebe44","messageTitle":"new implementation of HistoryCommand","messageBody":"","fileTypesAndContributionMap":{"functional-code":{"insertions":99,"deletions":38},"test-code":{"insertions":1,"deletions":1}}},{"hash":"10bbd88581712444a8391bbd584992f714908981","messageTitle":"fix checkstyles","messageBody":"","fileTypesAndContributionMap":{"functional-code":{"insertions":4,"deletions":7}}},{"hash":"5077929fcd9c52dca6b5e56eda6e89ee36913fcd","messageTitle":"Update CommandResultTest.java","messageBody":"","fileTypesAndContributionMap":{"test-code":{"insertions":5,"deletions":5}}},{"hash":"073e6b72905a026e982c5db26c25de5921808897","messageTitle":"fix test issues","messageBody":"","fileTypesAndContributionMap":{"test-code":{"insertions":2,"deletions":2}}},{"hash":"7ecd1f8ecc96a1cb77d6e2b341647a03c70d886c","messageTitle":"Update Model.java","messageBody":"","fileTypesAndContributionMap":{"functional-code":{"insertions":1,"deletions":1}}},{"hash":"5295afa04d1f78ac995a41f95dc78909f45a28bc","messageTitle":"update to CommandResult using Enum CommandRemark","messageBody":"","fileTypesAndContributionMap":{"functional-code":{"insertions":25,"deletions":20},"test-code":{"insertions":17,"deletions":7}}},{"hash":"b06355ce71f9ff4cf33f0e7b81efde2cc2aff776","messageTitle":"Enhance JavaDocs","messageBody":"","fileTypesAndContributionMap":{"functional-code":{"insertions":17,"deletions":10}}},{"hash":"02873b3d2a7382d620306ec540f50a8a2f2116d4","messageTitle":"Fix checkstyle issue","messageBody":"","fileTypesAndContributionMap":{"functional-code":{"insertions":2,"deletions":2}}},{"hash":"22a0a8e70ddce0e52b5faeecc1f213a28b8bcf3d","messageTitle":"fix checkstyle","messageBody":"","fileTypesAndContributionMap":{"functional-code":{"insertions":2,"deletions":1}}},{"hash":"5ffbe2a9aa8e0ef0fe6034a9e732a87791c747d8","messageTitle":"fix checkstyle","messageBody":"","fileTypesAndContributionMap":{"functional-code":{"insertions":2,"deletions":1}}},{"hash":"0b4808aa66b2449ea23220e0c071adee34a91010","messageTitle":"fix checkstyles","messageBody":"","fileTypesAndContributionMap":{"functional-code":{"insertions":1,"deletions":0}}},{"hash":"cd2bfcce9368f564cb7226c545d53b08fd9f291c","messageTitle":"fix checkstyles","messageBody":"","fileTypesAndContributionMap":{"functional-code":{"insertions":0,"deletions":2}}},{"hash":"f28fe8dabe4d49eba4ad06475b4708cbe534b7c5","messageTitle":"Update CommandResultTest.java","messageBody":"","fileTypesAndContributionMap":{"test-code":{"insertions":1,"deletions":0}}},{"hash":"b1d7fe75c57bbc329d5e6ff07b93539292bec20a","messageTitle":"Rename CommandHistory to CommandList","messageBody":"","fileTypesAndContributionMap":{"functional-code":{"insertions":9,"deletions":9},"other":{"insertions":1,"deletions":1}}},{"hash":"646c29d24246b76887d74e78e92ae9f82649aac8","messageTitle":"Fix checkstyles and design issues","messageBody":"","fileTypesAndContributionMap":{"functional-code":{"insertions":15,"deletions":26}}},{"hash":"40a0b02bf0cdb999e02041c34a842f7b998a0f03","messageTitle":"fix checkstyles","messageBody":"","fileTypesAndContributionMap":{"functional-code":{"insertions":2,"deletions":4}}}]},{"date":"2022-03-16","commitResults":[{"hash":"b39d8031237d1265c4bff94eec240f387ef61334","messageTitle":"Update CommandList.java","messageBody":"","fileTypesAndContributionMap":{"functional-code":{"insertions":5,"deletions":3}}},{"hash":"8f23c8523d1cf5ea7ce876ab914498138580ce8b","messageTitle":"fix bugs and update tests","messageBody":"","fileTypesAndContributionMap":{"functional-code":{"insertions":9,"deletions":2},"test-code":{"insertions":81,"deletions":0}}},{"hash":"e8641560dc78c68c61b0c68bf76706d9c0b5b717","messageTitle":"fix naming issues and checkstyle","messageBody":"","fileTypesAndContributionMap":{"functional-code":{"insertions":1,"deletions":1},"test-code":{"insertions":14,"deletions":10}}},{"hash":"ad641a3ee82ad1628e903b53371a743dfe1514e4","messageTitle":"Update HistoryCommandTest.java","messageBody":"","fileTypesAndContributionMap":{"test-code":{"insertions":2,"deletions":2}}},{"hash":"4e57aee0ff25c8641492c6ac5ecb99825557a46f","messageTitle":"Update HistoryCommandTest.java","messageBody":"","fileTypesAndContributionMap":{"test-code":{"insertions":2,"deletions":2}}}]},{"date":"2022-03-26","commitResults":[{"hash":"c4f7d2a238e75ebe999c8574b9403f3c59a4ae41","messageTitle":"Implements up and down arrow key","messageBody":"","fileTypesAndContributionMap":{"functional-code":{"insertions":206,"deletions":90},"other":{"insertions":15,"deletions":15},"test-code":{"insertions":0,"deletions":19}}},{"hash":"26db1576adde4a31d8a5db2b1ccbb399e86c0a55","messageTitle":"fix checkstyle","messageBody":"","fileTypesAndContributionMap":{"functional-code":{"insertions":8,"deletions":16}}},{"hash":"eadda06410a7a7e75964131da0f5386753720fe8","messageTitle":"fix test","messageBody":"","fileTypesAndContributionMap":{"test-code":{"insertions":0,"deletions":5}}},{"hash":"e945f4a9df0fbd798c9d6b78e82b05262b276ad9","messageTitle":"Update CommandListTest.java","messageBody":"","fileTypesAndContributionMap":{"test-code":{"insertions":0,"deletions":7}}},{"hash":"e8d443b87990afdab84d651fb8f490f6254d2afa","messageTitle":"fix issues","messageBody":"","fileTypesAndContributionMap":{"functional-code":{"insertions":7,"deletions":9},"test-code":{"insertions":3,"deletions":15}}},{"hash":"e14743a66336de21cfc45f96d7d40f546041a47c","messageTitle":"Good.","messageBody":"","fileTypesAndContributionMap":{"functional-code":{"insertions":16,"deletions":31},"test-code":{"insertions":1,"deletions":2}}}]},{"date":"2022-03-27","commitResults":[{"hash":"00af72813cbbb3893e4763e1482250bad86f0b00","messageTitle":"Fix test failure","messageBody":"","fileTypesAndContributionMap":{"functional-code":{"insertions":3,"deletions":3},"test-code":{"insertions":1,"deletions":0}}},{"hash":"73aeeb6cabf87071d16466b1902f14441dbc79eb","messageTitle":"fix checkstyle","messageBody":"","fileTypesAndContributionMap":{"test-code":{"insertions":2,"deletions":2}}},{"hash":"0719ab872873ec7b0a2d41bd4c5e24b9d8f645dc","messageTitle":"fix test","messageBody":"","fileTypesAndContributionMap":{"functional-code":{"insertions":2,"deletions":2},"test-code":{"insertions":26,"deletions":0}}},{"hash":"5bb91cf20dc71dc9c516d8a8e953cf03fe0fcc92","messageTitle":"Update CommandListTest.java","messageBody":"","fileTypesAndContributionMap":{"test-code":{"insertions":4,"deletions":6}}},{"hash":"8b10d1aa73223171ba2ab692cb3fe8a4975c9357","messageTitle":"test","messageBody":"","fileTypesAndContributionMap":{"test-code":{"insertions":5,"deletions":1}}},{"hash":"09ef9fd7642f312b3cd38864d61f9bdec94dd4d4","messageTitle":"Update developer guide","messageBody":"","fileTypesAndContributionMap":{"docs":{"insertions":70,"deletions":2}}},{"hash":"8fd67357dd89712686a4c0d85255afd13fccf5e1","messageTitle":"Update DeveloperGuide.md","messageBody":"","fileTypesAndContributionMap":{"docs":{"insertions":198,"deletions":32}}},{"hash":"5aa404b310f2f4339f0ad37e930e013976ea0de5","messageTitle":"Update UserGuide.md","messageBody":"","fileTypesAndContributionMap":{"docs":{"insertions":9,"deletions":7}}},{"hash":"e1eafc9a386439d7fea6dca9e285e4defbe314cb","messageTitle":"fix text and documentation","messageBody":"","fileTypesAndContributionMap":{"functional-code":{"insertions":1,"deletions":3},"other":{"insertions":12,"deletions":17},"test-code":{"insertions":94,"deletions":11}}},{"hash":"67c6c96172fc263e1431817d659a945a39b4ca76","messageTitle":"Update CommandListTest.java","messageBody":"","fileTypesAndContributionMap":{"test-code":{"insertions":1,"deletions":1}}},{"hash":"4f6f520cb101e78be5e1cf9f5ecdd1474f399b27","messageTitle":"delete tests","messageBody":"","fileTypesAndContributionMap":{"test-code":{"insertions":0,"deletions":158}}},{"hash":"60bc232f070a6d65ef673463d63dd3c1eb5e9f4c","messageTitle":"Revert \"Update DeveloperGuide.md\"","messageBody":"This reverts commit 8fd67357dd89712686a4c0d85255afd13fccf5e1.\n","fileTypesAndContributionMap":{"docs":{"insertions":32,"deletions":198}}},{"hash":"0c3b717ed6eca9743a51fdb1f852e3d020a017b6","messageTitle":"Create NextCommandTest.java","messageBody":"","fileTypesAndContributionMap":{"test-code":{"insertions":44,"deletions":0}}},{"hash":"9289a974aede1fffd08d31341e54695c06ba0f27","messageTitle":"Create PreviousCommandTest.java","messageBody":"","fileTypesAndContributionMap":{"test-code":{"insertions":42,"deletions":0}}},{"hash":"0ac16ad97dd344a2003fe1ec7bc1ee3088d2a8d4","messageTitle":"Create CommandListTest.java","messageBody":"","fileTypesAndContributionMap":{"test-code":{"insertions":29,"deletions":0}}},{"hash":"33351f02e9266f04ac7e9f1fd30bffa3fab7cddf","messageTitle":"Update CommandListTest.java","messageBody":"","fileTypesAndContributionMap":{"test-code":{"insertions":22,"deletions":0}}},{"hash":"756a20fb22ae896c4060f74e3c3ea20763eff612","messageTitle":"Update CommandListTest.java","messageBody":"","fileTypesAndContributionMap":{"test-code":{"insertions":15,"deletions":2}}},{"hash":"a30421b037a3c97d0be8307722aa74e92adbdd2e","messageTitle":"delete a lot","messageBody":"","fileTypesAndContributionMap":{"docs":{"insertions":0,"deletions":60}}}]},{"date":"2022-03-29","commitResults":[{"hash":"c6f339155e2152883128b07ffedc26a334b1a684","messageTitle":"add limit for Person attributes","messageBody":"","fileTypesAndContributionMap":{"functional-code":{"insertions":14,"deletions":9}}},{"hash":"cf0b3779c71618948f784eb03f99e260901189bb","messageTitle":"Update Email.java","messageBody":"","fileTypesAndContributionMap":{"functional-code":{"insertions":2,"deletions":1}}},{"hash":"c14db99d0fb34bca22598a047870d12daf26e965","messageTitle":"pass tests","messageBody":"","fileTypesAndContributionMap":{"functional-code":{"insertions":5,"deletions":5}}},{"hash":"3e08eb101712160fb63fd3c1fc2c0124ce9f4817","messageTitle":"Update Name.java","messageBody":"","fileTypesAndContributionMap":{"functional-code":{"insertions":2,"deletions":2}}},{"hash":"a0a13e1e9d59563b2a5df37d2b4deb1967155941","messageTitle":"Fix bugs","messageBody":"","fileTypesAndContributionMap":{"functional-code":{"insertions":9,"deletions":9},"test-code":{"insertions":1,"deletions":1}}},{"hash":"ff37b733a3d0c6c48bf71a78f96e3ac3f04c936c","messageTitle":"Fix minor bugs","messageBody":"","fileTypesAndContributionMap":{"functional-code":{"insertions":2,"deletions":2},"test-code":{"insertions":1,"deletions":1}}},{"hash":"a78f91bba0b7edc8f0c4222447961e13c9f5b5f6","messageTitle":"Update Phone.java","messageBody":"","fileTypesAndContributionMap":{"functional-code":{"insertions":1,"deletions":1}}}]},{"date":"2022-03-30","commitResults":[{"hash":"8c2add5cd871e9790349d602cff2b8c2f39d3e69","messageTitle":"Change name to allow all characters and limit tag","messageBody":"","fileTypesAndContributionMap":{"functional-code":{"insertions":5,"deletions":4},"test-code":{"insertions":18,"deletions":2}}},{"hash":"d89b420357d00d53633a6de99328098fa918a2ee","messageTitle":"Fix tests","messageBody":"","fileTypesAndContributionMap":{"functional-code":{"insertions":1,"deletions":2},"test-code":{"insertions":4,"deletions":4}}},{"hash":"94952352c930534365371deb488d57e64963e28d","messageTitle":"Update NameTest.java","messageBody":"","fileTypesAndContributionMap":{"test-code":{"insertions":1,"deletions":1}}},{"hash":"96bcddd3bc6030925035e468da548e275a8a11e9","messageTitle":"Update Tag.java","messageBody":"","fileTypesAndContributionMap":{"functional-code":{"insertions":4,"deletions":3}}},{"hash":"76aecb419c59aa45b8a0f192c89726bdf3d77668","messageTitle":"Add test cases for Email, Phone, Name, and Tag","messageBody":"","fileTypesAndContributionMap":{"functional-code":{"insertions":2,"deletions":2},"test-code":{"insertions":34,"deletions":10}}}]},{"date":"2022-03-31","commitResults":[{"hash":"ddeb61829085d0d8ff8c894d2f8ae3a875dfd6e5","messageTitle":"Update TagTest.java","messageBody":"","fileTypesAndContributionMap":{"test-code":{"insertions":0,"deletions":1}}},{"hash":"a5938f614ce06db2f100eacbe43d939f69aa04fb","messageTitle":"Update PhoneTest.java","messageBody":"","fileTypesAndContributionMap":{"test-code":{"insertions":0,"deletions":1}}}]},{"date":"2022-04-02","commitResults":[{"hash":"6967263efaec4119ef2c823b83d5c50a63d0a4a2","messageTitle":"Update Tag","messageBody":"","fileTypesAndContributionMap":{"functional-code":{"insertions":5,"deletions":5},"test-code":{"insertions":2,"deletions":2}}},{"hash":"d68d8eddd98d56f33ca42f9cb42ea41c54a2cc26","messageTitle":"fix test","messageBody":"","fileTypesAndContributionMap":{"functional-code":{"insertions":2,"deletions":1},"test-code":{"insertions":6,"deletions":4}}}]}],"atmh":[{"date":"2022-02-19","commitResults":[{"hash":"f91597003e7e9574feabf55b86dbd12b61e96b96","messageTitle":"Add remark command","messageBody":"","fileTypesAndContributionMap":{"functional-code":{"insertions":139,"deletions":0},"test-code":{"insertions":6,"deletions":0}}},{"hash":"1a771dae4e449c0738d159e4b5225da3b2ea642d","messageTitle":"Improve remark command","messageBody":"","fileTypesAndContributionMap":{"functional-code":{"insertions":139,"deletions":83},"test-code":{"insertions":244,"deletions":17}}},{"hash":"cd67a72225b74740e0b7cc4b43ebefec80e6aff6","messageTitle":"Fix checkstyle","messageBody":"","fileTypesAndContributionMap":{"functional-code":{"insertions":3,"deletions":3},"test-code":{"insertions":2,"deletions":2}}},{"hash":"10dbd2dadabeb5c4bff5acf7b6baf0736a35c18f","messageTitle":"Fix checkstyle","messageBody":"","fileTypesAndContributionMap":{"functional-code":{"insertions":12,"deletions":5}}},{"hash":"2dc47c095e2497e3b4f58b033ad0b57ef5561c62","messageTitle":"Improve checkstyle","messageBody":"","fileTypesAndContributionMap":{"test-code":{"insertions":1,"deletions":1}}},{"hash":"7b0f926aadc50c03ba2c76c0949efd363393bcf8","messageTitle":"Fix JsonSerializableAddressBookTest","messageBody":"","fileTypesAndContributionMap":{"functional-code":{"insertions":4,"deletions":4}}},{"hash":"8b40689dd84ecdb9e2474fad66e1fb4b6f771a64","messageTitle":"Update index.md","messageBody":"","fileTypesAndContributionMap":{"docs":{"insertions":1,"deletions":1}}},{"hash":"67e328949ce7488a230a92c2769a92bc71bf9e0d","messageTitle":"Fix codecov","messageBody":"","fileTypesAndContributionMap":{"docs":{"insertions":1,"deletions":1}}},{"hash":"9672f4407789289c646d3b817b73574c9eb39d94","messageTitle":"Update AboutUs","messageBody":"","fileTypesAndContributionMap":{"docs":{"insertions":160,"deletions":35}}},{"hash":"09364e74a4df694769ec8c05940455a385089b5f","messageTitle":"Edit AboutUs","messageBody":"","fileTypesAndContributionMap":{"docs":{"insertions":4,"deletions":3}}}]},{"date":"2022-02-20","commitResults":[{"hash":"9715d58e18b94cb9489917e972033a29b90ef0f2","messageTitle":"Update AboutUs page","messageBody":"","fileTypesAndContributionMap":{"docs":{"insertions":7,"deletions":8}}},{"hash":"75db701ab5322337efb56d08f8f87b34c2168829","messageTitle":"Fix typo","messageBody":"","fileTypesAndContributionMap":{"docs":{"insertions":1,"deletions":1}}},{"hash":"e2f539af196a46b4f33b50f7ce1bbc2252bba5fb","messageTitle":"Revert \"[#18]  Update DeveloperGuide.md\"","messageBody":"","fileTypesAndContributionMap":{"docs":{"insertions":18,"deletions":111}}},{"hash":"6dcedc17ae341a7362c20089b9aeedd46de057e2","messageTitle":"Update UserGuide","messageBody":"","fileTypesAndContributionMap":{"docs":{"insertions":34,"deletions":14}}},{"hash":"3ce1f5c54fa8a29f3f00b5af26f5cccb135ba7e1","messageTitle":"Update UserGuide command summary","messageBody":"","fileTypesAndContributionMap":{"docs":{"insertions":1,"deletions":0}}}]},{"date":"2022-02-27","commitResults":[{"hash":"abc20f351155a10f49710902940e7e4952ddf2fb","messageTitle":"Update project portfolio page","messageBody":"","fileTypesAndContributionMap":{"docs":{"insertions":12,"deletions":17}}}]},{"date":"2022-03-05","commitResults":[{"hash":"42721dbcc2153c4b7549e74c40607517696c3bb2","messageTitle":"Update UserGuide.md","messageBody":"","fileTypesAndContributionMap":{"docs":{"insertions":2,"deletions":2}}},{"hash":"69cb2b8994c5c56f094104f6ad81bde350bf78fe","messageTitle":"Update index.md","messageBody":"","fileTypesAndContributionMap":{"docs":{"insertions":3,"deletions":3}}},{"hash":"a566bac1a4dd4603a3bece2269e9d1b63190b57d","messageTitle":"Update index.md to include Abπ","messageBody":"","fileTypesAndContributionMap":{"docs":{"insertions":2,"deletions":2}}}]},{"date":"2022-03-06","commitResults":[{"hash":"9b35e3e5f8076072ee07fce518da1c431a128cb1","messageTitle":"Add memo command and test","messageBody":"","fileTypesAndContributionMap":{"functional-code":{"insertions":76,"deletions":76},"other":{"insertions":89,"deletions":85},"docs":{"insertions":41,"deletions":41},"test-code":{"insertions":62,"deletions":62}}},{"hash":"2394b92f5de2837501f577ccbb3ce9aac8a694bc","messageTitle":"Add optional memo with add command","messageBody":"","fileTypesAndContributionMap":{"functional-code":{"insertions":44,"deletions":3}}},{"hash":"890f4b731bd1d8846bc5c2a30d5c09c75d62343b","messageTitle":"Fix checkstyle","messageBody":"","fileTypesAndContributionMap":{"test-code":{"insertions":1,"deletions":1}}}]},{"date":"2022-03-12","commitResults":[{"hash":"a869b8a8faaa221850a94cf5e05b300f8734b1a5","messageTitle":"Add uniqueness check for phone number and email","messageBody":"","fileTypesAndContributionMap":{"functional-code":{"insertions":7,"deletions":3},"docs":{"insertions":9,"deletions":4},"test-code":{"insertions":12,"deletions":8}}},{"hash":"4456a58da43159191288be57ff3f23a5a44a3d21","messageTitle":"Update README.md","messageBody":"","fileTypesAndContributionMap":{"docs":{"insertions":1,"deletions":1}}},{"hash":"558aec39eecbe8e89ec706b7e09c47cfe0cecb7f","messageTitle":"Add edit memo","messageBody":"","fileTypesAndContributionMap":{"functional-code":{"insertions":22,"deletions":3}}},{"hash":"5287feea4c11883764e46bd4acf084f79c93d522","messageTitle":"Enhance edit command","messageBody":"","fileTypesAndContributionMap":{"functional-code":{"insertions":36,"deletions":2},"docs":{"insertions":2,"deletions":2},"test-code":{"insertions":27,"deletions":0}}}]},{"date":"2022-03-13","commitResults":[{"hash":"e72bf6557e9c65f1e583b69c1ebaf7fce5ee064e","messageTitle":"Improve EditCommandTest","messageBody":"","fileTypesAndContributionMap":{"test-code":{"insertions":12,"deletions":2}}}]},{"date":"2022-03-14","commitResults":[{"hash":"1e4a96333b7f7240e8a04520417edec4fb6b2ffb","messageTitle":"Update Javadoc and JUnit","messageBody":"","fileTypesAndContributionMap":{"functional-code":{"insertions":73,"deletions":1},"test-code":{"insertions":34,"deletions":4}}}]},{"date":"2022-03-15","commitResults":[{"hash":"ac23dae444423a4914845a343640da8669060221","messageTitle":"Remove memo command","messageBody":"","fileTypesAndContributionMap":{"functional-code":{"insertions":0,"deletions":154},"docs":{"insertions":33,"deletions":46},"test-code":{"insertions":91,"deletions":184}}},{"hash":"8a5ad7ad8db7890249d84f832b03b238bc5c8974","messageTitle":"Fix minor typo","messageBody":"","fileTypesAndContributionMap":{"docs":{"insertions":3,"deletions":3}}}]},{"date":"2022-03-18","commitResults":[{"hash":"b2d785ada8fedea560d355d9d123530124b1c6af","messageTitle":"Add Undo and Redo command (in progress)","messageBody":"","fileTypesAndContributionMap":{"functional-code":{"insertions":442,"deletions":3}}},{"hash":"130b9437e2f00fe104297f0d7c2621fa219959ae","messageTitle":"Remove HistoryCommandException.java","messageBody":"","fileTypesAndContributionMap":{"functional-code":{"insertions":0,"deletions":11}}}]},{"date":"2022-03-19","commitResults":[{"hash":"a2de36e1217019735dd1ba31b013629a837e9baa","messageTitle":"Revamp undo redo","messageBody":"","fileTypesAndContributionMap":{"functional-code":{"insertions":197,"deletions":261},"test-code":{"insertions":44,"deletions":0}}},{"hash":"16ccc286f15caa993196c5da6dbe41b6c9a4ffc1","messageTitle":"Add logging to AddressBookParser.java","messageBody":"","fileTypesAndContributionMap":{"functional-code":{"insertions":16,"deletions":0}}},{"hash":"4d00d708323efc2b7e5fb482c7feccf94f2c6898","messageTitle":"Update DeveloperGuide.md with undo and redo feature","messageBody":"","fileTypesAndContributionMap":{"docs":{"insertions":264,"deletions":129}}},{"hash":"ac80b00e98778ad66da5966492641216504dc18f","messageTitle":"Fix checkstyle","messageBody":"","fileTypesAndContributionMap":{"docs":{"insertions":21,"deletions":28}}}]},{"date":"2022-03-21","commitResults":[{"hash":"a0e21b930497eb3f3e2f01a505f03dd58680164e","messageTitle":"Update DeveloperGuide.md","messageBody":"","fileTypesAndContributionMap":{"docs":{"insertions":1,"deletions":1}}},{"hash":"6e492b8895f4000926421a448adda2ce16d77dc5","messageTitle":"Update minor details","messageBody":"","fileTypesAndContributionMap":{"docs":{"insertions":2,"deletions":2}}}]},{"date":"2022-03-22","commitResults":[{"hash":"b4b2ac2ba888a2b80a05d240e09d2c42e38507fd","messageTitle":"Add tests and update UserGuide.md","messageBody":"","fileTypesAndContributionMap":{"functional-code":{"insertions":22,"deletions":9},"docs":{"insertions":89,"deletions":69},"test-code":{"insertions":493,"deletions":1}}},{"hash":"7bb71679dbbb1d51366e6641b11dddd30b441edc","messageTitle":"Add tests to AddressBookParserTest.java","messageBody":"","fileTypesAndContributionMap":{"test-code":{"insertions":14,"deletions":0}}},{"hash":"760d14f01167602c1e55d445c03462bf1736cba0","messageTitle":"Update logging in AddressBookParser.java","messageBody":"","fileTypesAndContributionMap":{"functional-code":{"insertions":2,"deletions":0}}},{"hash":"a7c568eabb6e01320686ebd4a95809bcf13489c8","messageTitle":"Update UserGuide.md examples","messageBody":"","fileTypesAndContributionMap":{"docs":{"insertions":4,"deletions":4}}},{"hash":"c702adc138c48a876057d31b368cf65fedb98d01","messageTitle":"Update memo of SampleDataUtil.java","messageBody":"","fileTypesAndContributionMap":{"functional-code":{"insertions":6,"deletions":7}}},{"hash":"ee322d7e2f0dac17f1555076e34fd787d3ae9790","messageTitle":"Update version number","messageBody":"","fileTypesAndContributionMap":{"functional-code":{"insertions":1,"deletions":1}}}]},{"date":"2022-03-23","commitResults":[{"hash":"38277cecba4a070a1080e155ff70c404f9040b80","messageTitle":"Refactor method names","messageBody":"","fileTypesAndContributionMap":{"test-code":{"insertions":22,"deletions":20}}},{"hash":"46f104d504a54db3c8de9a92ca3f1a3f3acaa589","messageTitle":"Update memo VALIDATION_REGEX","messageBody":"","fileTypesAndContributionMap":{"functional-code":{"insertions":3,"deletions":3}}},{"hash":"445887d8f7d2af1781044631bbb9abfd1ed7c379","messageTitle":"Update Memo multiplicity","messageBody":"","fileTypesAndContributionMap":{"docs":{"insertions":10,"deletions":13}}},{"hash":"fe6b511197d97bc8fc2f1f7b156df33303844732","messageTitle":"Update Memo limit","messageBody":"","fileTypesAndContributionMap":{"functional-code":{"insertions":7,"deletions":3}}},{"hash":"67b3ce15621f0ced1e73a22660128b7140ff1610","messageTitle":"Add logging and assertions","messageBody":"","fileTypesAndContributionMap":{"functional-code":{"insertions":43,"deletions":3}}}]},{"date":"2022-03-24","commitResults":[{"hash":"201328f0ef979b2db9992de28c6a50a654f7df37","messageTitle":"Update JavaDocs","messageBody":"","fileTypesAndContributionMap":{"functional-code":{"insertions":12,"deletions":9}}},{"hash":"16ecaed68f23bdea3d1d04bbd331f13ea1a95941","messageTitle":"Improve JavaDocs","messageBody":"","fileTypesAndContributionMap":{"functional-code":{"insertions":2,"deletions":2}}},{"hash":"5af00e1f028c4b2859dd3230b4cddb2b354f770c","messageTitle":"Improve JavaDocs","messageBody":"","fileTypesAndContributionMap":{"functional-code":{"insertions":6,"deletions":6}}},{"hash":"9ee7d2cb47d720e3a6ed0edcf16762cdba3980b7","messageTitle":"Update empty memo and UI for memo","messageBody":"","fileTypesAndContributionMap":{"functional-code":{"insertions":35,"deletions":18},"test-code":{"insertions":117,"deletions":36}}},{"hash":"2665065900cfef5369afb45175169307c30a6b70","messageTitle":"Improve JavaDocs","messageBody":"","fileTypesAndContributionMap":{"functional-code":{"insertions":4,"deletions":4}}}]},{"date":"2022-03-25","commitResults":[{"hash":"00365d93bcfac2cf25a0752bc24c11c20caefa67","messageTitle":"Add ContactedDate","messageBody":"","fileTypesAndContributionMap":{"functional-code":{"insertions":287,"deletions":54},"test-code":{"insertions":208,"deletions":66}}}]},{"date":"2022-03-26","commitResults":[{"hash":"908a453a43d8906c6f81aab9a44f8c33e903ff5b","messageTitle":"Add JUnit tests","messageBody":"","fileTypesAndContributionMap":{"functional-code":{"insertions":11,"deletions":4},"test-code":{"insertions":349,"deletions":31}}},{"hash":"289bcad9a1d6d0f5acaadee8f21e4fafbfe77c1c","messageTitle":"Fix CI","messageBody":"","fileTypesAndContributionMap":{"docs":{"insertions":19,"deletions":21}}},{"hash":"9fbbbb3e94d4df403224ea78675c83d12aca3bca","messageTitle":"Minor change to comments","messageBody":"","fileTypesAndContributionMap":{"functional-code":{"insertions":1,"deletions":1},"test-code":{"insertions":2,"deletions":2}}},{"hash":"37ed5ab8b366833fa1a61196afd4a89653d6c53c","messageTitle":"Improve capitalization of JavaDocs","messageBody":"","fileTypesAndContributionMap":{"functional-code":{"insertions":14,"deletions":14}}}]},{"date":"2022-03-27","commitResults":[{"hash":"45d49725bc42b8a23114a610b65a1ec90292d822","messageTitle":"Update UserGuide.md and DeveloperGuide.md with ContactedDate","messageBody":"","fileTypesAndContributionMap":{"functional-code":{"insertions":8,"deletions":18},"docs":{"insertions":161,"deletions":46}}},{"hash":"42547be8facd8596822df950c588c4a0294fc36c","messageTitle":"Add checks for trailing characters","messageBody":"","fileTypesAndContributionMap":{"functional-code":{"insertions":40,"deletions":4},"test-code":{"insertions":37,"deletions":6}}},{"hash":"d21bcf0b8a29728f2a6f15295b566ecc930efe2a","messageTitle":"Fix checkstyle","messageBody":"","fileTypesAndContributionMap":{"functional-code":{"insertions":1,"deletions":1}}},{"hash":"79c6db1852ee11ff54614d68b4b231ceed58e480","messageTitle":"Update UserGuide.md","messageBody":"","fileTypesAndContributionMap":{"functional-code":{"insertions":1,"deletions":1},"docs":{"insertions":25,"deletions":12}}}]},{"date":"2022-03-28","commitResults":[{"hash":"736f429a3c4614094dd831d082fc04ee07ba4224","messageTitle":"Improve UserGuide formatting","messageBody":"","fileTypesAndContributionMap":{"docs":{"insertions":18,"deletions":12}}},{"hash":"58baea55c283f5a5052180d793547c86c37ef090","messageTitle":"Improve UserGuide pagebreaks","messageBody":"","fileTypesAndContributionMap":{"docs":{"insertions":6,"deletions":6}}},{"hash":"fbfc0561789830e7b36ba1372221fd8ddd1f35d2","messageTitle":"Improve UserGuide.md page breaks","messageBody":"","fileTypesAndContributionMap":{"docs":{"insertions":4,"deletions":2}}},{"hash":"49353602b6c54577180cb55d2e59c4d3ff9fd0f2","messageTitle":"Add JUnit tests","messageBody":"","fileTypesAndContributionMap":{"test-code":{"insertions":36,"deletions":0}}},{"hash":"0a9815362d0731c957b924d76b67299735682385","messageTitle":"Add ToC to DeveloperGuide.md","messageBody":"","fileTypesAndContributionMap":{"docs":{"insertions":74,"deletions":50}}},{"hash":"5f1f99bb90ba27755331f55d7c7e4db464d34056","messageTitle":"Update Table of Content","messageBody":"","fileTypesAndContributionMap":{"docs":{"insertions":5,"deletions":5}}}]},{"date":"2022-03-29","commitResults":[{"hash":"0c58fb9e355ce33093b566c97387d647ea86bc70","messageTitle":"Refine UserGuide.md content","messageBody":"","fileTypesAndContributionMap":{"docs":{"insertions":11,"deletions":8}}},{"hash":"5d3b6c63c98a5b25bcf88fa814629eaca1b3de66","messageTitle":"Add DeleteTagCommand","messageBody":"","fileTypesAndContributionMap":{"functional-code":{"insertions":242,"deletions":9},"test-code":{"insertions":0,"deletions":1}}}]},{"date":"2022-03-30","commitResults":[{"hash":"53d7be426f55d7c2c06868dfae89847697177e5b","messageTitle":"Add JUnit tests","messageBody":"","fileTypesAndContributionMap":{"functional-code":{"insertions":4,"deletions":4},"test-code":{"insertions":389,"deletions":2}}},{"hash":"f14a9bc212cc3dfd51d3950784b8062d8c521717","messageTitle":"Reformat UserGuide.md and update with DeleteTagCommand details","messageBody":"","fileTypesAndContributionMap":{"docs":{"insertions":127,"deletions":80}}},{"hash":"e24a1dfbe7519c19de8192472eb43e2931fe7443","messageTitle":"Revamp command summary","messageBody":"","fileTypesAndContributionMap":{"docs":{"insertions":9,"deletions":7}}},{"hash":"dc9d189eba43aa32ea92e17e542073789ab0ebbf","messageTitle":"Update FAQ formatting","messageBody":"","fileTypesAndContributionMap":{"docs":{"insertions":4,"deletions":4}}},{"hash":"df78d642ffb7b23872328efdb75ce2a5785ec38b","messageTitle":"Update Person#toString()","messageBody":"","fileTypesAndContributionMap":{"functional-code":{"insertions":4,"deletions":1}}}]},{"date":"2022-03-31","commitResults":[{"hash":"794d0176bc25e9bb3edc7e0b371e5fcd001984a5","messageTitle":"Update Version to v1.3.1","messageBody":"","fileTypesAndContributionMap":{"functional-code":{"insertions":1,"deletions":1}}}]},{"date":"2022-04-03","commitResults":[{"hash":"f5b310c8fe20fea0b42a316893366238b005505f","messageTitle":"Fix minor UserGuide.md bugs","messageBody":"","fileTypesAndContributionMap":{"docs":{"insertions":2,"deletions":2}}}]}],"lovemathboy":[{"date":"2022-03-03","commitResults":[{"hash":"aafd5a0f51732d7040816a4a6dc4e8ebe3c9b762","messageTitle":"Update Project Portfolio Page","messageBody":"","fileTypesAndContributionMap":{"docs":{"insertions":12,"deletions":17}}},{"hash":"e05188fbb0ebbe58ced8db8fa82a6435fa382421","messageTitle":"Update UserGuide.md with copyemails","messageBody":"","fileTypesAndContributionMap":{"docs":{"insertions":11,"deletions":0}}}]},{"date":"2022-03-05","commitResults":[{"hash":"d3f715dc3d1696fe83fb4db49ebe40f5a1b99126","messageTitle":"Update addressbook.jar to abpie.jar","messageBody":"","fileTypesAndContributionMap":{"docs":{"insertions":1,"deletions":1}}}]},{"date":"2022-03-16","commitResults":[{"hash":"f38110c5acf9c01ad1c138ea7586edeeb1207d94","messageTitle":"Add copyemails command","messageBody":"","fileTypesAndContributionMap":{"functional-code":{"insertions":66,"deletions":12}}},{"hash":"fa4e22a67ae7a70957f15012b9688425a52fd62d","messageTitle":"Add copyemails test","messageBody":"","fileTypesAndContributionMap":{"functional-code":{"insertions":8,"deletions":2},"test-code":{"insertions":20,"deletions":0}}},{"hash":"3cd2af5aaa3e1ab498793d88f26b6cb48b78101f","messageTitle":"Fix checkstyle","messageBody":"","fileTypesAndContributionMap":{"functional-code":{"insertions":10,"deletions":1}}},{"hash":"7b5980fbfa65c70b3094159ea1aea0b3dae6accb","messageTitle":"Fix checkstyle","messageBody":"","fileTypesAndContributionMap":{"functional-code":{"insertions":12,"deletions":12},"test-code":{"insertions":3,"deletions":2}}}]},{"date":"2022-03-17","commitResults":[{"hash":"d65213c91a2477c04773b5f35e16ca3fb3c8b63e","messageTitle":"Remove CopyEmailsCommandTest.java","messageBody":"","fileTypesAndContributionMap":{"test-code":{"insertions":0,"deletions":21}}}]},{"date":"2022-03-18","commitResults":[{"hash":"5420445b72c86783729508d33c3b362a1310c1f6","messageTitle":"Enable assertions","messageBody":"","fileTypesAndContributionMap":{"other":{"insertions":4,"deletions":0}}}]},{"date":"2022-03-26","commitResults":[{"hash":"c05b71434b5776dc7e687cbc530c567c2d63a368","messageTitle":"Enable logging for CopyEmailsCommand","messageBody":"","fileTypesAndContributionMap":{"functional-code":{"insertions":8,"deletions":0}}}]},{"date":"2022-03-29","commitResults":[{"hash":"653c896f97252c1d8772a6ddfaa310703221053c","messageTitle":"Add DetailPersonDisplay","messageBody":"","fileTypesAndContributionMap":{"functional-code":{"insertions":192,"deletions":4}}}]},{"date":"2022-03-30","commitResults":[{"hash":"8a34a2b5aa3fa327f4f68828a9f5c9f75a97d77c","messageTitle":"Implement DetailPersonDisplay to actually change display","messageBody":"","fileTypesAndContributionMap":{"functional-code":{"insertions":235,"deletions":113}}},{"hash":"646128f6c462914d95b5cbf15d07815d71f59540","messageTitle":"Add phone number display","messageBody":"","fileTypesAndContributionMap":{"functional-code":{"insertions":55,"deletions":56}}},{"hash":"a5c8fc829a4da59b1f8dcd0b57ccd35e3d6ed478","messageTitle":"Fix AddressBookStub to comply with new ReadOnlyAddressBook","messageBody":"","fileTypesAndContributionMap":{"test-code":{"insertions":11,"deletions":0}}},{"hash":"41213d14525ee371b9e18ed4091db6bd2cd1aaa1","messageTitle":"Add JavaDoc comments","messageBody":"","fileTypesAndContributionMap":{"functional-code":{"insertions":26,"deletions":5}}},{"hash":"cc2e9753caadcd796e09247eb9f15713300d6f57","messageTitle":"Add JavaDoc comments","messageBody":"","fileTypesAndContributionMap":{"functional-code":{"insertions":18,"deletions":2}}},{"hash":"27466b84ee94d8e46bc8181edf1a5e59bad61912","messageTitle":"Change JavaDoc comments","messageBody":"","fileTypesAndContributionMap":{"functional-code":{"insertions":1,"deletions":1}}},{"hash":"9b2a52aeedec318569c8e761d63da7daa5665ff5","messageTitle":"Fix Contact Date not wrapping","messageBody":"","fileTypesAndContributionMap":{"functional-code":{"insertions":1,"deletions":1}}},{"hash":"0194083e2caa1dc8554634732f2984fe98019638","messageTitle":"Fix Contact Date not wrapping","messageBody":"","fileTypesAndContributionMap":{"functional-code":{"insertions":1,"deletions":1}}},{"hash":"f7ab2529b8e5c360e8b995ed0299cf5c283d5858","messageTitle":"Add ViewCommand and move personOnDisplay to Model","messageBody":"","fileTypesAndContributionMap":{"functional-code":{"insertions":289,"deletions":114},"test-code":{"insertions":0,"deletions":11}}}]},{"date":"2022-03-31","commitResults":[{"hash":"68142d4778a1897b11762b99050f111fba35e2ec","messageTitle":"Fix ModelStub to comply with new Model","messageBody":"","fileTypesAndContributionMap":{"test-code":{"insertions":22,"deletions":5}}},{"hash":"46227d994b1c3eb98c30bca039aa06f1aad33f08","messageTitle":"Add JavaDoc and add equals() to ViewCommand","messageBody":"","fileTypesAndContributionMap":{"functional-code":{"insertions":24,"deletions":8}}},{"hash":"0b0beec06e62e86caf83e066ea621366d8a828af","messageTitle":"Add ViewCommand to User Guide","messageBody":"","fileTypesAndContributionMap":{"docs":{"insertions":72,"deletions":32}}},{"hash":"cb57c337ff2220a057ce1347beae9613517f64bd","messageTitle":"Add ViewCommand to User Guide","messageBody":"","fileTypesAndContributionMap":{"docs":{"insertions":1,"deletions":1}}},{"hash":"b5607f51e3bb8a18b1780cd4a95c4218e8cde12c","messageTitle":"Fix ViewCommand containing a logger for ScrubCommand","messageBody":"","fileTypesAndContributionMap":{"functional-code":{"insertions":1,"deletions":1},"docs":{"insertions":5,"deletions":5}}},{"hash":"410d1aca7733fdaea2692875a0ef1d4316720c98","messageTitle":"Update UG with new UI","messageBody":"","fileTypesAndContributionMap":{"docs":{"insertions":45,"deletions":5}}},{"hash":"ddace11ca4114d9ef32ae55809473fba9d2e6b0c","messageTitle":"Remove leftover line in UG","messageBody":"","fileTypesAndContributionMap":{"docs":{"insertions":0,"deletions":2}}}]}],"tandeshao":[{"date":"2022-02-19","commitResults":[{"hash":"2cc3c6602d58ddf8574ba7de957b4dd161aec471","messageTitle":"Update ReadMe file to match ABπ project description","messageBody":"","fileTypesAndContributionMap":{"docs":{"insertions":39,"deletions":11}}}]},{"date":"2022-02-20","commitResults":[{"hash":"694cd8aa3e354bba217b7e3d5056298e6e4f3192","messageTitle":"Update UserGuide to contain information on new find command","messageBody":"","fileTypesAndContributionMap":{"docs":{"insertions":17,"deletions":20}}}]},{"date":"2022-02-28","commitResults":[{"hash":"786e1bd2b67f23394285b9dc79527fbe55277335","messageTitle":"update Project Portfolio Page","messageBody":"","fileTypesAndContributionMap":{"docs":{"insertions":12,"deletions":17}}},{"hash":"9b431f989c9ce34ac01431cde75d69cf21333a47","messageTitle":"Update PPP","messageBody":"","fileTypesAndContributionMap":{"docs":{"insertions":1,"deletions":0}}}]},{"date":"2022-03-04","commitResults":[{"hash":"945c077555cd1bd585abc728901dfc0f6ed1eb85","messageTitle":"Update UG to reflect Abπ instead of Ab3","messageBody":"","fileTypesAndContributionMap":{"docs":{"insertions":1,"deletions":1}}}]},{"date":"2022-03-13","commitResults":[{"hash":"152fd5b564c95381c600c8ef000efb6090f2ba49","messageTitle":"Revert commit changes","messageBody":"","fileTypesAndContributionMap":{"functional-code":{"insertions":2,"deletions":2}}},{"hash":"0b1da5ffe78e1c5d0371d9c89e20609e876e7041","messageTitle":"Add newline at the end of file","messageBody":"","fileTypesAndContributionMap":{"functional-code":{"insertions":2,"deletions":3}}}]},{"date":"2022-03-14","commitResults":[{"hash":"5e24455c1cf6c3835e800189d21bb024b4a80be1","messageTitle":"Add new FindCommand","messageBody":"","fileTypesAndContributionMap":{"functional-code":{"insertions":262,"deletions":57},"test-code":{"insertions":263,"deletions":143}}},{"hash":"591b1b3dd44ef999a28fdb4bc88a19cc368221ec","messageTitle":"Fix FindCommand search for memo","messageBody":"","fileTypesAndContributionMap":{"functional-code":{"insertions":4,"deletions":2},"test-code":{"insertions":31,"deletions":20}}},{"hash":"be1755fa9aac74d0870347e5ad74717dfc8e167f","messageTitle":"Update UserGuide","messageBody":"","fileTypesAndContributionMap":{"docs":{"insertions":15,"deletions":9}}}]},{"date":"2022-03-17","commitResults":[{"hash":"585af71363194259c48fa2e9fe09adab9ab7ae3d","messageTitle":"Ui updated","messageBody":"","fileTypesAndContributionMap":{"functional-code":{"insertions":33,"deletions":22}}},{"hash":"9d855fe5ebbdc72114739ed48b423244b976826a","messageTitle":"Checkstyle error fixed","messageBody":"","fileTypesAndContributionMap":{"functional-code":{"insertions":0,"deletions":5}}},{"hash":"f76e39c448dd48675bef66b2ab14aa1ab042b3fc","messageTitle":"Fixed javafx version","messageBody":"","fileTypesAndContributionMap":{"functional-code":{"insertions":2,"deletions":2}}},{"hash":"6cdd2d12e95b21438d9de80f23da45500b04df81","messageTitle":"Fix FindCommand bug","messageBody":"","fileTypesAndContributionMap":{"test-code":{"insertions":4,"deletions":0}}},{"hash":"8ce2d7170afaefae850f4d46a47ed65b8a7f7878","messageTitle":"Fix FindCommand bug","messageBody":"","fileTypesAndContributionMap":{"functional-code":{"insertions":25,"deletions":6},"test-code":{"insertions":46,"deletions":0}}}]},{"date":"2022-03-18","commitResults":[{"hash":"1fad86e36992229815a42ca0f17841b0e8643cec","messageTitle":"Remove test file","messageBody":"","fileTypesAndContributionMap":{"test-code":{"insertions":0,"deletions":46}}},{"hash":"30ef90a0313d2f10915721559c6d298facf73a3b","messageTitle":"Delete ArgMultiMap test file","messageBody":"","fileTypesAndContributionMap":{"test-code":{"insertions":0,"deletions":4}}},{"hash":"a04dbf5a6a5d92f0f33735a70a67b11e629a7a36","messageTitle":"Add Prefix tests","messageBody":"","fileTypesAndContributionMap":{"test-code":{"insertions":79,"deletions":4}}},{"hash":"e968083bd2fee25bfa7bd3bdf6a799c8f7a8e642","messageTitle":"Improve on checkstyle","messageBody":"","fileTypesAndContributionMap":{"test-code":{"insertions":1,"deletions":1}}},{"hash":"33b6d0917eb396f4909e9436ad286848ed9213de","messageTitle":"Improve checkstyle","messageBody":"","fileTypesAndContributionMap":{"test-code":{"insertions":0,"deletions":0}}},{"hash":"89f84e97c0745da45538e7d724502c70734d7341","messageTitle":"Modify methods to camel case","messageBody":"","fileTypesAndContributionMap":{"test-code":{"insertions":6,"deletions":6}}},{"hash":"3efcd039c38dcba613f31e532df93a61c2ba9a75","messageTitle":"Improve variable naming","messageBody":"","fileTypesAndContributionMap":{"functional-code":{"insertions":1,"deletions":1}}},{"hash":"eee3c47a4128934ab0def2f69c4e6c75dec25f10","messageTitle":"Fix compilation error","messageBody":"","fileTypesAndContributionMap":{"functional-code":{"insertions":1,"deletions":1}}},{"hash":"5deb01427dbd983e167f3f08de5a6d2848048d49","messageTitle":"Add tests for ArgumentMultiMap","messageBody":"","fileTypesAndContributionMap":{"functional-code":{"insertions":5,"deletions":3},"test-code":{"insertions":100,"deletions":0}}},{"hash":"073a8839d50aa3241bdbd43a2be5b4fe08d98604","messageTitle":"Update javadocs","messageBody":"","fileTypesAndContributionMap":{"functional-code":{"insertions":1,"deletions":1}}},{"hash":"aa1a1d720c911b862112e32dc62207fa2a634d5a","messageTitle":"Modify javadocs","messageBody":"","fileTypesAndContributionMap":{"functional-code":{"insertions":1,"deletions":1}}}]},{"date":"2022-03-19","commitResults":[{"hash":"8d705e52a2c53027530e0477800f47524828e656","messageTitle":"Improve code quality","messageBody":"","fileTypesAndContributionMap":{"functional-code":{"insertions":18,"deletions":17}}},{"hash":"bb7ae4e18fd9dfc9a69298e1613109d3ca0cc9dd","messageTitle":"Add logging","messageBody":"","fileTypesAndContributionMap":{"functional-code":{"insertions":10,"deletions":2}}},{"hash":"8430da9eaab5d372464b13bb3358168fd6f658dd","messageTitle":"Remove fullstops","messageBody":"","fileTypesAndContributionMap":{"functional-code":{"insertions":3,"deletions":3}}}]},{"date":"2022-03-23","commitResults":[{"hash":"a429c741e82ca9b495904dd8159624c1528effcc","messageTitle":"Update DeveloperGuide","messageBody":"","fileTypesAndContributionMap":{"docs":{"insertions":220,"deletions":9}}},{"hash":"30728edf2d7b503a963526417b020e523cd7454c","messageTitle":"Change model component link","messageBody":"","fileTypesAndContributionMap":{"docs":{"insertions":4,"deletions":2}}},{"hash":"e58bf5d5fc3f071ee711ae9ebf04c66b12200be6","messageTitle":"Update BetterModelClassDiagram","messageBody":"","fileTypesAndContributionMap":{"docs":{"insertions":11,"deletions":1}}},{"hash":"21d7ca47f3c0cf69c7f0e727032501a45ab5faa1","messageTitle":"Update format for user stories","messageBody":"","fileTypesAndContributionMap":{"docs":{"insertions":1,"deletions":0}}},{"hash":"027a6b75f9a1967e285b04c1ae0e9f7b54b6688e","messageTitle":"UpdateDesign Considerations","messageBody":"","fileTypesAndContributionMap":{"functional-code":{"insertions":2,"deletions":8},"docs":{"insertions":9,"deletions":9}}},{"hash":"5092ee94a14b0beeb0bf8c29f6cfb3010febdc2d","messageTitle":"Remove println statement","messageBody":"","fileTypesAndContributionMap":{"functional-code":{"insertions":0,"deletions":1}}}]},{"date":"2022-03-24","commitResults":[{"hash":"a3e6f0fc7f3924b080c32c1994c6ed236551c4b7","messageTitle":"Fix FindCommand","messageBody":"","fileTypesAndContributionMap":{"functional-code":{"insertions":359,"deletions":202},"test-code":{"insertions":241,"deletions":278}}},{"hash":"70ee6271ac7a3e04cefa57811b7395caa348bfc4","messageTitle":"Update DeveloperGuide","messageBody":"","fileTypesAndContributionMap":{"functional-code":{"insertions":1,"deletions":1},"docs":{"insertions":69,"deletions":100}}},{"hash":"23e2f4db76fb6a964bf17cf1aaee2bc40b778733","messageTitle":"Improve documentation","messageBody":"","fileTypesAndContributionMap":{"docs":{"insertions":1,"deletions":1}}},{"hash":"f5cedb64ea7a44f1cd14aefd50eaeb5934642a46","messageTitle":"Improve documentation","messageBody":"","fileTypesAndContributionMap":{"docs":{"insertions":1,"deletions":1}}},{"hash":"90d4280ff885ab14fb0e9f965b1a47d420d13c6f","messageTitle":"Change to 1 backtick","messageBody":"","fileTypesAndContributionMap":{"docs":{"insertions":10,"deletions":10}}},{"hash":"e7e876342ae36472f8d46adbe0323570f88aa3ad","messageTitle":"Add ScrubCommand","messageBody":"","fileTypesAndContributionMap":{"functional-code":{"insertions":48,"deletions":0}}}]},{"date":"2022-03-25","commitResults":[{"hash":"8a05a74940ae1128fcadd4d9fc33cc7dc4f155b1","messageTitle":"Add ScrubCommand","messageBody":"","fileTypesAndContributionMap":{"functional-code":{"insertions":124,"deletions":28},"other":{"insertions":19,"deletions":28},"docs":{"insertions":9,"deletions":10},"test-code":{"insertions":16,"deletions":16}}}]},{"date":"2022-03-26","commitResults":[{"hash":"0ddd8f3576d956037f1a544d5b36f6396fd0fef7","messageTitle":"Update ScrubCommand","messageBody":"","fileTypesAndContributionMap":{"functional-code":{"insertions":366,"deletions":60},"other":{"insertions":15,"deletions":14},"docs":{"insertions":10,"deletions":10},"test-code":{"insertions":16,"deletions":16}}},{"hash":"951dacde994ff0d38edbf6ad5a472e271e1e8f20","messageTitle":"Add tests for ScrubCommand","messageBody":"","fileTypesAndContributionMap":{"functional-code":{"insertions":29,"deletions":63},"test-code":{"insertions":186,"deletions":1}}},{"hash":"d5167a555920ac48335c468fa641966d89ac1c09","messageTitle":"Add whitespace for JavaDocs","messageBody":"","fileTypesAndContributionMap":{"functional-code":{"insertions":31,"deletions":5},"docs":{"insertions":4,"deletions":2}}},{"hash":"7256979f057fdd279acb88094b92bea4084fb32e","messageTitle":"Update whitespcae for JavaDocs","messageBody":"","fileTypesAndContributionMap":{"functional-code":{"insertions":1,"deletions":0}}}]},{"date":"2022-03-27","commitResults":[{"hash":"b67490457e4ddd3c67adc8aaaeb4640c748aafb2","messageTitle":"Change PersonPredicate to ArgMultiMap","messageBody":"","fileTypesAndContributionMap":{"functional-code":{"insertions":124,"deletions":213},"test-code":{"insertions":102,"deletions":71}}},{"hash":"7db71e77bfdfc23b5717e31fb6a9961961b07765","messageTitle":"Update documentation","messageBody":"","fileTypesAndContributionMap":{"functional-code":{"insertions":7,"deletions":7},"docs":{"insertions":14,"deletions":14}}},{"hash":"8efb426ecec92ffaec45463cda874f5cc4ce06cd","messageTitle":"Add tests","messageBody":"","fileTypesAndContributionMap":{"test-code":{"insertions":37,"deletions":0}}},{"hash":"5da4d8623130161b19e7de9faffc6fa35abe771f","messageTitle":"Update documentation","messageBody":"","fileTypesAndContributionMap":{"docs":{"insertions":1,"deletions":0}}},{"hash":"8d5785d5252306b0f301a280b531ebb055783bb6","messageTitle":"Allow find contacted status","messageBody":"","fileTypesAndContributionMap":{"functional-code":{"insertions":65,"deletions":5},"test-code":{"insertions":31,"deletions":0}}},{"hash":"c7d747f8abe06a41176a4e4efabe9d2fe0820944","messageTitle":"Update documentation","messageBody":"","fileTypesAndContributionMap":{"docs":{"insertions":9,"deletions":5}}},{"hash":"e163ef85da706006ff48b08be5e9374f89fe05ca","messageTitle":"Update test cases","messageBody":"","fileTypesAndContributionMap":{"test-code":{"insertions":0,"deletions":31}}},{"hash":"f7080458ab9fca0b7782175e1efd72935fb43ec2","messageTitle":"Update documentation v0.2","messageBody":"","fileTypesAndContributionMap":{"test-code":{"insertions":0,"deletions":0}}},{"hash":"02721313da04a35f6c1b8eb946f5906e69e60cfd","messageTitle":"Add test case for ContactedDateMatchPredicate","messageBody":"","fileTypesAndContributionMap":{"functional-code":{"insertions":1,"deletions":1},"other":{"insertions":4,"deletions":4},"test-code":{"insertions":51,"deletions":0}}},{"hash":"bf86e098fd5a051b7efc461788962612dd764bcc","messageTitle":"Update FindCommandParser","messageBody":"","fileTypesAndContributionMap":{"functional-code":{"insertions":23,"deletions":1},"test-code":{"insertions":11,"deletions":0}}},{"hash":"a793b4b788d69cf1c8204e33b7b36fac11a3b6e8","messageTitle":"Update parser failure message","messageBody":"","fileTypesAndContributionMap":{"functional-code":{"insertions":4,"deletions":3},"test-code":{"insertions":8,"deletions":0}}},{"hash":"eba7aab878d3112fe1d815bd095963e84ef93c74","messageTitle":"Resolve merge conflicts","messageBody":"","fileTypesAndContributionMap":{"docs":{"insertions":1,"deletions":5}}},{"hash":"236c73fab730fc95c0a310a6202f924e9751ab43","messageTitle":"Improve on FindComandParser unit tests","messageBody":"","fileTypesAndContributionMap":{"functional-code":{"insertions":11,"deletions":6},"test-code":{"insertions":33,"deletions":14}}},{"hash":"d74426b80067578748a713581472bd7f7b6935e4","messageTitle":"Add backup file path","messageBody":"","fileTypesAndContributionMap":{"functional-code":{"insertions":53,"deletions":7}}},{"hash":"37ca09d98017ba2ddde078a353d3a5234b6d27e9","messageTitle":"Update UG v1","messageBody":"","fileTypesAndContributionMap":{"docs":{"insertions":86,"deletions":19}}},{"hash":"19eb09a2173e0baa1b8741c9e2509a19950571dc","messageTitle":"Update docs","messageBody":"","fileTypesAndContributionMap":{"docs":{"insertions":65,"deletions":33}}}]},{"date":"2022-03-28","commitResults":[{"hash":"a6ee355eea0a7b9a87ce620167b5bef7215e05c2","messageTitle":"Update documentation","messageBody":"","fileTypesAndContributionMap":{"docs":{"insertions":26,"deletions":28}}},{"hash":"126a15b7e49ec3dcc8b1e7f7508dbe18f9835334","messageTitle":"Update documentation","messageBody":"","fileTypesAndContributionMap":{"docs":{"insertions":2,"deletions":1}}},{"hash":"32bd626a8686108dc1201cd5f7aa229cfbf42030","messageTitle":"Update documentation v2","messageBody":"","fileTypesAndContributionMap":{"docs":{"insertions":1,"deletions":1}}},{"hash":"65080ce5a2e7f80876811e4a636d1d10782abd65","messageTitle":"Update documentation v3","messageBody":"","fileTypesAndContributionMap":{"docs":{"insertions":17,"deletions":12}}},{"hash":"5d4a15dbc742bab3936d1266b88b9efff1cb4ad6","messageTitle":"Update documentation v4","messageBody":"","fileTypesAndContributionMap":{"docs":{"insertions":2,"deletions":1}}},{"hash":"87b1bc9d8f0f515aa9e520fa6bcdce1c1780fd96","messageTitle":"Update documentation v5","messageBody":"","fileTypesAndContributionMap":{"docs":{"insertions":7,"deletions":10}}},{"hash":"5f283b31d83a172349dbab719bcba3d18b13e300","messageTitle":"Update documentation v5","messageBody":"","fileTypesAndContributionMap":{"docs":{"insertions":3,"deletions":3}}},{"hash":"7f380eabc643d9e0625660282f6d96c312ef130a","messageTitle":"Update documentation v5","messageBody":"","fileTypesAndContributionMap":{"docs":{"insertions":4,"deletions":3}}},{"hash":"f40620c3e2c94eb3a4de1b064aae6831ee219928","messageTitle":"Add Ui img","messageBody":"","fileTypesAndContributionMap":{"docs":{"insertions":5,"deletions":5}}},{"hash":"5dbc59793c39cf1ce007e314e1bf24295348fb1a","messageTitle":"Update format","messageBody":"","fileTypesAndContributionMap":{"docs":{"insertions":1,"deletions":2}}},{"hash":"a98d89c33278165589b848eeb4e6c86b688fe7e7","messageTitle":"Add whitespace between headers","messageBody":"","fileTypesAndContributionMap":{"docs":{"insertions":34,"deletions":18}}},{"hash":"dff4fd93203304e3bc344d348b297d08bddecf6e","messageTitle":"Add final changes","messageBody":"","fileTypesAndContributionMap":{"docs":{"insertions":7,"deletions":8}}}]},{"date":"2022-03-29","commitResults":[{"hash":"3770f91ddc5069a8d86e50229460501e994d6867","messageTitle":"Add AddTagCommand","messageBody":"","fileTypesAndContributionMap":{"functional-code":{"insertions":206,"deletions":1}}},{"hash":"060c66a6f2b4ed50a67b673fcf7f08ffe385dd1e","messageTitle":"Update Code Style","messageBody":"","fileTypesAndContributionMap":{"functional-code":{"insertions":22,"deletions":12}}}]},{"date":"2022-03-30","commitResults":[{"hash":"f2023db3aabf3d9aa958b059866f80bbbbcf0a1e","messageTitle":"Update predicate search criterias","messageBody":"","fileTypesAndContributionMap":{"functional-code":{"insertions":17,"deletions":8}}},{"hash":"efcfb970cad59b920d8daab4b3dd73d1c2bda70f","messageTitle":"Update search criteria","messageBody":"","fileTypesAndContributionMap":{"functional-code":{"insertions":55,"deletions":51},"docs":{"insertions":63,"deletions":25},"test-code":{"insertions":14,"deletions":8}}},{"hash":"6d1a3ab81a4fd643a41a93de57f82230dca36483","messageTitle":"Update documentation","messageBody":"","fileTypesAndContributionMap":{"docs":{"insertions":1,"deletions":1}}},{"hash":"25db613c4d45bc33741ed6bdbfe40e5a25a5c2fe","messageTitle":"Add detailed descriptions","messageBody":"","fileTypesAndContributionMap":{"docs":{"insertions":4,"deletions":2}}},{"hash":"2a596ccedc23a48174deba1b52fcdc3b386951d4","messageTitle":"Update table name","messageBody":"","fileTypesAndContributionMap":{"docs":{"insertions":9,"deletions":9}}},{"hash":"5f9e37637a59b1de1b640d7c5a1180acef2065e4","messageTitle":"Update UG","messageBody":"","fileTypesAndContributionMap":{"functional-code":{"insertions":5,"deletions":4},"docs":{"insertions":62,"deletions":27}}},{"hash":"d68a7ca8647052542aa352da55691c103826936f","messageTitle":"Update summary table","messageBody":"","fileTypesAndContributionMap":{"docs":{"insertions":1,"deletions":1}}},{"hash":"8fc1de10926bef4f9b49bd9e102ab787ffcb7ffd","messageTitle":"Improve intro","messageBody":"","fileTypesAndContributionMap":{"docs":{"insertions":3,"deletions":2}}},{"hash":"0f2672f9a383437819ed73d09c439d66fa5f3b11","messageTitle":"Improve checkstyle","messageBody":"","fileTypesAndContributionMap":{"functional-code":{"insertions":2,"deletions":2}}}]},{"date":"2022-03-31","commitResults":[{"hash":"9db6f52db695c97d892498b665df695cdad94eda","messageTitle":"Change FindCommand","messageBody":"","fileTypesAndContributionMap":{"functional-code":{"insertions":4,"deletions":4},"test-code":{"insertions":15,"deletions":15}}},{"hash":"07ea8337d8ed3e3092010c56996b5a955d7e2c3c","messageTitle":"Update FindCommand","messageBody":"","fileTypesAndContributionMap":{"functional-code":{"insertions":51,"deletions":1},"docs":{"insertions":12,"deletions":4},"test-code":{"insertions":8,"deletions":18}}},{"hash":"4b6a5c676f517b9af26a462318aaab7033f08e1f","messageTitle":"Update parser checks","messageBody":"","fileTypesAndContributionMap":{"functional-code":{"insertions":31,"deletions":1}}},{"hash":"5f25dccff03424f1471329611d9e19792e8d7f90","messageTitle":"Update documentation","messageBody":"","fileTypesAndContributionMap":{"docs":{"insertions":7,"deletions":1}}}]}]},"authorFileTypeContributionMap":{"xpzmichael":{"docs":113,"functional-code":268,"test-code":222},"atmh":{"docs":667,"functional-code":1261,"test-code":1829,"other":1},"lovemathboy":{"docs":126,"functional-code":630,"test-code":22,"other":4},"tandeshao":{"docs":474,"functional-code":1259,"test-code":748}},"authorContributionVariance":{"xpzmichael":36319.824,"atmh":69825.055,"lovemathboy":20983.504,"tandeshao":91549.86},"authorDisplayNameMap":{"xpzmichael":"CS2103T-T17-4 XU P..IZHE","atmh":"CS2103T-T17-4 ALVI..HWEE","lovemathboy":"CS2103T-T17-4 HUAN..CHEN","tandeshao":"CS2103T-T17-4 TAN ..SHAO"}}
