{"authorDailyContributionsMap":{"michaelseyo":[{"date":"2022-02-19","commitResults":[{"hash":"4d1c887d4eb9233346fd5482f4e50d61103d8398","messageTitle":"Update user guide","messageBody":"","fileTypesAndContributionMap":{"docs":{"insertions":78,"deletions":97}}}]},{"date":"2022-03-03","commitResults":[{"hash":"cfa4a257a9ca24cecae3a6ccafaf571d8a25c2cb","messageTitle":"Update skeletal PPP","messageBody":"","fileTypesAndContributionMap":{"docs":{"insertions":35,"deletions":0}}}]},{"date":"2022-03-10","commitResults":[{"hash":"fc0b3074c4f92bcd30179899ec5df1b80b607806","messageTitle":"Add getKeys method for ArgumentMultimap class","messageBody":"","fileTypesAndContributionMap":{"functional-code":{"insertions":7,"deletions":0}}},{"hash":"e29341a935a4533a30809fce2ffe1dcf5bd64d98","messageTitle":"Update FindCommand message_usage","messageBody":"","fileTypesAndContributionMap":{"functional-code":{"insertions":2,"deletions":2}}},{"hash":"b4c86e5b647c0467fa37734d7ac0546034d5f030","messageTitle":"Add Field enum for parsing FindCommand fields","messageBody":"","fileTypesAndContributionMap":{"functional-code":{"insertions":10,"deletions":0}}},{"hash":"d187328714abda89bc07f8cf37b60ab9af3e2646","messageTitle":"Remove getKeys method from ArgumentMultimap","messageBody":"","fileTypesAndContributionMap":{"functional-code":{"insertions":0,"deletions":7}}},{"hash":"537e67e168d858b84467519f82db15e743b9a9aa","messageTitle":"Create FieldContainsKeywordsPredicate abstract class with its subclasses","messageBody":"","fileTypesAndContributionMap":{"functional-code":{"insertions":144,"deletions":10}}},{"hash":"3c8e0d9f80b39b5c6688f173ea1af242e0419831","messageTitle":"Modify FindCommand to take in an Abstract FieldContainsKeywordsPredicate","messageBody":"","fileTypesAndContributionMap":{"functional-code":{"insertions":5,"deletions":7}}}]},{"date":"2022-03-12","commitResults":[{"hash":"a05e9eca51926f8e5a5e07ce6984b23fedad2e32","messageTitle":"Implement multi-field and multi-word in each field find","messageBody":"","fileTypesAndContributionMap":{"functional-code":{"insertions":310,"deletions":35},"other":{"insertions":44,"deletions":7},"test-code":{"insertions":6,"deletions":5}}}]},{"date":"2022-03-13","commitResults":[{"hash":"d72fa6eda5b4b5745b128d88eb0b76990da8e6a6","messageTitle":"Add checking for no keywords in find field","messageBody":"","fileTypesAndContributionMap":{"functional-code":{"insertions":18,"deletions":1},"other":{"insertions":0,"deletions":0}}},{"hash":"5fe21c671daa2e49d5c4a4f17c1fb4a0c1f43c8e","messageTitle":"Restructure code to remove repeated logic","messageBody":"","fileTypesAndContributionMap":{"functional-code":{"insertions":32,"deletions":63}}},{"hash":"c6bbfeb28e75b3ad052860a151c4919cff3d51a7","messageTitle":"Add testing for new improveFind","messageBody":"","fileTypesAndContributionMap":{"test-code":{"insertions":809,"deletions":24}}},{"hash":"c46c437570f1c489153cc3126c5a166405a98533","messageTitle":"Settle checkstyle","messageBody":"","fileTypesAndContributionMap":{"functional-code":{"insertions":4,"deletions":113},"test-code":{"insertions":23,"deletions":24}}},{"hash":"9f62c01381067d5437f34cdecca8c22f25b58afe","messageTitle":"Modify constructor code for PreicatesListBuilder","messageBody":"","fileTypesAndContributionMap":{"test-code":{"insertions":1,"deletions":1}}}]},{"date":"2022-03-15","commitResults":[{"hash":"81f41091b782d0c69edb716e30dfa6ae6f2d9efb","messageTitle":"fix some merging","messageBody":"","fileTypesAndContributionMap":{"functional-code":{"insertions":1,"deletions":1},"test-code":{"insertions":1,"deletions":1}}},{"hash":"86389110f7b8196b54e81681f2e46a060e3397e8","messageTitle":"Checkstyle issues","messageBody":"","fileTypesAndContributionMap":{"functional-code":{"insertions":1,"deletions":1},"test-code":{"insertions":1,"deletions":1}}}]},{"date":"2022-03-16","commitResults":[{"hash":"c5936d43ee3ae809242013011776f4d533173707","messageTitle":"Add LightTheme for the UI","messageBody":"","fileTypesAndContributionMap":{"functional-code":{"insertions":353,"deletions":1}}},{"hash":"08958953655c17f7fed5231dfd7baa5877d467ed","messageTitle":"Update checkstyle","messageBody":"","fileTypesAndContributionMap":{"functional-code":{"insertions":1,"deletions":1}}}]}],"jetrz":[{"date":"2022-02-28","commitResults":[{"hash":"7fc15b181f9f8bfd6a1f8f0adf4ef09c47ed5453","messageTitle":"Update DeveloperGuide.md","messageBody":"","fileTypesAndContributionMap":{"docs":{"insertions":58,"deletions":18}}},{"hash":"84475436bc61cf9f000f9d4be858256e630d296a","messageTitle":"Update DeveloperGuide.md","messageBody":"Included the full requirements of our product into the modified sections.\r\n\r\nSections added/updated:\r\n* Table of Contents\r\n* Appendix: Requirements -\u003e Product Scope\r\n* Appendix: Requirements -\u003e User Stories\r\n* Appendix: Requirements -\u003e Non-Functional Requirements\r\n\r\nThese updates were done through this and the previous commit, which I had accidentally committed without a subject and body. Hope this can be overlooked!","fileTypesAndContributionMap":{"docs":{"insertions":1,"deletions":1}}},{"hash":"f3c00c726583e0c08708a1aca6947e12dc571e4b","messageTitle":"Update DeveloperGuide.md","messageBody":"Added table at the top of the page specifying the layout and title of this file.","fileTypesAndContributionMap":{"docs":{"insertions":3,"deletions":0}}},{"hash":"1b913afb5a43780453f0df25cc6e0411efc1952a","messageTitle":"Add PPP for jetrz","messageBody":"Added PPP for jetrz for documentation of contribution to tP.\n","fileTypesAndContributionMap":{"docs":{"insertions":36,"deletions":46}}}]},{"date":"2022-03-12","commitResults":[{"hash":"b263ff371ab9dc68fd9f3878337980da779e466a","messageTitle":"Add function to copy a contact\u0027s information to clipboard","messageBody":"Add \"clip\" function to allow users to efficiently copy a contact\u0027s information onto their system\u0027s clipboard with a simple command.\n\nAdd new classes to facilitate this feature, including:\n* Predicate class to search for exact Name String matching (as compared to sub-string matching used in \"find\" command)\n* Function to compare Name String which ignores casing\n* Parser class for parsing of this command\n* Unit tests for new classes created\n","fileTypesAndContributionMap":{"functional-code":{"insertions":149,"deletions":0},"other":{"insertions":640,"deletions":0},"docs":{"insertions":1,"deletions":1},"test-code":{"insertions":117,"deletions":0}}},{"hash":"a589b94d31952fecfbb8e171d6ca86573d40ce0f","messageTitle":"Update UserGuide to include info on \"clip\" feature","messageBody":"","fileTypesAndContributionMap":{"docs":{"insertions":17,"deletions":0}}},{"hash":"6f8de3640437f78b774c79d310720006432bb329","messageTitle":"Update UserGuide for example on \"clip\" feature","messageBody":"","fileTypesAndContributionMap":{"docs":{"insertions":1,"deletions":1}}},{"hash":"8da63fb1125bd971192eb5f3894cba33e1c5cc99","messageTitle":"Minor styling edits","messageBody":"","fileTypesAndContributionMap":{"functional-code":{"insertions":7,"deletions":6},"test-code":{"insertions":3,"deletions":6}}},{"hash":"cd4b648361571236406acfa2cf28273ed050472d","messageTitle":"Modify AddToClipboardCommandTest.java to exempt certain tests on github","messageBody":"GitHub does not have a \"clipboard\", so HeadlessException will be thrown when running certain tests for \"clip\" feature. Added code so that these tests will be exempted when run on GitHub, but still function as intended locally.\n","fileTypesAndContributionMap":{"test-code":{"insertions":17,"deletions":4}}},{"hash":"397bb04f518b201274e956364b2db43500148427","messageTitle":"Modify AddToClipboardCommandTest.java to exempt certain tests on GitHub","messageBody":"GitHub does not have a \"clipboard\", so HeadlessException will be thrown when running certain tests for \"clip\" feature. Added code so that these tests will be exempted when run on GitHub, but still function as intended locally.\n","fileTypesAndContributionMap":{"test-code":{"insertions":4,"deletions":4}}}]}],"jiewei98":[{"date":"2022-03-02","commitResults":[{"hash":"f8c64037aad3ce4457ae2797e6ed0499ac141214","messageTitle":"Update DeveloperGuide","messageBody":"Add Use Cases for v1.1\n","fileTypesAndContributionMap":{"docs":{"insertions":69,"deletions":4}}}]},{"date":"2022-03-05","commitResults":[{"hash":"e3a3b061a6f3992f3d644b8713ef6a6b8fb88dff","messageTitle":"Add PPP for jiewei98","messageBody":"","fileTypesAndContributionMap":{"docs":{"insertions":36,"deletions":0}}},{"hash":"85c2b73b6e6a557ee529d223dc8870e6bf33bfa4","messageTitle":"Revert \"Add PPP for jiewei98\"","messageBody":"This reverts commit e3a3b061a6f3992f3d644b8713ef6a6b8fb88dff.\n","fileTypesAndContributionMap":{"docs":{"insertions":0,"deletions":36}}},{"hash":"9866e1b5f869996c56787b52bc523110781acb48","messageTitle":"Add PPP for jiewei98","messageBody":"","fileTypesAndContributionMap":{"docs":{"insertions":36,"deletions":0}}}]},{"date":"2022-03-15","commitResults":[{"hash":"387962eaee8eaf3b33109c6719ce4ddf3cd63165","messageTitle":"Add undo feature for Add, Delete, Edit","messageBody":"","fileTypesAndContributionMap":{"functional-code":{"insertions":95,"deletions":1},"test-code":{"insertions":5,"deletions":0}}}]},{"date":"2022-03-16","commitResults":[{"hash":"aad12aa98d95db2603a3ab6a4f7090987c631fe4","messageTitle":"Update undo to support Clear command","messageBody":"","fileTypesAndContributionMap":{"functional-code":{"insertions":22,"deletions":46}}}]}],"MontyPython28":[{"date":"2022-03-02","commitResults":[{"hash":"e6be3db0823d4ba744e7dc958e08ece055daa5ba","messageTitle":"Add PPP for MontyPython28","messageBody":"","fileTypesAndContributionMap":{"docs":{"insertions":1,"deletions":47}}},{"hash":"932c18e842786e1360d5ddb4c6dec632bb339645","messageTitle":"Update AboutUs.md","messageBody":"","fileTypesAndContributionMap":{"docs":{"insertions":59,"deletions":25}}}]},{"date":"2022-03-03","commitResults":[{"hash":"55ec100f821790b07bbfd0e3613d20fe06c51069","messageTitle":"Add InsurancePackage field and edit add + edit commands accordingly","messageBody":"","fileTypesAndContributionMap":{"functional-code":{"insertions":113,"deletions":16}}},{"hash":"1becfa9e359f69242b1a302f100d9e514db87d00","messageTitle":"Update UserGuide.md","messageBody":"","fileTypesAndContributionMap":{"docs":{"insertions":4,"deletions":4}}},{"hash":"5835332643adf361942f314d15cb5bfbdcb6d378","messageTitle":"Format according to CheckStyle","messageBody":"","fileTypesAndContributionMap":{"functional-code":{"insertions":16,"deletions":6}}},{"hash":"5f6839b66ee3b311e7f955d88a27aece63c49e3e","messageTitle":"Correct changes made to UserGuide.md","messageBody":"","fileTypesAndContributionMap":{"docs":{"insertions":2,"deletions":2}}},{"hash":"94ba8a1aaef87908fb32ac4a258fd8e7a006fe90","messageTitle":"Update PPP title and enhancements to existing features","messageBody":"","fileTypesAndContributionMap":{"docs":{"insertions":3,"deletions":3}}}]},{"date":"2022-03-05","commitResults":[{"hash":"e66e023569ccb81a8aa03a1943b4519aa997ff29","messageTitle":"Change images for team and Ui","messageBody":"","fileTypesAndContributionMap":{"functional-code":{"insertions":1,"deletions":1}}}]}],"leeyiheng12":[{"date":"2022-02-28","commitResults":[{"hash":"84baee41c96d67d74d4c487cc5c4208d2afb4480","messageTitle":"Update README to make it specific to ClientConnect","messageBody":"","fileTypesAndContributionMap":{"docs":{"insertions":23,"deletions":11}}}]},{"date":"2022-03-07","commitResults":[{"hash":"aad495eca037a72c8856462959b15f11ceb2f2ff","messageTitle":"Add skeletal PPP","messageBody":"","fileTypesAndContributionMap":{"docs":{"insertions":35,"deletions":0}}},{"hash":"560290adbefda6500ad4281159d7cbd63045ce9f","messageTitle":"Add and modify unit tests for InsurancePackage tag, and modify InsurancePackage class.","messageBody":"Adding a compulsory tag breaks many existing unit tests. Changes:\nAdd unit tests for tag, modify all existing constructors for\nPerson, update dummy values to include dummy insurance package\nvalues, and other changes to existing tests.\n","fileTypesAndContributionMap":{"functional-code":{"insertions":29,"deletions":2},"test-code":{"insertions":217,"deletions":61}}},{"hash":"7bb42f59804ce79e5f339de2d902c9f9e43b0695","messageTitle":"Typo: delete extra semicolon","messageBody":"","fileTypesAndContributionMap":{"test-code":{"insertions":1,"deletions":1}}}]},{"date":"2022-03-08","commitResults":[{"hash":"be193d5c4719d60eebdcbb708ae1be94c31cead0","messageTitle":"add InsurancePackage","messageBody":"","fileTypesAndContributionMap":{"other":{"insertions":581,"deletions":0},"docs":{"insertions":56,"deletions":9}}},{"hash":"4ae428817ae95203692674aecca75133230d556c","messageTitle":"Revert \"add InsurancePackage\"","messageBody":"This reverts commit be193d5c4719d60eebdcbb708ae1be94c31cead0.\n","fileTypesAndContributionMap":{"other":{"insertions":0,"deletions":581},"docs":{"insertions":9,"deletions":56}}},{"hash":"8c3b53ccaa1086eecfc125bf61a9cdbe899ff608","messageTitle":"Update UG to include screenshots","messageBody":"","fileTypesAndContributionMap":{"docs":{"insertions":56,"deletions":9}}},{"hash":"b40cb799b60332a73775b44cb091585eba8d01fa","messageTitle":"make minor changes to pass checkstyle","messageBody":"","fileTypesAndContributionMap":{"docs":{"insertions":6,"deletions":6}}}]},{"date":"2022-03-09","commitResults":[{"hash":"9a208c57453df92e97d60ea1e2ce8b9eddc53e8b","messageTitle":"Add basic import and export CSV functionality","messageBody":"","fileTypesAndContributionMap":{"functional-code":{"insertions":631,"deletions":0}}}]},{"date":"2022-03-10","commitResults":[{"hash":"fd7c28236779bd2aaff8f4c9581dd7768c512284","messageTitle":"Add new classes to encapsulate the handling and parsing of CSV, as well as add proper exception handling and some javadocs","messageBody":"","fileTypesAndContributionMap":{"functional-code":{"insertions":268,"deletions":151}}},{"hash":"514c5cf07aa28c48859ef1d3e0e8e53dc1ee5438","messageTitle":"Add unit tests to new new files relating to CSV, and modify existing classes slightly.","messageBody":"","fileTypesAndContributionMap":{"functional-code":{"insertions":100,"deletions":12},"test-code":{"insertions":302,"deletions":2}}},{"hash":"d4f12c40cab202838cff93a94a78dcd9bbed0aef","messageTitle":"Fix style issues to conform with checkstyle","messageBody":"","fileTypesAndContributionMap":{"functional-code":{"insertions":27,"deletions":27},"test-code":{"insertions":2,"deletions":7}}}]},{"date":"2022-03-13","commitResults":[{"hash":"2cd1821f74d3991de1d4c83d3c822370961fb59a","messageTitle":"Add an import and export command to allow user to perform importing and exporting by typing the keyword, without using the dropdown menu","messageBody":"","fileTypesAndContributionMap":{"functional-code":{"insertions":93,"deletions":6},"test-code":{"insertions":1,"deletions":1}}},{"hash":"4941d7c23211291804d24248ff062bcca254df73","messageTitle":"Modify file to conform with checkstyle","messageBody":"","fileTypesAndContributionMap":{"functional-code":{"insertions":1,"deletions":1}}},{"hash":"cd0deea199cc63032b81da8852bcf7be6297ca27","messageTitle":"Update tests to conform with the new constructor for CommandResult","messageBody":"","fileTypesAndContributionMap":{"test-code":{"insertions":76,"deletions":7}}},{"hash":"75ba6b2a01f70a30ebfc1287072ef53ee1c73ae8","messageTitle":"Add functionality to scroll through history of user input with arrow keys.","messageBody":"","fileTypesAndContributionMap":{"functional-code":{"insertions":179,"deletions":6},"test-code":{"insertions":59,"deletions":2}}}]},{"date":"2022-03-15","commitResults":[{"hash":"ea3f14af45dba5ec6c21eeae60601476aee69ff3","messageTitle":"Fix issues with the storage of past user commands, as well as help window not displaying on typing of \u0027help\u0027 command","messageBody":"","fileTypesAndContributionMap":{"functional-code":{"insertions":5,"deletions":11},"test-code":{"insertions":1,"deletions":1}}}]}]},"authorFileTypeContributionMap":{"michaelseyo":{"docs":104,"functional-code":700,"test-code":811},"jetrz":{"docs":105,"functional-code":150,"test-code":127,"other":640},"jiewei98":{"docs":101,"functional-code":69,"test-code":5},"MontyPython28":{"docs":60,"functional-code":122,"test-code":0},"leeyiheng12":{"docs":107,"functional-code":1132,"test-code":648}},"authorContributionVariance":{"michaelseyo":52104.344,"jetrz":34623.527,"jiewei98":1010.40594,"MontyPython28":1577.3577,"leeyiheng12":106363.19},"authorDisplayNameMap":{"michaelseyo":"CS2103-W17-3 LOW ..HAEL","jetrz":"CS2103-W17-3 JOSH..HONG","jiewei98":"CS2103-W17-3 TAN .. WEI","MontyPython28":"CS2103-W17-3 SAMY..AMAN","leeyiheng12":"CS2103-W17-3 LEE ..HENG"}}
