{"authorDailyContributionsMap":{"benmurphyy":[{"date":"2022-02-24","commitResults":[{"hash":"817fc68ee06724c1c9aed4a664b6fc3e7f354047","messageTitle":"Update About us and readme","messageBody":"","fileTypesAndContributionMap":{"docs":{"insertions":10,"deletions":16}}}]},{"date":"2022-02-25","commitResults":[{"hash":"ea7ea9b1bba4aaeb8bf2da98dfcbe6cc755164db","messageTitle":"Update Ben\u0027s section of UG","messageBody":"","fileTypesAndContributionMap":{"docs":{"insertions":32,"deletions":8}}},{"hash":"5b4623c3d6f6feb8a078e598d712f5301ea37536","messageTitle":"Add Ben\u0027s PPP","messageBody":"","fileTypesAndContributionMap":{"docs":{"insertions":24,"deletions":0}}},{"hash":"7aaa827f3af72bd0ca2aa1b5100f5b3d59d0135d","messageTitle":"Edit Ben\u0027s picture file location","messageBody":"","fileTypesAndContributionMap":{"docs":{"insertions":1,"deletions":1}}}]},{"date":"2022-02-28","commitResults":[{"hash":"d7591a4a9c172fea911ae1800de1d36d3c62daf8","messageTitle":"Rename Ben\u0027s PPP file, remove JohnDoe stock PPP","messageBody":"","fileTypesAndContributionMap":{"docs":{"insertions":1,"deletions":10}}},{"hash":"661313703af2192a98081da633b19cb013770cca","messageTitle":"Remove JohnDoe stock PPP","messageBody":"","fileTypesAndContributionMap":{"docs":{"insertions":0,"deletions":46}}}]},{"date":"2022-03-01","commitResults":[{"hash":"69892fa9145b47add0a20afff6963e3d08e855b5","messageTitle":"Remove unecessary lines from Developer Guide","messageBody":"","fileTypesAndContributionMap":{"docs":{"insertions":0,"deletions":2}}}]},{"date":"2022-03-02","commitResults":[{"hash":"caa7f54eb32d0a6383a0157592dc9581211e4bc7","messageTitle":"Clean up old references in UserGuide, fix issues with ReadMe.md and AboutUs.md","messageBody":"","fileTypesAndContributionMap":{"docs":{"insertions":17,"deletions":17}}}]},{"date":"2022-03-06","commitResults":[{"hash":"5a08b91407d9bb9491a759b6ec647082135514cf","messageTitle":"Modify UI so it will display univeristy modules","messageBody":"","fileTypesAndContributionMap":{"functional-code":{"insertions":625,"deletions":209},"other":{"insertions":1419,"deletions":1319},"docs":{"insertions":8,"deletions":8},"test-code":{"insertions":510,"deletions":536}}},{"hash":"75f55a47081642082fa5e72ac13f6590653fde21","messageTitle":"Clean up docs folder","messageBody":"","fileTypesAndContributionMap":{"docs":{"insertions":5,"deletions":819}}}]},{"date":"2022-03-07","commitResults":[{"hash":"4952d3c4f83bec207476f94ec32f03f1f7fdc7b3","messageTitle":"Add bidirectionality to Module and Person r/s","messageBody":"","fileTypesAndContributionMap":{"functional-code":{"insertions":60,"deletions":16},"other":{"insertions":4,"deletions":4},"test-code":{"insertions":8,"deletions":3}}}]},{"date":"2022-03-09","commitResults":[{"hash":"573a60b8734d08126525b96337de7ad876fa885c","messageTitle":"Add check on list view in UiManager","messageBody":"","fileTypesAndContributionMap":{"functional-code":{"insertions":38,"deletions":0}}}]},{"date":"2022-03-11","commitResults":[{"hash":"d856805d23f60ec095f389f20bdf2c596b691a29","messageTitle":"Enhance Storage to support inheritance","messageBody":"","fileTypesAndContributionMap":{"functional-code":{"insertions":336,"deletions":22},"other":{"insertions":35,"deletions":16},"test-code":{"insertions":3,"deletions":1}}},{"hash":"e8f17f4199d23bfdc68777271fdfa8c786528639","messageTitle":"Finish Storage enhancements","messageBody":"","fileTypesAndContributionMap":{"functional-code":{"insertions":2,"deletions":0},"test-code":{"insertions":4,"deletions":0}}},{"hash":"6aa6acaf6f4aa2e421321788cf553c426d4caf27","messageTitle":"Fix Checkstyle","messageBody":"","fileTypesAndContributionMap":{"functional-code":{"insertions":96,"deletions":56},"test-code":{"insertions":39,"deletions":21}}},{"hash":"669ac0fa752fbde1ab86d8c0e7c545177fa3a936","messageTitle":"Fix Checkstyle","messageBody":"","fileTypesAndContributionMap":{"functional-code":{"insertions":2,"deletions":1}}}]},{"date":"2022-03-14","commitResults":[{"hash":"e06491e39c235027bfd4a708733db5bb093ac53d","messageTitle":"Change default view to persons, fix checkstyle","messageBody":"","fileTypesAndContributionMap":{"functional-code":{"insertions":2,"deletions":2}}}]},{"date":"2022-03-15","commitResults":[{"hash":"d744a2525faccb1bfc08312a5677be89cf058cfb","messageTitle":"Clean up module view gui","messageBody":"","fileTypesAndContributionMap":{"functional-code":{"insertions":62,"deletions":49}}},{"hash":"9cb1a38773deeee32ed9a800f1bd92a7ed30a1b3","messageTitle":"Change help window message to correct user guide url","messageBody":"","fileTypesAndContributionMap":{"functional-code":{"insertions":1,"deletions":1}}}]},{"date":"2022-03-16","commitResults":[{"hash":"ead47ee5ec9bc61c776269a403b6a7c17a1cde0c","messageTitle":"Remove redundant line","messageBody":"","fileTypesAndContributionMap":{"functional-code":{"insertions":0,"deletions":1}}}]}],"ryanwalterlee":[{"date":"2022-02-27","commitResults":[{"hash":"c8aa021089e09f84a7a72b6764dbb16ab58c16c7","messageTitle":"Add Ryan\u0027s aboutus and PPP","messageBody":"","fileTypesAndContributionMap":{"docs":{"insertions":29,"deletions":3}}}]},{"date":"2022-02-28","commitResults":[{"hash":"d36f99f4ad0a78622fc82640aa387b021d89b452","messageTitle":"Update ryan\u0027s user guide part","messageBody":"","fileTypesAndContributionMap":{"other":{"insertions":580,"deletions":0}}},{"hash":"96bc4c4c4d5afd83e19bfb5d41787556a0b7ab4a","messageTitle":"update Ryan\u0027s aboutus","messageBody":"","fileTypesAndContributionMap":{"docs":{"insertions":1,"deletions":1}}},{"hash":"bc3745e98f0d105e62a98aa10b202bec1554af7a","messageTitle":"Remove /bin folder","messageBody":"","fileTypesAndContributionMap":{"other":{"insertions":0,"deletions":580}}}]},{"date":"2022-03-02","commitResults":[{"hash":"265878cd96ba733063b68dd6bfc97f8397ccf579","messageTitle":"Add Professor, Student, Office, Group class and remove address class","messageBody":"","fileTypesAndContributionMap":{"functional-code":{"insertions":183,"deletions":13},"other":{"insertions":8,"deletions":8},"test-code":{"insertions":25,"deletions":36}}},{"hash":"f93989b698063940a018e4472a40b7329c99142f","messageTitle":"Update Ryan\u0027s image file name","messageBody":"","fileTypesAndContributionMap":{"docs":{"insertions":1,"deletions":1}}},{"hash":"a89e321ce760b3d7f150f8e2afc140f97eb5d1dc","messageTitle":"Remove all instances of address","messageBody":"","fileTypesAndContributionMap":{"functional-code":{"insertions":15,"deletions":70},"test-code":{"insertions":12,"deletions":71}}}]},{"date":"2022-03-03","commitResults":[{"hash":"e52d7530fddaaa07739ca2b387994e569edf621a","messageTitle":"Correct checkstyle problems (import formatting and javadoc comments)","messageBody":"","fileTypesAndContributionMap":{"functional-code":{"insertions":14,"deletions":2}}},{"hash":"dbabd2dfcd9c8b0c9516614cf23949fb64194c24","messageTitle":"Correct import statement formatting for checkstyle","messageBody":"","fileTypesAndContributionMap":{"functional-code":{"insertions":4,"deletions":2}}},{"hash":"c5052594e60a8197d7d762a4ac8c9443e2092b83","messageTitle":"Edit code to pass checkstyle","messageBody":"","fileTypesAndContributionMap":{"functional-code":{"insertions":2,"deletions":6},"test-code":{"insertions":37,"deletions":80}}},{"hash":"9c5ca072876f5d2433fab1afc4584ae37fd89b9e","messageTitle":"Resolve merge conflicts","messageBody":"","fileTypesAndContributionMap":{"functional-code":{"insertions":0,"deletions":11},"test-code":{"insertions":1,"deletions":7}}},{"hash":"f1d97bdd903db6f127192bf385a769534909d459","messageTitle":"Change Ryan image filename","messageBody":"","fileTypesAndContributionMap":{"docs":{"insertions":1,"deletions":1}}},{"hash":"c73f1ee012474f96ad7c9d3cc63dd1706b1ac980","messageTitle":"Change comments from address book to Unibook","messageBody":"","fileTypesAndContributionMap":{"functional-code":{"insertions":7,"deletions":3}}}]},{"date":"2022-03-05","commitResults":[{"hash":"b4082242c82282c4838c4fab3e80c0943daedb5b","messageTitle":"Push changes from another branch (Ryan)","messageBody":"","fileTypesAndContributionMap":{"functional-code":{"insertions":1,"deletions":1}}}]},{"date":"2022-03-09","commitResults":[{"hash":"894141b3b4b909873bb6c93f10ac48432e43d14e","messageTitle":"Change comments","messageBody":"","fileTypesAndContributionMap":{"functional-code":{"insertions":2,"deletions":2}}}]},{"date":"2022-03-12","commitResults":[{"hash":"d6dc4a6c0eab1adaedadf4c798700cdcaf95bf83","messageTitle":"Change Delete Command","messageBody":"Format is now:\ndelete INDEX (only on person page)\ndelete m/MODULECODE (only on module page)\n\nBi-directionality included\n","fileTypesAndContributionMap":{"functional-code":{"insertions":236,"deletions":29},"test-code":{"insertions":115,"deletions":6}}}]},{"date":"2022-03-13","commitResults":[{"hash":"9b2975569ffa916e02af385053b816fae3bd354d","messageTitle":"Fix bugs where module is not deleted from persons. Module code is now not case sensitive. Now tests for validity of module code. Add some Junit test to DeleteCommandTest.","messageBody":"","fileTypesAndContributionMap":{"functional-code":{"insertions":23,"deletions":3},"test-code":{"insertions":92,"deletions":1}}},{"hash":"d565ccf9239f85f73bc9f83c6f2f595828465871","messageTitle":"Fix trailing whitespace in MainWindow","messageBody":"","fileTypesAndContributionMap":{"functional-code":{"insertions":0,"deletions":1}}}]},{"date":"2022-03-15","commitResults":[{"hash":"9848b8a060c75b42e1ccf4ffb81a85de42ba86e3","messageTitle":"Update user guide on delete command","messageBody":"","fileTypesAndContributionMap":{"docs":{"insertions":9,"deletions":4}}}]}],"yokester98":[{"date":"2022-02-25","commitResults":[{"hash":"3efe294d48d7f99f6999a1095ef7abf705e42441","messageTitle":"Add yokeyue\u0027s PPP","messageBody":"","fileTypesAndContributionMap":{"docs":{"insertions":26,"deletions":0}}},{"hash":"dca5d6ba146afc742207f2cf72bec76bfe9fec97","messageTitle":"Update yokeyue\u0027s section of UserGuide","messageBody":"","fileTypesAndContributionMap":{"docs":{"insertions":13,"deletions":6}}},{"hash":"90a8f8eecda503f083167e29c6cab55031cea408","messageTitle":"Update yokeyue\u0027s section of AboutUs","messageBody":"","fileTypesAndContributionMap":{"docs":{"insertions":5,"deletions":5}}}]},{"date":"2022-02-27","commitResults":[{"hash":"142876103144a3c3a9af98860ae63738908ab3b3","messageTitle":"Update yokeyue\u0027s section of AboutUs","messageBody":"","fileTypesAndContributionMap":{"docs":{"insertions":1,"deletions":1}}}]},{"date":"2022-03-02","commitResults":[{"hash":"9440366566c989f18f49f4a51f427be8a49b665d","messageTitle":"Edit image and aboutus file name","messageBody":"","fileTypesAndContributionMap":{"docs":{"insertions":2,"deletions":2}}},{"hash":"952a5e69862a6344ba618113cd5360c2b1e36e1d","messageTitle":"Edit all traces of Address Book to now reflect UniBook","messageBody":"","fileTypesAndContributionMap":{"functional-code":{"insertions":250,"deletions":267},"other":{"insertions":144,"deletions":165},"docs":{"insertions":5,"deletions":5},"test-code":{"insertions":310,"deletions":351}}},{"hash":"f90585ac6a906982cc7a9f8f4004a3d0fc50a35e","messageTitle":"Edit yoke\u0027s section of AboutUs","messageBody":"","fileTypesAndContributionMap":{"docs":{"insertions":1,"deletions":1}}},{"hash":"2ff2ad4dd665a211adaf13e1407c6ee982bbd718","messageTitle":"Fix Checkstyle Errors","messageBody":"","fileTypesAndContributionMap":{"functional-code":{"insertions":122,"deletions":94},"test-code":{"insertions":166,"deletions":112}}}]},{"date":"2022-03-13","commitResults":[{"hash":"0fb5b91d7331c41ae2394c66335e85f07fa1227f","messageTitle":"Improve Add Command to give user the option to add module/student/professor to the UniBook","messageBody":"","fileTypesAndContributionMap":{"functional-code":{"insertions":256,"deletions":35},"test-code":{"insertions":103,"deletions":52}}},{"hash":"417e2ed596124d46101ed762d55e00b7e405bc9f","messageTitle":"Fix Add Command and HashCode","messageBody":"","fileTypesAndContributionMap":{"functional-code":{"insertions":56,"deletions":10},"test-code":{"insertions":10,"deletions":1}}}]},{"date":"2022-03-16","commitResults":[{"hash":"b1f381d46522773f1bdd173bd1c12a14d3ad1c9f","messageTitle":"Add more error handling messages for Add Command","messageBody":"","fileTypesAndContributionMap":{"functional-code":{"insertions":92,"deletions":22},"test-code":{"insertions":3,"deletions":2}}},{"hash":"8ca1d214f6a71cf6cc15288b58e66cad35afebfa","messageTitle":"Update UG for Add Command","messageBody":"","fileTypesAndContributionMap":{"docs":{"insertions":22,"deletions":14}}}]}],"sophiien":[{"date":"2022-02-28","commitResults":[{"hash":"461d08f018a0180d33c2a1497531ab7a360d2a1d","messageTitle":"Added Sophie\u0027s PPP, aboutus, UserGuide","messageBody":"","fileTypesAndContributionMap":{"docs":{"insertions":31,"deletions":5}}},{"hash":"a9f0f8b5bc845376bcc2995112e2b7d170e2b933","messageTitle":"Added edit in UG","messageBody":"","fileTypesAndContributionMap":{"docs":{"insertions":9,"deletions":9}}}]},{"date":"2022-03-04","commitResults":[{"hash":"e6472d97cb6a9c6fc8a26cd8e1ed71f409a54222","messageTitle":"Added User Profile and User Stories in DG","messageBody":"","fileTypesAndContributionMap":{"docs":{"insertions":15,"deletions":11}}}]},{"date":"2022-03-06","commitResults":[{"hash":"e5514d2fc98baecd374c3b9d12d1c9d09abae7cc","messageTitle":"Edit CLI Syntax","messageBody":"","fileTypesAndContributionMap":{"functional-code":{"insertions":5,"deletions":3}}},{"hash":"ea0d9c64a793b4ff1e9b2ca659bd783ccfc3bdf7","messageTitle":"Remove address instances from EditCommand","messageBody":"","fileTypesAndContributionMap":{"functional-code":{"insertions":3,"deletions":2}}}]},{"date":"2022-03-07","commitResults":[{"hash":"77002a6618ecc4e1e4bf749b34838c45d2cdbfe3","messageTitle":"Update edit command for UniBook","messageBody":"","fileTypesAndContributionMap":{"functional-code":{"insertions":237,"deletions":40},"test-code":{"insertions":1,"deletions":1}}},{"hash":"056f20560ffa06de220e7572fa3cb7cae6666f38","messageTitle":"Update edit command in UG","messageBody":"","fileTypesAndContributionMap":{"docs":{"insertions":2,"deletions":2}}},{"hash":"064d88103a3a05632675697966c956fd90e37d2c","messageTitle":"Edit CliSyntax","messageBody":"","fileTypesAndContributionMap":{"functional-code":{"insertions":0,"deletions":1}}},{"hash":"4a9458aafde9bb42aaeeed3d340bbcb34ac718bc","messageTitle":"Fix merge conflicts","messageBody":"","fileTypesAndContributionMap":{"functional-code":{"insertions":294,"deletions":86},"test-code":{"insertions":79,"deletions":75}}},{"hash":"429f8ad29ab08ec754c1cdb8660d164462a9f23e","messageTitle":"Fixe merge conflict","messageBody":"","fileTypesAndContributionMap":{"functional-code":{"insertions":14,"deletions":6}}},{"hash":"6c55d743830b051633c0b46990a6b0a967d79501","messageTitle":"Update edit command in UG","messageBody":"","fileTypesAndContributionMap":{"docs":{"insertions":2,"deletions":2}}},{"hash":"688bcd650ee55f48da3183b40bbfcf3513c14e89","messageTitle":"Edit CliSyntax","messageBody":"","fileTypesAndContributionMap":{"functional-code":{"insertions":0,"deletions":1}}}]},{"date":"2022-03-08","commitResults":[{"hash":"e8a909d2eaaa8fc0a1c694fe2c196e3a78f5ecca","messageTitle":"Fix checkstyle errors","messageBody":"","fileTypesAndContributionMap":{"functional-code":{"insertions":32,"deletions":20},"test-code":{"insertions":53,"deletions":40}}},{"hash":"9dd3bebdf8397f22c2159e61d66ff627dcb6445b","messageTitle":"Add bidirectional relationship between person and module","messageBody":"","fileTypesAndContributionMap":{"functional-code":{"insertions":100,"deletions":19},"docs":{"insertions":2,"deletions":2},"test-code":{"insertions":18,"deletions":1}}}]},{"date":"2022-03-10","commitResults":[{"hash":"c597db7194ee6f3756861d7dff9e504102d8dd7c","messageTitle":"Fix bidirectionality of module and person","messageBody":"","fileTypesAndContributionMap":{"functional-code":{"insertions":46,"deletions":2}}},{"hash":"53c369844be9efece51e2a74d93e77161c3c2669","messageTitle":"Add check for Person\u0027s Tag","messageBody":"","fileTypesAndContributionMap":{"functional-code":{"insertions":20,"deletions":2},"docs":{"insertions":3,"deletions":0}}},{"hash":"9c48e1231a2788dbb2e3d8dd668cf4ea4728182e","messageTitle":"Edit person tag to professor/student","messageBody":"","fileTypesAndContributionMap":{"functional-code":{"insertions":3,"deletions":4}}}]},{"date":"2022-03-11","commitResults":[{"hash":"9ed81f1db70d717d7e21022b778d68467a68175e","messageTitle":"Fix modulenotfoundexception","messageBody":"","fileTypesAndContributionMap":{"functional-code":{"insertions":1,"deletions":1}}}]},{"date":"2022-03-15","commitResults":[{"hash":"af7a31f3e55e285c8c28f76ccdde6393b76a137b","messageTitle":"Fix edit command to handle person subtype","messageBody":"","fileTypesAndContributionMap":{"functional-code":{"insertions":67,"deletions":27}}},{"hash":"f2033b75e71a6183ad6a81543c96dba3e15c017f","messageTitle":"Fix edit command","messageBody":"","fileTypesAndContributionMap":{"functional-code":{"insertions":27,"deletions":17}}},{"hash":"de532be73fd04c461da01aabec9621a4ae75d0e5","messageTitle":"Make option tag compulsory","messageBody":"","fileTypesAndContributionMap":{"functional-code":{"insertions":7,"deletions":3}}},{"hash":"7e4794ee87b2c8a7551a7653beb645f9505c8d83","messageTitle":"Fix edit command to handle person subtype","messageBody":"","fileTypesAndContributionMap":{"functional-code":{"insertions":67,"deletions":27}}},{"hash":"b4934d15d1375dee9f1ee5daba24e56b1cb8d222","messageTitle":"Fix edit command","messageBody":"","fileTypesAndContributionMap":{"functional-code":{"insertions":27,"deletions":17}}},{"hash":"14a3947b7c08872f860838c10ea84da026ea5086","messageTitle":"Make option tag compulsory","messageBody":"","fileTypesAndContributionMap":{"functional-code":{"insertions":7,"deletions":3}}},{"hash":"7a4078acdd0912b6f88387e6f002f12e676f7c13","messageTitle":"Throw exception when invalid input","messageBody":"","fileTypesAndContributionMap":{"functional-code":{"insertions":78,"deletions":28}}},{"hash":"d53e13290cfe6de5f7c0734f6af371268ed29e0e","messageTitle":"Edit UG","messageBody":"","fileTypesAndContributionMap":{"docs":{"insertions":4,"deletions":5}}},{"hash":"ba98133c8948b8796fea79f9ea9f77a2f8ce7265","messageTitle":"Further fixes to edit command","messageBody":"","fileTypesAndContributionMap":{"functional-code":{"insertions":5,"deletions":13}}},{"hash":"e88f0fc17808810f39e61ffccadb9fd56e7f13c9","messageTitle":"Update UG","messageBody":"","fileTypesAndContributionMap":{"docs":{"insertions":1,"deletions":1}}},{"hash":"623b5146b61204f3ce6e1ff69e4559eaaa79219c","messageTitle":"Fix some checkstyle","messageBody":"","fileTypesAndContributionMap":{"functional-code":{"insertions":18,"deletions":14},"test-code":{"insertions":9,"deletions":5}}}]},{"date":"2022-03-16","commitResults":[{"hash":"f5c49f146a70b37cd3c5e44b2652cb4dc33e8521","messageTitle":"Fix UniBookParserTest","messageBody":"","fileTypesAndContributionMap":{"functional-code":{"insertions":1,"deletions":1},"test-code":{"insertions":19,"deletions":1}}},{"hash":"7b06e7ad41f3dd3f2f440824c2d1e0a891e090ac","messageTitle":"Fix UG","messageBody":"","fileTypesAndContributionMap":{"docs":{"insertions":2,"deletions":2}}}]}],"geraldneo567":[{"date":"2022-02-27","commitResults":[{"hash":"ccb7ee9420fda891b189b2d5ba45ef6f6fd302bd","messageTitle":"Update AboutUs, UserGuide, Gerald\u0027s PPP","messageBody":"","fileTypesAndContributionMap":{"docs":{"insertions":74,"deletions":19}}}]},{"date":"2022-03-01","commitResults":[{"hash":"49bba93f351dc4ab2264dff01b5e8d94f8c586a8","messageTitle":"Modify AboutUs","messageBody":"","fileTypesAndContributionMap":{"docs":{"insertions":1,"deletions":1}}}]},{"date":"2022-03-02","commitResults":[{"hash":"efa5eae1aa6d9684c9a9cbee28405bfeeda46b22","messageTitle":"Add Use Cases, NFRs","messageBody":"","fileTypesAndContributionMap":{"docs":{"insertions":75,"deletions":20}}}]},{"date":"2022-03-05","commitResults":[{"hash":"3763c285ac6df5088ef47d02947c2e11bd51e1f0","messageTitle":"Add Module to model","messageBody":"","fileTypesAndContributionMap":{"functional-code":{"insertions":12,"deletions":0},"test-code":{"insertions":2,"deletions":0}}},{"hash":"ab5804426bcaae07f0789e85c9a7c854f440560f","messageTitle":"Update Model and other related files","messageBody":"","fileTypesAndContributionMap":{"functional-code":{"insertions":507,"deletions":12}}},{"hash":"b631c13a981672f0c6569a21cff816dd108386bf","messageTitle":"Update test files to work with Module","messageBody":"","fileTypesAndContributionMap":{"test-code":{"insertions":122,"deletions":4}}},{"hash":"419c54d37901c638efa8d8b13ad54e299e0d6c3b","messageTitle":"Fix typo in ModuleCode","messageBody":"","fileTypesAndContributionMap":{"functional-code":{"insertions":1,"deletions":1}}},{"hash":"36692ce0c7583e0af052de83836f5980c2df9150","messageTitle":"Add Professor list and minor tweaks to Module","messageBody":"","fileTypesAndContributionMap":{"functional-code":{"insertions":28,"deletions":19},"test-code":{"insertions":9,"deletions":8}}},{"hash":"f5e2e7c0734bab207712ae341f6bf20465c350cc","messageTitle":"Fix checkstyle errors","messageBody":"","fileTypesAndContributionMap":{"test-code":{"insertions":2,"deletions":1}}},{"hash":"9149fb7684ee3df2652a8fe8af02108f96a9355d","messageTitle":"Change lists to ObservableList","messageBody":"","fileTypesAndContributionMap":{"functional-code":{"insertions":10,"deletions":9},"test-code":{"insertions":8,"deletions":8}}},{"hash":"6c993dcc9a07e7e98a88e1230010def4c570050d","messageTitle":"Change ObservableList\u003cPerson\u003e to respective generic types","messageBody":"","fileTypesAndContributionMap":{"functional-code":{"insertions":5,"deletions":6},"test-code":{"insertions":3,"deletions":3}}}]},{"date":"2022-03-06","commitResults":[{"hash":"da855c0e8f7f031668b3f2890dbb745ee93caa39","messageTitle":"Add javadoc and basic logging for Module","messageBody":"","fileTypesAndContributionMap":{"functional-code":{"insertions":38,"deletions":2}}}]},{"date":"2022-03-08","commitResults":[{"hash":"d01b96c358515c5a9461462dc467ce183cc728ac","messageTitle":"Add basic module-Jackson functionality","messageBody":"","fileTypesAndContributionMap":{"functional-code":{"insertions":102,"deletions":11}}},{"hash":"e9f45b5fce3eee3f864ae86c1b341f47c63e3b22","messageTitle":"Add bidirectionaly to SampleDataUtil","messageBody":"","fileTypesAndContributionMap":{"functional-code":{"insertions":37,"deletions":6}}},{"hash":"7abdbb56b6dace8b8d9c88441e9f89c07c98e099","messageTitle":"Add sample modules to sample Unibook","messageBody":"","fileTypesAndContributionMap":{"functional-code":{"insertions":3,"deletions":0}}}]},{"date":"2022-03-14","commitResults":[{"hash":"4688165559512c6c634d60d3e8a81652689d64ee","messageTitle":"Update list command to accept user specified criteria","messageBody":"","fileTypesAndContributionMap":{"functional-code":{"insertions":196,"deletions":6}}},{"hash":"b6d7c4af1a1ec5ec6dff4f15b7d0ceb622e4da70","messageTitle":"Add ability to switch views in ListCommand","messageBody":"","fileTypesAndContributionMap":{"functional-code":{"insertions":66,"deletions":2}}},{"hash":"56258b605d5b33af8a4044d1b33c56ce9c490579","messageTitle":"Fix bugs and add moduleview functionality","messageBody":"","fileTypesAndContributionMap":{"functional-code":{"insertions":56,"deletions":16}}},{"hash":"ea76b5b3bf2dfa4c9e401ea73d2ac8e5780a53a7","messageTitle":"Add appropriate error messages","messageBody":"","fileTypesAndContributionMap":{"functional-code":{"insertions":22,"deletions":20}}},{"hash":"37bf22d48f055030c866db324f4812a8aa28b496","messageTitle":"Fix error messages and use Message class","messageBody":"","fileTypesAndContributionMap":{"functional-code":{"insertions":8,"deletions":6}}},{"hash":"7b06cf730bcd066152aed97d9adad3ad31c336d2","messageTitle":"Add exception for missing module code","messageBody":"","fileTypesAndContributionMap":{"functional-code":{"insertions":5,"deletions":3}}}]},{"date":"2022-03-15","commitResults":[{"hash":"9e7080c757bcaa54c8043064c41ef02d68b5b044","messageTitle":"Update UG for list command","messageBody":"","fileTypesAndContributionMap":{"docs":{"insertions":23,"deletions":14}}}]}]},"authorFileTypeContributionMap":{"benmurphyy":{"docs":64,"functional-code":1495,"test-code":953,"other":2},"ryanwalterlee":{"docs":38,"functional-code":386,"test-code":222},"yokester98":{"docs":54,"functional-code":611,"test-code":352,"other":1},"sophiien":{"docs":56,"functional-code":545,"test-code":142},"geraldneo567":{"docs":147,"functional-code":952,"test-code":107}},"authorContributionVariance":{"benmurphyy":1060966.2,"ryanwalterlee":57036.527,"yokester98":148598.33,"sophiien":33715.52,"geraldneo567":26774.883},"authorDisplayNameMap":{"benmurphyy":"CS2103-W16-1 BEN ..RPHY","ryanwalterlee":"CS2103-W16-1 RYAN.. LEE","yokester98":"CS2103-W16-1 LOY .. YUE","sophiien":"CS2103-W16-1 SOPH..I EN","geraldneo567":"CS2103-W16-1 GERA.. REN"}}
