{"authorDailyContributionsMap":{"benmurphyy":[{"date":"2022-02-24","commitResults":[{"hash":"817fc68ee06724c1c9aed4a664b6fc3e7f354047","messageTitle":"Update About us and readme","messageBody":"","fileTypesAndContributionMap":{"docs":{"insertions":10,"deletions":16}}}]},{"date":"2022-02-25","commitResults":[{"hash":"ea7ea9b1bba4aaeb8bf2da98dfcbe6cc755164db","messageTitle":"Update Ben\u0027s section of UG","messageBody":"","fileTypesAndContributionMap":{"docs":{"insertions":32,"deletions":8}}},{"hash":"5b4623c3d6f6feb8a078e598d712f5301ea37536","messageTitle":"Add Ben\u0027s PPP","messageBody":"","fileTypesAndContributionMap":{"docs":{"insertions":24,"deletions":0}}},{"hash":"7aaa827f3af72bd0ca2aa1b5100f5b3d59d0135d","messageTitle":"Edit Ben\u0027s picture file location","messageBody":"","fileTypesAndContributionMap":{"docs":{"insertions":1,"deletions":1}}}]},{"date":"2022-02-28","commitResults":[{"hash":"d7591a4a9c172fea911ae1800de1d36d3c62daf8","messageTitle":"Rename Ben\u0027s PPP file, remove JohnDoe stock PPP","messageBody":"","fileTypesAndContributionMap":{"docs":{"insertions":1,"deletions":10}}},{"hash":"661313703af2192a98081da633b19cb013770cca","messageTitle":"Remove JohnDoe stock PPP","messageBody":"","fileTypesAndContributionMap":{"docs":{"insertions":0,"deletions":46}}}]},{"date":"2022-03-01","commitResults":[{"hash":"69892fa9145b47add0a20afff6963e3d08e855b5","messageTitle":"Remove unecessary lines from Developer Guide","messageBody":"","fileTypesAndContributionMap":{"docs":{"insertions":0,"deletions":2}}}]},{"date":"2022-03-02","commitResults":[{"hash":"caa7f54eb32d0a6383a0157592dc9581211e4bc7","messageTitle":"Clean up old references in UserGuide, fix issues with ReadMe.md and AboutUs.md","messageBody":"","fileTypesAndContributionMap":{"docs":{"insertions":17,"deletions":17}}}]},{"date":"2022-03-06","commitResults":[{"hash":"5a08b91407d9bb9491a759b6ec647082135514cf","messageTitle":"Modify UI so it will display univeristy modules","messageBody":"","fileTypesAndContributionMap":{"functional-code":{"insertions":625,"deletions":209},"other":{"insertions":1419,"deletions":1319},"docs":{"insertions":8,"deletions":8},"test-code":{"insertions":510,"deletions":536}}},{"hash":"75f55a47081642082fa5e72ac13f6590653fde21","messageTitle":"Clean up docs folder","messageBody":"","fileTypesAndContributionMap":{"docs":{"insertions":5,"deletions":819}}}]},{"date":"2022-03-07","commitResults":[{"hash":"4952d3c4f83bec207476f94ec32f03f1f7fdc7b3","messageTitle":"Add bidirectionality to Module and Person r/s","messageBody":"","fileTypesAndContributionMap":{"functional-code":{"insertions":60,"deletions":16},"other":{"insertions":4,"deletions":4},"test-code":{"insertions":8,"deletions":3}}}]},{"date":"2022-03-09","commitResults":[{"hash":"573a60b8734d08126525b96337de7ad876fa885c","messageTitle":"Add check on list view in UiManager","messageBody":"","fileTypesAndContributionMap":{"functional-code":{"insertions":38,"deletions":0}}}]},{"date":"2022-03-11","commitResults":[{"hash":"d856805d23f60ec095f389f20bdf2c596b691a29","messageTitle":"Enhance Storage to support inheritance","messageBody":"","fileTypesAndContributionMap":{"functional-code":{"insertions":336,"deletions":22},"other":{"insertions":35,"deletions":16},"test-code":{"insertions":3,"deletions":1}}},{"hash":"e8f17f4199d23bfdc68777271fdfa8c786528639","messageTitle":"Finish Storage enhancements","messageBody":"","fileTypesAndContributionMap":{"functional-code":{"insertions":2,"deletions":0},"test-code":{"insertions":4,"deletions":0}}},{"hash":"6aa6acaf6f4aa2e421321788cf553c426d4caf27","messageTitle":"Fix Checkstyle","messageBody":"","fileTypesAndContributionMap":{"functional-code":{"insertions":96,"deletions":56},"test-code":{"insertions":39,"deletions":21}}},{"hash":"669ac0fa752fbde1ab86d8c0e7c545177fa3a936","messageTitle":"Fix Checkstyle","messageBody":"","fileTypesAndContributionMap":{"functional-code":{"insertions":2,"deletions":1}}}]},{"date":"2022-03-14","commitResults":[{"hash":"e06491e39c235027bfd4a708733db5bb093ac53d","messageTitle":"Change default view to persons, fix checkstyle","messageBody":"","fileTypesAndContributionMap":{"functional-code":{"insertions":2,"deletions":2}}}]},{"date":"2022-03-15","commitResults":[{"hash":"d744a2525faccb1bfc08312a5677be89cf058cfb","messageTitle":"Clean up module view gui","messageBody":"","fileTypesAndContributionMap":{"functional-code":{"insertions":62,"deletions":49}}},{"hash":"9cb1a38773deeee32ed9a800f1bd92a7ed30a1b3","messageTitle":"Change help window message to correct user guide url","messageBody":"","fileTypesAndContributionMap":{"functional-code":{"insertions":1,"deletions":1}}}]},{"date":"2022-03-16","commitResults":[{"hash":"ead47ee5ec9bc61c776269a403b6a7c17a1cde0c","messageTitle":"Remove redundant line","messageBody":"","fileTypesAndContributionMap":{"functional-code":{"insertions":0,"deletions":1}}}]},{"date":"2022-03-23","commitResults":[{"hash":"8f575efd10bed729441823b061ae8f0928e2844e","messageTitle":"Add group storage and model","messageBody":"","fileTypesAndContributionMap":{"functional-code":{"insertions":694,"deletions":261},"test-code":{"insertions":553,"deletions":223}}}]},{"date":"2022-03-24","commitResults":[{"hash":"2c89c840bdb75a2b12e6839b9953e529f83f1532","messageTitle":"Clean and Streamline Tests","messageBody":"","fileTypesAndContributionMap":{"functional-code":{"insertions":449,"deletions":367},"other":{"insertions":66,"deletions":71},"test-code":{"insertions":701,"deletions":885}}},{"hash":"523e99aef6980b92e25ef4a67157953f0f739020","messageTitle":"Fix merge issues","messageBody":"","fileTypesAndContributionMap":{"functional-code":{"insertions":1,"deletions":10},"test-code":{"insertions":1,"deletions":3}}},{"hash":"c4a48cfe4c1be81fd6fda52b85e726da186a81de","messageTitle":"Alter GUI","messageBody":"","fileTypesAndContributionMap":{"functional-code":{"insertions":13,"deletions":1}}},{"hash":"5c01da1517fda10d71e59b7762134586033c6615","messageTitle":"Optimise imports","messageBody":"","fileTypesAndContributionMap":{"functional-code":{"insertions":0,"deletions":1}}},{"hash":"a3adb1e98d7eab778555392b08c2c8743271de5f","messageTitle":"Remove redundant PersonListCard","messageBody":"","fileTypesAndContributionMap":{"functional-code":{"insertions":0,"deletions":80}}},{"hash":"e1689cb81dddbaa90428b9a59c65a5ebc8c27fd4","messageTitle":"Clean up and add proper diagrams to DG","messageBody":"","fileTypesAndContributionMap":{"docs":{"insertions":112,"deletions":377}}},{"hash":"1a344c6949364879a4302e1c7d51dfee92728289","messageTitle":"Small aesthetic change","messageBody":"","fileTypesAndContributionMap":{"docs":{"insertions":1,"deletions":1}}}]},{"date":"2022-03-25","commitResults":[{"hash":"7460280cbb67b2fe1615e3f6ec1e92738a2e6e68","messageTitle":"Edit delete sequence diagram","messageBody":"","fileTypesAndContributionMap":{"docs":{"insertions":1,"deletions":1}}},{"hash":"14f7f66781251c2f58fcbe640420d97c13c36acc","messageTitle":"Fix delete sequence diagram repo","messageBody":"","fileTypesAndContributionMap":{"docs":{"insertions":10,"deletions":10}}},{"hash":"bc61cd21d55064d40bbbfc041528bc26eb48cd3f","messageTitle":"Fix toString of group","messageBody":"","fileTypesAndContributionMap":{"functional-code":{"insertions":1,"deletions":1},"test-code":{"insertions":4,"deletions":2}}},{"hash":"36f2e5a7ccff29e059871c96846e1d81bcc508b7","messageTitle":"Edit and refactor storage","messageBody":"","fileTypesAndContributionMap":{"functional-code":{"insertions":168,"deletions":129},"test-code":{"insertions":1,"deletions":1}}},{"hash":"e8126be467632ca4b5faf17d24c48c50f2b19285","messageTitle":"Update UI for groups","messageBody":"","fileTypesAndContributionMap":{"functional-code":{"insertions":542,"deletions":59},"other":{"insertions":26,"deletions":24}}},{"hash":"45a08fc5d1af3c3e2c9f5ca3fc827ac1ecd38233","messageTitle":"Update Ui with clickable headings","messageBody":"","fileTypesAndContributionMap":{"functional-code":{"insertions":275,"deletions":46}}},{"hash":"85747dd2123c21adbac63228e375838a76b48fa7","messageTitle":"Major Ui changes-pending refinement","messageBody":"","fileTypesAndContributionMap":{"functional-code":{"insertions":162,"deletions":151}}}]},{"date":"2022-03-26","commitResults":[{"hash":"988e2b877d616512ff23a12033a8829083851d3e","messageTitle":"Add method to retrieve showing groups from ui","messageBody":"","fileTypesAndContributionMap":{"functional-code":{"insertions":27,"deletions":0}}},{"hash":"c4b2f2e88f63244049dcb3a0bc3dbaabdf980d3a","messageTitle":"Fix checkstyle","messageBody":"","fileTypesAndContributionMap":{"functional-code":{"insertions":0,"deletions":1}}}]},{"date":"2022-03-27","commitResults":[{"hash":"1097e5b663653e1022f92772733b9d8c04fb7a5d","messageTitle":"Fix SampleDataUtil","messageBody":"","fileTypesAndContributionMap":{"functional-code":{"insertions":6,"deletions":1}}}]},{"date":"2022-03-28","commitResults":[{"hash":"c3ae3d0db5e873e23a3e142a5cd11b823f310274","messageTitle":"Set up gui utility classes","messageBody":"","fileTypesAndContributionMap":{"functional-code":{"insertions":284,"deletions":96}}},{"hash":"ae2385232c1f1b1ef8800e469cede3c585d6cfae","messageTitle":"Refactor group card and module card","messageBody":"","fileTypesAndContributionMap":{"functional-code":{"insertions":27,"deletions":44}}}]},{"date":"2022-03-29","commitResults":[{"hash":"ddc45d118b6c76f533106c61ca73975dc5870d77","messageTitle":"Basic touch ups to personlist","messageBody":"","fileTypesAndContributionMap":{"functional-code":{"insertions":253,"deletions":76},"other":{"insertions":14,"deletions":6},"test-code":{"insertions":1,"deletions":1}}},{"hash":"efbe1ac60a5a1ec651630d3f946876718b76f8b1","messageTitle":"Change Person list page","messageBody":"","fileTypesAndContributionMap":{"functional-code":{"insertions":8,"deletions":6}}},{"hash":"280cb90404717627ee5a05f49a4ece9d6f4a8c1b","messageTitle":"Enhance GUI","messageBody":"","fileTypesAndContributionMap":{"functional-code":{"insertions":364,"deletions":176},"other":{"insertions":5,"deletions":1}}},{"hash":"fc1d27fe8245c68f45c8a4a203fe9ba4337c2ef0","messageTitle":"Implement clicking function from personpage","messageBody":"","fileTypesAndContributionMap":{"functional-code":{"insertions":81,"deletions":9}}},{"hash":"2bec6521161d649be1a63d3d9ba7513d348393dc","messageTitle":"Minor aesthetic fix","messageBody":"","fileTypesAndContributionMap":{"functional-code":{"insertions":4,"deletions":7}}},{"hash":"3ac8c41eb612b479ca9773700594fe21a662e805","messageTitle":"Fix Checkstyle","messageBody":"","fileTypesAndContributionMap":{"functional-code":{"insertions":197,"deletions":204}}},{"hash":"7af2c7dfec521b3529f5c7ee7b1a9a3e2533282e","messageTitle":"Fix storage flaws","messageBody":"","fileTypesAndContributionMap":{"functional-code":{"insertions":35,"deletions":4}}}]},{"date":"2022-03-30","commitResults":[{"hash":"237df032f7ed0518e7e537d410d88268567647a2","messageTitle":"Update Index and UG","messageBody":"","fileTypesAndContributionMap":{"docs":{"insertions":40,"deletions":5}}},{"hash":"459b88f18b30031b2a25197fc9a154ee3d6e3776","messageTitle":"Fix status badge links on index.md","messageBody":"","fileTypesAndContributionMap":{"docs":{"insertions":4,"deletions":4}}},{"hash":"b678e5f78b25801eebe09062ce24f7bb26a9effd","messageTitle":"Edit find command and docs","messageBody":"","fileTypesAndContributionMap":{"functional-code":{"insertions":7,"deletions":1},"docs":{"insertions":7,"deletions":5}}}]},{"date":"2022-04-01","commitResults":[{"hash":"ca49a3139ea914285ec1be003c6d365be4eacb30","messageTitle":"Change version number","messageBody":"","fileTypesAndContributionMap":{"functional-code":{"insertions":1,"deletions":1}}}]},{"date":"2022-04-03","commitResults":[{"hash":"26d9b537324a2811b27611874ef23c790221d62f","messageTitle":"Fix duplicate module bug","messageBody":"","fileTypesAndContributionMap":{"functional-code":{"insertions":1,"deletions":2}}}]},{"date":"2022-04-04","commitResults":[{"hash":"bfb359516b52fd852dfefa4681fcf1c1f5fc3448","messageTitle":"Adjust group name constraints","messageBody":"","fileTypesAndContributionMap":{"functional-code":{"insertions":14,"deletions":17}}},{"hash":"0ecd4565b01bef78446a4dcac409217643439d6d","messageTitle":"Fix checkstyle","messageBody":"","fileTypesAndContributionMap":{"functional-code":{"insertions":14,"deletions":17}}},{"hash":"95a8338b942062aec979be39b589ce2e5cf810fb","messageTitle":"Add office name length","messageBody":"","fileTypesAndContributionMap":{"functional-code":{"insertions":2,"deletions":3}}},{"hash":"6e8d7eea045bd40834b8c98d3b336eef25abc4ea","messageTitle":"Fix duplicate person recognition bug","messageBody":"","fileTypesAndContributionMap":{"functional-code":{"insertions":43,"deletions":0}}}]},{"date":"2022-04-05","commitResults":[{"hash":"f40a8ac582cf93869e755738f65f17971cb1a5ad","messageTitle":"Add duplicate entry in storage tests","messageBody":"","fileTypesAndContributionMap":{"functional-code":{"insertions":11,"deletions":9},"test-code":{"insertions":40,"deletions":7}}},{"hash":"15fb639e0ae22aab79e9cb956175d9c93c61442b","messageTitle":"Fix duplicate check for adding person","messageBody":"","fileTypesAndContributionMap":{"functional-code":{"insertions":51,"deletions":5},"test-code":{"insertions":4,"deletions":2}}}]},{"date":"2022-04-06","commitResults":[{"hash":"c4304cdeca20f17f9d421b772b6ba7ba4ce49383","messageTitle":"Change char limit on groupname","messageBody":"","fileTypesAndContributionMap":{"functional-code":{"insertions":2,"deletions":5}}},{"hash":"053f605ea9557e109baba14f8004b798cbb0ce3b","messageTitle":"Change char limit of modulecode","messageBody":"","fileTypesAndContributionMap":{"functional-code":{"insertions":4,"deletions":3}}},{"hash":"03fd2d41fefd00d1f9fec06b3fcf357cba336f59","messageTitle":"Change wrapping","messageBody":"","fileTypesAndContributionMap":{"functional-code":{"insertions":5,"deletions":3}}},{"hash":"32e1bab564dd0ae6f6119332b766b9652112950a","messageTitle":"Fix group name wrapping on people page","messageBody":"","fileTypesAndContributionMap":{"functional-code":{"insertions":8,"deletions":4}}},{"hash":"1108c5a19955c48b29caafc185e4cb68f06f738d","messageTitle":"Fix all text overflow issues","messageBody":"","fileTypesAndContributionMap":{"functional-code":{"insertions":55,"deletions":24}}},{"hash":"c22fb585db4e1f40d7ed2e0fa96f62ae0aae6897","messageTitle":"Fix checkstyle","messageBody":"","fileTypesAndContributionMap":{"functional-code":{"insertions":0,"deletions":1}}},{"hash":"73fed1c7565e5a3df7d621319df57562b63c8a2a","messageTitle":"Fix input validation bugs","messageBody":"","fileTypesAndContributionMap":{"functional-code":{"insertions":54,"deletions":31}}}]},{"date":"2022-04-07","commitResults":[{"hash":"c2828c5c49ad9883bbd48a0f342de62a64718c25","messageTitle":"Edited GUI section","messageBody":"","fileTypesAndContributionMap":{"docs":{"insertions":49,"deletions":40}}},{"hash":"7b4bc36cb27c7a083788cdb4940c7a9902e58d5e","messageTitle":"Adjust ofice message","messageBody":"","fileTypesAndContributionMap":{"functional-code":{"insertions":1,"deletions":1}}},{"hash":"8d83b643b6605aba030084c0dffa3cbb0db09e2d","messageTitle":"Fix GUI functionality bugs","messageBody":"","fileTypesAndContributionMap":{"functional-code":{"insertions":27,"deletions":4}}},{"hash":"6ba1ac4640a420ccb0a131d04dd9b8ae6fec3aad","messageTitle":"Fix GUI corner rounding bugs","messageBody":"","fileTypesAndContributionMap":{"functional-code":{"insertions":8,"deletions":4}}},{"hash":"7d2a3f274d03a4230120083ac75a6137eae2da3b","messageTitle":"Edit GUI section of UG","messageBody":"","fileTypesAndContributionMap":{"docs":{"insertions":11,"deletions":8}}},{"hash":"a1e21d37ea5e0fd26d6e1d09da6b9f5ad811bc74","messageTitle":"Edit UG","messageBody":"","fileTypesAndContributionMap":{"functional-code":{"insertions":3,"deletions":2},"docs":{"insertions":100,"deletions":41}}},{"hash":"15b35889eaf5526d07d72a91cfc82f274c1418b5","messageTitle":"Fix UG issues","messageBody":"","fileTypesAndContributionMap":{"docs":{"insertions":15,"deletions":15}}},{"hash":"e8ffcfa90bd35a639766bcf35dae04fd69941f8f","messageTitle":"minor fixes","messageBody":"","fileTypesAndContributionMap":{"docs":{"insertions":5,"deletions":5}}},{"hash":"8104ae7b9479404769b285cebb0934cbd2792d31","messageTitle":"minor fixes","messageBody":"","fileTypesAndContributionMap":{"docs":{"insertions":3,"deletions":3}}},{"hash":"33d5f8b0c9f971b7c7bd0682099da22ed8fa9b8a","messageTitle":"minor fixes","messageBody":"","fileTypesAndContributionMap":{"docs":{"insertions":6,"deletions":6}}},{"hash":"58fe4db67360f82e1d709b2c15b7c96a3b010d3b","messageTitle":"minor fixes","messageBody":"","fileTypesAndContributionMap":{"docs":{"insertions":5,"deletions":5}}},{"hash":"3f9f9362a2e2789341d2d2f11b681f889f202cc4","messageTitle":"minor fixes","messageBody":"","fileTypesAndContributionMap":{"docs":{"insertions":2,"deletions":1}}},{"hash":"00066755c996078d5f8a455e01572bdd8fb1eb52","messageTitle":"minor fixes","messageBody":"","fileTypesAndContributionMap":{"docs":{"insertions":2,"deletions":0}}},{"hash":"7fa9d0f25e1ba07aa75ff41e46c7a5c8000f5f56","messageTitle":"Center table column","messageBody":"","fileTypesAndContributionMap":{"docs":{"insertions":3,"deletions":3}}},{"hash":"a75503ea6627a317ebce0884879f38b1988cde29","messageTitle":"Center table column","messageBody":"","fileTypesAndContributionMap":{"docs":{"insertions":3,"deletions":3}}},{"hash":"47d44bb77f1caf4a5ef7747958310aa507409a7d","messageTitle":"Fix table not rendering","messageBody":"","fileTypesAndContributionMap":{"docs":{"insertions":6,"deletions":5}}},{"hash":"63b4e37aedfc05310ec66fb27c0a772e78526a04","messageTitle":"Fix table not rendering","messageBody":"","fileTypesAndContributionMap":{"docs":{"insertions":5,"deletions":6}}},{"hash":"f227d3fb3aa7608c872fb96bfe799fd698a50920","messageTitle":"Edit UG format","messageBody":"","fileTypesAndContributionMap":{"docs":{"insertions":5,"deletions":0}}}]},{"date":"2022-04-08","commitResults":[{"hash":"493114efeff062a03160a6c4ea11fd209b7f4341","messageTitle":"Add Bens Portfolio","messageBody":"","fileTypesAndContributionMap":{"docs":{"insertions":78,"deletions":9}}}]},{"date":"2022-04-09","commitResults":[{"hash":"ad1b9a00ddc026d79b6932deb98cf292de24c389","messageTitle":"Initial changes","messageBody":"","fileTypesAndContributionMap":{"docs":{"insertions":7,"deletions":29}}},{"hash":"b38833f972446770f360042a7203229012b10a44","messageTitle":"Shorten PPP","messageBody":"","fileTypesAndContributionMap":{"docs":{"insertions":5,"deletions":8}}},{"hash":"5308e9d56aef298052be7cd3647ea692bf99b701","messageTitle":"Shorten PPP","messageBody":"","fileTypesAndContributionMap":{"docs":{"insertions":0,"deletions":1}}},{"hash":"06fdece8be40d287f54cc67b9afb2f0f074d5528","messageTitle":"Shorten PPP","messageBody":"","fileTypesAndContributionMap":{"docs":{"insertions":1,"deletions":4}}},{"hash":"cefcffbffc1724420d3432b3f8892df41cb3368f","messageTitle":"Shorten PPP","messageBody":"","fileTypesAndContributionMap":{"docs":{"insertions":5,"deletions":7}}},{"hash":"6c992bf22d9a9fd1bd5272e705e37c9981254bd0","messageTitle":"Update DG","messageBody":"","fileTypesAndContributionMap":{"docs":{"insertions":97,"deletions":52}}},{"hash":"443f99b85278816ee7cf03359f907e9c07362afb","messageTitle":"Edit DG","messageBody":"","fileTypesAndContributionMap":{"docs":{"insertions":2,"deletions":2}}},{"hash":"7c5323cdbe90e1b421db0b2ef6b533c21fbc8bc1","messageTitle":"Edit DG","messageBody":"","fileTypesAndContributionMap":{"docs":{"insertions":0,"deletions":2}}}]}],"ryanwalterlee":[{"date":"2022-02-27","commitResults":[{"hash":"c8aa021089e09f84a7a72b6764dbb16ab58c16c7","messageTitle":"Add Ryan\u0027s aboutus and PPP","messageBody":"","fileTypesAndContributionMap":{"docs":{"insertions":29,"deletions":3}}}]},{"date":"2022-02-28","commitResults":[{"hash":"d36f99f4ad0a78622fc82640aa387b021d89b452","messageTitle":"Update ryan\u0027s user guide part","messageBody":"","fileTypesAndContributionMap":{"other":{"insertions":580,"deletions":0}}},{"hash":"96bc4c4c4d5afd83e19bfb5d41787556a0b7ab4a","messageTitle":"update Ryan\u0027s aboutus","messageBody":"","fileTypesAndContributionMap":{"docs":{"insertions":1,"deletions":1}}},{"hash":"bc3745e98f0d105e62a98aa10b202bec1554af7a","messageTitle":"Remove /bin folder","messageBody":"","fileTypesAndContributionMap":{"other":{"insertions":0,"deletions":580}}}]},{"date":"2022-03-02","commitResults":[{"hash":"265878cd96ba733063b68dd6bfc97f8397ccf579","messageTitle":"Add Professor, Student, Office, Group class and remove address class","messageBody":"","fileTypesAndContributionMap":{"functional-code":{"insertions":183,"deletions":13},"other":{"insertions":8,"deletions":8},"test-code":{"insertions":25,"deletions":36}}},{"hash":"f93989b698063940a018e4472a40b7329c99142f","messageTitle":"Update Ryan\u0027s image file name","messageBody":"","fileTypesAndContributionMap":{"docs":{"insertions":1,"deletions":1}}},{"hash":"a89e321ce760b3d7f150f8e2afc140f97eb5d1dc","messageTitle":"Remove all instances of address","messageBody":"","fileTypesAndContributionMap":{"functional-code":{"insertions":15,"deletions":70},"test-code":{"insertions":12,"deletions":71}}}]},{"date":"2022-03-03","commitResults":[{"hash":"e52d7530fddaaa07739ca2b387994e569edf621a","messageTitle":"Correct checkstyle problems (import formatting and javadoc comments)","messageBody":"","fileTypesAndContributionMap":{"functional-code":{"insertions":14,"deletions":2}}},{"hash":"dbabd2dfcd9c8b0c9516614cf23949fb64194c24","messageTitle":"Correct import statement formatting for checkstyle","messageBody":"","fileTypesAndContributionMap":{"functional-code":{"insertions":4,"deletions":2}}},{"hash":"c5052594e60a8197d7d762a4ac8c9443e2092b83","messageTitle":"Edit code to pass checkstyle","messageBody":"","fileTypesAndContributionMap":{"functional-code":{"insertions":2,"deletions":6},"test-code":{"insertions":37,"deletions":80}}},{"hash":"9c5ca072876f5d2433fab1afc4584ae37fd89b9e","messageTitle":"Resolve merge conflicts","messageBody":"","fileTypesAndContributionMap":{"functional-code":{"insertions":0,"deletions":11},"test-code":{"insertions":1,"deletions":7}}},{"hash":"f1d97bdd903db6f127192bf385a769534909d459","messageTitle":"Change Ryan image filename","messageBody":"","fileTypesAndContributionMap":{"docs":{"insertions":1,"deletions":1}}},{"hash":"c73f1ee012474f96ad7c9d3cc63dd1706b1ac980","messageTitle":"Change comments from address book to Unibook","messageBody":"","fileTypesAndContributionMap":{"functional-code":{"insertions":7,"deletions":3}}}]},{"date":"2022-03-05","commitResults":[{"hash":"b4082242c82282c4838c4fab3e80c0943daedb5b","messageTitle":"Push changes from another branch (Ryan)","messageBody":"","fileTypesAndContributionMap":{"functional-code":{"insertions":1,"deletions":1}}}]},{"date":"2022-03-09","commitResults":[{"hash":"894141b3b4b909873bb6c93f10ac48432e43d14e","messageTitle":"Change comments","messageBody":"","fileTypesAndContributionMap":{"functional-code":{"insertions":2,"deletions":2}}}]},{"date":"2022-03-12","commitResults":[{"hash":"d6dc4a6c0eab1adaedadf4c798700cdcaf95bf83","messageTitle":"Change Delete Command","messageBody":"Format is now:\ndelete INDEX (only on person page)\ndelete m/MODULECODE (only on module page)\n\nBi-directionality included\n","fileTypesAndContributionMap":{"functional-code":{"insertions":236,"deletions":29},"test-code":{"insertions":115,"deletions":6}}}]},{"date":"2022-03-13","commitResults":[{"hash":"9b2975569ffa916e02af385053b816fae3bd354d","messageTitle":"Fix bugs where module is not deleted from persons. Module code is now not case sensitive. Now tests for validity of module code. Add some Junit test to DeleteCommandTest.","messageBody":"","fileTypesAndContributionMap":{"functional-code":{"insertions":23,"deletions":3},"test-code":{"insertions":92,"deletions":1}}},{"hash":"d565ccf9239f85f73bc9f83c6f2f595828465871","messageTitle":"Fix trailing whitespace in MainWindow","messageBody":"","fileTypesAndContributionMap":{"functional-code":{"insertions":0,"deletions":1}}}]},{"date":"2022-03-15","commitResults":[{"hash":"9848b8a060c75b42e1ccf4ffb81a85de42ba86e3","messageTitle":"Update user guide on delete command","messageBody":"","fileTypesAndContributionMap":{"docs":{"insertions":9,"deletions":4}}}]},{"date":"2022-03-23","commitResults":[{"hash":"be74b4da8b0d628c97873a361ca8419927212b93","messageTitle":"Update Developer Guide for Delete Command Sequence Diagram","messageBody":"","fileTypesAndContributionMap":{"functional-code":{"insertions":1,"deletions":0},"docs":{"insertions":62,"deletions":75}}},{"hash":"98e9c4264883094f3710e0d71ab879c141f096c6","messageTitle":"Remove newline at EOF","messageBody":"","fileTypesAndContributionMap":{"docs":{"insertions":1,"deletions":1}}},{"hash":"1296d00b147e4da326b26c711c3c39972559b4fb","messageTitle":"Add EOF newline","messageBody":"","fileTypesAndContributionMap":{"docs":{"insertions":1,"deletions":1}}},{"hash":"1d97dc17dc40e64242c6a0ef976def82e0c8e279","messageTitle":"Remove EOF from the correct file","messageBody":"","fileTypesAndContributionMap":{"docs":{"insertions":1,"deletions":1}}}]},{"date":"2022-03-24","commitResults":[{"hash":"b08eeff7fd1d78395a54855cab3ed227dfcd0d8b","messageTitle":"Add Activity Diagram for Application Usage","messageBody":"","fileTypesAndContributionMap":{"docs":{"insertions":33,"deletions":0}}},{"hash":"97ff0c6fc4b5f2264c70d8f411834cad29f9b89e","messageTitle":"Update Activity Diagram","messageBody":"","fileTypesAndContributionMap":{"docs":{"insertions":3,"deletions":1}}}]},{"date":"2022-03-25","commitResults":[{"hash":"90303bc67d4156a536d3d24656528019526fe9f1","messageTitle":"Enhance delete command: Delete index now works on module page Delete modulecode now has cascade option Delete modulecode groupcode functionality added","messageBody":"","fileTypesAndContributionMap":{"functional-code":{"insertions":378,"deletions":53},"docs":{"insertions":4,"deletions":5}}}]},{"date":"2022-03-27","commitResults":[{"hash":"a60499fd63a1cf23e06a83fffe4f60ec23d007aa","messageTitle":"delete person traits commands added","messageBody":"","fileTypesAndContributionMap":{"functional-code":{"insertions":213,"deletions":61}}},{"hash":"c97bed8af57460a2766e21b92d720e632760b23f","messageTitle":"Enhance Delete Command 1. Remove person or group from module 2. Remove group from group page 3. remove meeting time from group 4. remove module or group from any page","messageBody":"","fileTypesAndContributionMap":{"functional-code":{"insertions":320,"deletions":46},"docs":{"insertions":49,"deletions":35}}}]},{"date":"2022-03-28","commitResults":[{"hash":"d82a4b9417b08904179d262f8f909a7bcd2b9bbf","messageTitle":"Fix bugs","messageBody":"","fileTypesAndContributionMap":{"functional-code":{"insertions":46,"deletions":18}}}]},{"date":"2022-03-29","commitResults":[{"hash":"1a0fede47f0a046d0f578492597297b9696231c6","messageTitle":"Improve delete traits error message","messageBody":"","fileTypesAndContributionMap":{"functional-code":{"insertions":9,"deletions":4}}},{"hash":"0f8fcecc3a5f26d30d7cb1cc5f73f572a3b53be2","messageTitle":"Fix checkstyle error","messageBody":"","fileTypesAndContributionMap":{"functional-code":{"insertions":2,"deletions":2}}},{"hash":"8a9cbda4375ec9d1cf952d74cb251ae97077bf73","messageTitle":"Improve general error message","messageBody":"","fileTypesAndContributionMap":{"functional-code":{"insertions":15,"deletions":6},"docs":{"insertions":1,"deletions":1}}},{"hash":"56e4ccbf057f977b1a8080657363456f279669f7","messageTitle":"Fix student index bug","messageBody":"","fileTypesAndContributionMap":{"functional-code":{"insertions":1,"deletions":1}}},{"hash":"d0abd63037251c5351d0f84043c779a03b349f74","messageTitle":"Fix Prof Index bug","messageBody":"","fileTypesAndContributionMap":{"functional-code":{"insertions":1,"deletions":1}}},{"hash":"5aebc51e17738c23c3ab217f214dbc80cc816970","messageTitle":"Fix delete group from any page bug","messageBody":"","fileTypesAndContributionMap":{"functional-code":{"insertions":4,"deletions":2}}},{"hash":"78e1c6df84a34b25d5e999daee7e9918b7d87b77","messageTitle":"Fix delete groups error message","messageBody":"","fileTypesAndContributionMap":{"functional-code":{"insertions":31,"deletions":16}}},{"hash":"78f85bc8a904069264c458b43c1c75ad272c37d7","messageTitle":"Group name now ignores case","messageBody":"","fileTypesAndContributionMap":{"functional-code":{"insertions":3,"deletions":3}}}]},{"date":"2022-04-03","commitResults":[{"hash":"2f7afb466ba01ab870caf355a0c890d62b0185f1","messageTitle":"Updated UG table","messageBody":"","fileTypesAndContributionMap":{"docs":{"insertions":4,"deletions":4}}}]},{"date":"2022-04-04","commitResults":[{"hash":"e000bba6aa8c61f1c0728cf6348d0b711ffbdfc7","messageTitle":"Bug fix for deleting tag remove the entire person","messageBody":"","fileTypesAndContributionMap":{"functional-code":{"insertions":7,"deletions":0}}},{"hash":"615e58aa60671e3d08e68950c65a2c4532d9b533","messageTitle":"fix checkstyle","messageBody":"","fileTypesAndContributionMap":{"functional-code":{"insertions":4,"deletions":1}}}]},{"date":"2022-04-05","commitResults":[{"hash":"80a154b02b6c4f2286bb4fa4d68c6e22e956c3a0","messageTitle":"delete index p now returns error instead","messageBody":"","fileTypesAndContributionMap":{"functional-code":{"insertions":5,"deletions":5}}},{"hash":"4f91d864522e5b75bb58c09103ae14040f0d859e","messageTitle":"remove unused import","messageBody":"","fileTypesAndContributionMap":{"functional-code":{"insertions":0,"deletions":1}}}]},{"date":"2022-04-06","commitResults":[{"hash":"98c68cd6e2827d5a43d5c27a54afc18013ab7aca","messageTitle":"Add the word format tp UG","messageBody":"","fileTypesAndContributionMap":{"docs":{"insertions":12,"deletions":12}}},{"hash":"d3e88e6a234403af4131145b85b5f5a95235226f","messageTitle":"Add colour and formatting","messageBody":"","fileTypesAndContributionMap":{"docs":{"insertions":33,"deletions":21}}},{"hash":"64259eeb6cb6a0897fe1e5d3b7b4c0ac14ec3593","messageTitle":"format the command","messageBody":"","fileTypesAndContributionMap":{"docs":{"insertions":17,"deletions":18}}},{"hash":"525880c5fe7d8ce924b963faa4badbbdf475ced7","messageTitle":"Update UserGuide.md","messageBody":"Add light bulbs","fileTypesAndContributionMap":{"docs":{"insertions":12,"deletions":12}}},{"hash":"71a66da98b21af6007b5d8bf3bc8fc26a86dd415","messageTitle":"Update UserGuide.md","messageBody":"Correct the heading size","fileTypesAndContributionMap":{"docs":{"insertions":1,"deletions":1}}},{"hash":"ed7fa1587838f3ca4ff75978fd3d6c90c3c1f4ba","messageTitle":"Bold words","messageBody":"","fileTypesAndContributionMap":{"docs":{"insertions":1,"deletions":1}}},{"hash":"2f4011a9d228217eda6b0f737fd0d138580f8480","messageTitle":"Format command table","messageBody":"","fileTypesAndContributionMap":{"docs":{"insertions":1,"deletions":1}}},{"hash":"861f32b8942b5136975f52e0f354c0551fe7edb3","messageTitle":"add bulb to example link","messageBody":"","fileTypesAndContributionMap":{"docs":{"insertions":2,"deletions":2}}},{"hash":"8e86be7a7441d134697282ba85fbfd7aec28daa8","messageTitle":"fix doc bugs","messageBody":"","fileTypesAndContributionMap":{"docs":{"insertions":3,"deletions":3}}},{"hash":"602bb0c8c43912213ce5c00e0cf3fd92b6c340c0","messageTitle":"fix link bug","messageBody":"","fileTypesAndContributionMap":{"docs":{"insertions":2,"deletions":2}}}]},{"date":"2022-04-08","commitResults":[{"hash":"c0c9f9875101d0ea63dd76e9cc2ebc870049bc46","messageTitle":"Update DG for delete command","messageBody":"","fileTypesAndContributionMap":{"docs":{"insertions":11,"deletions":1}}},{"hash":"6f641bae1e7659fa715bd291c29f668afcc62778","messageTitle":"Ryan\u0027s PPP","messageBody":"","fileTypesAndContributionMap":{"docs":{"insertions":36,"deletions":5}}},{"hash":"1721af874695909f36424e3de9176bc475065f8f","messageTitle":"Update PPP","messageBody":"","fileTypesAndContributionMap":{"docs":{"insertions":6,"deletions":12}}},{"hash":"ac7b931e29c6581c621340b629967eb68f690989","messageTitle":"Update use case and user story","messageBody":"","fileTypesAndContributionMap":{"docs":{"insertions":34,"deletions":18}}}]}],"yokester98":[{"date":"2022-02-25","commitResults":[{"hash":"3efe294d48d7f99f6999a1095ef7abf705e42441","messageTitle":"Add yokeyue\u0027s PPP","messageBody":"","fileTypesAndContributionMap":{"docs":{"insertions":26,"deletions":0}}},{"hash":"dca5d6ba146afc742207f2cf72bec76bfe9fec97","messageTitle":"Update yokeyue\u0027s section of UserGuide","messageBody":"","fileTypesAndContributionMap":{"docs":{"insertions":13,"deletions":6}}},{"hash":"90a8f8eecda503f083167e29c6cab55031cea408","messageTitle":"Update yokeyue\u0027s section of AboutUs","messageBody":"","fileTypesAndContributionMap":{"docs":{"insertions":5,"deletions":5}}}]},{"date":"2022-02-27","commitResults":[{"hash":"142876103144a3c3a9af98860ae63738908ab3b3","messageTitle":"Update yokeyue\u0027s section of AboutUs","messageBody":"","fileTypesAndContributionMap":{"docs":{"insertions":1,"deletions":1}}}]},{"date":"2022-03-02","commitResults":[{"hash":"9440366566c989f18f49f4a51f427be8a49b665d","messageTitle":"Edit image and aboutus file name","messageBody":"","fileTypesAndContributionMap":{"docs":{"insertions":2,"deletions":2}}},{"hash":"952a5e69862a6344ba618113cd5360c2b1e36e1d","messageTitle":"Edit all traces of Address Book to now reflect UniBook","messageBody":"","fileTypesAndContributionMap":{"functional-code":{"insertions":250,"deletions":267},"other":{"insertions":144,"deletions":165},"docs":{"insertions":5,"deletions":5},"test-code":{"insertions":310,"deletions":351}}},{"hash":"f90585ac6a906982cc7a9f8f4004a3d0fc50a35e","messageTitle":"Edit yoke\u0027s section of AboutUs","messageBody":"","fileTypesAndContributionMap":{"docs":{"insertions":1,"deletions":1}}},{"hash":"2ff2ad4dd665a211adaf13e1407c6ee982bbd718","messageTitle":"Fix Checkstyle Errors","messageBody":"","fileTypesAndContributionMap":{"functional-code":{"insertions":122,"deletions":94},"test-code":{"insertions":166,"deletions":112}}}]},{"date":"2022-03-13","commitResults":[{"hash":"0fb5b91d7331c41ae2394c66335e85f07fa1227f","messageTitle":"Improve Add Command to give user the option to add module/student/professor to the UniBook","messageBody":"","fileTypesAndContributionMap":{"functional-code":{"insertions":256,"deletions":35},"test-code":{"insertions":103,"deletions":52}}},{"hash":"417e2ed596124d46101ed762d55e00b7e405bc9f","messageTitle":"Fix Add Command and HashCode","messageBody":"","fileTypesAndContributionMap":{"functional-code":{"insertions":56,"deletions":10},"test-code":{"insertions":10,"deletions":1}}}]},{"date":"2022-03-16","commitResults":[{"hash":"b1f381d46522773f1bdd173bd1c12a14d3ad1c9f","messageTitle":"Add more error handling messages for Add Command","messageBody":"","fileTypesAndContributionMap":{"functional-code":{"insertions":92,"deletions":22},"test-code":{"insertions":3,"deletions":2}}},{"hash":"8ca1d214f6a71cf6cc15288b58e66cad35afebfa","messageTitle":"Update UG for Add Command","messageBody":"","fileTypesAndContributionMap":{"docs":{"insertions":22,"deletions":14}}}]},{"date":"2022-03-23","commitResults":[{"hash":"88d6e90e984be8eead364058afe7c44238c370d1","messageTitle":"Fix problem where error messages were not displaying correctly.","messageBody":"","fileTypesAndContributionMap":{"functional-code":{"insertions":1,"deletions":1}}},{"hash":"cd1c88d8d52910d4067b8d2881000db89d8cc854","messageTitle":"Comment out failing EditCommandParserTest portions.","messageBody":"","fileTypesAndContributionMap":{"test-code":{"insertions":15,"deletions":15}}},{"hash":"7c7adf81a3916461cb0753095b240837ce48791e","messageTitle":"Remove temporary ModuleCode field from Person.","messageBody":"Add ability to add a Module object to a Person and the same Person\nobject to Module.\n","fileTypesAndContributionMap":{"functional-code":{"insertions":26,"deletions":76},"test-code":{"insertions":4,"deletions":3}}}]},{"date":"2022-03-24","commitResults":[{"hash":"2ca2c4ae04b020765113bcfdf6eed6a0a050caab","messageTitle":"Enhance AddCommand","messageBody":"","fileTypesAndContributionMap":{"functional-code":{"insertions":332,"deletions":49},"test-code":{"insertions":22,"deletions":0}}},{"hash":"024d060ed3ff1ef6e88d0b3505526190f67c5d23","messageTitle":"Comment out storage tests.","messageBody":"","fileTypesAndContributionMap":{"test-code":{"insertions":6,"deletions":4}}}]},{"date":"2022-03-25","commitResults":[{"hash":"a9c3b85d9fda3b5891409c3fd0e0eb7a79a42c53","messageTitle":"Update DG for Add Command Implementation","messageBody":"","fileTypesAndContributionMap":{"docs":{"insertions":77,"deletions":1}}},{"hash":"2fcd0d90a051fc85eae8c98c439bee797f73c602","messageTitle":"Fix Error Messages not displaying","messageBody":"","fileTypesAndContributionMap":{"functional-code":{"insertions":1,"deletions":1}}}]},{"date":"2022-03-26","commitResults":[{"hash":"eaa372c57b18b8c72525cde0654f1e5c1c56bc3d","messageTitle":"Add ability to parse datetime string into LocalDateTime object","messageBody":"","fileTypesAndContributionMap":{"functional-code":{"insertions":12,"deletions":0}}}]},{"date":"2022-03-27","commitResults":[{"hash":"239013a95203ded3bd0f6528cac89caf47488b65","messageTitle":"Add ability to add KeyEvent to new/existing modules.","messageBody":"","fileTypesAndContributionMap":{"functional-code":{"insertions":217,"deletions":19}}},{"hash":"6d97b97c0673c7e5272efc2ced0f618084bf382e","messageTitle":"Add meeting time function to Add Command","messageBody":"","fileTypesAndContributionMap":{"functional-code":{"insertions":102,"deletions":6}}},{"hash":"b217f70184fd0c04d0db14704e2f4b9f87908220","messageTitle":"Update add command usage message","messageBody":"","fileTypesAndContributionMap":{"functional-code":{"insertions":6,"deletions":1}}}]},{"date":"2022-03-30","commitResults":[{"hash":"27080359806c5b1237e8c5ce99a179de79928d0a","messageTitle":"Update UserGuide for Add Command","messageBody":"","fileTypesAndContributionMap":{"docs":{"insertions":61,"deletions":14}}},{"hash":"6aee8b150bc792fc8c28e2f81d32a5c6a70088d1","messageTitle":"Update DG portion for Add Command","messageBody":"","fileTypesAndContributionMap":{"docs":{"insertions":1,"deletions":1}}},{"hash":"3169f63dd0ab82a7e648c8343941e34f0f978ffb","messageTitle":"Update DG portion of Add Command v2","messageBody":"","fileTypesAndContributionMap":{"docs":{"insertions":2,"deletions":2}}}]},{"date":"2022-04-01","commitResults":[{"hash":"99484597eb0e781813e2aa499e8e6fa6c88ca8e6","messageTitle":"Edit error messages for Add Command","messageBody":"","fileTypesAndContributionMap":{"functional-code":{"insertions":53,"deletions":10}}}]},{"date":"2022-04-02","commitResults":[{"hash":"f2450d0532c25908df70510bc068643ad3605d19","messageTitle":"Fix typos and shift examples around in UG for Add Command","messageBody":"","fileTypesAndContributionMap":{"docs":{"insertions":26,"deletions":33}}}]},{"date":"2022-04-03","commitResults":[{"hash":"c32f5f964e4d865442bb46149026e135a7978cb6","messageTitle":"Fix wrong error message for group does not exist when adding a meeting","messageBody":"","fileTypesAndContributionMap":{"functional-code":{"insertions":3,"deletions":0}}},{"hash":"f0a91384ba5e61d19bb98bc9da721c50bd1b1b62","messageTitle":"Edit name to only take in alphabets.","messageBody":"Edit phone to only take in digits between 7 to 15 digits long.\n","fileTypesAndContributionMap":{"functional-code":{"insertions":4,"deletions":4}}},{"hash":"c198efb88db6f42708863b5c0be4ddf4462d0f5e","messageTitle":"Limit ModuleCode to max of 10 alphanumeric characters.","messageBody":"Limit Name to max of 50 alphabetical characters.\n\nLimit DateTime input to only valid inputs.\n","fileTypesAndContributionMap":{"functional-code":{"insertions":8,"deletions":6}}},{"hash":"348ecc58c71089a3ac2155c3ccc9c4c63375f85e","messageTitle":"Edit Tag to accept at most 20 characters.","messageBody":"Edit tests to fit the new constraints of Name and Phone.\n","fileTypesAndContributionMap":{"functional-code":{"insertions":3,"deletions":2},"test-code":{"insertions":8,"deletions":8}}},{"hash":"0d35112f944df5e18fcd9fd72825e1ff1daa4b76","messageTitle":"Edit the error message displayed when an incorrect key event type is entered by the user.","messageBody":"","fileTypesAndContributionMap":{"functional-code":{"insertions":6,"deletions":7}}}]},{"date":"2022-04-05","commitResults":[{"hash":"acfc156604589b9ec670290e7ff81ea345a5c069","messageTitle":"Update Add Command to allow persons of the same name to be added as long as the phone and email do not exist.","messageBody":"","fileTypesAndContributionMap":{"functional-code":{"insertions":24,"deletions":4},"test-code":{"insertions":5,"deletions":0}}}]},{"date":"2022-04-06","commitResults":[{"hash":"4cd9f749171fa5ea814852320972f70bfafd73ad","messageTitle":"Fix error message for when office field is \u003e20 characters, and also fix error message for when student has missing name field.","messageBody":"","fileTypesAndContributionMap":{"functional-code":{"insertions":16,"deletions":16}}}]},{"date":"2022-04-07","commitResults":[{"hash":"8088b71bdaca14f95b8405731413a0eac0aefb8d","messageTitle":"Fix error messages that do not appear when empty fields are entered","messageBody":"","fileTypesAndContributionMap":{"functional-code":{"insertions":30,"deletions":13}}},{"hash":"f2a2ae23ffad4c1061e853badfa80e028c7f3253","messageTitle":"Add group to grouplist if group page is showing","messageBody":"Also edit the error message displayed when adding a module.\n","fileTypesAndContributionMap":{"functional-code":{"insertions":9,"deletions":4}}},{"hash":"5d914c906dba7cd4e2c6d4b7977718b12f27927e","messageTitle":"Update UG for Add Command","messageBody":"","fileTypesAndContributionMap":{"docs":{"insertions":54,"deletions":42}}}]},{"date":"2022-04-09","commitResults":[{"hash":"aa4049be20834c505824adf04dc7501daf3f8507","messageTitle":"Update DG for Add Command","messageBody":"","fileTypesAndContributionMap":{"docs":{"insertions":119,"deletions":23}}}]}],"sophiien":[{"date":"2022-02-28","commitResults":[{"hash":"461d08f018a0180d33c2a1497531ab7a360d2a1d","messageTitle":"Added Sophie\u0027s PPP, aboutus, UserGuide","messageBody":"","fileTypesAndContributionMap":{"docs":{"insertions":31,"deletions":5}}},{"hash":"a9f0f8b5bc845376bcc2995112e2b7d170e2b933","messageTitle":"Added edit in UG","messageBody":"","fileTypesAndContributionMap":{"docs":{"insertions":9,"deletions":9}}}]},{"date":"2022-03-04","commitResults":[{"hash":"e6472d97cb6a9c6fc8a26cd8e1ed71f409a54222","messageTitle":"Added User Profile and User Stories in DG","messageBody":"","fileTypesAndContributionMap":{"docs":{"insertions":15,"deletions":11}}}]},{"date":"2022-03-06","commitResults":[{"hash":"e5514d2fc98baecd374c3b9d12d1c9d09abae7cc","messageTitle":"Edit CLI Syntax","messageBody":"","fileTypesAndContributionMap":{"functional-code":{"insertions":5,"deletions":3}}},{"hash":"ea0d9c64a793b4ff1e9b2ca659bd783ccfc3bdf7","messageTitle":"Remove address instances from EditCommand","messageBody":"","fileTypesAndContributionMap":{"functional-code":{"insertions":3,"deletions":2}}}]},{"date":"2022-03-07","commitResults":[{"hash":"77002a6618ecc4e1e4bf749b34838c45d2cdbfe3","messageTitle":"Update edit command for UniBook","messageBody":"","fileTypesAndContributionMap":{"functional-code":{"insertions":237,"deletions":40},"test-code":{"insertions":1,"deletions":1}}},{"hash":"056f20560ffa06de220e7572fa3cb7cae6666f38","messageTitle":"Update edit command in UG","messageBody":"","fileTypesAndContributionMap":{"docs":{"insertions":2,"deletions":2}}},{"hash":"064d88103a3a05632675697966c956fd90e37d2c","messageTitle":"Edit CliSyntax","messageBody":"","fileTypesAndContributionMap":{"functional-code":{"insertions":0,"deletions":1}}},{"hash":"4a9458aafde9bb42aaeeed3d340bbcb34ac718bc","messageTitle":"Fix merge conflicts","messageBody":"","fileTypesAndContributionMap":{"functional-code":{"insertions":294,"deletions":86},"test-code":{"insertions":79,"deletions":75}}},{"hash":"429f8ad29ab08ec754c1cdb8660d164462a9f23e","messageTitle":"Fixe merge conflict","messageBody":"","fileTypesAndContributionMap":{"functional-code":{"insertions":14,"deletions":6}}},{"hash":"6c55d743830b051633c0b46990a6b0a967d79501","messageTitle":"Update edit command in UG","messageBody":"","fileTypesAndContributionMap":{"docs":{"insertions":2,"deletions":2}}},{"hash":"688bcd650ee55f48da3183b40bbfcf3513c14e89","messageTitle":"Edit CliSyntax","messageBody":"","fileTypesAndContributionMap":{"functional-code":{"insertions":0,"deletions":1}}}]},{"date":"2022-03-08","commitResults":[{"hash":"e8a909d2eaaa8fc0a1c694fe2c196e3a78f5ecca","messageTitle":"Fix checkstyle errors","messageBody":"","fileTypesAndContributionMap":{"functional-code":{"insertions":32,"deletions":20},"test-code":{"insertions":53,"deletions":40}}},{"hash":"9dd3bebdf8397f22c2159e61d66ff627dcb6445b","messageTitle":"Add bidirectional relationship between person and module","messageBody":"","fileTypesAndContributionMap":{"functional-code":{"insertions":100,"deletions":19},"docs":{"insertions":2,"deletions":2},"test-code":{"insertions":18,"deletions":1}}}]},{"date":"2022-03-10","commitResults":[{"hash":"c597db7194ee6f3756861d7dff9e504102d8dd7c","messageTitle":"Fix bidirectionality of module and person","messageBody":"","fileTypesAndContributionMap":{"functional-code":{"insertions":46,"deletions":2}}},{"hash":"53c369844be9efece51e2a74d93e77161c3c2669","messageTitle":"Add check for Person\u0027s Tag","messageBody":"","fileTypesAndContributionMap":{"functional-code":{"insertions":20,"deletions":2},"docs":{"insertions":3,"deletions":0}}},{"hash":"9c48e1231a2788dbb2e3d8dd668cf4ea4728182e","messageTitle":"Edit person tag to professor/student","messageBody":"","fileTypesAndContributionMap":{"functional-code":{"insertions":3,"deletions":4}}}]},{"date":"2022-03-11","commitResults":[{"hash":"9ed81f1db70d717d7e21022b778d68467a68175e","messageTitle":"Fix modulenotfoundexception","messageBody":"","fileTypesAndContributionMap":{"functional-code":{"insertions":1,"deletions":1}}}]},{"date":"2022-03-15","commitResults":[{"hash":"af7a31f3e55e285c8c28f76ccdde6393b76a137b","messageTitle":"Fix edit command to handle person subtype","messageBody":"","fileTypesAndContributionMap":{"functional-code":{"insertions":67,"deletions":27}}},{"hash":"f2033b75e71a6183ad6a81543c96dba3e15c017f","messageTitle":"Fix edit command","messageBody":"","fileTypesAndContributionMap":{"functional-code":{"insertions":27,"deletions":17}}},{"hash":"de532be73fd04c461da01aabec9621a4ae75d0e5","messageTitle":"Make option tag compulsory","messageBody":"","fileTypesAndContributionMap":{"functional-code":{"insertions":7,"deletions":3}}},{"hash":"7e4794ee87b2c8a7551a7653beb645f9505c8d83","messageTitle":"Fix edit command to handle person subtype","messageBody":"","fileTypesAndContributionMap":{"functional-code":{"insertions":67,"deletions":27}}},{"hash":"b4934d15d1375dee9f1ee5daba24e56b1cb8d222","messageTitle":"Fix edit command","messageBody":"","fileTypesAndContributionMap":{"functional-code":{"insertions":27,"deletions":17}}},{"hash":"14a3947b7c08872f860838c10ea84da026ea5086","messageTitle":"Make option tag compulsory","messageBody":"","fileTypesAndContributionMap":{"functional-code":{"insertions":7,"deletions":3}}},{"hash":"7a4078acdd0912b6f88387e6f002f12e676f7c13","messageTitle":"Throw exception when invalid input","messageBody":"","fileTypesAndContributionMap":{"functional-code":{"insertions":78,"deletions":28}}},{"hash":"d53e13290cfe6de5f7c0734f6af371268ed29e0e","messageTitle":"Edit UG","messageBody":"","fileTypesAndContributionMap":{"docs":{"insertions":4,"deletions":5}}},{"hash":"ba98133c8948b8796fea79f9ea9f77a2f8ce7265","messageTitle":"Further fixes to edit command","messageBody":"","fileTypesAndContributionMap":{"functional-code":{"insertions":5,"deletions":13}}},{"hash":"e88f0fc17808810f39e61ffccadb9fd56e7f13c9","messageTitle":"Update UG","messageBody":"","fileTypesAndContributionMap":{"docs":{"insertions":1,"deletions":1}}},{"hash":"623b5146b61204f3ce6e1ff69e4559eaaa79219c","messageTitle":"Fix some checkstyle","messageBody":"","fileTypesAndContributionMap":{"functional-code":{"insertions":18,"deletions":14},"test-code":{"insertions":9,"deletions":5}}}]},{"date":"2022-03-16","commitResults":[{"hash":"f5c49f146a70b37cd3c5e44b2652cb4dc33e8521","messageTitle":"Fix UniBookParserTest","messageBody":"","fileTypesAndContributionMap":{"functional-code":{"insertions":1,"deletions":1},"test-code":{"insertions":19,"deletions":1}}},{"hash":"7b06e7ad41f3dd3f2f440824c2d1e0a891e090ac","messageTitle":"Fix UG","messageBody":"","fileTypesAndContributionMap":{"docs":{"insertions":2,"deletions":2}}}]},{"date":"2022-03-24","commitResults":[{"hash":"2f8080f39e9a9ea54ef0c0d66649b70172ee57eb","messageTitle":"Add Edit Command Sequence Diagrams","messageBody":"","fileTypesAndContributionMap":{"docs":{"insertions":111,"deletions":0}}},{"hash":"86d149060fc4f61203c01537ac4b2db3bdffb45e","messageTitle":"Update to UniBook in sequence diagram","messageBody":"","fileTypesAndContributionMap":{"docs":{"insertions":10,"deletions":10}}},{"hash":"10b754bbda0397040551af1abd567a2d5e085f40","messageTitle":"Fix EditCommandParser Tests","messageBody":"","fileTypesAndContributionMap":{"functional-code":{"insertions":28,"deletions":15},"test-code":{"insertions":17,"deletions":17}}},{"hash":"ecb4feb58f1af73f6196c622c41d6c3124dd1846","messageTitle":"Update DG","messageBody":"","fileTypesAndContributionMap":{"docs":{"insertions":23,"deletions":0}}},{"hash":"d8d5fa19b858ada0b543d150d085ac7e59d4e5e6","messageTitle":"Add newline at EOF","messageBody":"","fileTypesAndContributionMap":{"docs":{"insertions":1,"deletions":1}}}]},{"date":"2022-03-26","commitResults":[{"hash":"3a801a3c683948fe60b8e0638ac4b01a53cb7b0a","messageTitle":"Fix EditCommandParserTest","messageBody":"","fileTypesAndContributionMap":{"functional-code":{"insertions":2,"deletions":3},"test-code":{"insertions":76,"deletions":54}}}]},{"date":"2022-03-27","commitResults":[{"hash":"3da57353c7f275e352e05fc38239b6be143c4ced","messageTitle":"Enhance Edit Command","messageBody":"","fileTypesAndContributionMap":{"functional-code":{"insertions":429,"deletions":54},"test-code":{"insertions":2,"deletions":2}}},{"hash":"446d5817ba7768d3acac67d5a21460e48fa31a51","messageTitle":"Enhancements to edit command for groups","messageBody":"","fileTypesAndContributionMap":{"functional-code":{"insertions":36,"deletions":18},"docs":{"insertions":4,"deletions":2}}}]},{"date":"2022-03-28","commitResults":[{"hash":"f16baed1f5bac16e9e20c7d0f45a55b0a4f34397","messageTitle":"Enhance edit for key events","messageBody":"","fileTypesAndContributionMap":{"functional-code":{"insertions":210,"deletions":43}}},{"hash":"8c2d58e3d9625bd1cadf592bf81e98528204cb89","messageTitle":"Fix checkstyle","messageBody":"","fileTypesAndContributionMap":{"functional-code":{"insertions":1,"deletions":1}}},{"hash":"ea957ee06a78fc2e1e27a73c49a83e1f4b59ceb3","messageTitle":"Add existing person to existing group","messageBody":"","fileTypesAndContributionMap":{"functional-code":{"insertions":95,"deletions":0}}},{"hash":"5d6f715c499ea96072eb2eae8c13d6009a4230e6","messageTitle":"Enhance edit to add person to a group","messageBody":"","fileTypesAndContributionMap":{"functional-code":{"insertions":43,"deletions":9}}}]},{"date":"2022-03-29","commitResults":[{"hash":"7319ab7a76ef10331eaadff1614aff9c054eca84","messageTitle":"Update edit command","messageBody":"","fileTypesAndContributionMap":{"functional-code":{"insertions":43,"deletions":37}}},{"hash":"1d6c5243b3503a9e2f02b91195eb7196a44f41d4","messageTitle":"Update UG for edit","messageBody":"","fileTypesAndContributionMap":{"functional-code":{"insertions":4,"deletions":1},"docs":{"insertions":53,"deletions":12}}},{"hash":"937a1fed070538486199c471dc3cec7a9db72873","messageTitle":"Improve error msgs","messageBody":"","fileTypesAndContributionMap":{"functional-code":{"insertions":26,"deletions":4}}},{"hash":"5b045a315dec3a35185b17443196e8bb45f617ac","messageTitle":"Add edit group msg and edit office of professor","messageBody":"","fileTypesAndContributionMap":{"functional-code":{"insertions":42,"deletions":17}}},{"hash":"fe3cbf7f982fb83daccd14abc4a685b98e004842","messageTitle":"Update UG to include editing professor","messageBody":"","fileTypesAndContributionMap":{"docs":{"insertions":3,"deletions":2}}}]},{"date":"2022-03-30","commitResults":[{"hash":"92fa2cf1195b6507704a2b8bb8b486c2e977f016","messageTitle":"Fix updating of groups","messageBody":"","fileTypesAndContributionMap":{"functional-code":{"insertions":16,"deletions":3}}},{"hash":"b3bf9b645caedfd32357d0aa10c1387936e48fe4","messageTitle":"Add check for valid module","messageBody":"","fileTypesAndContributionMap":{"functional-code":{"insertions":5,"deletions":6}}},{"hash":"4b8a357c61c966ff67d4ba9c0f31b853b1e4cedd","messageTitle":"Fix checkstyle","messageBody":"","fileTypesAndContributionMap":{"functional-code":{"insertions":13,"deletions":14}}}]},{"date":"2022-04-02","commitResults":[{"hash":"fe2518df68ae5e2b6d6f9a6354098fd66f9afe17","messageTitle":"Update UG for Edit Command","messageBody":"","fileTypesAndContributionMap":{"docs":{"insertions":7,"deletions":4}}}]},{"date":"2022-04-03","commitResults":[{"hash":"411d7c15db053457ee5dadc97b8ffa2eed64801f","messageTitle":"Edit tag in UG","messageBody":"","fileTypesAndContributionMap":{"docs":{"insertions":2,"deletions":1}}},{"hash":"a671ef430bf2fd4ab38acf9625e2094db8962210","messageTitle":"Add checks for length of inputs","messageBody":"","fileTypesAndContributionMap":{"functional-code":{"insertions":26,"deletions":13}}},{"hash":"aa56f0e588b47c8a47f3b57d46d43df363751cac","messageTitle":"Fix merge conflict","messageBody":"","fileTypesAndContributionMap":{"functional-code":{"insertions":2,"deletions":10}}}]},{"date":"2022-04-04","commitResults":[{"hash":"dc9e114bfccc11a0c048a894d33de03a359a2fec","messageTitle":"Fix error message for invalid index","messageBody":"","fileTypesAndContributionMap":{"functional-code":{"insertions":17,"deletions":14}}},{"hash":"eb45bd8c0050162a8a4642dc0313a82f6c74818d","messageTitle":"Add checks for correct fields for each option","messageBody":"","fileTypesAndContributionMap":{"functional-code":{"insertions":35,"deletions":3},"docs":{"insertions":1,"deletions":1}}},{"hash":"97db7013858718f0114ede35fe4976558f3400f7","messageTitle":"Fix checkstyle","messageBody":"","fileTypesAndContributionMap":{"functional-code":{"insertions":5,"deletions":6},"test-code":{"insertions":6,"deletions":4}}}]},{"date":"2022-04-05","commitResults":[{"hash":"b59eb8ccfc08f230f1c14202b669ef8419dbce7e","messageTitle":"Fix edit group UI bug","messageBody":"","fileTypesAndContributionMap":{"functional-code":{"insertions":4,"deletions":26}}},{"hash":"22e7f066e7a30f1c8edf6ba38a11ae579e141d00","messageTitle":"Fix duplicate person name edit","messageBody":"","fileTypesAndContributionMap":{"functional-code":{"insertions":25,"deletions":12},"test-code":{"insertions":12,"deletions":7}}},{"hash":"b1be6143a6f20eef37c8a5975ac6281bd442cc8c","messageTitle":"Fix checkstyle","messageBody":"","fileTypesAndContributionMap":{"functional-code":{"insertions":2,"deletions":2}}}]},{"date":"2022-04-06","commitResults":[{"hash":"67f298b6f3d3eaf7dbbb8727d27504b5206fdc05","messageTitle":"Edit error msg for long office names","messageBody":"","fileTypesAndContributionMap":{"functional-code":{"insertions":4,"deletions":1}}},{"hash":"9b296ddd0ed3493b6d52fc839ab8ec28bde9d261","messageTitle":"Fix error msg for missing option field","messageBody":"","fileTypesAndContributionMap":{"functional-code":{"insertions":14,"deletions":5}}}]},{"date":"2022-04-07","commitResults":[{"hash":"1c7915941e78128a7524f68a03c2bd529ef9a475","messageTitle":"Fix checkstyle","messageBody":"","fileTypesAndContributionMap":{"test-code":{"insertions":4,"deletions":3}}},{"hash":"da234bfe60421d2dbddba21951ece60c73c91d14","messageTitle":"Update UG for edit command","messageBody":"","fileTypesAndContributionMap":{"docs":{"insertions":14,"deletions":11}}}]},{"date":"2022-04-08","commitResults":[{"hash":"5d307b49ceda3b8c4ec1abf892774caa60c3c520","messageTitle":"Fix edit command summary","messageBody":"","fileTypesAndContributionMap":{"docs":{"insertions":9,"deletions":1}}},{"hash":"f31ffc0d9f6da9f79f592dfe45bdafabe5131fec","messageTitle":"Fix command summary","messageBody":"","fileTypesAndContributionMap":{"docs":{"insertions":0,"deletions":7}}},{"hash":"03612d1febc05c789c93093d144afac9ef890e2f","messageTitle":"Add new line to EOF","messageBody":"","fileTypesAndContributionMap":{"docs":{"insertions":1,"deletions":1}}}]}],"geraldneo567":[{"date":"2022-02-27","commitResults":[{"hash":"ccb7ee9420fda891b189b2d5ba45ef6f6fd302bd","messageTitle":"Update AboutUs, UserGuide, Gerald\u0027s PPP","messageBody":"","fileTypesAndContributionMap":{"docs":{"insertions":74,"deletions":19}}}]},{"date":"2022-03-01","commitResults":[{"hash":"49bba93f351dc4ab2264dff01b5e8d94f8c586a8","messageTitle":"Modify AboutUs","messageBody":"","fileTypesAndContributionMap":{"docs":{"insertions":1,"deletions":1}}}]},{"date":"2022-03-02","commitResults":[{"hash":"efa5eae1aa6d9684c9a9cbee28405bfeeda46b22","messageTitle":"Add Use Cases, NFRs","messageBody":"","fileTypesAndContributionMap":{"docs":{"insertions":75,"deletions":20}}}]},{"date":"2022-03-05","commitResults":[{"hash":"3763c285ac6df5088ef47d02947c2e11bd51e1f0","messageTitle":"Add Module to model","messageBody":"","fileTypesAndContributionMap":{"functional-code":{"insertions":12,"deletions":0},"test-code":{"insertions":2,"deletions":0}}},{"hash":"ab5804426bcaae07f0789e85c9a7c854f440560f","messageTitle":"Update Model and other related files","messageBody":"","fileTypesAndContributionMap":{"functional-code":{"insertions":507,"deletions":12}}},{"hash":"b631c13a981672f0c6569a21cff816dd108386bf","messageTitle":"Update test files to work with Module","messageBody":"","fileTypesAndContributionMap":{"test-code":{"insertions":122,"deletions":4}}},{"hash":"419c54d37901c638efa8d8b13ad54e299e0d6c3b","messageTitle":"Fix typo in ModuleCode","messageBody":"","fileTypesAndContributionMap":{"functional-code":{"insertions":1,"deletions":1}}},{"hash":"36692ce0c7583e0af052de83836f5980c2df9150","messageTitle":"Add Professor list and minor tweaks to Module","messageBody":"","fileTypesAndContributionMap":{"functional-code":{"insertions":28,"deletions":19},"test-code":{"insertions":9,"deletions":8}}},{"hash":"f5e2e7c0734bab207712ae341f6bf20465c350cc","messageTitle":"Fix checkstyle errors","messageBody":"","fileTypesAndContributionMap":{"test-code":{"insertions":2,"deletions":1}}},{"hash":"9149fb7684ee3df2652a8fe8af02108f96a9355d","messageTitle":"Change lists to ObservableList","messageBody":"","fileTypesAndContributionMap":{"functional-code":{"insertions":10,"deletions":9},"test-code":{"insertions":8,"deletions":8}}},{"hash":"6c993dcc9a07e7e98a88e1230010def4c570050d","messageTitle":"Change ObservableList\u003cPerson\u003e to respective generic types","messageBody":"","fileTypesAndContributionMap":{"functional-code":{"insertions":5,"deletions":6},"test-code":{"insertions":3,"deletions":3}}}]},{"date":"2022-03-06","commitResults":[{"hash":"da855c0e8f7f031668b3f2890dbb745ee93caa39","messageTitle":"Add javadoc and basic logging for Module","messageBody":"","fileTypesAndContributionMap":{"functional-code":{"insertions":38,"deletions":2}}}]},{"date":"2022-03-08","commitResults":[{"hash":"d01b96c358515c5a9461462dc467ce183cc728ac","messageTitle":"Add basic module-Jackson functionality","messageBody":"","fileTypesAndContributionMap":{"functional-code":{"insertions":102,"deletions":11}}},{"hash":"e9f45b5fce3eee3f864ae86c1b341f47c63e3b22","messageTitle":"Add bidirectionaly to SampleDataUtil","messageBody":"","fileTypesAndContributionMap":{"functional-code":{"insertions":37,"deletions":6}}},{"hash":"7abdbb56b6dace8b8d9c88441e9f89c07c98e099","messageTitle":"Add sample modules to sample Unibook","messageBody":"","fileTypesAndContributionMap":{"functional-code":{"insertions":3,"deletions":0}}}]},{"date":"2022-03-14","commitResults":[{"hash":"4688165559512c6c634d60d3e8a81652689d64ee","messageTitle":"Update list command to accept user specified criteria","messageBody":"","fileTypesAndContributionMap":{"functional-code":{"insertions":196,"deletions":6}}},{"hash":"b6d7c4af1a1ec5ec6dff4f15b7d0ceb622e4da70","messageTitle":"Add ability to switch views in ListCommand","messageBody":"","fileTypesAndContributionMap":{"functional-code":{"insertions":66,"deletions":2}}},{"hash":"56258b605d5b33af8a4044d1b33c56ce9c490579","messageTitle":"Fix bugs and add moduleview functionality","messageBody":"","fileTypesAndContributionMap":{"functional-code":{"insertions":56,"deletions":16}}},{"hash":"ea76b5b3bf2dfa4c9e401ea73d2ac8e5780a53a7","messageTitle":"Add appropriate error messages","messageBody":"","fileTypesAndContributionMap":{"functional-code":{"insertions":22,"deletions":20}}},{"hash":"37bf22d48f055030c866db324f4812a8aa28b496","messageTitle":"Fix error messages and use Message class","messageBody":"","fileTypesAndContributionMap":{"functional-code":{"insertions":8,"deletions":6}}},{"hash":"7b06cf730bcd066152aed97d9adad3ad31c336d2","messageTitle":"Add exception for missing module code","messageBody":"","fileTypesAndContributionMap":{"functional-code":{"insertions":5,"deletions":3}}}]},{"date":"2022-03-15","commitResults":[{"hash":"9e7080c757bcaa54c8043064c41ef02d68b5b044","messageTitle":"Update UG for list command","messageBody":"","fileTypesAndContributionMap":{"docs":{"insertions":23,"deletions":14}}}]},{"date":"2022-03-22","commitResults":[{"hash":"81609b9f136c314bcf8de9898f146cf757f3ffa6","messageTitle":"Enable assertions in build.gradle","messageBody":"","fileTypesAndContributionMap":{"other":{"insertions":4,"deletions":0}}},{"hash":"e3f0a4deaa87e77f763f321fce7b9e8a46bd5471","messageTitle":"Add list sequence diagram to DG","messageBody":"","fileTypesAndContributionMap":{"docs":{"insertions":79,"deletions":1}}}]},{"date":"2022-03-23","commitResults":[{"hash":"6098ae8eea593c7cdd2ecb664bd5ffb02146a3ce","messageTitle":"Change version in MainApp.java to v1.2.1","messageBody":"","fileTypesAndContributionMap":{"functional-code":{"insertions":1,"deletions":1}}},{"hash":"c1ecc98029044507765788c11884e6e648218cdf","messageTitle":"Revert \"Delete Command Sequence Diagram\"","messageBody":"","fileTypesAndContributionMap":{"functional-code":{"insertions":0,"deletions":1},"docs":{"insertions":75,"deletions":62}}}]},{"date":"2022-03-24","commitResults":[{"hash":"9940e2768a0986de437fb4d761c7a79a9bc70138","messageTitle":"Module enhancements","messageBody":"","fileTypesAndContributionMap":{"functional-code":{"insertions":241,"deletions":34}}},{"hash":"98b6cc6cd0b4a399f28aaeb21cdab244919e6044","messageTitle":"Adapt test classes for key events and fix some checkstyle bugs","messageBody":"","fileTypesAndContributionMap":{"functional-code":{"insertions":19,"deletions":40},"test-code":{"insertions":33,"deletions":1}}},{"hash":"20bec7d21fbc955742e10d4c6aa438b3bc680942","messageTitle":"Remove storage util folder","messageBody":"","fileTypesAndContributionMap":{"functional-code":{"insertions":0,"deletions":26}}}]},{"date":"2022-03-26","commitResults":[{"hash":"854f6f2645a32ff1d58db114e9c96c8ceabade73","messageTitle":"Enhance List Command","messageBody":"","fileTypesAndContributionMap":{"functional-code":{"insertions":204,"deletions":85}}},{"hash":"ad8b50b16c62c8c4eebf32da1641a45a74114e41","messageTitle":"Adapt ListCommand to work with Groups","messageBody":"","fileTypesAndContributionMap":{"functional-code":{"insertions":99,"deletions":37},"test-code":{"insertions":18,"deletions":10}}},{"hash":"f9389e1264bd3d3e5000db32b4405281a8e5ccca","messageTitle":"Fix bugs in List command","messageBody":"","fileTypesAndContributionMap":{"functional-code":{"insertions":48,"deletions":5}}},{"hash":"4e4da78b7cf3de5434d892cf40918706f129b1fa","messageTitle":"Change message to module code and add auto unfiltering upon view switch","messageBody":"","fileTypesAndContributionMap":{"functional-code":{"insertions":13,"deletions":10}}}]},{"date":"2022-03-28","commitResults":[{"hash":"a3afbbf5fe9f066fdc15ddde07e7d63c9886f8e8","messageTitle":"Enhance list command for more command combinations","messageBody":"","fileTypesAndContributionMap":{"functional-code":{"insertions":498,"deletions":42}}},{"hash":"37311ee71e1b9112737ac44c58b99074d3046cdb","messageTitle":"Add more CliSyntax","messageBody":"","fileTypesAndContributionMap":{"functional-code":{"insertions":22,"deletions":22}}},{"hash":"624bad935b1c60e099d6a36c76ae81d16415fdfb","messageTitle":"Resolve merge conflicts","messageBody":"","fileTypesAndContributionMap":{"functional-code":{"insertions":1,"deletions":1}}},{"hash":"66d8c683f13e30d3a60ece77fa918010d1ab1cfc","messageTitle":"Remove option for module listing on module page","messageBody":"","fileTypesAndContributionMap":{"functional-code":{"insertions":3,"deletions":3}}},{"hash":"0a8dd5fa2ac315edc3ca3b55e9cb9eaca2fe77b6","messageTitle":"Update user guide for List Command changes","messageBody":"","fileTypesAndContributionMap":{"docs":{"insertions":102,"deletions":21}}},{"hash":"e1a86c43b6340bf00a81e61dfacf64f8e215e78d","messageTitle":"Add basic invalid command/edge case handling for list enhancements","messageBody":"","fileTypesAndContributionMap":{"functional-code":{"insertions":138,"deletions":53}}},{"hash":"de1ec22348e4f9d237fc0510eb4b36415e9d33a4","messageTitle":"Update message usage field","messageBody":"","fileTypesAndContributionMap":{"functional-code":{"insertions":1,"deletions":8}}}]},{"date":"2022-03-29","commitResults":[{"hash":"c4380e4529a1101fb545490bca582d86a3d54eac","messageTitle":"Add functionality to list specific group in group page","messageBody":"","fileTypesAndContributionMap":{"functional-code":{"insertions":36,"deletions":4}}},{"hash":"7808fb2c68847ca7e2c48f7cd63d3344c88fbad4","messageTitle":"Add changes to user guide, fix typos in code","messageBody":"","fileTypesAndContributionMap":{"functional-code":{"insertions":1,"deletions":1},"docs":{"insertions":5,"deletions":0}}},{"hash":"df666663957f309ac129336908449e48fc4b19d7","messageTitle":"Change message for view switch","messageBody":"","fileTypesAndContributionMap":{"functional-code":{"insertions":6,"deletions":3}}}]},{"date":"2022-03-30","commitResults":[{"hash":"150b67618d10b04037769682ec23ddac5074bd32","messageTitle":"Change version number in MainApp to v1.3.1","messageBody":"","fileTypesAndContributionMap":{"functional-code":{"insertions":1,"deletions":1}}}]},{"date":"2022-04-03","commitResults":[{"hash":"327ac5777576178884f90baf905f21d7aeb3506a","messageTitle":"Fix UG bugs for List command","messageBody":"","fileTypesAndContributionMap":{"docs":{"insertions":19,"deletions":19}}},{"hash":"a7263000da729238ec95b5a0a0786d3f3f098af2","messageTitle":"Refactor ListCommand and Parser tests","messageBody":"","fileTypesAndContributionMap":{"functional-code":{"insertions":704,"deletions":458},"test-code":{"insertions":158,"deletions":37}}}]},{"date":"2022-04-04","commitResults":[{"hash":"08e065e7dfc70d707c279d441d8febace782463a","messageTitle":"Refactor ListCommandParser","messageBody":"","fileTypesAndContributionMap":{"functional-code":{"insertions":364,"deletions":281}}},{"hash":"fae303de48b049fe395a131cd882ac464d003d92","messageTitle":"Update date time resolver","messageBody":"","fileTypesAndContributionMap":{"functional-code":{"insertions":2,"deletions":1}}},{"hash":"1176ddee23ebd12a685c67c15ffa7b0a89938d69","messageTitle":"Fix invalid module name error","messageBody":"","fileTypesAndContributionMap":{"functional-code":{"insertions":20,"deletions":1}}}]},{"date":"2022-04-06","commitResults":[{"hash":"c3e78ec51f3e3ae4afafbe7dafaf1d8f2ec1ad94","messageTitle":"Update command summary to include links to example","messageBody":"Removed `examples` for list command in summary and added example links instead","fileTypesAndContributionMap":{"docs":{"insertions":37,"deletions":29}}},{"hash":"b8ba23ea54ad1bce8166b8780563df6d3a933cf1","messageTitle":"Standardise list command colouring and format in UG","messageBody":"","fileTypesAndContributionMap":{"functional-code":{"insertions":0,"deletions":1},"docs":{"insertions":22,"deletions":22}}},{"hash":"326a67432a71c140e1f2742ad385c07cce1664d9","messageTitle":"Fix links to account for bulb","messageBody":"","fileTypesAndContributionMap":{"docs":{"insertions":17,"deletions":17}}}]},{"date":"2022-04-07","commitResults":[{"hash":"aee7d7b0a2e0511b2ccdbc24973f65296aee188c","messageTitle":"Align error messages to UG","messageBody":"","fileTypesAndContributionMap":{"functional-code":{"insertions":33,"deletions":33}}}]},{"date":"2022-04-08","commitResults":[{"hash":"3089430433a18cbdd333c99b2ae03eb2c5ecf7ae","messageTitle":"Update error message for invalid view","messageBody":"","fileTypesAndContributionMap":{"functional-code":{"insertions":1,"deletions":1}}},{"hash":"85d10123714aa2265ec2bc6b30c7068d015620c6","messageTitle":"Add PPP, update DG diagram, use cases and user stories","messageBody":"","fileTypesAndContributionMap":{"docs":{"insertions":124,"deletions":38}}},{"hash":"4e518aaa38a16fe418e30ee2bf34edfef04aa0c1","messageTitle":"Fix style error","messageBody":"","fileTypesAndContributionMap":{"docs":{"insertions":2,"deletions":0}}},{"hash":"9e48db6c429a804d9a06c44ac26a4c8bb550ad9e","messageTitle":"Add newline at eof","messageBody":"","fileTypesAndContributionMap":{"docs":{"insertions":1,"deletions":3}}},{"hash":"4cc026978448d76c26791f846daeeb0ebfbe1b9f","messageTitle":"Fix typo in PPP","messageBody":"","fileTypesAndContributionMap":{"docs":{"insertions":0,"deletions":1}}}]},{"date":"2022-04-09","commitResults":[{"hash":"1abd99b5d57b55981a9b35eb35212803d031ebb4","messageTitle":"Remove unnecessary title table at top of PPP","messageBody":"","fileTypesAndContributionMap":{"docs":{"insertions":2,"deletions":4}}},{"hash":"2ac79033e529606fc8a97f5f7c0f3557c7cb5a4a","messageTitle":"Revert \"Remove unnecessary title table at top of PPP\"","messageBody":"","fileTypesAndContributionMap":{"docs":{"insertions":4,"deletions":2}}}]}]},"authorFileTypeContributionMap":{"benmurphyy":{"docs":395,"functional-code":3998,"test-code":1559,"other":2},"ryanwalterlee":{"docs":240,"functional-code":1305,"test-code":148,"other":23},"yokester98":{"docs":258,"functional-code":1202,"test-code":322,"other":1},"sophiien":{"docs":208,"functional-code":1403,"test-code":310},"geraldneo567":{"docs":366,"functional-code":2275,"test-code":276,"other":2}},"authorContributionVariance":{"benmurphyy":846269.56,"ryanwalterlee":43091.438,"yokester98":84326.06,"sophiien":26933.732,"geraldneo567":74868.98},"authorDisplayNameMap":{"benmurphyy":"CS2103-W16-1 BEN ..RPHY","ryanwalterlee":"CS2103-W16-1 RYAN.. LEE","yokester98":"CS2103-W16-1 LOY .. YUE","sophiien":"CS2103-W16-1 SOPH..I EN","geraldneo567":"CS2103-W16-1 GERA.. REN"}}
