{"authorDailyContributionsMap":{"zhongfu":[{"date":"2022-03-01","commitResults":[{"hash":"de1fd0079ce32a8d60a934e0995b42497192cb4f","messageTitle":"Add PPP and user image placeholder for zhongfu","messageBody":"","fileTypesAndContributionMap":{"docs":{"insertions":36,"deletions":0}}}]},{"date":"2022-03-14","commitResults":[{"hash":"176552077ad9644afda61e9536f691c5692adcc9","messageTitle":"Update SampleDataUtil (for generating sample data)","messageBody":"from @ian-from-dover\n","fileTypesAndContributionMap":{"functional-code":{"insertions":14,"deletions":17}}},{"hash":"47b829905a7af656c26aae18ad65d6e65c6176ec","messageTitle":"Update add/delete/edit commands","messageBody":"","fileTypesAndContributionMap":{"functional-code":{"insertions":8,"deletions":8},"test-code":{"insertions":4,"deletions":4}}}]},{"date":"2022-03-15","commitResults":[{"hash":"089e3aa172a83aa5840dadb3d4da38c6f3ae3c95","messageTitle":"Make Job and Money classes more robust and flexible","messageBody":"Instead of specifying a fixed per-hour rate, we specify a `Rate`, which\nallows us to better describe pay rates (e.g. $20 per 4 hours, etc).\n\nWe use `Duration`s instead of `float`s for durations in `Job`s to avoid\nfloating point imprecision.\n\nWe also avoid the use of float operations in `Money` to force users of\nthe `Money` class to specify precise values (i.e. with BigDecimal).\n\nFinally, we also add a (hopefully unique) job ID to `Job` instances, so\nwe can uniquely identify jobs with only the ID (since it\u0027s plausible\nthat there might be multiple jobs with the exact same attributes).\n","fileTypesAndContributionMap":{"functional-code":{"insertions":133,"deletions":20},"test-code":{"insertions":28,"deletions":23}}},{"hash":"9e3293084d6e4769f9edf5b03a2408af4a0af416","messageTitle":"Run coverage task instead of jacocoTestReport task after gradle test","messageBody":"","fileTypesAndContributionMap":{"other":{"insertions":5,"deletions":5}}}]},{"date":"2022-03-16","commitResults":[{"hash":"9de42bacc2cc6b9ae8d80a178e83f433e3e5c791","messageTitle":"Bump junit version to latest, 5.8.2","messageBody":"","fileTypesAndContributionMap":{"other":{"insertions":1,"deletions":1}}},{"hash":"2bc39f9cb1648d8d6336df4f308fe964d0d34b73","messageTitle":"Fix email regex to accept consecutive underscores and hyphens","messageBody":"","fileTypesAndContributionMap":{"functional-code":{"insertions":14,"deletions":5},"test-code":{"insertions":2,"deletions":0}}}]},{"date":"2022-03-19","commitResults":[{"hash":"14888f96494ce8a0e24b6fd20067aafc7ff87020","messageTitle":"Switch Gradle version back to 6.3","messageBody":"","fileTypesAndContributionMap":{"other":{"insertions":1,"deletions":1}}},{"hash":"db284a830a8b9cc9d74827f14f588c470c4e2301","messageTitle":"Refactor pkg name: `seedu.address` -\u003e `peoplesoft`","messageBody":"","fileTypesAndContributionMap":{"other":{"insertions":757,"deletions":757},"docs":{"insertions":15,"deletions":15},"test-code":{"insertions":2,"deletions":2}}},{"hash":"01b96f074c77e420b67d322f749ee9deefd02610","messageTitle":"Add custom serdes to Name","messageBody":"","fileTypesAndContributionMap":{"functional-code":{"insertions":96,"deletions":1},"test-code":{"insertions":51,"deletions":0}}},{"hash":"98a0935d8d82502407a3f3302bfb3c65399fdc8c","messageTitle":"Add custom serdes to Address","messageBody":"","fileTypesAndContributionMap":{"functional-code":{"insertions":67,"deletions":1},"test-code":{"insertions":54,"deletions":0}}},{"hash":"e3c40b9aea41775227055ecd3df38e762d0ddaf3","messageTitle":"Add custom serdes for Tag","messageBody":"","fileTypesAndContributionMap":{"functional-code":{"insertions":67,"deletions":0},"test-code":{"insertions":55,"deletions":0}}},{"hash":"a5ccc005e5ab23d590f7ba43b1077a6b0a44edd0","messageTitle":"Add custom serdes for Phone","messageBody":"","fileTypesAndContributionMap":{"functional-code":{"insertions":67,"deletions":2},"test-code":{"insertions":55,"deletions":0}}},{"hash":"771ddcbd99f0824cf81ad0781c488a0fbf2ea61f","messageTitle":"Add custom serdes for Email","messageBody":"","fileTypesAndContributionMap":{"functional-code":{"insertions":67,"deletions":0},"test-code":{"insertions":61,"deletions":0}}},{"hash":"a17b5b1a3fecd6b3bcb7c15df796739c0760455f","messageTitle":"Add custom serdes for People and Set\u003cTag\u003e 🥳🥳🥳","messageBody":"","fileTypesAndContributionMap":{"functional-code":{"insertions":104,"deletions":0},"test-code":{"insertions":148,"deletions":0}}},{"hash":"fdfac48933f23b257554b5266996453a4f7dade0","messageTitle":"Refactor person serialization util method out into PersonUtil","messageBody":"","fileTypesAndContributionMap":{"test-code":{"insertions":52,"deletions":24}}},{"hash":"397fc7d97a20cc12ebcf5936686891e21bd83acf","messageTitle":"Add custom serdes for UniquePersonList","messageBody":"","fileTypesAndContributionMap":{"functional-code":{"insertions":66,"deletions":0},"test-code":{"insertions":134,"deletions":0}}},{"hash":"ebeab7f649ba36518b546b4923cb444644fb7a21","messageTitle":"Normalize serialized JSON for Person/UniquePersonList serdes tests","messageBody":"i.e. remove carriage returns \\r because Jackson adds them on Windows\n","fileTypesAndContributionMap":{"test-code":{"insertions":21,"deletions":3}}},{"hash":"81b3856c8cc3e4c3791f3f49aecd7f2e5d3f344b","messageTitle":"Fix minor style issues","messageBody":"- `normalizedToJsonString()` -\u003e `toNormalizedJsonString()`\n- javadoc: \"Generate...\" -\u003e \"Generates...\"\n","fileTypesAndContributionMap":{"test-code":{"insertions":7,"deletions":7}}},{"hash":"138cff4e96413503f08b11129b23059ce78b4483","messageTitle":"Move test util methods to `TestUtil` + refactor","messageBody":"- add `serializeObject()`\n- use `serializeObject()` for `PersonUtil.serialzePerson()`\n- move `serializeList()` to `TestUtil`\n","fileTypesAndContributionMap":{"test-code":{"insertions":52,"deletions":17}}},{"hash":"c4115da774039ffd48bc7fb7e00f308390f3590e","messageTitle":"Add custom serdes for AddressBook","messageBody":"","fileTypesAndContributionMap":{"functional-code":{"insertions":96,"deletions":10},"test-code":{"insertions":124,"deletions":0}}},{"hash":"c355befcf41c1a86413e9d60ca388e0c84dc9513","messageTitle":"Serialize model classes directly instead of using `JsonAdapted*`","messageBody":"and also remove the `JsonAdapted{Person,Tag}` and\n`JsonSerializableAddressBook` classes, we won\u0027t need those any more\n","fileTypesAndContributionMap":{"functional-code":{"insertions":12,"deletions":230},"test-code":{"insertions":0,"deletions":157}}},{"hash":"78b49d675a6a386bbc346ee515f50a23d6d00be1","messageTitle":"Move AddressBookSerdesTest to correct pkg","messageBody":"","fileTypesAndContributionMap":{"other":{"insertions":2,"deletions":2}}},{"hash":"bd9eb3794ca10257a99dedd5570ace56b8bb5419","messageTitle":"Add new getWrappedIVE methods that can accept a cause","messageBody":"","fileTypesAndContributionMap":{"functional-code":{"insertions":30,"deletions":0}}},{"hash":"d6dbfbd84cf471fe99cab266c786b67ff93474a9","messageTitle":"Add custom serdes for Money","messageBody":"","fileTypesAndContributionMap":{"functional-code":{"insertions":82,"deletions":0},"test-code":{"insertions":140,"deletions":0}}},{"hash":"b401a74a03fea85736a41f6855a2ba3a633126c5","messageTitle":"Add custom serdes for Rate","messageBody":"","fileTypesAndContributionMap":{"functional-code":{"insertions":101,"deletions":3},"test-code":{"insertions":93,"deletions":0}}},{"hash":"8ed47bbc473357bdcd5b0c2c5b041990dbba6c2d","messageTitle":"Enable assertions for `gradle run`","messageBody":"","fileTypesAndContributionMap":{"other":{"insertions":4,"deletions":0}}}]},{"date":"2022-03-25","commitResults":[{"hash":"74f4dc3314db273e3a5115faf72ea563078b68c7","messageTitle":"Add info re: implementation of the serdes stuff","messageBody":"(more details to be added in a tutorial)\n","fileTypesAndContributionMap":{"docs":{"insertions":23,"deletions":6}}}]},{"date":"2022-03-26","commitResults":[{"hash":"99e6b523d1051d36987b70a2fd657bafcc67703b","messageTitle":"Add helper methods for serdes in JsonUtil","messageBody":"- getNonNullNode\n- getNonNullNodeWithType\n\nto be used in classes with (de)serializers implemented, if needed\n","fileTypesAndContributionMap":{"functional-code":{"insertions":62,"deletions":0}}},{"hash":"a5dfdc6089702f457913236a933dd99affae9a32","messageTitle":"Make deserializers more uniform and understandable","messageBody":"Basically, we try to standardize how we deserialize Jackson nodes, and\nwhat we name the err msg variables (or something, I guess)\n\nWe also add new checks for the node type -- slightly more important when\ndeserializing types that we didn\u0027t write (eg `Set`, `List`) so that we\ncan throw our own exceptions with our own messages\n","fileTypesAndContributionMap":{"functional-code":{"insertions":140,"deletions":111}}},{"hash":"63ac0dd666fba0a8661405c9669651cdd20aa459","messageTitle":"Add extra `serializePerson` method for new tests","messageBody":"(In `PersonUtil`)\n\nPrevious methods only took a `Set\u003cString\u003e` (to be serialized into a JSON\narray of strings) for the tags.\n\nThis new method also takes a `String` as the raw representation of the\n`tagged` value so that we can test serialization of invalid `Person`\nserializers where the value of the `tagged` field is not a JSON array.\n","fileTypesAndContributionMap":{"test-code":{"insertions":43,"deletions":4}}},{"hash":"0c3445e43314f60a7cfd78aadc3b5afa1b5abcf8","messageTitle":"Add tutorial for writing serializers/deserializers for model classes","messageBody":"","fileTypesAndContributionMap":{"docs":{"insertions":393,"deletions":0}}}]},{"date":"2022-03-28","commitResults":[{"hash":"47cb1e0ef51c3e2f01f5829252b7ccec09730f8d","messageTitle":"Add id to Person field, and update some components to use ids","messageBody":"","fileTypesAndContributionMap":{"functional-code":{"insertions":99,"deletions":24},"test-code":{"insertions":98,"deletions":66}}},{"hash":"e424d7f63e8d7e58155abb1fd8d5f7c980b548ba","messageTitle":"Add methods for getting \u0026 checking for Person/Job by id","messageBody":"","fileTypesAndContributionMap":{"functional-code":{"insertions":113,"deletions":3},"test-code":{"insertions":26,"deletions":1}}},{"hash":"617072d23018338a3b8926859fb7c6bf231bd68c","messageTitle":"Fix edge case in AddCommandIntegrationTest","messageBody":"seems like it happens when multiple Person-related tests are running in\nparallel?\n","fileTypesAndContributionMap":{"test-code":{"insertions":1,"deletions":1}}},{"hash":"f4c9f7f690c691b4d9fe7877b8e48f222c025ce8","messageTitle":"Add ID class (for Person, Job, etc)","messageBody":"","fileTypesAndContributionMap":{"functional-code":{"insertions":126,"deletions":0},"test-code":{"insertions":96,"deletions":0}}},{"hash":"fc7790b9f85f5163ece53178454695cb55356674","messageTitle":"Refactor Person.getId to Person.getPersonId","messageBody":"","fileTypesAndContributionMap":{"functional-code":{"insertions":11,"deletions":10},"test-code":{"insertions":9,"deletions":9}}},{"hash":"161092c59fa401237a87e99fb31fa81851efdd74","messageTitle":"Coerce serialized IdFactory id values to non-negative","messageBody":"","fileTypesAndContributionMap":{"functional-code":{"insertions":14,"deletions":4}}},{"hash":"729390465644d27caf6beb349a41b7a77ae314a6","messageTitle":"Use ID instances instead of Strings for person/job IDs","messageBody":"","fileTypesAndContributionMap":{"functional-code":{"insertions":104,"deletions":58},"test-code":{"insertions":35,"deletions":27}}},{"hash":"a09f95527082c7b2c630aaa87e9183f9702a44a5","messageTitle":"Fix potential race condition in AddCommandIntegrationTest","messageBody":"","fileTypesAndContributionMap":{"test-code":{"insertions":2,"deletions":1}}}]},{"date":"2022-03-31","commitResults":[{"hash":"6a4119ee6d691499ff3fb9ae8b785a78e4b08f4c","messageTitle":"Enforce 8 spaces of indentation for wrapped lines","messageBody":"See https://se-education.org/guides/conventions/java/intermediate.html#layout\n","fileTypesAndContributionMap":{"other":{"insertions":2,"deletions":0}}},{"hash":"730c6b5e43d40c9f723bdc37f8cda1d663a592b7","messageTitle":"Lint files to match new checkstyle rules","messageBody":"(i.e. that wrapped lines should have an indentation of at least 8 spaces)\n","fileTypesAndContributionMap":{"functional-code":{"insertions":57,"deletions":57},"other":{"insertions":13,"deletions":1},"test-code":{"insertions":184,"deletions":184}}},{"hash":"7fd932cf2eabf0960876b9f12ad7bf079115463c","messageTitle":"Use a constant for the Very Big Number^tm in MoneySerdesTest instead","messageBody":"","fileTypesAndContributionMap":{"test-code":{"insertions":13,"deletions":62}}},{"hash":"03d8931499f1085999fcc854c46fb79c841e5abb","messageTitle":"Fix indentation of wrapped lines to match new rules","messageBody":"","fileTypesAndContributionMap":{"functional-code":{"insertions":1,"deletions":1},"test-code":{"insertions":4,"deletions":3}}},{"hash":"7a7a6a1eecb2bc86bd3dffc70ae13fbb8dc924d3","messageTitle":"Add Payment class","messageBody":"","fileTypesAndContributionMap":{"functional-code":{"insertions":300,"deletions":0}}},{"hash":"210ebc0373a316639ec36b042418e0772cce15c2","messageTitle":"Add Payments to Person","messageBody":"","fileTypesAndContributionMap":{"functional-code":{"insertions":54,"deletions":11},"test-code":{"insertions":97,"deletions":32}}},{"hash":"b59f94d6ef7eaa71e1b75f163cb1e30294e1b7dc","messageTitle":"Get Payment personId from deser context instead","messageBody":"...of serializing it into Payment objects\n\nwe\u0027ll only be storing them in Person objects anyway\n","fileTypesAndContributionMap":{"functional-code":{"insertions":19,"deletions":10}}},{"hash":"f9d444d256b9727345f2696bf4ea02329ed20452","messageTitle":"Minor stylistic changes for user guide","messageBody":"","fileTypesAndContributionMap":{"docs":{"insertions":10,"deletions":10}}},{"hash":"4c14c8754c03ff0d77244bdcfb8f79cec4098a63","messageTitle":"Update UG to reflect `Person` add/edit changes","messageBody":"","fileTypesAndContributionMap":{"docs":{"insertions":8,"deletions":7}}}]},{"date":"2022-04-02","commitResults":[{"hash":"3f0ca71a16240e7c6f35e05be989f342456ac9d4","messageTitle":"Remove comments for team members #149","messageBody":"","fileTypesAndContributionMap":{"docs":{"insertions":1,"deletions":4}}},{"hash":"2bdff38c79c452d26f934a09be31709003d6f6e1","messageTitle":"Update UG to disambiguate format for `help` #145","messageBody":"","fileTypesAndContributionMap":{"docs":{"insertions":8,"deletions":2}}},{"hash":"c6c42f896fa47f17ee575181685fa51b5f749e12","messageTitle":"Remove erroneous rate arg in UG `job` desc #151","messageBody":"","fileTypesAndContributionMap":{"docs":{"insertions":1,"deletions":1}}},{"hash":"c87934daa597aca36ef94b59e1a847f32353c0c7","messageTitle":"Update references to `mark` section in UG #152","messageBody":"","fileTypesAndContributionMap":{"docs":{"insertions":2,"deletions":2}}},{"hash":"0d41c587d7fde31f8a46b80a3687e874cbc93cdb","messageTitle":"Reorder `mark` and `assign` sections in UG #180","messageBody":"","fileTypesAndContributionMap":{"docs":{"insertions":10,"deletions":10}}},{"hash":"0c41d4e9d83787296e21ef2609b0c5e90d83a831","messageTitle":"Clarify behavior for editing employee rates #191","messageBody":"","fileTypesAndContributionMap":{"docs":{"insertions":6,"deletions":1}}},{"hash":"0a1dca10326d1436c502f966cfa12262e49cd044","messageTitle":"Elaborate on some UG examples","messageBody":"","fileTypesAndContributionMap":{"docs":{"insertions":3,"deletions":3}}}]},{"date":"2022-04-07","commitResults":[{"hash":"076e6f671f9230b5e903e5efe2dd0e8ad930cd62","messageTitle":"Avoid using Desktop.browse() on Linux #108","messageBody":"","fileTypesAndContributionMap":{"functional-code":{"insertions":15,"deletions":21}}},{"hash":"27fdbab19a1402af16df33454b5994ab50621600","messageTitle":"Force label tags to wrap #169","messageBody":"","fileTypesAndContributionMap":{"functional-code":{"insertions":13,"deletions":1}}}]},{"date":"2022-04-08","commitResults":[{"hash":"7e42752975daf779d6f10bf4e5b2de92fcce498e","messageTitle":"Change fxml xmlns attrs to point to xmlns for javafx 11","messageBody":"","fileTypesAndContributionMap":{"functional-code":{"insertions":6,"deletions":6}}},{"hash":"1ae399a63066d3e3ea6c1d097135b2dfbbc0e411","messageTitle":"Fix possible race in PersonEditCommandTest","messageBody":"","fileTypesAndContributionMap":{"test-code":{"insertions":1,"deletions":2}}}]},{"date":"2022-04-09","commitResults":[{"hash":"225cee447ebad9b18261cfe113e793b1a0e3f04d","messageTitle":"Allow border pane and main pane to fill width","messageBody":"","fileTypesAndContributionMap":{"functional-code":{"insertions":10,"deletions":14}}},{"hash":"56fd9d3ca74cd0993ab0eb99098226abc199d031","messageTitle":"Coerce undersized window dimensions in GuiSettings to min dimensions","messageBody":"","fileTypesAndContributionMap":{"functional-code":{"insertions":16,"deletions":6},"test-code":{"insertions":16,"deletions":2}}},{"hash":"36bc1094c47b715bd58727445d7d903e1d9d3d74","messageTitle":"Bind job/person card col widths to header col widths","messageBody":"","fileTypesAndContributionMap":{"functional-code":{"insertions":73,"deletions":19}}},{"hash":"c1aaf14712397039cbc88c59d62d29822c81360a","messageTitle":"Update width constraints on {Job,Person} list cols","messageBody":"- remove from JobListCard, PersonListCard, OverviewPage\n\n- add proportionate constraints for col headers in OverviewPage\n","fileTypesAndContributionMap":{"functional-code":{"insertions":29,"deletions":29}}},{"hash":"717145f04caeeb3b69f68b7ea404bda81790f615","messageTitle":"Use min height/width fields from GuiSettings in MainWindow","messageBody":"","fileTypesAndContributionMap":{"functional-code":{"insertions":2,"deletions":1}}}]},{"date":"2022-04-10","commitResults":[{"hash":"3d5ca3d1043f4c3f6e4b469d8fadb18a70898223","messageTitle":"Remove trailing whitespaces","messageBody":"","fileTypesAndContributionMap":{"functional-code":{"insertions":1,"deletions":1},"docs":{"insertions":29,"deletions":29}}},{"hash":"c14b08990fa5ec632095881188d9bf33cd0fa7c1","messageTitle":"Fix bad ref to GuiSettings class constants in fxml","messageBody":"","fileTypesAndContributionMap":{"functional-code":{"insertions":8,"deletions":1}}},{"hash":"155c15a9a0944244286103a3fcffbab127a7e5db","messageTitle":"Add date/time to end of export filename to avoid accidentally clobbering old files","messageBody":"","fileTypesAndContributionMap":{"functional-code":{"insertions":7,"deletions":1}}},{"hash":"59bfcc15f1593ff8d2f8eb84a6d31e18973b5dfd","messageTitle":"Add (reusable) table pane component","messageBody":"","fileTypesAndContributionMap":{"functional-code":{"insertions":130,"deletions":0}}},{"hash":"5fd44d2c608e4cb4db79244b372e693c028ff531","messageTitle":"Tidy up table pane stuff","messageBody":"","fileTypesAndContributionMap":{"functional-code":{"insertions":46,"deletions":9}}}]},{"date":"2022-04-11","commitResults":[{"hash":"37eabc6046ac3dded3d7a0ecda732cb777534649","messageTitle":"Add help/command table styling","messageBody":"","fileTypesAndContributionMap":{"functional-code":{"insertions":45,"deletions":72}}},{"hash":"ac394fd59f685ed357443cad7d48df4415772f34","messageTitle":"Rejiggle helpMessageContainer a lil bit","messageBody":"","fileTypesAndContributionMap":{"functional-code":{"insertions":8,"deletions":17}}},{"hash":"4cde44ff42922f24e5cecbdc00a2e4b1b8357bdb","messageTitle":"Add whitespace at end of file","messageBody":"bruh...\n","fileTypesAndContributionMap":{"functional-code":{"insertions":1,"deletions":1}}},{"hash":"74d9652d0ebf6ade80a201a77e2154a196ab6804","messageTitle":"Remove side effects from Employment::getPersons","messageBody":"","fileTypesAndContributionMap":{"functional-code":{"insertions":10,"deletions":4}}},{"hash":"49bda972d22d100069631b65244381f3dea09c35","messageTitle":"Add base color back into DarkTheme","messageBody":"","fileTypesAndContributionMap":{"functional-code":{"insertions":2,"deletions":0}}},{"hash":"f059ea1001924e444746924df25b75fa01aa231d","messageTitle":"Disable selection and focus for help/employee/job tables","messageBody":"","fileTypesAndContributionMap":{"functional-code":{"insertions":253,"deletions":0}}},{"hash":"8a8a9e7981fd990696435494f8cf65b43da97fdc","messageTitle":"Adjust person tag/unpaid col widths","messageBody":"","fileTypesAndContributionMap":{"functional-code":{"insertions":2,"deletions":2}}},{"hash":"6efc298b48a1b26093b9f016de0c46bb6c6673d7","messageTitle":"Align tags/assigned label text to the left","messageBody":"","fileTypesAndContributionMap":{"functional-code":{"insertions":2,"deletions":2}}},{"hash":"6fec6fd25499a5c3005ba3f2837bf297f2282527","messageTitle":"Move proposed impl designs to end of impl section in DG","messageBody":"","fileTypesAndContributionMap":{"docs":{"insertions":85,"deletions":87}}},{"hash":"0e399797f6e15ced713676d3d763c2feb7b35932","messageTitle":"Add proposed implementation for data archiving function","messageBody":"","fileTypesAndContributionMap":{"docs":{"insertions":20,"deletions":2}}},{"hash":"23e3af488ca47f8207fe8c8cf242e59d58cd9f2b","messageTitle":"Update codebase line count in README.md","messageBody":"","fileTypesAndContributionMap":{"docs":{"insertions":1,"deletions":1}}},{"hash":"d8645a64b87a6ef38684716e346c37b415c0d7af","messageTitle":"Add PPP for zhongfu","messageBody":"","fileTypesAndContributionMap":{"docs":{"insertions":31,"deletions":15}}},{"hash":"ddd498961550fb68deb341150db4b0f72a31e7dc","messageTitle":"Apply suggestions from code review","messageBody":"Co-authored-by: Ian Hong \u003c62384984+ian-from-dover@users.noreply.github.com\u003e","fileTypesAndContributionMap":{"docs":{"insertions":6,"deletions":6}}},{"hash":"d4c0ba5ec3b5fefe6f63ac5d9109e0dff2575643","messageTitle":"Add extra spacing to PPP","messageBody":"","fileTypesAndContributionMap":{"docs":{"insertions":7,"deletions":7}}},{"hash":"710870fae928129157a291e447a89ff357e41f0f","messageTitle":"Use full names in AboutUs.md","messageBody":"","fileTypesAndContributionMap":{"docs":{"insertions":2,"deletions":2}}},{"hash":"4fc76117bdaf230d201ce79a4aa171b8ca06f581","messageTitle":"Fix Employment::getJobs","messageBody":"","fileTypesAndContributionMap":{"functional-code":{"insertions":10,"deletions":1}}},{"hash":"4786f1a7ef80f533a807f8f4188fac69a2da6df4","messageTitle":"Fix exporter output","messageBody":"","fileTypesAndContributionMap":{"functional-code":{"insertions":43,"deletions":34}}}]}],"ian-from-dover":[{"date":"2022-02-28","commitResults":[{"hash":"dfe48b9598e6c8d8491e1df25c83a151726c3912","messageTitle":"Change sample data to suit context","messageBody":"","fileTypesAndContributionMap":{"docs":{"insertions":2,"deletions":1}}}]},{"date":"2022-03-02","commitResults":[{"hash":"cc43b0a9b6a3f882f3ef2434b81fc436ee769f39","messageTitle":"Add Ian\u0027s PPP","messageBody":"","fileTypesAndContributionMap":{"docs":{"insertions":47,"deletions":0}}}]},{"date":"2022-03-04","commitResults":[{"hash":"a0d1a930a2e7dfe3e7c5a1b1587ae2e5986dba11","messageTitle":"Update UI and README","messageBody":"","fileTypesAndContributionMap":{"docs":{"insertions":11,"deletions":12}}}]},{"date":"2022-03-09","commitResults":[{"hash":"4934d13192f729d309af89c8aa229908d11a1982","messageTitle":"Fix Whitespace and images","messageBody":"","fileTypesAndContributionMap":{"docs":{"insertions":6,"deletions":5}}}]},{"date":"2022-03-19","commitResults":[{"hash":"192a8331dc0f6c1fd476ed71e73475493490ee6c","messageTitle":"HelpWindow: Make Copy URL open directly in browser","messageBody":"","fileTypesAndContributionMap":{"functional-code":{"insertions":44,"deletions":12}}},{"hash":"6d7af58820f963ab86b04af5297b94d494949704","messageTitle":"Add Exit Value to Logger","messageBody":"","fileTypesAndContributionMap":{"functional-code":{"insertions":5,"deletions":2}}}]},{"date":"2022-03-25","commitResults":[{"hash":"69ddab78733582ab223d89eee1a9e4af72e363b5","messageTitle":"Update the User Guide after 2101 feedback","messageBody":"Let\u0027s:\n* Update the user interface preview\n* Add a short introduction explaining how the app can help HR managers\n* Add \u0027how to use this guide\u0027 section\n* Modify language to suit HR managers and have a more friendly tone\n        * removed jargon\n* Add glossary\n* Move the command summary to the top\n* Add the new job-related commands to the summary and features section\n* Features: Standardised the full stops\n* Add caution labels to irreversible commands\n* Add more FAQs\n","fileTypesAndContributionMap":{"docs":{"insertions":138,"deletions":64}}},{"hash":"648260b7672a90b0156ac3fdf121dda8ef3d4216","messageTitle":"Add introduction to DG","messageBody":"","fileTypesAndContributionMap":{"docs":{"insertions":46,"deletions":33}}},{"hash":"662cf8a32154f767cfa90443c7bd326179f7ab75","messageTitle":"Apply formatting and language suggestions to UG","messageBody":"","fileTypesAndContributionMap":{"docs":{"insertions":38,"deletions":21}}}]},{"date":"2022-03-29","commitResults":[{"hash":"035e7e9fbddc912438e29cba7dab72c9a9245cca","messageTitle":"Collate CSS colours as variables, organise styles","messageBody":"All the CSS files and FXML files are jumbled up in the view folder.\nAlso, all the colours are hard to change when you want the look to be\nunified.\n\nLet\u0027s:\n* Create variables for colours in the CSS sheet.\n* Add a folder for CSS sheets in the resources file structure.\n* Resolve merge conflicts between the new help command and the old one\n","fileTypesAndContributionMap":{"functional-code":{"insertions":30,"deletions":32},"other":{"insertions":91,"deletions":54}}},{"hash":"0792aaa960681e76b3b80f554555e4f8945671aa","messageTitle":"Rebase master into ian-new-ui","messageBody":"","fileTypesAndContributionMap":{"functional-code":{"insertions":41,"deletions":39}}},{"hash":"9c998f35808636593bc8ccb0411dfdaa0fd32a99","messageTitle":"Add Light theme","messageBody":"","fileTypesAndContributionMap":{"functional-code":{"insertions":401,"deletions":17}}},{"hash":"5b6d268eebdd160ab12baf8d93296be778edc059","messageTitle":"Prototype Employees Screen, update Ui.png","messageBody":"","fileTypesAndContributionMap":{"functional-code":{"insertions":54,"deletions":39}}},{"hash":"16d3f834b45cf5250cd252868b65b1f6ea44703a","messageTitle":"Add sidebar, add images, add fonts","messageBody":"The app style is not consistent.\n\nLet\u0027s:\n* Add a working sidebar which can change pages\n* Add placeholders for different pages\n* Restructure the main page and change text styles\n* Update the css dark style\n* Update the preview screenshots\n* Create the app logo and point tests to it\n* Add logos, icons and fonts\n","fileTypesAndContributionMap":{"functional-code":{"insertions":618,"deletions":644},"docs":{"insertions":4,"deletions":2},"test-code":{"insertions":1,"deletions":1}}},{"hash":"d2d048eb5c61843360eef330c75827fcb62945cf","messageTitle":"Stylise commandBox and resultDisplay","messageBody":"","fileTypesAndContributionMap":{"functional-code":{"insertions":3,"deletions":138}}},{"hash":"b2d6dcf9d387209e713f392ed3ac1f1fe49f0cfd","messageTitle":"Minor ui tweaks","messageBody":"","fileTypesAndContributionMap":{"functional-code":{"insertions":47,"deletions":57}}},{"hash":"64fa555759dd1d0451d96e264ecb1f48435134f5","messageTitle":"Fix page switching, add HelpPage","messageBody":"Let\u0027s:\n- Make page switching change the border panel, not add more children to\na placeholder.\n- Add a prototype help page\n- Fix some styling and padding issues\n","fileTypesAndContributionMap":{"functional-code":{"insertions":375,"deletions":201},"other":{"insertions":3,"deletions":10}}},{"hash":"24c3a2d686af3bfc7c8d179ff27b833c3cf64311","messageTitle":"Minor fixes to help page","messageBody":"","fileTypesAndContributionMap":{"functional-code":{"insertions":7,"deletions":7}}}]},{"date":"2022-03-30","commitResults":[{"hash":"aab5c3d5741aca38ac20fdb852e2c3ea2627e680","messageTitle":"Re-create employee list","messageBody":"","fileTypesAndContributionMap":{"functional-code":{"insertions":91,"deletions":94}}},{"hash":"61569881d55d0139559aca1a421f272fdaa03f1e","messageTitle":"Organise ui files, remove status bar, prep job cards","messageBody":"","fileTypesAndContributionMap":{"functional-code":{"insertions":164,"deletions":156},"other":{"insertions":21,"deletions":13},"docs":{"insertions":1,"deletions":1}}},{"hash":"1080ce003b871f5f1f902e3d6067fdb07d756d9a","messageTitle":"Display joblist in GUI, tidy up resizing","messageBody":"","fileTypesAndContributionMap":{"functional-code":{"insertions":109,"deletions":93}}},{"hash":"c9f60aa30079c962b99d6b05944d14b6ee5fb892","messageTitle":"Fix style errors","messageBody":"","fileTypesAndContributionMap":{"functional-code":{"insertions":6,"deletions":6}}},{"hash":"3efd20f4e1c6e62af36ffc89f1bb43853d635e62","messageTitle":"Fix image test location","messageBody":"","fileTypesAndContributionMap":{"test-code":{"insertions":1,"deletions":1}}}]},{"date":"2022-03-31","commitResults":[{"hash":"dbfb218bea22c1d1f4bea2e8fbe9ddc7ae0981a8","messageTitle":"Fix resizing and loose comments","messageBody":"","fileTypesAndContributionMap":{"functional-code":{"insertions":81,"deletions":138}}},{"hash":"8f347f4890d30c54c9b19a68125268f329c1efb1","messageTitle":"Update app version","messageBody":"","fileTypesAndContributionMap":{"functional-code":{"insertions":1,"deletions":1},"docs":{"insertions":3,"deletions":3}}},{"hash":"4dbb0c04ecc6e7984c3714ce2ed078ee58a6e28e","messageTitle":"Edit UG phrasing","messageBody":"","fileTypesAndContributionMap":{"docs":{"insertions":1,"deletions":1}}}]},{"date":"2022-04-01","commitResults":[{"hash":"8990eed8bc3d32c5cc5ca2c5500c5d566ff5460e","messageTitle":"Fix cosmetic issues like jar name","messageBody":"","fileTypesAndContributionMap":{"functional-code":{"insertions":4,"deletions":4},"other":{"insertions":1,"deletions":1}}},{"hash":"6cc526bf1283ef74647fb5768599388a20aa65d7","messageTitle":"Display finalise payment and outstanding salary in UI","messageBody":"","fileTypesAndContributionMap":{"functional-code":{"insertions":64,"deletions":46}}},{"hash":"f9120d64c0f30d5e125b079dee432f72db6fa66f","messageTitle":"Update Ui.png and briefly describe changes in UG","messageBody":"","fileTypesAndContributionMap":{"functional-code":{"insertions":2,"deletions":1},"docs":{"insertions":5,"deletions":0}}}]},{"date":"2022-04-06","commitResults":[{"hash":"69205630aaf0f0e17e3952ee46ba7822ff8975f4","messageTitle":"Display base pay","messageBody":"","fileTypesAndContributionMap":{"functional-code":{"insertions":16,"deletions":11}}},{"hash":"6c6c33f64ba6a31dcbd43abb1f70dd20f2135567","messageTitle":"Make toString of Rate return something easy to read","messageBody":"","fileTypesAndContributionMap":{"functional-code":{"insertions":16,"deletions":2}}},{"hash":"3223e1c6af7492522a18372508fc604c8fe36db3","messageTitle":"Make Durations human-readable in GUI","messageBody":"","fileTypesAndContributionMap":{"functional-code":{"insertions":1,"deletions":1}}},{"hash":"6a3d5eef31016d5f2d1f7bcdf1319ff2cf025650","messageTitle":"Format displayed duration in hours and minutes","messageBody":"","fileTypesAndContributionMap":{"functional-code":{"insertions":8,"deletions":1}}},{"hash":"70a743b6ef58cee685a5ebdd233ce715198b3bad","messageTitle":"Fix checkstyle","messageBody":"","fileTypesAndContributionMap":{"functional-code":{"insertions":3,"deletions":3}}}]},{"date":"2022-04-07","commitResults":[{"hash":"8f9124f3ccf344de7f624343a6ff9bbd282a31a5","messageTitle":"Add a word to UG","messageBody":"Co-authored-by: zhongfu \u003cme@znx.cc\u003e","fileTypesAndContributionMap":{"docs":{"insertions":1,"deletions":1}}},{"hash":"916996fd1013e12e086881cad0dcdabfa688315e","messageTitle":"Add space btwn hrs \u0026 mins in duration, fix placeholders","messageBody":"","fileTypesAndContributionMap":{"functional-code":{"insertions":3,"deletions":3}}}]},{"date":"2022-04-10","commitResults":[{"hash":"16150900d274a2a8c429d6c9904dccc855d3fdd9","messageTitle":"Debug and fix ResultDisplay messages for all job commands","messageBody":"","fileTypesAndContributionMap":{"functional-code":{"insertions":126,"deletions":93},"docs":{"insertions":1,"deletions":1},"test-code":{"insertions":72,"deletions":31}}},{"hash":"f6205d621c015788062c33a2f5d31eb2e8d61385","messageTitle":"Update related tests","messageBody":"","fileTypesAndContributionMap":{"test-code":{"insertions":7,"deletions":6}}},{"hash":"40725c7eb025e87ee527f1f12ccb8a00b691b7e5","messageTitle":"Fix rebase conflicts due to renaming","messageBody":"","fileTypesAndContributionMap":{"functional-code":{"insertions":2,"deletions":2},"test-code":{"insertions":9,"deletions":50}}},{"hash":"c2d3dcab4c3704e09a24a410d1daa6b55bca80dd","messageTitle":"Make ResultDisplay scrollable","messageBody":"","fileTypesAndContributionMap":{"functional-code":{"insertions":13,"deletions":7}}},{"hash":"bac9bed8f91d076665f4f886e92d400621187eb5","messageTitle":"Fix tests using the new messages","messageBody":"","fileTypesAndContributionMap":{"functional-code":{"insertions":42,"deletions":24},"test-code":{"insertions":8,"deletions":8}}},{"hash":"978528b76698ba4bcb30283bff6bbf79a628f52e","messageTitle":"Add 2 missing tests","messageBody":"","fileTypesAndContributionMap":{"test-code":{"insertions":6,"deletions":3}}},{"hash":"642a3f5ccfbfa92d8ab648d851f7dcd47021c291","messageTitle":"Ensure all commands have format+eg, add export note","messageBody":"","fileTypesAndContributionMap":{"functional-code":{"insertions":43,"deletions":32}}},{"hash":"17307ded629d6b02f1ab887835ed1382e795a15b","messageTitle":"Address language from comments","messageBody":"","fileTypesAndContributionMap":{"functional-code":{"insertions":3,"deletions":3}}},{"hash":"6f684390e26c4045ffc3ae18c594d385563a9c05","messageTitle":"Edit DG diagram colours","messageBody":"","fileTypesAndContributionMap":{"functional-code":{"insertions":4,"deletions":4},"other":{"insertions":28,"deletions":0},"docs":{"insertions":36,"deletions":32}}},{"hash":"82a2bbfc52ec3fc8e45034c3943f9aba3170a51b","messageTitle":"Update DG UI Section and all diagrams with new colours","messageBody":"","fileTypesAndContributionMap":{"functional-code":{"insertions":0,"deletions":4},"docs":{"insertions":49,"deletions":35}}},{"hash":"0804c23ac5ccae5ea8338ec43f38f3b5534d21ce","messageTitle":"Update DG diagram cols to be more visible","messageBody":"","fileTypesAndContributionMap":{"docs":{"insertions":9,"deletions":10}}},{"hash":"321796dbd8d4a7b6ed4f3a916f9f4b500344f8bd","messageTitle":"Replace HiddenOutsides with invisible classes","messageBody":"","fileTypesAndContributionMap":{"docs":{"insertions":89,"deletions":17}}}]},{"date":"2022-04-11","commitResults":[{"hash":"4fcef5fdc1ac304d8ae2619eb9f15879e32c4b6d","messageTitle":"hotfix for failing tests","messageBody":"","fileTypesAndContributionMap":{"functional-code":{"insertions":1,"deletions":1}}},{"hash":"566e6157775ce25fa4e80d3cde5c839a0e5bcb5b","messageTitle":"Add UI GIF for README and index.md","messageBody":"","fileTypesAndContributionMap":{"docs":{"insertions":2,"deletions":2}}},{"hash":"a0615bde8226c08701d35ef03a6a63327ab8f09c","messageTitle":"Add high res icons","messageBody":"","fileTypesAndContributionMap":{"functional-code":{"insertions":2,"deletions":2}}},{"hash":"88c36e9b2d2cfef9e88b0bde0a061d06f074a6a2","messageTitle":"Beautify help browser open button","messageBody":"","fileTypesAndContributionMap":{"functional-code":{"insertions":46,"deletions":53}}},{"hash":"784b736af9d310cf8570f901670724d424c5ebb0","messageTitle":"Make app use internal font files","messageBody":"","fileTypesAndContributionMap":{"functional-code":{"insertions":60,"deletions":53}}},{"hash":"fc3913686708f6c3df6ed94fbf5e2bdc2121f9f5","messageTitle":"Make PageSwitcher assoc class to switch pages and update btn","messageBody":"","fileTypesAndContributionMap":{"functional-code":{"insertions":85,"deletions":25},"docs":{"insertions":6,"deletions":1}}},{"hash":"b23efd89dfb882de5b06a03333b95d097064ec57","messageTitle":"Outline Ian\u0027s contribution in his PPP","messageBody":"","fileTypesAndContributionMap":{"docs":{"insertions":30,"deletions":20}}},{"hash":"38c57d3bb71ad9a012c477706119778d68c34e8c","messageTitle":"Add more contributions","messageBody":"","fileTypesAndContributionMap":{"docs":{"insertions":1,"deletions":0}}},{"hash":"b724e004945aedbb61cff4cc2194e40c22d4e4bb","messageTitle":"Complete Ian\u0027s PPP","messageBody":"","fileTypesAndContributionMap":{"functional-code":{"insertions":1,"deletions":1},"docs":{"insertions":20,"deletions":11}}},{"hash":"8e3a5f8e134b12c3e5f2c97f21b975699764bfa6","messageTitle":"address Oviya\u0027s suggestions","messageBody":"","fileTypesAndContributionMap":{"docs":{"insertions":3,"deletions":3}}},{"hash":"a803dcaf97a542632e15f47c6cd7f8e15a499905","messageTitle":"Implement job-person assignment display with barebones look","messageBody":"","fileTypesAndContributionMap":{"functional-code":{"insertions":109,"deletions":68}}},{"hash":"8ded0adfb183776cad7536c3c868aae84b3e2b1e","messageTitle":"Make assignments pretty like tags","messageBody":"","fileTypesAndContributionMap":{"functional-code":{"insertions":19,"deletions":1}}},{"hash":"b42370cd3cb69230e4d667c24a1024b3496f4a68","messageTitle":"Remove numbering from assignment","messageBody":"","fileTypesAndContributionMap":{"functional-code":{"insertions":13,"deletions":31},"test-code":{"insertions":2,"deletions":2}}},{"hash":"d6fb2b48d6ee342794129fb1177792d2c72666a4","messageTitle":"joblist: make Done col not hide title on resizing","messageBody":"","fileTypesAndContributionMap":{"functional-code":{"insertions":6,"deletions":6}}},{"hash":"3863704c3050fb9ea4fd663538e850e4aff1e510","messageTitle":"Fix ResultDisplay showing white box","messageBody":"","fileTypesAndContributionMap":{"functional-code":{"insertions":13,"deletions":11}}},{"hash":"693ef8c0642a93f35c831304c0bb337afb5b906c","messageTitle":"Fix formatting inconsistencies in Ian\u0027s PPP","messageBody":"","fileTypesAndContributionMap":{"functional-code":{"insertions":1,"deletions":1},"docs":{"insertions":13,"deletions":14}}},{"hash":"c639cd527fe95e6e7c06d6a0110b33fddbae6036","messageTitle":"Completely standardise notation","messageBody":"","fileTypesAndContributionMap":{"docs":{"insertions":26,"deletions":17}}},{"hash":"a0777b6854e2591c58f1371e12cd83b36c6d7c02","messageTitle":"Fix checkstyle","messageBody":"","fileTypesAndContributionMap":{"test-code":{"insertions":2,"deletions":2}}},{"hash":"f357ec768c1b233a14ef77a5388a2242661480eb","messageTitle":"Update docs/DeveloperGuide.md","messageBody":"Co-authored-by: zhongfu \u003cme@zhongfu.li\u003e","fileTypesAndContributionMap":{"docs":{"insertions":1,"deletions":1}}},{"hash":"aa5950dc388752f27e377d7f770dfc4a2b381de7","messageTitle":"Update docs/DeveloperGuide.md","messageBody":"Co-authored-by: zhongfu \u003cme@zhongfu.li\u003e","fileTypesAndContributionMap":{"docs":{"insertions":1,"deletions":1}}}]}],"ovidharshini":[{"date":"2022-03-03","commitResults":[{"hash":"2be7dc3c82e86e3d14459456a83f47b85f5ba2cb","messageTitle":"Add photo, skeletal PPP","messageBody":"","fileTypesAndContributionMap":{"docs":{"insertions":39,"deletions":0}}},{"hash":"4daf89fe25a94ba7ce8ff0ea0d8c8dfde0e1c08d","messageTitle":"Update ovidharshini.md","messageBody":"Add newline at EOF","fileTypesAndContributionMap":{"docs":{"insertions":1,"deletions":1}}}]},{"date":"2022-03-06","commitResults":[{"hash":"a753ca0e873ae9ad8eaffdcd9898d7ac917d24bd","messageTitle":"Add requirements to DG","messageBody":"","fileTypesAndContributionMap":{"docs":{"insertions":68,"deletions":29}}},{"hash":"290c17bf888a2e56dfd5c0f1d2b58a4e8f31eec0","messageTitle":"Update AboutUs links","messageBody":"","fileTypesAndContributionMap":{"docs":{"insertions":2,"deletions":2}}}]},{"date":"2022-03-19","commitResults":[{"hash":"c2c1ceb82975f9dee19fa820892af013188400a3","messageTitle":"Validate sign of rate","messageBody":"","fileTypesAndContributionMap":{"functional-code":{"insertions":48,"deletions":2}}},{"hash":"daf702565f2ed82ab958033ccf153db2bd1c4e06","messageTitle":"Refactor rate validation as util classes","messageBody":"","fileTypesAndContributionMap":{"functional-code":{"insertions":50,"deletions":34},"test-code":{"insertions":34,"deletions":0}}}]},{"date":"2022-03-27","commitResults":[{"hash":"c7addc7d089f3cc880bd38364984ddacce88f8e3","messageTitle":"Update DG with proposed enhancement","messageBody":"","fileTypesAndContributionMap":{"docs":{"insertions":34,"deletions":5}}}]},{"date":"2022-04-02","commitResults":[{"hash":"17a2b75534c58be788da51d64be627cc37e1bef8","messageTitle":"Make minor UG edits","messageBody":"","fileTypesAndContributionMap":{"docs":{"insertions":23,"deletions":23}}}]},{"date":"2022-04-08","commitResults":[{"hash":"cebca739f49b7d59dd8772ef9680a4232423bc2d","messageTitle":"Rename command words","messageBody":"","fileTypesAndContributionMap":{"functional-code":{"insertions":7,"deletions":7},"docs":{"insertions":41,"deletions":41},"test-code":{"insertions":1,"deletions":1}}},{"hash":"8182bcdc6715ea16dd0b530e8bdbabae3754a894","messageTitle":"Refactor class names","messageBody":"","fileTypesAndContributionMap":{"functional-code":{"insertions":46,"deletions":45},"other":{"insertions":152,"deletions":133},"test-code":{"insertions":31,"deletions":30}}},{"hash":"a9c004e1e59868cf35de3fcaf1c55d266a5ca9d9","messageTitle":"Refactor parser person packages","messageBody":"","fileTypesAndContributionMap":{"functional-code":{"insertions":8,"deletions":4},"other":{"insertions":42,"deletions":32}}},{"hash":"924e290026a47cb8aca24babf22c433545f4c33e","messageTitle":"Change PersonAdd command name","messageBody":"","fileTypesAndContributionMap":{"functional-code":{"insertions":2,"deletions":2},"docs":{"insertions":24,"deletions":24}}},{"hash":"83c6db7dc9c2f5b87bbdc763b743ae94d933c68b","messageTitle":"Add format and example to commands","messageBody":"","fileTypesAndContributionMap":{"functional-code":{"insertions":78,"deletions":0},"docs":{"insertions":16,"deletions":16}}},{"hash":"e0e39b84bcb53ee4490b38fc07e6124b693e7959","messageTitle":"Add class to handle help messages","messageBody":"","fileTypesAndContributionMap":{"functional-code":{"insertions":216,"deletions":1},"test-code":{"insertions":3,"deletions":5}}},{"hash":"2d08cbf505dfa5298c7da72d658dd3b9a03898ac","messageTitle":"Add tests for parsing help messages","messageBody":"","fileTypesAndContributionMap":{"functional-code":{"insertions":23,"deletions":23},"test-code":{"insertions":40,"deletions":4}}}]},{"date":"2022-04-09","commitResults":[{"hash":"74d1c38471431a8ff58f5ed403b007f9062521b7","messageTitle":"Resolve duplicate person addition","messageBody":"","fileTypesAndContributionMap":{"functional-code":{"insertions":22,"deletions":7},"test-code":{"insertions":67,"deletions":10}}},{"hash":"3457ed6c96ef2ded1f4dd58617f1b31793246214","messageTitle":"Add separate function to check for duplicate persons","messageBody":"","fileTypesAndContributionMap":{"functional-code":{"insertions":28,"deletions":4},"test-code":{"insertions":47,"deletions":0}}}]},{"date":"2022-04-10","commitResults":[{"hash":"9888e5bb1b988119d781ed37eb3e77621d29e013","messageTitle":"Remove parsing functions in CommandHelpMessage","messageBody":"","fileTypesAndContributionMap":{"functional-code":{"insertions":5,"deletions":60},"test-code":{"insertions":11,"deletions":54}}},{"hash":"cb66d2bf024cf41800880ab04c6add0c5eb9d95e","messageTitle":"Apply suggestions from code review","messageBody":"Co-authored-by: zhongfu \u003cme@znx.cc\u003e","fileTypesAndContributionMap":{"functional-code":{"insertions":3,"deletions":8},"test-code":{"insertions":0,"deletions":6}}},{"hash":"43ced05cbcd86babae298aec464f01f22831a657","messageTitle":"Add data to TableView on helpPage","messageBody":"","fileTypesAndContributionMap":{"functional-code":{"insertions":38,"deletions":6}}}]},{"date":"2022-04-11","commitResults":[{"hash":"2911f4e1d10bf68d4e007ef3793a66dd4563c4c3","messageTitle":"Fix whitespace issues","messageBody":"","fileTypesAndContributionMap":{"functional-code":{"insertions":2,"deletions":2},"docs":{"insertions":2,"deletions":2}}},{"hash":"e598394587a9eb0e8865fd258a2d5bfcf4255fe8","messageTitle":"Add tests for job command classes","messageBody":"","fileTypesAndContributionMap":{"functional-code":{"insertions":2,"deletions":2},"other":{"insertions":2,"deletions":2},"test-code":{"insertions":456,"deletions":29}}},{"hash":"2b8142418f985c06c9175b36e5b10d3427d484e1","messageTitle":"Add tests for JobAssignCommand","messageBody":"","fileTypesAndContributionMap":{"test-code":{"insertions":59,"deletions":0}}},{"hash":"504d504401989ba38969f071f084b534cb341caa","messageTitle":"Add more tests for job-related classes","messageBody":"","fileTypesAndContributionMap":{"functional-code":{"insertions":0,"deletions":29},"test-code":{"insertions":217,"deletions":1}}},{"hash":"bcb875921230d2ba21e67add14f03c25a2dc6cb4","messageTitle":"Minor DG edits","messageBody":"","fileTypesAndContributionMap":{"docs":{"insertions":31,"deletions":21}}},{"hash":"3ff764695f04fbf57506b318036f7a492320454f","messageTitle":"Refactor HelpPage to use data from MainWindow","messageBody":"","fileTypesAndContributionMap":{"functional-code":{"insertions":1,"deletions":3}}},{"hash":"1be6ca7c846b9bf6c6e68e6eab6d0bcbb7ece869","messageTitle":"Minor DG edits","messageBody":"","fileTypesAndContributionMap":{"docs":{"insertions":86,"deletions":87}}},{"hash":"2f8d43d78cc4d138bc7fa2d18888d65835476121","messageTitle":"Add user stories","messageBody":"","fileTypesAndContributionMap":{"docs":{"insertions":50,"deletions":22}}},{"hash":"8f0a03f04443f05685d0a1bc1e7cac60dab8631a","messageTitle":"Update multiplier tag section of DG","messageBody":"","fileTypesAndContributionMap":{"docs":{"insertions":23,"deletions":3}}},{"hash":"e63103d25ee5c9457a3969dbbd02d0e002a74f9c","messageTitle":"Update PPP","messageBody":"","fileTypesAndContributionMap":{"docs":{"insertions":19,"deletions":14}}},{"hash":"2993628dc57b427a642b8d48c7a9b764434c55b1","messageTitle":"Add some use cases","messageBody":"","fileTypesAndContributionMap":{"docs":{"insertions":34,"deletions":19}}}]}],"Spyobird":[{"date":"2022-03-01","commitResults":[{"hash":"ea3b2282be2f217df4bd6582b314e3c7fc3e1efa","messageTitle":"Add PPP and user image","messageBody":"","fileTypesAndContributionMap":{"docs":{"insertions":24,"deletions":0}}}]},{"date":"2022-03-07","commitResults":[{"hash":"cb34f1b4dc38dc8a23e9f7b97c08614073edf5ba","messageTitle":"Update config.yml and index.md","messageBody":"Remove traces of AB3 in config.yml. Update index.md to match\nREADME.md.\n","fileTypesAndContributionMap":{"docs":{"insertions":12,"deletions":6}}}]},{"date":"2022-03-09","commitResults":[{"hash":"75e9e4bd214303a800cc194f463b68959c726f87","messageTitle":"Add Job class","messageBody":"Job is an abstraction of jobs that people can take.\n","fileTypesAndContributionMap":{"functional-code":{"insertions":96,"deletions":0}}},{"hash":"d77df4e5a686a6ab72fe87e21276eb87864ecbff","messageTitle":"Add Money class","messageBody":"Money is an abstraction for money that uses BigDecimal to format its\nvalues. It contains some arithmetic methods.\n","fileTypesAndContributionMap":{"functional-code":{"insertions":162,"deletions":9}}},{"hash":"c876a0f368989e999ced0ec5b1e2b2e94dc8f246","messageTitle":"Format for checkstyle","messageBody":"","fileTypesAndContributionMap":{"functional-code":{"insertions":1,"deletions":2}}},{"hash":"cde68fe54a9dcef3c478fac8dc34ec4d13f73e55","messageTitle":"Add testing for Money.java","messageBody":"Money.java: Changed currency locale to Locale.US to get \u0027$\u0027.\n","fileTypesAndContributionMap":{"functional-code":{"insertions":5,"deletions":1},"test-code":{"insertions":115,"deletions":0}}},{"hash":"2883ccb2625b89dcc3ebdb66f7fe9d65e45e5d83","messageTitle":"Add testing for Job.java","messageBody":"Job.java: Error with implementation of setAsNotPaid() method.\n","fileTypesAndContributionMap":{"functional-code":{"insertions":1,"deletions":1},"test-code":{"insertions":76,"deletions":1}}},{"hash":"b6b5c0df0e160d39adfcf313c3a2f33fe4e9d934","messageTitle":"Add minor changes","messageBody":"Job.java: Renamed isPaid to hasPaid.\nMoney.java: Removed unnecessary methods calls on double constructor.\nAdded additional comments for equals.\nJobTest.java: Renamed isPaid to hasPaid\n","fileTypesAndContributionMap":{"functional-code":{"insertions":12,"deletions":12},"test-code":{"insertions":4,"deletions":4}}}]},{"date":"2022-03-20","commitResults":[{"hash":"e6ae047434ecb94d5bed621a5b8921785c2b9ef5","messageTitle":"﻿Update AB3 model to handle jobs","messageBody":"Updated AddressBook and Model (and associated interfaces) to be able\nto handle jobs. Provides a framework for future job manipulation\nthrough commands or UI components. Awaiting final job list\nimplementation before finalizing on details. Tests have also not\nbeen added for the changes for the same reason. Framework should be\nsufficient for current needs.\n","fileTypesAndContributionMap":{"functional-code":{"insertions":156,"deletions":4},"test-code":{"insertions":41,"deletions":3}}}]},{"date":"2022-03-22","commitResults":[{"hash":"4a84b5ca3f9f2bc8c29a8f12ec12f6dc67cdb398","messageTitle":"Add job related commands","messageBody":"Currently adds the following commands:\nJobAddCommand: Adding a job\nJobDeleteCommand: Deletes a job\nJobListCommand: Lists all jobs (in the console)\nJobMarkCommand: Marks a job as paid or unpaid\nJobAssignCommand: Assigns a job to a person\n\nIssues needing resolution/follow-up:\nImplement UI to display jobs\nSerdes of joblist\nSerdes of employment (job-person association)\nJobIdFactory does not consider job IDs of serialized jobs\nTesting of JobAddCommand since job IDs are non-deterministic\nMore in-depth test cases for commands\n","fileTypesAndContributionMap":{"functional-code":{"insertions":664,"deletions":17},"test-code":{"insertions":299,"deletions":1}}},{"hash":"01e7cf01a64207c0dc71655f36c6cdfb1a9d9860","messageTitle":"Add completed tests for JobDeleteCommand.java","messageBody":"","fileTypesAndContributionMap":{"functional-code":{"insertions":10,"deletions":4},"test-code":{"insertions":146,"deletions":115}}}]},{"date":"2022-03-23","commitResults":[{"hash":"f14694fb03ca73c2329ddfaa447313e26aa8c4ae","messageTitle":"Add serdes to employment and jobs","messageBody":"Changes:\n- Add serializers and deserializers to handle jobs and employment\n- Updated format of JobAddCommand.java and JobAssignCommand.java\n- Allow job IDs created from JobIdFactory to be unique\n- Updated AddressBook.java to handle deserialized instances\n- Rename JobListManager.java to UniqueJobList.java\n- Removed set of persons in Job.java\n\nUnresolved:\n- Automated testing for all commands\n- Potentially non-deterministic serdes tests for AddressBook\n- Only displaying job command results to result display in UI\n- Potential implementation improvements (see TODOs in code)\n","fileTypesAndContributionMap":{"functional-code":{"insertions":365,"deletions":68},"other":{"insertions":70,"deletions":4},"test-code":{"insertions":63,"deletions":36}}},{"hash":"5346a7eb7877b08c05f5ca5a925c0a1f4912897b","messageTitle":"Add quick fix to deterministic error with test method","messageBody":"","fileTypesAndContributionMap":{"test-code":{"insertions":5,"deletions":4}}},{"hash":"0b5b24ce27dc91efed78f51830d85500bb2163e0","messageTitle":"Update command message to reflect changes in command format","messageBody":"","fileTypesAndContributionMap":{"functional-code":{"insertions":3,"deletions":3}}}]},{"date":"2022-03-25","commitResults":[{"hash":"1cf9506ff87c0ee084235e53ae709be57a04ed22","messageTitle":"Update developer guide","messageBody":"","fileTypesAndContributionMap":{"docs":{"insertions":35,"deletions":1}}}]},{"date":"2022-03-28","commitResults":[{"hash":"e929911fd2164c87d51eca9c3a8c35db30271ea5","messageTitle":"Fix bug with updating the list of jobs in JobListCommand","messageBody":"","fileTypesAndContributionMap":{"functional-code":{"insertions":1,"deletions":0}}}]},{"date":"2022-03-29","commitResults":[{"hash":"72cd1e62601b4ab0e79fb4c2f37b35da47c3c9db","messageTitle":"Assign `Rate` to `Person` and update associated tests","messageBody":"","fileTypesAndContributionMap":{"functional-code":{"insertions":77,"deletions":32},"test-code":{"insertions":151,"deletions":54}}}]},{"date":"2022-03-30","commitResults":[{"hash":"97a931a684d4b21efe03f727894d507fbf73032b","messageTitle":"﻿Add many-to-many mappings to `Employment`","messageBody":"Refactored `Employment` to its own package.\nAdded automated tests for `Employment`.\n","fileTypesAndContributionMap":{"functional-code":{"insertions":19,"deletions":7},"other":{"insertions":68,"deletions":21},"test-code":{"insertions":180,"deletions":1}}},{"hash":"b6273553563e778e94a3a224d24defc3fb7200ff","messageTitle":"Update changes for `Employment`","messageBody":"Changed internal implementation of `Employment` to use a `Set`.\nChanged sample data starting person ID to 5.\nRenamed some comments in the tests.\nMade ID comparable.\n\nFuture issues:\nDeserializing an `Employment` instance with invalid IDs.\n","fileTypesAndContributionMap":{"functional-code":{"insertions":16,"deletions":26},"test-code":{"insertions":8,"deletions":30}}}]},{"date":"2022-03-31","commitResults":[{"hash":"466230d667e72fa36d40a0f155ad38e8b0c9b0fa","messageTitle":"Update constructor for `Employment` to load maps consistently","messageBody":"","fileTypesAndContributionMap":{"functional-code":{"insertions":7,"deletions":4}}},{"hash":"7de7a5ad90364f871109f1fa7cd26c0384662813","messageTitle":"Update `JobAssignCommand`","messageBody":"`JobAssignCommand` now uses indexes and can handle multiple values.\nAdded `hashCode` to `Index` for `equals`.\nUpdated automated testing related to `JobAssignCommand`.\nUpdated `ParserUtil` and associated tests.\n","fileTypesAndContributionMap":{"functional-code":{"insertions":148,"deletions":71},"test-code":{"insertions":122,"deletions":30}}},{"hash":"45e2e5e5af2059ff0eb75be8f9805e6eaedbe2b8","messageTitle":"Update existing `Job` commands to use `Index`","messageBody":"Also updated associated tests.\n","fileTypesAndContributionMap":{"functional-code":{"insertions":94,"deletions":116},"test-code":{"insertions":165,"deletions":53}}},{"hash":"c90488dcbd4d3f3f30d4abc6c3e21fc249ffaccb","messageTitle":"Add `JobFindCommand` and related classes and tests","messageBody":"Allows the user to filter through the `Job` list.\n","fileTypesAndContributionMap":{"functional-code":{"insertions":113,"deletions":4},"test-code":{"insertions":96,"deletions":0}}},{"hash":"12d3adf8786480b489074be94fe4163dd37d00b5","messageTitle":"Update minor style changes","messageBody":"","fileTypesAndContributionMap":{"functional-code":{"insertions":3,"deletions":3}}},{"hash":"d2cefdaf17c8924d6db4f12aa53af8a74e1c1fc2","messageTitle":"Remove `Rate` from `Job`","messageBody":"Updated `JobAddCommand` to not use `Rate`.\nRemoved uses of `calculateRate()` (`UI` and `Exporter`).\nChanged `Job` constructor and added `isFinal` field.\n","fileTypesAndContributionMap":{"functional-code":{"insertions":92,"deletions":54},"other":{"insertions":7,"deletions":7},"test-code":{"insertions":50,"deletions":70}}}]},{"date":"2022-04-01","commitResults":[{"hash":"757d9e16804e668fde11e935fe6b06426628a8b7","messageTitle":"Update functionality of `JobMarkCommand` to handle `Payment`s","messageBody":"`PaymentHandler` does all the coupling work.\n","fileTypesAndContributionMap":{"functional-code":{"insertions":167,"deletions":20},"test-code":{"insertions":21,"deletions":7}}},{"hash":"45d314a5e483400f68ed0afbbf329820f354441e","messageTitle":"Add `JobFinalizeCommand`","messageBody":"Use `pay INDEX y/`, the `y/` is for confirmation.\n`JobFinalizeCommand` is supposed to be irreversible, no `Job`\nrelated functions are allowed to act on a finalized `Job`.\nThis does not stop malicious/error-prone users from modifying the\ndata file and affecting finalized `Job`s.\nThe only command that affects finalized `Job`s is `clear`.\n\nFrom preliminary testing, all features seem to be in good working\norder.\nAutomated testing for `Job` related command on finalized `Job`s not\nyet added.\n`Rate` was removed from `Job` so `UI` requires the changes to remove\nthe placeholder `Rate` values.\nIn removing `Rate` from `Job`, small changes had to be made to\n`Exporter`, requires some attention.\nAlso refactored classes to the `model.money` package.\n","fileTypesAndContributionMap":{"functional-code":{"insertions":165,"deletions":6},"other":{"insertions":4,"deletions":11},"test-code":{"insertions":127,"deletions":0}}},{"hash":"fb662d5748838751c35b7e462b39d5a52761404d","messageTitle":"Add amount due functionality in `Person` for UI","messageBody":"","fileTypesAndContributionMap":{"functional-code":{"insertions":16,"deletions":0}}},{"hash":"a2374cd71747efc5f8e26d2da7b129f6d61efa1a","messageTitle":"Add fix where marked `Job`s cannot be assigned","messageBody":"","fileTypesAndContributionMap":{"functional-code":{"insertions":5,"deletions":0}}},{"hash":"74159416ecdf16e787ebefc12c0f69fa3a11545c","messageTitle":"Add potential fix for sample data `personIDState` starting at 0","messageBody":"","fileTypesAndContributionMap":{"functional-code":{"insertions":21,"deletions":15}}},{"hash":"7785138af2f69c2578cbd197d6bf9a806cd53b27","messageTitle":"Update changes to the UG","messageBody":"","fileTypesAndContributionMap":{"docs":{"insertions":53,"deletions":36}}},{"hash":"1302619921ee493dec1496966a14486b7c8f6d46","messageTitle":"Fix `EditCommand` not working with `Rate`","messageBody":"","fileTypesAndContributionMap":{"functional-code":{"insertions":2,"deletions":1}}}]},{"date":"2022-04-06","commitResults":[{"hash":"4055c680687f61fca10b85fa3f7a3b6804f675c9","messageTitle":"Fix `Duration` taking on negative or extreme values","messageBody":"","fileTypesAndContributionMap":{"functional-code":{"insertions":30,"deletions":4},"test-code":{"insertions":6,"deletions":2}}},{"hash":"73d516b2c516c1fb9719f9c1ff2a5fd986b7e2fd","messageTitle":"Fix `assign` to correctly display errors with paid jobs","messageBody":"","fileTypesAndContributionMap":{"functional-code":{"insertions":13,"deletions":12}}},{"hash":"6b5c157c8f36ab8fe68287a579e5430a3208149e","messageTitle":"Add user documentation for `jobfind`","messageBody":"","fileTypesAndContributionMap":{"docs":{"insertions":11,"deletions":0}}},{"hash":"c75af829666ecf5fcc9e65368ccb654a101b2714","messageTitle":"Fix error not showing for negative `Rate` in `add`","messageBody":"Also added limits for `Rate` and `Duration`.\n","fileTypesAndContributionMap":{"functional-code":{"insertions":34,"deletions":17},"test-code":{"insertions":17,"deletions":6}}}]},{"date":"2022-04-07","commitResults":[{"hash":"f3cf9a556e29e486edde4396b2f49ece82d1da4c","messageTitle":"Revert unnecessary change","messageBody":"","fileTypesAndContributionMap":{"functional-code":{"insertions":1,"deletions":3}}}]},{"date":"2022-04-11","commitResults":[{"hash":"5a902be26d2e743ff4585e5928de883d3ea2a093","messageTitle":"Update DG with `Logic` changes","messageBody":"","fileTypesAndContributionMap":{"docs":{"insertions":38,"deletions":36}}},{"hash":"e7c031b77293fdc59f2462370c5c198f7a50b8cb","messageTitle":"Update Model part of DG","messageBody":"","fileTypesAndContributionMap":{"docs":{"insertions":30,"deletions":42}}},{"hash":"b0c7301affe8f8713d0dc78bd3a350b5a8cb3b15","messageTitle":"﻿Update PPP and some aspects of the UG","messageBody":"","fileTypesAndContributionMap":{"docs":{"insertions":121,"deletions":29}}},{"hash":"c112416b9acde45a409c919141afe3a21d5d58ef","messageTitle":"Update UG","messageBody":"","fileTypesAndContributionMap":{"functional-code":{"insertions":4,"deletions":1},"docs":{"insertions":128,"deletions":21},"test-code":{"insertions":4,"deletions":4}}},{"hash":"ebc24e79d9fc2d58b5b0e4d1994dd3f76932c23a","messageTitle":"Change headings of UG","messageBody":"","fileTypesAndContributionMap":{"docs":{"insertions":48,"deletions":45}}}]},{"date":"2022-04-12","commitResults":[{"hash":"b5908c050d46e6f4f90089224bdcf8e6631b744d","messageTitle":"Finalize UG and PPP changes","messageBody":"","fileTypesAndContributionMap":{"docs":{"insertions":30,"deletions":39}}},{"hash":"d8ab6cdaf38e4642df4814833ea078d95271bdb7","messageTitle":"Update PPP","messageBody":"Since it is late I might as well make it better.\n","fileTypesAndContributionMap":{"docs":{"insertions":18,"deletions":14}}}]},{"date":"2022-04-13","commitResults":[{"hash":"9bf111891750e232445e98d73933756074c8e857","messageTitle":"Fix contents and table","messageBody":"","fileTypesAndContributionMap":{"docs":{"insertions":22,"deletions":21}}}]}],"thewrik":[{"date":"2022-03-03","commitResults":[{"hash":"4b20b8499681aeced1d69df0505d436318d7ff6f","messageTitle":"Updated AboutMe and UG","messageBody":"- PPP added\n","fileTypesAndContributionMap":{"docs":{"insertions":115,"deletions":122}}},{"hash":"3809f144f067833a0b9d4a4e473013da710f1503","messageTitle":"added Oviya\u0027s page","messageBody":"","fileTypesAndContributionMap":{"docs":{"insertions":39,"deletions":3}}}]},{"date":"2022-03-11","commitResults":[{"hash":"2c4d264c18ef51e27382471ac181744355d3704d","messageTitle":"find command updated","messageBody":"Support for tags added\n","fileTypesAndContributionMap":{"functional-code":{"insertions":42,"deletions":36},"other":{"insertions":24,"deletions":16},"test-code":{"insertions":19,"deletions":18}}}]},{"date":"2022-03-16","commitResults":[{"hash":"d6f0f70af37be70fafb6ecc765be443cb9a5fef1","messageTitle":"Update gradle-wrapper.properties","messageBody":"","fileTypesAndContributionMap":{"other":{"insertions":1,"deletions":1}}},{"hash":"2d7f1521b125fd268d8d6970a345cb6b601f3389","messageTitle":"Fixed Imports","messageBody":"","fileTypesAndContributionMap":{"functional-code":{"insertions":4,"deletions":3},"test-code":{"insertions":14,"deletions":8}}},{"hash":"1e4b0e95280fb40a1c0c343958ed7ad7ad824bc4","messageTitle":"jobList interface created","messageBody":"modelled after UniquePersonsList\n","fileTypesAndContributionMap":{"functional-code":{"insertions":25,"deletions":0}}},{"hash":"01213646f78d442f6a00c5ac5894816ac4a9215a","messageTitle":"JobListManager implementation added","messageBody":"","fileTypesAndContributionMap":{"functional-code":{"insertions":134,"deletions":3}}},{"hash":"8b07a863b2c5db6aae35ba93a4b758d2600f0c3a","messageTitle":"Update JobListManager.java","messageBody":"fixed style issues\n","fileTypesAndContributionMap":{"functional-code":{"insertions":2,"deletions":3}}}]},{"date":"2022-03-17","commitResults":[{"hash":"8dcdfdf372ca39856e0c9243594be454ec108db1","messageTitle":"Linear Uniqueness Check implemented","messageBody":"","fileTypesAndContributionMap":{"functional-code":{"insertions":12,"deletions":10},"other":{"insertions":1,"deletions":1}}},{"hash":"19223fc9a5be630636a18e14b830a277affadc1b","messageTitle":"Update gradle-wrapper.properties","messageBody":"","fileTypesAndContributionMap":{"other":{"insertions":1,"deletions":1}}},{"hash":"f7eb80818e206d780e234cb0f4e395d347738d3c","messageTitle":"Tests corrected","messageBody":"","fileTypesAndContributionMap":{"functional-code":{"insertions":1,"deletions":1},"test-code":{"insertions":6,"deletions":6}}},{"hash":"facceaa9d99eaac993ca1e21eec6a350cd231e9c","messageTitle":"Update UniquePersonList.java","messageBody":"","fileTypesAndContributionMap":{"functional-code":{"insertions":5,"deletions":4}}},{"hash":"e95762653694365da96103c59e7f0b249571928f","messageTitle":"Update UniquePersonList.java","messageBody":"","fileTypesAndContributionMap":{"functional-code":{"insertions":0,"deletions":2}}},{"hash":"64da7c63343898cff6671b8fab49bfed57a70bb2","messageTitle":"Updated to check equality on JobID","messageBody":"","fileTypesAndContributionMap":{"functional-code":{"insertions":5,"deletions":6},"other":{"insertions":1,"deletions":1}}},{"hash":"838597c51228db6355ab2de2e4b363b0b5abde5d","messageTitle":"Updated JobList to eliminate dependency inversion","messageBody":"","fileTypesAndContributionMap":{"functional-code":{"insertions":0,"deletions":3}}}]},{"date":"2022-03-25","commitResults":[{"hash":"6b5bb77dfe78bc687cb7ceb56ac94d5ef7f39c60","messageTitle":"Updated DG","messageBody":"","fileTypesAndContributionMap":{"functional-code":{"insertions":1,"deletions":1},"docs":{"insertions":38,"deletions":0},"test-code":{"insertions":1,"deletions":1}}},{"hash":"c2f34c67ab5ef5cdb63b25edd4ea1645af2c02aa","messageTitle":"Update FindCommandTest.java","messageBody":"","fileTypesAndContributionMap":{"test-code":{"insertions":1,"deletions":1}}}]},{"date":"2022-03-31","commitResults":[{"hash":"b646dcb8bd754136b83339975dc6e455b2bbac85","messageTitle":"Basic Export Functionality Added","messageBody":"export a person by Index.\n.csv File saved to data/ with the filename as personName.\n","fileTypesAndContributionMap":{"functional-code":{"insertions":181,"deletions":0}}},{"hash":"9a1dd4a66ccf20ac1dd5d852ca18ba4c7f384241","messageTitle":"Update Exporter.java","messageBody":"Refactor based on location change of Employment class","fileTypesAndContributionMap":{"functional-code":{"insertions":2,"deletions":1}}},{"hash":"35540c3a4f0f1b9ac33f5a91c4c4a81ce9c65d84","messageTitle":"Update Exporter.java","messageBody":"","fileTypesAndContributionMap":{"functional-code":{"insertions":4,"deletions":4}}}]},{"date":"2022-04-08","commitResults":[{"hash":"be4f50bbcf1bfdc0af5bd98991bd6b2daa3d9be6","messageTitle":"Update UserGuide.md","messageBody":"Minor typo fixed\n","fileTypesAndContributionMap":{"docs":{"insertions":1,"deletions":1}}}]},{"date":"2022-04-11","commitResults":[{"hash":"94c2ece1088d51bfcda56451ad8a59cf5b4dd9e8","messageTitle":"Update UserGuide.md","messageBody":"","fileTypesAndContributionMap":{"docs":{"insertions":62,"deletions":46}}},{"hash":"b3988436ca0779c779e969df15d8f4d716559e6e","messageTitle":"Update UserGuide.md","messageBody":"Multiple Examples added for all reasonable commands\n","fileTypesAndContributionMap":{"docs":{"insertions":8,"deletions":1}}},{"hash":"2d45d93187d7b78a6da205b1c0e8ca83e00868ce","messageTitle":"Update UserGuide.md","messageBody":"","fileTypesAndContributionMap":{"docs":{"insertions":15,"deletions":15}}},{"hash":"fb63b433466205c004781c69c852657b8e3db29c","messageTitle":"Create PaymentTest.java","messageBody":"","fileTypesAndContributionMap":{"test-code":{"insertions":102,"deletions":0}}},{"hash":"487fbeede734dca0384c622b6bd8d18d48dd0764","messageTitle":"Update PaymentTest.java","messageBody":"made compliant with checkstyle\n","fileTypesAndContributionMap":{"test-code":{"insertions":26,"deletions":23}}},{"hash":"405b7ceff0b833b4a0fb2d96c4d87b5cd6697834","messageTitle":"Update PaymentTest.java","messageBody":"","fileTypesAndContributionMap":{"test-code":{"insertions":121,"deletions":4}}},{"hash":"249aeb758658465e4984c2f06529b3a694e2077e","messageTitle":"Update PaymentTest.java","messageBody":"","fileTypesAndContributionMap":{"test-code":{"insertions":0,"deletions":2}}},{"hash":"9b2211a1fee1ea9021fffba555de394a1cb18d99","messageTitle":"Documentation Updated","messageBody":"","fileTypesAndContributionMap":{"docs":{"insertions":28,"deletions":21},"test-code":{"insertions":2,"deletions":0}}},{"hash":"4de085513cb9edd1aad56351dff440d374349fba","messageTitle":"Update AddressTest.java","messageBody":"","fileTypesAndContributionMap":{"test-code":{"insertions":7,"deletions":2}}},{"hash":"09200bb4a5665d566f98bbc5cdda99b645f0de80","messageTitle":"UG updates","messageBody":"","fileTypesAndContributionMap":{"docs":{"insertions":19,"deletions":3}}},{"hash":"225f2cb3f3cd7b489b79a324f8c087dd3b58849c","messageTitle":"Update src/test/java/peoplesoft/model/money/PaymentTest.java","messageBody":"Co-authored-by: zhongfu \u003cme@zhongfu.li\u003e","fileTypesAndContributionMap":{"test-code":{"insertions":1,"deletions":1}}},{"hash":"dee7c87c7f495c95f7b771dfe22c8df3bd3b9ca3","messageTitle":"Add Assign Feature, Warnings","messageBody":"","fileTypesAndContributionMap":{"docs":{"insertions":15,"deletions":1}}}]}]},"authorFileTypeContributionMap":{"zhongfu":{"docs":502,"functional-code":2771,"test-code":1644,"other":23},"ian-from-dover":{"docs":340,"functional-code":1247,"test-code":62,"other":30},"ovidharshini":{"docs":298,"functional-code":481,"test-code":1011},"Spyobird":{"docs":368,"functional-code":2040,"test-code":1338},"thewrik":{"docs":133,"functional-code":302,"test-code":272,"other":1}},"authorContributionVariance":{"zhongfu":319062.28,"ian-from-dover":181876.73,"ovidharshini":47908.426,"Spyobird":78420.31,"thewrik":7656.8257},"authorDisplayNameMap":{"zhongfu":"CS2103T-T11-4 LI Z..G FU","ian-from-dover":"CS2103T-T11-4 HONG.. IAN","ovidharshini":"CS2103T-T11-4 ELUM..HINI","Spyobird":"CS2103T-T11-4 ELLI..YONG","thewrik":"CS2103T-T11-4 WRIK..AKAR"}}
