{"authorDailyContributionsMap":{"vanessaxuuan":[{"date":"2022-03-05","commitResults":[{"hash":"03f42966e012f1d8b7f48cf9a3ad14212065ff72","messageTitle":"Add a skeletal Project Portfolio Page","messageBody":"","fileTypesAndContributionMap":{"docs":{"insertions":34,"deletions":0}}}]},{"date":"2022-03-06","commitResults":[{"hash":"82cdbb1aac60cb739244f516e2e3f6bd5d8036d6","messageTitle":"Update User Guide","messageBody":"Add get zoom link and venue documentation\nAdd command summary\n","fileTypesAndContributionMap":{"docs":{"insertions":51,"deletions":78}}},{"hash":"3ed7be6205225f08663a1e141dc80bc6f7b25dcd","messageTitle":"Update UG","messageBody":"","fileTypesAndContributionMap":{"docs":{"insertions":1,"deletions":1}}},{"hash":"d57fe6fb5b08762cbae3ee10483b56b8b976f5d6","messageTitle":"Update UserGuide.md","messageBody":"","fileTypesAndContributionMap":{"docs":{"insertions":1,"deletions":0}}},{"hash":"87c9abe06a15d390b58e322ab82f71cce555eb13","messageTitle":"Update UserGuide.md","messageBody":"","fileTypesAndContributionMap":{"docs":{"insertions":1,"deletions":1}}},{"hash":"21a54b6177c3ddfd21554ed751e4821e31c3c9de","messageTitle":"Update DG","messageBody":"Edit Target user profile\r\nEdit Glossary","fileTypesAndContributionMap":{"docs":{"insertions":7,"deletions":1}}},{"hash":"b65b5a3ed8db659525e9425c469041fb7ba91bba","messageTitle":"Update user guide documentation","messageBody":"Edit documentation for `get`","fileTypesAndContributionMap":{"docs":{"insertions":2,"deletions":2}}}]},{"date":"2022-03-18","commitResults":[{"hash":"4c9a090d02f3143375a225d8ec51408efa6479c7","messageTitle":"Add AddTutorialGroupCommand and AddTutorialGroupParser","messageBody":"Integrate addtg command into logic.\nNeed to update execute command of AddTutorialGroupCommand class\n","fileTypesAndContributionMap":{"functional-code":{"insertions":209,"deletions":0}}}]},{"date":"2022-03-19","commitResults":[{"hash":"89e5b1aec3812e7e229a04f2cd7426cf210b686c","messageTitle":"Update AddTutorialGroupCommand execute command","messageBody":"Let\u0027s allow the execute command to add tutorial groups to an existing student.\n\nWill add more constraints and tests.\n","fileTypesAndContributionMap":{"functional-code":{"insertions":43,"deletions":6}}}]},{"date":"2022-03-20","commitResults":[{"hash":"0681b624ecaae7c8bf3a01418301403b40db9c50","messageTitle":"Update functionality to prevent empty input","messageBody":"","fileTypesAndContributionMap":{"functional-code":{"insertions":26,"deletions":33}}},{"hash":"849d2b309ef78b5aafe7377830383c7de70531d7","messageTitle":"Update JavaDoc","messageBody":"Let\u0027s add JavaDocs for\n1. AddTutorialGroupCommand.java\n2. AddTutorialGroupParser.java\n3. Student.java\n","fileTypesAndContributionMap":{"functional-code":{"insertions":20,"deletions":24}}},{"hash":"13c5de577f5668191b67fde1d006badf8dd0e89e","messageTitle":"Add newline at end of file","messageBody":"","fileTypesAndContributionMap":{"functional-code":{"insertions":2,"deletions":2}}},{"hash":"1968778b0678d487de7e7d2482d178f21f354cdf","messageTitle":"Update AddTutorialGroupCommand.java","messageBody":"","fileTypesAndContributionMap":{"functional-code":{"insertions":1,"deletions":1}}},{"hash":"114f3a5259d21229ab4b9438ff4fd575477985e8","messageTitle":"Add newline at the end of file","messageBody":"","fileTypesAndContributionMap":{"functional-code":{"insertions":1,"deletions":1}}},{"hash":"a7bbe9f8d472c156501409d5de6097bd2d0da0ea","messageTitle":"Arrange imports","messageBody":"","fileTypesAndContributionMap":{"functional-code":{"insertions":10,"deletions":14}}},{"hash":"ceb6f3393a2e2aeec99c6082707d0c51bbf5cfe5","messageTitle":"Update AddTutorialGroupParser.java","messageBody":"","fileTypesAndContributionMap":{"functional-code":{"insertions":8,"deletions":7}}},{"hash":"aa494365f27fbf1804b23990fa3415ef84e9b5b1","messageTitle":"Update imports","messageBody":"","fileTypesAndContributionMap":{"functional-code":{"insertions":0,"deletions":4}}},{"hash":"e8e792a4799b174225cfefc247df617810550c1d","messageTitle":"Update Student.java","messageBody":"","fileTypesAndContributionMap":{"functional-code":{"insertions":2,"deletions":2}}},{"hash":"4ff960a9a3f3ca59f72b8453e6c025cb1e3c6fe1","messageTitle":"Update AddTutorialGroupCommand.java","messageBody":"","fileTypesAndContributionMap":{"functional-code":{"insertions":1,"deletions":1}}},{"hash":"583494f90a0c698222a6958c725deabd0c743cef","messageTitle":"Update AddTutorialGroupParser.java","messageBody":"","fileTypesAndContributionMap":{"functional-code":{"insertions":2,"deletions":2}}},{"hash":"963a8094eceb287140addc9d84f9abb406eae627","messageTitle":"Update AddTutorialGroupParser.java","messageBody":"","fileTypesAndContributionMap":{"functional-code":{"insertions":1,"deletions":1}}},{"hash":"11e67f9551c3bf810b3660db729405be7240780d","messageTitle":"Update TutorialGroup.java","messageBody":"","fileTypesAndContributionMap":{"functional-code":{"insertions":2,"deletions":2}}}]},{"date":"2022-03-21","commitResults":[{"hash":"6c74dc17e99082b94377cf91287fcced4918175f","messageTitle":"Update implementation of parser and add unit tests","messageBody":"Add AddTutorialGroupDescriptorBuilder to help with the unit tests\n\nLet\u0027s add unit tests to\n1. AddressBookParserTest.java\n2. StudentTest.java\n3. AddTutorialGroupParserTest.java (new file)\n4. AddTutorialGroupCommandTest.java (new file)\n","fileTypesAndContributionMap":{"functional-code":{"insertions":60,"deletions":34},"test-code":{"insertions":212,"deletions":0}}},{"hash":"a601875253321b50b9e6f88d9999763724ae7b1f","messageTitle":"Update AddTutorialGroupCommand.java","messageBody":"","fileTypesAndContributionMap":{"functional-code":{"insertions":5,"deletions":5}}},{"hash":"402271d888aeeb2f60a49c907e081ccb6a8eb0e8","messageTitle":"Update AddTutorialGroupParser.java","messageBody":"","fileTypesAndContributionMap":{"functional-code":{"insertions":4,"deletions":3}}},{"hash":"b9d697eeecf838cb21a74c5e193b5929d957b00f","messageTitle":"Update javadocs and checkstyle","messageBody":"","fileTypesAndContributionMap":{"test-code":{"insertions":39,"deletions":14}}},{"hash":"0085d58d0d477c05984d7aaffe1d7c0d73747e69","messageTitle":"Update checkstyle","messageBody":"","fileTypesAndContributionMap":{"test-code":{"insertions":10,"deletions":10}}},{"hash":"de2145a81b3c69a52800c32c510d0758ea4bd084","messageTitle":"Update AddTutorialGroupCommandTest.java","messageBody":"","fileTypesAndContributionMap":{"test-code":{"insertions":1,"deletions":1}}},{"hash":"164880070368cbdd6200004ca7a8f8b025e7db9d","messageTitle":"Update AddTutorialGroupDescriptorBuilder.java","messageBody":"","fileTypesAndContributionMap":{"test-code":{"insertions":1,"deletions":1}}},{"hash":"1e49a83f28f36083c678c84c5ced6e5d1c383d42","messageTitle":"Update AddTutorialGroupDescriptorBuilder.java","messageBody":"","fileTypesAndContributionMap":{"test-code":{"insertions":1,"deletions":0}}},{"hash":"abac801c5d30a5ee4c5143213e74824cd88724aa","messageTitle":"Update AddTutorialGroupDescriptorBuilder.java","messageBody":"","fileTypesAndContributionMap":{"test-code":{"insertions":0,"deletions":1}}},{"hash":"bbf1fe0162075a3382459be649bc38f0cad2242a","messageTitle":"Update StudentTest","messageBody":"","fileTypesAndContributionMap":{"functional-code":{"insertions":3,"deletions":0},"test-code":{"insertions":6,"deletions":4}}},{"hash":"dd1f63a4825d1cc551c00cf4e379c0af0d008dfa","messageTitle":"Update documentation","messageBody":"","fileTypesAndContributionMap":{"functional-code":{"insertions":1,"deletions":1},"test-code":{"insertions":10,"deletions":10}}},{"hash":"69b2d99526d358177c5018233e8224c0e596740b","messageTitle":"Update AddTutorialGroupCommandTest","messageBody":"","fileTypesAndContributionMap":{"test-code":{"insertions":3,"deletions":2}}}]}],"LowJiaHao99":[{"date":"2022-03-01","commitResults":[{"hash":"189a496e2f41faa72cb7784d064afcc5f2fb5286","messageTitle":"Add Project Portfolio Page","messageBody":"","fileTypesAndContributionMap":{"docs":{"insertions":24,"deletions":0}}},{"hash":"500dcf9fa4f9884b66e1d856cc75236643bd2255","messageTitle":"Update user stories and value proposition for developer guide","messageBody":"","fileTypesAndContributionMap":{"docs":{"insertions":19,"deletions":7}}}]},{"date":"2022-03-03","commitResults":[{"hash":"64a2596c05f2cdbe804c981cb23e46aeceadfef1","messageTitle":"Update PPP for lowjiahao99","messageBody":"","fileTypesAndContributionMap":{"docs":{"insertions":23,"deletions":20}}},{"hash":"113f3a1abe35f7d46ead318a98c95ea5fa09b18e","messageTitle":"Update user stories for developer guide","messageBody":"","fileTypesAndContributionMap":{"docs":{"insertions":16,"deletions":16}}},{"hash":"b6f36d1d91a7d26f720e353a7a2346c156041051","messageTitle":"Update AboutUs.md","messageBody":"","fileTypesAndContributionMap":{"docs":{"insertions":9,"deletions":0}}}]},{"date":"2022-03-04","commitResults":[{"hash":"d04a6bfe1ce726d9a5b560cc30dd5d1a3ceaa884","messageTitle":"Update add feature for user guide","messageBody":"","fileTypesAndContributionMap":{"docs":{"insertions":34,"deletions":9}}}]},{"date":"2022-03-05","commitResults":[{"hash":"599d48bb884c4187e216911d52a37ce845ff09ec","messageTitle":"Update add feature for user guide","messageBody":"","fileTypesAndContributionMap":{"docs":{"insertions":6,"deletions":5}}},{"hash":"823ff4e24e986141cc61b965434b566dd68fd707","messageTitle":"Change symbol for markdown in the add feature of user guide","messageBody":"","fileTypesAndContributionMap":{"docs":{"insertions":12,"deletions":12}}}]},{"date":"2022-03-06","commitResults":[{"hash":"1f07c96685165ab80d3664e06dc561890767ccde","messageTitle":"Update DG user stories","messageBody":"","fileTypesAndContributionMap":{"docs":{"insertions":1,"deletions":1}}}]},{"date":"2022-03-09","commitResults":[{"hash":"f13f3d29f37ef67f2a85ac7e94eb8bcd3e97011e","messageTitle":"Add module and class feature for model component","messageBody":"","fileTypesAndContributionMap":{"functional-code":{"insertions":421,"deletions":0},"test-code":{"insertions":417,"deletions":0}}},{"hash":"051e80bd3d57401c9a3c9482592389854c1d9102","messageTitle":"Fix checkstyle errors","messageBody":"","fileTypesAndContributionMap":{"functional-code":{"insertions":9,"deletions":4},"other":{"insertions":27,"deletions":14},"test-code":{"insertions":6,"deletions":7}}},{"hash":"811cc20848d554ee1f147de84c611ff0f2651212","messageTitle":"Fix checkstyle error for test classes","messageBody":"","fileTypesAndContributionMap":{"test-code":{"insertions":16,"deletions":17}}},{"hash":"468f333ae00451ab762cd7733ae08a44cf5f8cba","messageTitle":"Fix testcase bugs","messageBody":"","fileTypesAndContributionMap":{"test-code":{"insertions":1,"deletions":10}}},{"hash":"9cb3b2448c9fc857c71a2d06a6360775f41acbed","messageTitle":"Remove tag class","messageBody":"","fileTypesAndContributionMap":{"functional-code":{"insertions":16,"deletions":265},"test-code":{"insertions":44,"deletions":240}}}]},{"date":"2022-03-10","commitResults":[{"hash":"7abc642262514e2ad376a27337952cff96ed9983","messageTitle":"Change phone class to telegram handle class","messageBody":"","fileTypesAndContributionMap":{"functional-code":{"insertions":92,"deletions":78},"other":{"insertions":7,"deletions":7},"docs":{"insertions":2,"deletions":2},"test-code":{"insertions":94,"deletions":121}}},{"hash":"8013e5a8280bb4cdea585f401eb24ecd04c75511","messageTitle":"Change address class to github class","messageBody":"","fileTypesAndContributionMap":{"functional-code":{"insertions":133,"deletions":103},"other":{"insertions":5,"deletions":5},"docs":{"insertions":8,"deletions":6},"test-code":{"insertions":218,"deletions":220}}}]},{"date":"2022-03-12","commitResults":[{"hash":"e424b8c89a1818accdbacd95394224fbac265554","messageTitle":"Improve code quality","messageBody":"","fileTypesAndContributionMap":{"functional-code":{"insertions":87,"deletions":128},"other":{"insertions":14,"deletions":14},"docs":{"insertions":9,"deletions":9},"test-code":{"insertions":134,"deletions":134}}},{"hash":"83cdc5ac92933e79ebcd1431158a189f847a5eda","messageTitle":"Fix checkstyle errors","messageBody":"","fileTypesAndContributionMap":{"functional-code":{"insertions":7,"deletions":7}}},{"hash":"295845cd01bb8277882e89569fef38cb48d450b9","messageTitle":"Modify comments for PersonTest","messageBody":"","fileTypesAndContributionMap":{"test-code":{"insertions":1,"deletions":1}}}]},{"date":"2022-03-16","commitResults":[{"hash":"15dcb0b57054d5f43e72545972605f1423a0b7c8","messageTitle":"Revert \"Modify person\"","messageBody":"","fileTypesAndContributionMap":{"functional-code":{"insertions":444,"deletions":198},"other":{"insertions":14,"deletions":14},"docs":{"insertions":7,"deletions":9},"test-code":{"insertions":529,"deletions":304}}},{"hash":"a85544b5fc9b532bc823d7ea38c136fd3b5fd1e3","messageTitle":"Revert \"Add module and class feature for model component\"","messageBody":"","fileTypesAndContributionMap":{"functional-code":{"insertions":0,"deletions":439},"test-code":{"insertions":0,"deletions":406}}},{"hash":"1fc7723e3b723a0498b0ac58ca8b69a50f53e18e","messageTitle":"Modify person class to fit features of student","messageBody":"","fileTypesAndContributionMap":{"functional-code":{"insertions":752,"deletions":744},"other":{"insertions":64,"deletions":63},"test-code":{"insertions":626,"deletions":622}}},{"hash":"bd19a974abfebb9bfeb4d2ff4e059e79d3f8e0ad","messageTitle":"Update comments","messageBody":"","fileTypesAndContributionMap":{"functional-code":{"insertions":8,"deletions":4}}},{"hash":"4ae49d499e49279c3fecf11b44afd0400a62a8e0","messageTitle":"Fix checkstyle errors","messageBody":"","fileTypesAndContributionMap":{"functional-code":{"insertions":40,"deletions":36},"test-code":{"insertions":73,"deletions":58}}}]},{"date":"2022-03-17","commitResults":[{"hash":"e13ab0afce5cda2bffbbfe40533903a24dbcad67","messageTitle":"Add tutorial group check and fix ui bug","messageBody":"","fileTypesAndContributionMap":{"functional-code":{"insertions":5,"deletions":1},"other":{"insertions":0,"deletions":0},"test-code":{"insertions":7,"deletions":0}}},{"hash":"01c267c627ddd420d42d4a08a8506c031dd360b4","messageTitle":"Refactor person to student","messageBody":"","fileTypesAndContributionMap":{"functional-code":{"insertions":213,"deletions":211},"other":{"insertions":114,"deletions":114},"docs":{"insertions":1,"deletions":1},"test-code":{"insertions":652,"deletions":646}}},{"hash":"bd19eb27304303d91dfb77fe5bac24c2ac38c0b4","messageTitle":"Resolve issues from code review","messageBody":"","fileTypesAndContributionMap":{"functional-code":{"insertions":1,"deletions":1}}},{"hash":"32746b8514242de3c3dcb790e57594ae8f2b3c44","messageTitle":"Refactor instances of person to student","messageBody":"","fileTypesAndContributionMap":{"functional-code":{"insertions":2,"deletions":2},"test-code":{"insertions":2,"deletions":2}}}]}],"jaysmyname":[{"date":"2022-03-01","commitResults":[{"hash":"369b5235194e4de006e9c0e177bec936cbdceff8","messageTitle":"Add a skeletal PPP","messageBody":"","fileTypesAndContributionMap":{"docs":{"insertions":26,"deletions":0}}},{"hash":"7f8c2a29809bd9ac972c73a7d75be73ddfc301fd","messageTitle":"Update About Us","messageBody":"","fileTypesAndContributionMap":{"docs":{"insertions":7,"deletions":7}}}]},{"date":"2022-03-02","commitResults":[{"hash":"b96f31f89274fd62e7674fb51b9a6678290f8993","messageTitle":"Update README","messageBody":"","fileTypesAndContributionMap":{"docs":{"insertions":16,"deletions":12}}}]},{"date":"2022-03-04","commitResults":[{"hash":"e6ef6f1609b1447c3602173411739f17001ee4d8","messageTitle":"Update DG NFRs","messageBody":"","fileTypesAndContributionMap":{"docs":{"insertions":12,"deletions":3}}},{"hash":"cfcf0653839b257e99c242fc06849f8f8b8c0e77","messageTitle":"Update the UG on Get Student and Delete","messageBody":"","fileTypesAndContributionMap":{"docs":{"insertions":57,"deletions":18}}},{"hash":"a7298ba37e1d34ea4d54d8e25974322f909a33c9","messageTitle":"Tweak the UG on Get Student and Delete","messageBody":"","fileTypesAndContributionMap":{"docs":{"insertions":11,"deletions":10}}}]},{"date":"2022-03-16","commitResults":[{"hash":"afddfe54410569a965213f324132e37d6aaf520f","messageTitle":"Update DG to fit new plan","messageBody":"","fileTypesAndContributionMap":{"docs":{"insertions":81,"deletions":79}}},{"hash":"8a4a85b47ee3cd4e0b138edc365e1a66936536be","messageTitle":"Update DG to add UC02 extension","messageBody":"","fileTypesAndContributionMap":{"docs":{"insertions":6,"deletions":0}}},{"hash":"49786d3b0071c1e0f5402c40f91d3ae335bafa98","messageTitle":"Fix user stories","messageBody":"","fileTypesAndContributionMap":{"docs":{"insertions":1,"deletions":1}}},{"hash":"ae115214468678416abccf7f4df8100428bb220c","messageTitle":"Replace all instances of (tutorial) class with tutorial group","messageBody":"","fileTypesAndContributionMap":{"docs":{"insertions":29,"deletions":27}}},{"hash":"ca8d3412876e4cc9c135a3572b65091d1e6654b9","messageTitle":"Update README","messageBody":"","fileTypesAndContributionMap":{"docs":{"insertions":6,"deletions":6}}}]},{"date":"2022-03-17","commitResults":[{"hash":"8bd30b0def1237a20135ad7107f66562a09d27ee","messageTitle":"Update UG to fit new plan","messageBody":"","fileTypesAndContributionMap":{"docs":{"insertions":126,"deletions":115}}}]},{"date":"2022-03-18","commitResults":[{"hash":"886863078dc0677746b458beed6e07042c3e050a","messageTitle":"Update and tweak UG from suggestions","messageBody":"","fileTypesAndContributionMap":{"docs":{"insertions":37,"deletions":34}}}]},{"date":"2022-03-19","commitResults":[{"hash":"99af8a89f568d58efdbee38390ac566b32fcc1a1","messageTitle":"Fix message formats","messageBody":"","fileTypesAndContributionMap":{"functional-code":{"insertions":31,"deletions":15}}},{"hash":"97f349c0f7a8c48e828bc4c99314b9599800c15a","messageTitle":"Add javadoc","messageBody":"","fileTypesAndContributionMap":{"functional-code":{"insertions":6,"deletions":0}}}]}],"hqhqhq1":[{"date":"2022-03-03","commitResults":[{"hash":"24af1886185fa35a9fe76ac4af1e4ace21b577d3","messageTitle":"update-aboutus-hqhqhq1","messageBody":"","fileTypesAndContributionMap":{"docs":{"insertions":6,"deletions":6}}},{"hash":"f1ba5e0e99b71481b0552f2d1bb9f67e28869602","messageTitle":"add hqhqhq1.md","messageBody":"","fileTypesAndContributionMap":{"docs":{"insertions":26,"deletions":0}}},{"hash":"de60eae00e6336d72a1c5a1bf1a3ab4c51efad5f","messageTitle":"update hqhqhq1.md","messageBody":"","fileTypesAndContributionMap":{"docs":{"insertions":1,"deletions":1}}},{"hash":"fd87a0564a2d608f7940e7edc1e14c9649d98b03","messageTitle":"Update hqhqhq1.md","messageBody":"","fileTypesAndContributionMap":{"docs":{"insertions":1,"deletions":1}}},{"hash":"cd927eadad39ee3fa9ab5fd30afd8ca310098b56","messageTitle":"update hqhqhq1.md","messageBody":"","fileTypesAndContributionMap":{"docs":{"insertions":1,"deletions":1}}}]},{"date":"2022-03-04","commitResults":[{"hash":"b79067e79a354e6ff6f317b0ce2d1530572e04db","messageTitle":"Add DG_use_cases","messageBody":"","fileTypesAndContributionMap":{"docs":{"insertions":80,"deletions":8}}},{"hash":"8d75c32d81c6c1b979ebde1b1c94d693887e36e5","messageTitle":"Update dg use case","messageBody":"","fileTypesAndContributionMap":{"docs":{"insertions":1,"deletions":1}}}]},{"date":"2022-03-05","commitResults":[{"hash":"d476bede9d99bbed249ae5628764b2972d7c5ba2","messageTitle":"Update UG_get","messageBody":"","fileTypesAndContributionMap":{"docs":{"insertions":16,"deletions":2}}},{"hash":"f2ebddb7b28797c341cef9cae5b69fe8549b3ea4","messageTitle":"update UG_get","messageBody":"","fileTypesAndContributionMap":{"docs":{"insertions":3,"deletions":3}}}]},{"date":"2022-03-16","commitResults":[{"hash":"1faed714b0e65d6b5905b1dd0527e769e401867c","messageTitle":"Update AboutUs.md","messageBody":"","fileTypesAndContributionMap":{"docs":{"insertions":14,"deletions":42}}}]},{"date":"2022-03-18","commitResults":[{"hash":"9cbf8007f87aa0581dd63c1c2644acb7c752eed5","messageTitle":"AddCommand modify to AddStudentCommand","messageBody":"","fileTypesAndContributionMap":{"functional-code":{"insertions":3,"deletions":3},"other":{"insertions":25,"deletions":25},"test-code":{"insertions":18,"deletions":18}}},{"hash":"dbb5636a3eaad8f77a5272f0979af6f9b45e8a32","messageTitle":"checkStyle","messageBody":"","fileTypesAndContributionMap":{"other":{"insertions":3,"deletions":2}}}]},{"date":"2022-03-19","commitResults":[{"hash":"83d20343ac18e886ab276aecdc89f4fbabff7c84","messageTitle":"Set github and telegram as optional input, tutorial group as compulsory input. Modify test cases for above.","messageBody":"","fileTypesAndContributionMap":{"functional-code":{"insertions":11,"deletions":5},"test-code":{"insertions":32,"deletions":42}}},{"hash":"340178f8469ab163773a2ddacfe1eddcc2e56d7f","messageTitle":"checkstyle","messageBody":"","fileTypesAndContributionMap":{"functional-code":{"insertions":4,"deletions":4}}},{"hash":"cb76859587a925d38a8bc437a006998e5da0255e","messageTitle":"checkstyle","messageBody":"","fileTypesAndContributionMap":{"test-code":{"insertions":3,"deletions":1}}},{"hash":"aa8e2d599075dd404fe3bfa83ba01802930e5428","messageTitle":"checkstyle","messageBody":"","fileTypesAndContributionMap":{"test-code":{"insertions":7,"deletions":3}}},{"hash":"888b78fa8b56ad6c43ca0386b189bbefd1eb2287","messageTitle":"add telegram null and github null test case","messageBody":"","fileTypesAndContributionMap":{"functional-code":{"insertions":7,"deletions":4},"test-code":{"insertions":12,"deletions":0}}},{"hash":"5841d74c87fa6dfee626acbe980dd8312cb6e555","messageTitle":"checkstyle","messageBody":"","fileTypesAndContributionMap":{"functional-code":{"insertions":1,"deletions":1}}}]}]},"authorFileTypeContributionMap":{"vanessaxuuan":{"docs":43,"functional-code":264,"test-code":237},"LowJiaHao99":{"docs":31,"functional-code":923,"test-code":1184},"jaysmyname":{"docs":246,"functional-code":35,"test-code":0,"other":1},"hqhqhq1":{"docs":72,"functional-code":29,"test-code":76}},"authorContributionVariance":{"vanessaxuuan":8073.902,"LowJiaHao99":1056680.2,"jaysmyname":3664.4753,"hqhqhq1":1114.1875},"authorDisplayNameMap":{"vanessaxuuan":"CS2103T-W15-3 KHOR..ESSA","LowJiaHao99":"CS2103T-W15-3 LOW .. HAO","jaysmyname":"CS2103T-W15-3 LIM .. JAY","hqhqhq1":"CS2103T-W15-3 HUAN..QING"}}
