{"authorDailyContributionsMap":{"Ryan-L98":[{"date":"2022-02-22","commitResults":[{"hash":"31defe39b7ec594b80bd92b8d01a53e3b61bc6a0","messageTitle":"Update user guide","messageBody":"","fileTypesAndContributionMap":{"docs":{"insertions":15,"deletions":11}}},{"hash":"98d2f870456310a6f9f8f79b21bd8c65852e87c1","messageTitle":"Update user guide","messageBody":"","fileTypesAndContributionMap":{"docs":{"insertions":93,"deletions":76}}},{"hash":"21e33fd5bfa434b067f9f07eff45666e7bc32e10","messageTitle":"Add skeletal Project Portfolio Page","messageBody":"","fileTypesAndContributionMap":{"docs":{"insertions":70,"deletions":0}}},{"hash":"c35a92b25f1a5d6331e2d4c4bf0676c3d7958750","messageTitle":"Add skeletal Project Portfolio Page for Ryan Low","messageBody":"","fileTypesAndContributionMap":{"docs":{"insertions":0,"deletions":0}}},{"hash":"09376f666ce588e4199091799f92d36bf454638a","messageTitle":"Update user guide","messageBody":"","fileTypesAndContributionMap":{"docs":{"insertions":3,"deletions":3}}},{"hash":"db58a4de67804a3b171cfa765ac71b25f01942bf","messageTitle":"Apply suggestions from code review","messageBody":"Append \"!\" to \"TeachWhat\" in lines 14 and 15.\n\nCo-authored-by: nnmoq \u003c77339343+nnmoq@users.noreply.github.com\u003e","fileTypesAndContributionMap":{"docs":{"insertions":2,"deletions":2}}},{"hash":"5006c745009017569fb0d6eb660b57eaa4863b70","messageTitle":"Update user guide","messageBody":"","fileTypesAndContributionMap":{"docs":{"insertions":33,"deletions":45}}},{"hash":"4bc3d3aa87177bf276a22edc92f2af13e7f2700e","messageTitle":"Update user guide","messageBody":"","fileTypesAndContributionMap":{"docs":{"insertions":8,"deletions":7}}},{"hash":"e51917d402138c2011c018c3201c141afa804a45","messageTitle":"Update AboutUs.md","messageBody":"","fileTypesAndContributionMap":{"docs":{"insertions":15,"deletions":6}}},{"hash":"27573bbc2a74390794c910723ca3e85b05a86351","messageTitle":"Update docs/UserGuide.md","messageBody":"Co-authored-by: nnmoq \u003c77339343+nnmoq@users.noreply.github.com\u003e","fileTypesAndContributionMap":{"docs":{"insertions":1,"deletions":1}}},{"hash":"9c5b9f1af17b2247f30a120d469a225a8d2e1432","messageTitle":"Update docs/UserGuide.md","messageBody":"Co-authored-by: nnmoq \u003c77339343+nnmoq@users.noreply.github.com\u003e","fileTypesAndContributionMap":{"docs":{"insertions":1,"deletions":1}}},{"hash":"f7ad0a0b0cac5ac318ad1194adb0487f36d6683c","messageTitle":"Update docs/UserGuide.md","messageBody":"Co-authored-by: nnmoq \u003c77339343+nnmoq@users.noreply.github.com\u003e","fileTypesAndContributionMap":{"docs":{"insertions":1,"deletions":1}}},{"hash":"aa7f4e8d9f2bf0cc63db420dd0df57b3600042aa","messageTitle":"Update docs/UserGuide.md","messageBody":"Co-authored-by: nnmoq \u003c77339343+nnmoq@users.noreply.github.com\u003e","fileTypesAndContributionMap":{"docs":{"insertions":1,"deletions":1}}},{"hash":"c82a8dd8c7d629477bb4c5fb24d0e72b8f075ad9","messageTitle":"Update docs/UserGuide.md","messageBody":"Co-authored-by: James Yeap \u003c34131671+jamesyeap@users.noreply.github.com\u003e","fileTypesAndContributionMap":{"docs":{"insertions":1,"deletions":1}}},{"hash":"634060168f2df5faa7a259ffced57c081bccf17c","messageTitle":"Update docs/UserGuide.md","messageBody":"Co-authored-by: James Yeap \u003c34131671+jamesyeap@users.noreply.github.com\u003e","fileTypesAndContributionMap":{"docs":{"insertions":1,"deletions":1}}},{"hash":"6d47beff5f9643adc9af7f4562db80277eff6cdc","messageTitle":"Update docs/UserGuide.md","messageBody":"Co-authored-by: James Yeap \u003c34131671+jamesyeap@users.noreply.github.com\u003e","fileTypesAndContributionMap":{"docs":{"insertions":1,"deletions":1}}},{"hash":"7cf997d930c984b86351ae9f8ba1a5d00e755833","messageTitle":"Update docs/UserGuide.md","messageBody":"Co-authored-by: James Yeap \u003c34131671+jamesyeap@users.noreply.github.com\u003e","fileTypesAndContributionMap":{"docs":{"insertions":2,"deletions":1}}},{"hash":"d58ee6ecd2d0cece9d5fc5094d9da6ad199d4109","messageTitle":"Update docs/UserGuide.md","messageBody":"Co-authored-by: James Yeap \u003c34131671+jamesyeap@users.noreply.github.com\u003e","fileTypesAndContributionMap":{"docs":{"insertions":2,"deletions":1}}}]},{"date":"2022-02-24","commitResults":[{"hash":"fd13c223e263221198c2173622b45272c26fac41","messageTitle":"Rename PPP to lowercase","messageBody":"","fileTypesAndContributionMap":{"docs":{"insertions":2,"deletions":2}}}]},{"date":"2022-02-26","commitResults":[{"hash":"d68fbc4ef7c7d772c29d32cfed3bc7f7e49758d2","messageTitle":"Update AboutUs.md","messageBody":"","fileTypesAndContributionMap":{"docs":{"insertions":1,"deletions":1}}}]},{"date":"2022-03-08","commitResults":[{"hash":"6c76eb83438ea735c4a6006a02c7a37cff512a91","messageTitle":"Update AboutUs.md","messageBody":"","fileTypesAndContributionMap":{"docs":{"insertions":60,"deletions":72}}},{"hash":"4d69012e5513be2b1cd82e0fe91590906fb2e905","messageTitle":"Update AboutUs.md","messageBody":"","fileTypesAndContributionMap":{"docs":{"insertions":1,"deletions":1}}},{"hash":"b8840292a0d7b72c4552f7a94c437a2fe15544b5","messageTitle":"Update AboutUs.md","messageBody":"","fileTypesAndContributionMap":{"docs":{"insertions":1,"deletions":1}}},{"hash":"80536499a30ea42767fee51176a991b21d324b9d","messageTitle":"Update AboutUs.md","messageBody":"","fileTypesAndContributionMap":{"docs":{"insertions":1,"deletions":1}}}]},{"date":"2022-03-09","commitResults":[{"hash":"6ff87b3568ae2a281f45b9c245322a6746ddb715","messageTitle":"Implement `liststudents` and `listlessons` commands","messageBody":"Let\u0027s\n* Split the list view of students and lesson into tabs\n* add the commands to update the list and toggle to the\nrespective tab\n","fileTypesAndContributionMap":{"functional-code":{"insertions":205,"deletions":57},"other":{"insertions":5,"deletions":4},"test-code":{"insertions":8,"deletions":8}}},{"hash":"41d29e362907c5b9c148bc58bc0d31998e104ec2","messageTitle":"Update UserGuide.md","messageBody":"Change command word for listing students and lessons to `liststudents`\nand `listlessons` respectively.\n","fileTypesAndContributionMap":{"docs":{"insertions":10,"deletions":10}}}]},{"date":"2022-03-10","commitResults":[{"hash":"7b2e12ee56dc89ae76b9a3badb9a2a0f11e62719","messageTitle":"Update UserGuide.md","messageBody":"Change command word for listing students and lessons to `liststudents`\nand `listlessons` respectively.\n","fileTypesAndContributionMap":{"functional-code":{"insertions":5,"deletions":5}}},{"hash":"013d428044f4a09e61f70fdc2bab27ea1d7bb0dc","messageTitle":"Implement assign students to lessons","messageBody":"","fileTypesAndContributionMap":{"functional-code":{"insertions":130,"deletions":17}}},{"hash":"663122cb36fea39884d6af50ecbf2e093f5103e3","messageTitle":"Implement assign students to lessons","messageBody":"","fileTypesAndContributionMap":{"functional-code":{"insertions":126,"deletions":38},"test-code":{"insertions":7,"deletions":7}}},{"hash":"8ab14a83c656b3310b7c7b7e9a701c620d954e2a","messageTitle":"Implement assign students to lessons","messageBody":"","fileTypesAndContributionMap":{"functional-code":{"insertions":0,"deletions":1}}}]},{"date":"2022-03-11","commitResults":[{"hash":"0ac8bb1c3c4ee5a04c0ef7a0e6fdd9080138f909","messageTitle":"Implement assign students to lessons","messageBody":"","fileTypesAndContributionMap":{"functional-code":{"insertions":3,"deletions":2}}},{"hash":"e1d31f60b5d2901c21f7fe8e88348292114d58e8","messageTitle":"Implement assign students to lessons","messageBody":"","fileTypesAndContributionMap":{"functional-code":{"insertions":16,"deletions":8}}},{"hash":"3f7df15bf7b5aa44ead6b6bb9b8e13715d028f9b","messageTitle":"Implement list students and lessons","messageBody":"","fileTypesAndContributionMap":{"functional-code":{"insertions":66,"deletions":73}}},{"hash":"b6917d0c5a55c4d85bf7215622062b3bb77cc914","messageTitle":"Implement assign students to lessons","messageBody":"","fileTypesAndContributionMap":{"functional-code":{"insertions":53,"deletions":49}}},{"hash":"03321e1d713ad7d31df234d045a98641feb57f68","messageTitle":"Implement list students to lessons","messageBody":"","fileTypesAndContributionMap":{"functional-code":{"insertions":17,"deletions":40},"test-code":{"insertions":1,"deletions":1}}}]},{"date":"2022-03-13","commitResults":[{"hash":"eacd3602bbeb86ffa23ff982926465dc290d01d8","messageTitle":"Fix merge conflicts","messageBody":"","fileTypesAndContributionMap":{"functional-code":{"insertions":11,"deletions":9},"test-code":{"insertions":10,"deletions":8}}},{"hash":"176781987d6c1c59fca447e50068bec967b1a1ea","messageTitle":"Fix merge conflicts","messageBody":"","fileTypesAndContributionMap":{"functional-code":{"insertions":52,"deletions":8},"test-code":{"insertions":35,"deletions":10}}},{"hash":"075def1acf114654cfa1769dbd11eedaba5b7ef1","messageTitle":"Fix checkstyle","messageBody":"","fileTypesAndContributionMap":{"functional-code":{"insertions":9,"deletions":4},"test-code":{"insertions":9,"deletions":2}}}]},{"date":"2022-03-14","commitResults":[{"hash":"6ea918b86c58a10a75950e248d4629948c659f56","messageTitle":"Implement assign students to lessons","messageBody":"","fileTypesAndContributionMap":{"functional-code":{"insertions":71,"deletions":26}}},{"hash":"cda89597172b5a0272f871e2f62508bd378d8499","messageTitle":"Implement assign students to lessons","messageBody":"","fileTypesAndContributionMap":{"functional-code":{"insertions":10,"deletions":7},"test-code":{"insertions":6,"deletions":5}}},{"hash":"c1b7ee4012ea481910d0f63cfb310eb51806bc2e","messageTitle":"Update User guide","messageBody":"","fileTypesAndContributionMap":{"docs":{"insertions":13,"deletions":13}}}]}],"Kidsnd274":[{"date":"2022-02-22","commitResults":[{"hash":"338b1bc372ac2edbb4464ca74b05f2cd9d86c2d4","messageTitle":"Update AboutUs page and main README","messageBody":"Main README page did not have a screenshot of our UI mock up and AboutUs page contained old information from the previous AB3 project.\n\nAdd a screenshot of our UI mockup and some small changes to the README.\nAlso add information on Kidsnd274 in the AboutUs page.\n","fileTypesAndContributionMap":{"docs":{"insertions":6,"deletions":0}}},{"hash":"2021c71148d2cafce73b6c5359af90465a1a5336","messageTitle":"Previous commit was accidental","messageBody":"Previous commit didn\u0027t stage all the files.\nCheck previous commit for comments.\n","fileTypesAndContributionMap":{"docs":{"insertions":27,"deletions":3}}},{"hash":"ba01540d5020fa7f47396c09e05091dea733d4c7","messageTitle":"Add further changes to Kidsnd274\u0027s PPP","messageBody":"","fileTypesAndContributionMap":{"docs":{"insertions":13,"deletions":1}}},{"hash":"4f484506efce4ae2eafbe803e6d7283f6e56024e","messageTitle":"Fix checkstyle issues","messageBody":"","fileTypesAndContributionMap":{"docs":{"insertions":4,"deletions":4}}},{"hash":"3643c9ee65843ad3a8fcf0401f690ed23003839e","messageTitle":"More checkstyle fixes","messageBody":"","fileTypesAndContributionMap":{"docs":{"insertions":1,"deletions":1}}}]},{"date":"2022-02-24","commitResults":[{"hash":"40e7268fb15bbd1c074d47df1d51adbe6fed6d12","messageTitle":"Update Developer Guide with additional details","messageBody":"Add Target User Profile, Value Proposition and User Stories\n","fileTypesAndContributionMap":{"docs":{"insertions":15,"deletions":11}}},{"hash":"2c76e696bc9e3e7a17c7814c6977b7fa121973d8","messageTitle":"Update glossary with new term","messageBody":"","fileTypesAndContributionMap":{"docs":{"insertions":8,"deletions":8}}}]},{"date":"2022-03-04","commitResults":[{"hash":"d0c6af39e84ff25578670489924365422a9d3ab8","messageTitle":"Switch to a horizontal pane layout Current version of the program has a vertical layout with two lists.","messageBody":"In the design mockup, the final version will have a horizontal layout for the list and Person/Lesson details.\n\nThis changes it from a vertical layout to a horizontal one with a SplitPane for adjustable width between the list and details pane.\n\nIssues:\n- Setting a max or min width for one of the elements in the SplitPane is causing issues with the default divider position.\n- Second list with lessons is temporary\n","fileTypesAndContributionMap":{"functional-code":{"insertions":26,"deletions":24}}}]},{"date":"2022-03-06","commitResults":[{"hash":"3be3991eba0ff48502fa3afefd2d2eed1f2a9d7c","messageTitle":"Add PersonInfoPanel to the right side of the SplitPane Current version shows both person and lesson list but doesn\u0027t show more information of either Person or Lesson","messageBody":"Add PersonInfoPanel to show more information on Person and follow the mockup more closely.\n\nIssues:\n- Setting a max or min width for one of the elements in the SplitPane is causing issues with the default divider position.\n-- Still not fixed, need to try to add either divider position limits or min width of list elements\n- PersonInfoPanel can\u0027t show assigned classes list yet\n\nTodo:\n- Implement clicking on the list to show Person/Lesson details\n- LessonInfoPanel not added yet\n","fileTypesAndContributionMap":{"functional-code":{"insertions":84,"deletions":2}}},{"hash":"6faafa5f6b1ea6f373e2fbb01f3d3fce7e05a05b","messageTitle":"Add Assigned Lesson List to PersonInfoPanel and refactor some methods In PersonInfoPanel, assigned lessons are not shown.","messageBody":"Assigned Lessons can now be listed in the PersonInfoPanel, although assignedLessons are not stored in Person yet.\n\nRefactor some methods and add two new abstract classes to allow the ListPanel to show both Person and Lessons.\nCreate new methods to easily populate the ListPanel with either Person/Lessons. Same for the InfoPanel although LessonInfoPanel is not implemented yet.\n\nIssues:\n- Person does not store assigned classes so temporary placeholders are used instead\n","fileTypesAndContributionMap":{"functional-code":{"insertions":117,"deletions":31}}},{"hash":"5a55b1ea07ca95765b2b5d73d43b10a76ed47557","messageTitle":"Fix alignment and padding issues with InfoPanel","messageBody":"","fileTypesAndContributionMap":{"functional-code":{"insertions":27,"deletions":22}}},{"hash":"8ba3ed814a6baec66fcdfa9143ee18b15606b685","messageTitle":"Implement LessonInfoPanel and clean up code into packages Add methods specific to update LessonInfoPanel in MainWindow","messageBody":"Move classes related to InfoPanel to an infopanel package\n","fileTypesAndContributionMap":{"functional-code":{"insertions":134,"deletions":6},"other":{"insertions":16,"deletions":5}}},{"hash":"61fe8756be2ceebce34007ddc36abe03ae99174f","messageTitle":"Fix some check style issues","messageBody":"","fileTypesAndContributionMap":{"functional-code":{"insertions":13,"deletions":13}}}]},{"date":"2022-03-07","commitResults":[{"hash":"62d7b71e68758eace0be2d44c29a7d1c5f9dd140","messageTitle":"Add new boolean to CommandResult indicating an InfoPanel update New InfoPanelTypes enumerator indicating the types of possible InfoPanels New NoInfoPanelTypeException for An error that occurs when getInfoPanelType is called when updateInfoPanel is false in CommandResult.","messageBody":"","fileTypesAndContributionMap":{"functional-code":{"insertions":75,"deletions":0}}},{"hash":"c273c2d1deee69e9b6d159375a6d1637c91b0e58","messageTitle":"Add new methods to handle selected Person/Lesson The previous version does not store a selected Person/Lesson in the Model. This is a problem as the new UI now has a section to show information of a single Person/Lesson.","messageBody":"In Model, a selected person and selected lesson has been added to allow storing the selected Person/Lesson.\n\nNew checks in MainWindow to check if the returned CommandResult will update the InfoPanel. If it does, update the InfoPanel with the selected Person/Lesson as mentioned above.\n\nTodo:\n- Add test cases for the updating the UI and Person/Lesson and the upcoming new Commands\n","fileTypesAndContributionMap":{"functional-code":{"insertions":84,"deletions":0}}},{"hash":"ce974fac841329a13c44f4f7845b95c077ee6e33","messageTitle":"Add commands for viewing Class and Student","messageBody":"Issues:\n- Not handling situation when calling eg. class 1 while students are displayed. Should pop up an error or deal with it somehow.\n","fileTypesAndContributionMap":{"functional-code":{"insertions":178,"deletions":6}}},{"hash":"cc09cd78709a6046946b115fdbe7de580a6f7ecd","messageTitle":"Fix wrong index message (hotfix)","messageBody":"Issue: Since Person or Lesson does not contain any list references to assigned classes or enrolled students, when viewing Person or Lesson info, the bottom list disappears.\n","fileTypesAndContributionMap":{"functional-code":{"insertions":4,"deletions":2}}},{"hash":"81212f0b8c20e1514f51d41651abd538e789e742","messageTitle":"Fix issue where InfoPanel overlays new Panels In previous verions, when a new InfoPanel is shown, it overlays the previous version.","messageBody":"Issue is fixed by clearing the entire InfoPanel before adding a new one.\n","fileTypesAndContributionMap":{"functional-code":{"insertions":1,"deletions":0}}}]},{"date":"2022-03-09","commitResults":[{"hash":"2a5e670db671b39d8a8e45d7bad944c5f0e32fbe","messageTitle":"Change all references to class to Lesson This includes the command \"class\". It has been switched to \"lesson\". Eg. \"lesson 1\"","messageBody":"","fileTypesAndContributionMap":{"functional-code":{"insertions":10,"deletions":9},"other":{"insertions":12,"deletions":12}}},{"hash":"db48527a316121cee073f8ba4c8331f53f2e47d3","messageTitle":"Add test cases for ViewCommands and ViewParsers ViewLessonInfoCommandTest not working yet as TypicalPersons.java does not include lessons yet","messageBody":"","fileTypesAndContributionMap":{"functional-code":{"insertions":4,"deletions":4},"other":{"insertions":10,"deletions":10},"test-code":{"insertions":158,"deletions":0}}},{"hash":"a7037a9aae42abc185c1df75517245bdf91a01cb","messageTitle":"Fix Checkstyle Issues","messageBody":"","fileTypesAndContributionMap":{"functional-code":{"insertions":2,"deletions":2},"test-code":{"insertions":1,"deletions":1}}}]},{"date":"2022-03-14","commitResults":[{"hash":"fd522d5a128619ed7f0ec6e808fdecf92968f93d","messageTitle":"Add functionality to swap tab when viewing info In the previous version, viewing a student or lesson info will not swap tabs.","messageBody":"Added functionality to swap tabs to the respective student/lesson info.\n","fileTypesAndContributionMap":{"functional-code":{"insertions":6,"deletions":4}}},{"hash":"b96d2fb17882391c3027ff7dd4ae890b2c40b670","messageTitle":"Implement Resizable UI","messageBody":"Allow panels to resize according to the UI Size\nRestrict Divider Position to 50%\n","fileTypesAndContributionMap":{"functional-code":{"insertions":46,"deletions":47}}},{"hash":"df0df17698e758d4f6dadeb54bd463b43784eac5","messageTitle":"Fix assign list not resizing according to window","messageBody":"","fileTypesAndContributionMap":{"functional-code":{"insertions":1,"deletions":1}}},{"hash":"011fedcc64749f47f38b45342dd83e585ad33cba","messageTitle":"Small changes to finalize some functions Made temporary public method private","messageBody":"","fileTypesAndContributionMap":{"functional-code":{"insertions":9,"deletions":11}}},{"hash":"c74330f4c523c898ecfa65dc34fb8f7ad3c39255","messageTitle":"Get rid of whitespace","messageBody":"","fileTypesAndContributionMap":{"functional-code":{"insertions":0,"deletions":1}}}]}],"jamesyeap":[{"date":"2022-02-18","commitResults":[{"hash":"13bce0bd4dd41b642f6a41b27a72741389681ca7","messageTitle":"Update README.md","messageBody":"","fileTypesAndContributionMap":{"docs":{"insertions":1,"deletions":0}}}]},{"date":"2022-02-22","commitResults":[{"hash":"c0642c0a5706dd8e6866137f5116c7b1e02353b6","messageTitle":"Add skeletal PPP for James Yeap","messageBody":"","fileTypesAndContributionMap":{"docs":{"insertions":31,"deletions":1}}},{"hash":"06041f9329decc730d0617703775260d42a92640","messageTitle":"Delete johndoe.md and edit AboutUs page","messageBody":"","fileTypesAndContributionMap":{"docs":{"insertions":4,"deletions":88}}},{"hash":"b7c9a03dc86fe63f22e385fb9f26375d3d87b8c1","messageTitle":"Add project introduction section to James Yeap\u0027s PPP","messageBody":"","fileTypesAndContributionMap":{"docs":{"insertions":6,"deletions":0}}},{"hash":"7e0ddd2b44269a8dabdd42f6d454b3d8678dc506","messageTitle":"Fix syntax errors with PPP markdown files","messageBody":"","fileTypesAndContributionMap":{"docs":{"insertions":8,"deletions":2}}},{"hash":"ed0bae880ce04a713e931a96c28efc5ef2ef5408","messageTitle":"Dummy commit to test Github Actions on local fork","messageBody":"","fileTypesAndContributionMap":{"docs":{"insertions":2,"deletions":1}}},{"hash":"bd06007122fe49bf38b440aa2151b78e605409d8","messageTitle":"Remove placeholder details from DeveloperGuide.md","messageBody":"","fileTypesAndContributionMap":{"docs":{"insertions":24,"deletions":1088}}},{"hash":"03d0773751ae7d39e434640872449e52dcb9456a","messageTitle":"Add Use-Cases to Developer Guide","messageBody":"","fileTypesAndContributionMap":{"docs":{"insertions":225,"deletions":1}}},{"hash":"f2d651557084c1058c40a975a6b781c88c65413f","messageTitle":"Fix numbering for Use-Cases in Developer Guide","messageBody":"","fileTypesAndContributionMap":{"docs":{"insertions":4,"deletions":4}}},{"hash":"71ac12cc6768601ceeebe51aea1050ae32bb6b7d","messageTitle":"Update placeholder details in index page with actual information.","messageBody":"","fileTypesAndContributionMap":{"docs":{"insertions":4,"deletions":3}}},{"hash":"3cfa39c1ef100912d03c928ca4afe28b8233d9d7","messageTitle":"Fix typo in Index page","messageBody":"","fileTypesAndContributionMap":{"docs":{"insertions":1,"deletions":1}}},{"hash":"834ffa9456873844af1c98870311d69831adc49c","messageTitle":"Update Use-Cases in Developer Guide","messageBody":"","fileTypesAndContributionMap":{"docs":{"insertions":70,"deletions":92}}},{"hash":"c485c4eefcd77c7942f78e793d9c2e6f86d94dff","messageTitle":"Fix formatting issues in Use-Cases section of Developer Guide (DG)","messageBody":"","fileTypesAndContributionMap":{"docs":{"insertions":2,"deletions":2}}}]},{"date":"2022-02-23","commitResults":[{"hash":"13676c658e0a4b058ec80c7fc508fba6d6e22f5b","messageTitle":"Add photo for James Yeap in AboutUs page","messageBody":"","fileTypesAndContributionMap":{"docs":{"insertions":2,"deletions":2}}}]},{"date":"2022-02-27","commitResults":[{"hash":"267f33b3fca5e3c6c236dd22ef7e1dfeb1317f5d","messageTitle":"Add models for Lesson and related fields","messageBody":"","fileTypesAndContributionMap":{"functional-code":{"insertions":277,"deletions":0}}},{"hash":"2bc0d343bd96007b2ecb5ee665e9936905a614d5","messageTitle":"Add UI classes for a lesson and a list of lessons","messageBody":"","fileTypesAndContributionMap":{"functional-code":{"insertions":118,"deletions":0}}},{"hash":"95ae7a7ef30b19d3b4b6d4d15f09db2cab0809fb","messageTitle":"Add lesson list to main window with some sample lessons","messageBody":"","fileTypesAndContributionMap":{"functional-code":{"insertions":510,"deletions":20},"test-code":{"insertions":13,"deletions":1}}},{"hash":"09c3ea3706a8a5b88e84d74b3459891f15c8b215","messageTitle":"Fix checkstyle errors","messageBody":"","fileTypesAndContributionMap":{"functional-code":{"insertions":3,"deletions":1}}},{"hash":"b2d8a7c1dfa98ccde9b64acbf75f083da9762554","messageTitle":"Change app name to TeachWhat! and replace logo","messageBody":"","fileTypesAndContributionMap":{"functional-code":{"insertions":3,"deletions":4},"test-code":{"insertions":1,"deletions":1}}}]},{"date":"2022-03-01","commitResults":[{"hash":"8131255c302b7ec351e972e4166edc2e37881c5f","messageTitle":"Change Lesson to abstract class and add concrete subclass TemporaryLesson","messageBody":"","fileTypesAndContributionMap":{"functional-code":{"insertions":112,"deletions":69}}},{"hash":"80a53d1aa303a1525b1ba8866174bc957c457c6f","messageTitle":"Add factory function for creating a Temporary Lesson","messageBody":"","fileTypesAndContributionMap":{"functional-code":{"insertions":28,"deletions":11}}},{"hash":"946cb89411f3e94af6fac9f2ee58e89983dba0d1","messageTitle":"Remove unused imports","messageBody":"","fileTypesAndContributionMap":{"functional-code":{"insertions":0,"deletions":3}}},{"hash":"8534a954d3e5dcddd9b9f39c61d0d4998887d2fb","messageTitle":"Replace code that checks for lessons with conflicting timeslots","messageBody":"","fileTypesAndContributionMap":{"functional-code":{"insertions":11,"deletions":19}}},{"hash":"6fe87e311473468c9adcc1454037551d2a150038","messageTitle":"Add exception for conflicting lessons","messageBody":"","fileTypesAndContributionMap":{"functional-code":{"insertions":71,"deletions":21}}},{"hash":"3048a9b08779dc159b31119499cad5416aafd566","messageTitle":"Remove unused imports","messageBody":"","fileTypesAndContributionMap":{"functional-code":{"insertions":0,"deletions":1}}},{"hash":"50969b79e1af90c82cafa6c0bbff96711c4ebcf8","messageTitle":"Fix checkstyle errors","messageBody":"","fileTypesAndContributionMap":{"functional-code":{"insertions":12,"deletions":9}}},{"hash":"219ac68f6391e7c179ef0dc39942de131be61a3b","messageTitle":"Fix the string representation of the TimeSlot class","messageBody":"","fileTypesAndContributionMap":{"functional-code":{"insertions":22,"deletions":18}}},{"hash":"74684e64949fda6b93cd41727b69496970ae2345","messageTitle":"Fix logic to check for conflicting lessons","messageBody":"","fileTypesAndContributionMap":{"functional-code":{"insertions":2,"deletions":1}}},{"hash":"dffb625584fa8b24401a46946e3397c73cf88476","messageTitle":"Add exception for lesson not found","messageBody":"","fileTypesAndContributionMap":{"functional-code":{"insertions":20,"deletions":11}}},{"hash":"69cdac0c4e5bb9a61ed2969aea8edb127e4a2104","messageTitle":"Fix JavaDocs for Lesson class","messageBody":"","fileTypesAndContributionMap":{"functional-code":{"insertions":1,"deletions":1}}},{"hash":"75682c038d4b6076555a5d9c79d3259c5ca505bd","messageTitle":"Refactor function names for clarity","messageBody":"","fileTypesAndContributionMap":{"functional-code":{"insertions":6,"deletions":6}}}]},{"date":"2022-03-02","commitResults":[{"hash":"5c6e6c5aa2711953d159461f3fc9a23937d5c937","messageTitle":"Remove unnecessary method","messageBody":"","fileTypesAndContributionMap":{"functional-code":{"insertions":0,"deletions":21}}},{"hash":"7ec108b4c4690a0fe440e0464702c56f2e8f7966","messageTitle":"Fix JavaDocs","messageBody":"","fileTypesAndContributionMap":{"functional-code":{"insertions":2,"deletions":2}}},{"hash":"f9b6cb622b4055a23831a31362a7077f68b21c95","messageTitle":"Rename method for clarity","messageBody":"","fileTypesAndContributionMap":{"functional-code":{"insertions":2,"deletions":2}}},{"hash":"23cd056efe4fc00a89d06151e3929ffac995f20f","messageTitle":"Rename parser class","messageBody":"","fileTypesAndContributionMap":{"functional-code":{"insertions":4,"deletions":4},"other":{"insertions":1,"deletions":1},"test-code":{"insertions":1,"deletions":1}}},{"hash":"cebbf8a1614859a024ddbc197ac6763d8d52a6cc","messageTitle":"Add command to add a new lesson","messageBody":"","fileTypesAndContributionMap":{"functional-code":{"insertions":116,"deletions":2}}},{"hash":"2f81fc41c57cf0bd17593acfab7fdabee42962dc","messageTitle":"Add parser for add lesson command","messageBody":"","fileTypesAndContributionMap":{"functional-code":{"insertions":187,"deletions":21},"other":{"insertions":12,"deletions":17},"test-code":{"insertions":15,"deletions":0}}}]},{"date":"2022-03-06","commitResults":[{"hash":"a1c53761a4ca84acca1bc2ec0bd56186f646cdd3","messageTitle":"Add testcases for DateTimeSlot","messageBody":"","fileTypesAndContributionMap":{"functional-code":{"insertions":30,"deletions":29},"other":{"insertions":36,"deletions":32},"test-code":{"insertions":55,"deletions":0}}},{"hash":"18124461fc0e780cf65ff62a60936738cc49e1c8","messageTitle":"Add more testcases for DateTimeSlot","messageBody":"","fileTypesAndContributionMap":{"functional-code":{"insertions":4,"deletions":3},"test-code":{"insertions":23,"deletions":1}}},{"hash":"9fe4fe942225c8248970b2389f066f1b70024f64","messageTitle":"Add testcases for Lesson","messageBody":"","fileTypesAndContributionMap":{"other":{"insertions":1,"deletions":1},"test-code":{"insertions":73,"deletions":0}}},{"hash":"a39e84f2179c7db8bf6ed034481423032a91b647","messageTitle":"Add testcases for UniqueLessonList","messageBody":"","fileTypesAndContributionMap":{"test-code":{"insertions":45,"deletions":0}}},{"hash":"a306e857fba2cd9ac6d41cfe64a6bbc174854fa1","messageTitle":"Add semi-working AddLessonCommand","messageBody":"","fileTypesAndContributionMap":{"functional-code":{"insertions":25,"deletions":38}}},{"hash":"5ea042ebf120145cc7fcc6e78c2e1ee88c91a045","messageTitle":"Change date type from Date to LocalDateTime","messageBody":"","fileTypesAndContributionMap":{"functional-code":{"insertions":10,"deletions":5}}},{"hash":"9b96bb3eb0917293c2daeb42760b35a91044c89d","messageTitle":"Add command to add a temporary lesson","messageBody":"","fileTypesAndContributionMap":{"functional-code":{"insertions":99,"deletions":21}}},{"hash":"c8cb583e2b10cbefa5fac04b9109b09918dccb2a","messageTitle":"Fix checkstyle errors","messageBody":"","fileTypesAndContributionMap":{"functional-code":{"insertions":46,"deletions":28},"test-code":{"insertions":44,"deletions":43}}},{"hash":"1eea2aa748eb8f6e6c16159df5e86f58b3c83b5d","messageTitle":"Fix repository-wide check errors","messageBody":"","fileTypesAndContributionMap":{"other":{"insertions":1,"deletions":1}}}]},{"date":"2022-03-07","commitResults":[{"hash":"e9b0efdccdbb3a3d6cdde3efb05178dd447d82f8","messageTitle":"Update test cases for Lesson to take in address parameter","messageBody":"","fileTypesAndContributionMap":{"functional-code":{"insertions":102,"deletions":16},"test-code":{"insertions":30,"deletions":15}}},{"hash":"c5c8560ca1e1d6d08788ea78460ce45804acf0d4","messageTitle":"Update equals method for lessons","messageBody":"","fileTypesAndContributionMap":{"functional-code":{"insertions":7,"deletions":2}}},{"hash":"485882e8c65099d319a434762062f38986f70e63","messageTitle":"Fix checkstyle error","messageBody":"","fileTypesAndContributionMap":{"functional-code":{"insertions":0,"deletions":2}}},{"hash":"acdee861a71c61f53acbfe537185576253512b3a","messageTitle":"Revert \"Fix checkstyle error\"","messageBody":"This reverts commit 485882e8c65099d319a434762062f38986f70e63.\n","fileTypesAndContributionMap":{"functional-code":{"insertions":2,"deletions":0}}},{"hash":"2bef1ed10d4edad25eb87919b687e1eff950d73e","messageTitle":"Fix checkstyle error","messageBody":"","fileTypesAndContributionMap":{"functional-code":{"insertions":0,"deletions":2}}},{"hash":"b93711fed095305652029df71d0519e341fd08eb","messageTitle":"Update Use-Cases section of the Developer Guide","messageBody":"","fileTypesAndContributionMap":{"docs":{"insertions":59,"deletions":119}}},{"hash":"da4418c9e5bc1f795e7b31ddada2b46307f5c208","messageTitle":"Add overridden methods in AddCommandTest","messageBody":"","fileTypesAndContributionMap":{"test-code":{"insertions":20,"deletions":0}}}]},{"date":"2022-03-08","commitResults":[{"hash":"e2c00e9f9522c80ca8242d309d516088e1c710a7","messageTitle":"Change command keyword for adding lesson to \"addlesson\"","messageBody":"","fileTypesAndContributionMap":{"functional-code":{"insertions":1,"deletions":1}}},{"hash":"ca9ba8f668ad4c382d4740d5961ccced0daa3e72","messageTitle":"Fix argument to specify recurring lesson","messageBody":"","fileTypesAndContributionMap":{"functional-code":{"insertions":5,"deletions":1}}},{"hash":"4a4a48c40f6bc5fc199466d8adac449e31c7193f","messageTitle":"Add a list of assigned students to the Lesson model","messageBody":"","fileTypesAndContributionMap":{"functional-code":{"insertions":23,"deletions":1}}},{"hash":"cb10bd189abcaa9300b6108950db8f9c450391ca","messageTitle":"Fix checkstyle errors","messageBody":"","fileTypesAndContributionMap":{"functional-code":{"insertions":7,"deletions":5}}},{"hash":"891630916dc2a4c7265b1f21014994e63570b14a","messageTitle":"Add logic to reject integers greater than 60 in the minutes field in add lesson command","messageBody":"","fileTypesAndContributionMap":{"functional-code":{"insertions":5,"deletions":2},"test-code":{"insertions":7,"deletions":0}}},{"hash":"c6a4e16c812b564137a16ff19dddbcb5780430e5","messageTitle":"Fix warning message displayed in the user interface","messageBody":"","fileTypesAndContributionMap":{"functional-code":{"insertions":9,"deletions":3}}}]},{"date":"2022-03-09","commitResults":[{"hash":"90c2af6060a0572b3d065db9a2597fc7bb4e7d61","messageTitle":"Move checking of arguments from model to parser","messageBody":"","fileTypesAndContributionMap":{"functional-code":{"insertions":51,"deletions":17},"test-code":{"insertions":157,"deletions":43}}},{"hash":"1842828357ceb6d4cdb4be2001fe5c20dc564b5b","messageTitle":"Fix typo in error message","messageBody":"","fileTypesAndContributionMap":{"functional-code":{"insertions":1,"deletions":1}}},{"hash":"5e7a7f9721b82e781c9e5a79d42ea505d6ea0408","messageTitle":"Add check to prevent creating lessons for past dates","messageBody":"","fileTypesAndContributionMap":{"functional-code":{"insertions":10,"deletions":3},"test-code":{"insertions":15,"deletions":0}}},{"hash":"48d16ea8c727d7ed00fdf552af257f6c72cbd75e","messageTitle":"Fix typos in error messages","messageBody":"","fileTypesAndContributionMap":{"functional-code":{"insertions":12,"deletions":8}}}]},{"date":"2022-03-10","commitResults":[{"hash":"f9a1e313b5c7ff150fc590e5df98ef6c2ff00664","messageTitle":"Remove inner shadows from the Student ListPanel","messageBody":"","fileTypesAndContributionMap":{"functional-code":{"insertions":0,"deletions":4}}},{"hash":"1e1f2fc479219d5d1f39d69f26f668992ae22c68","messageTitle":"Fix checkstyle errors","messageBody":"","fileTypesAndContributionMap":{"test-code":{"insertions":1,"deletions":6}}}]},{"date":"2022-03-11","commitResults":[{"hash":"52becbd22678578af866f1115259aea810fe7929","messageTitle":"Fix error in feedback message","messageBody":"","fileTypesAndContributionMap":{"functional-code":{"insertions":1,"deletions":2}}},{"hash":"5faddfa92560cd7e78e282600e5130f8cdde508a","messageTitle":"Add JSON adaptation of DateTimeSlot","messageBody":"","fileTypesAndContributionMap":{"functional-code":{"insertions":404,"deletions":14}}},{"hash":"1c26ff544ebe4e7f4ba6f610862be5b48814d09b","messageTitle":"Add JSON adaptations of Lesson and LessonBook","messageBody":"","fileTypesAndContributionMap":{"functional-code":{"insertions":97,"deletions":19},"other":{"insertions":14,"deletions":15}}},{"hash":"247d2b333ee9a786d94bf24a089356fcdae9933c","messageTitle":"Fix checkstyle errors","messageBody":"","fileTypesAndContributionMap":{"functional-code":{"insertions":227,"deletions":63},"test-code":{"insertions":9,"deletions":3}}}]},{"date":"2022-03-14","commitResults":[{"hash":"bd609d7b2c19a4737616e752aee03c12fdf756c3","messageTitle":"Fix error message in add lesson command","messageBody":"","fileTypesAndContributionMap":{"functional-code":{"insertions":5,"deletions":7}}},{"hash":"eb22029aa087070ad66ba4cb31fe384c1ee69f25","messageTitle":"Fix checkstyle error","messageBody":"","fileTypesAndContributionMap":{"functional-code":{"insertions":8,"deletions":1}}},{"hash":"3a1d346685e0cf537029ae99e8ae07d6ae1c27f9","messageTitle":"Fix JavaDocs","messageBody":"","fileTypesAndContributionMap":{"functional-code":{"insertions":1,"deletions":1}}}]}],"nnmoq":[{"date":"2022-02-22","commitResults":[{"hash":"6484e484c2d3a1d94a1a3e5ab04ac4a1e1698452","messageTitle":"Add skeletal version of Project Portfolio Page","messageBody":"","fileTypesAndContributionMap":{"docs":{"insertions":47,"deletions":31}}},{"hash":"c5c71169fefc10a2dd1e7073bf8ab6dc0e368b96","messageTitle":"Fix checkstyle for linux.","messageBody":"","fileTypesAndContributionMap":{"docs":{"insertions":2,"deletions":2}}},{"hash":"5209c60899fe1becf2251def99fdd906aa22b19d","messageTitle":"Rename PPP.md to conform to format.","messageBody":"","fileTypesAndContributionMap":{"docs":{"insertions":0,"deletions":0}}},{"hash":"9f734e266ce50350ca1afeb5c7eaa4ce32e30836","messageTitle":"Add AboutUs","messageBody":"","fileTypesAndContributionMap":{"docs":{"insertions":10,"deletions":0}}},{"hash":"989a508f3b57bb2a0e3287925d4fdb7e67fed3e2","messageTitle":"Add photo","messageBody":"","fileTypesAndContributionMap":{"docs":{"insertions":2,"deletions":2}}}]},{"date":"2022-02-27","commitResults":[{"hash":"d322593d5fa135eae17b100812e032608e6be2f7","messageTitle":"Add Non-Functional Requirements.","messageBody":"","fileTypesAndContributionMap":{"docs":{"insertions":7,"deletions":1}}}]},{"date":"2022-03-09","commitResults":[{"hash":"daa95b27b7d3fe24796aba5362e6d2a95fff200a","messageTitle":"Add deletion functionality for lessons.","messageBody":"Deletion is specified by the index that is viewable by the user, e.g. rmlesson 3\n","fileTypesAndContributionMap":{"functional-code":{"insertions":100,"deletions":1}}},{"hash":"a4695d0a1acd72dac3c15274b47f1c4a2730b5ae","messageTitle":"Fix Checkstyle in DeleteLessonCommand and DeleteLessonCommandParser.","messageBody":"","fileTypesAndContributionMap":{"functional-code":{"insertions":6,"deletions":6}}}]},{"date":"2022-03-10","commitResults":[{"hash":"4c0f1d2038383b87c9887d6056747cc6415a993a","messageTitle":"Add support for Student functionality.","messageBody":"","fileTypesAndContributionMap":{"functional-code":{"insertions":628,"deletions":623},"other":{"insertions":327,"deletions":325},"docs":{"insertions":33,"deletions":33},"test-code":{"insertions":857,"deletions":855}}},{"hash":"c9a55784cfbac4c494af31f68b554593532983cf","messageTitle":"Update Student to have empty address or email","messageBody":"The tutor does not need to know the address or email of every student. This reduces the length of the command when adding a new student as well by making it optional to include the email or address.\n","fileTypesAndContributionMap":{"functional-code":{"insertions":29,"deletions":9},"test-code":{"insertions":7,"deletions":22}}},{"hash":"4ef093e43ff72e29dba84e4ab0f68068d215b63c","messageTitle":"Fix Checkstyle","messageBody":"","fileTypesAndContributionMap":{"functional-code":{"insertions":4,"deletions":4},"test-code":{"insertions":2,"deletions":3}}},{"hash":"0625e9deb40aa36797f33a43576a7d35873530b5","messageTitle":"Update delete command word","messageBody":"","fileTypesAndContributionMap":{"functional-code":{"insertions":1,"deletions":1}}},{"hash":"fb77760abafe000aa5e04946d6aef9ac64b1477b","messageTitle":"Fix runtime crash when address book is empty","messageBody":"","fileTypesAndContributionMap":{"functional-code":{"insertions":4,"deletions":2}}},{"hash":"52abb5417623264004b3b9f33ed28e628aaf0a02","messageTitle":"Update testcase to use new delete command","messageBody":"","fileTypesAndContributionMap":{"test-code":{"insertions":1,"deletions":1}}}]},{"date":"2022-03-13","commitResults":[{"hash":"8cf3106b6fc57de4c65fe6ebad6ead8abc3a902b","messageTitle":"Remove support for duplicate prefixes","messageBody":"Having duplicate prefixes may confuse the user as they might not remember that the newest prefix of the same type overrides the older one. Thus, removing this functionality may improve user experience.\n","fileTypesAndContributionMap":{"functional-code":{"insertions":18,"deletions":7}}},{"hash":"43d75f17cc7151614d74dcaa03484f4a35b2d8f5","messageTitle":"Update testcases for the removal of duplicate prefix functionality","messageBody":"","fileTypesAndContributionMap":{"test-code":{"insertions":92,"deletions":54}}},{"hash":"006eaaa3e8f5d0fe3d8ff2a5a33b592aad152cf4","messageTitle":"Remove EditCommand and test cases","messageBody":"V1.2 will not have edit functionality so they can be removed and disabled in the current iteration.\n","fileTypesAndContributionMap":{"functional-code":{"insertions":0,"deletions":3},"test-code":{"insertions":4,"deletions":0}}},{"hash":"693487f604e143521dee6338cb9c3a3b957d18f1","messageTitle":"Fix checkstyle","messageBody":"","fileTypesAndContributionMap":{"functional-code":{"insertions":0,"deletions":1}}}]}]},"authorFileTypeContributionMap":{"Ryan-L98":{"docs":180,"functional-code":539,"test-code":64},"Kidsnd274":{"docs":49,"functional-code":573,"test-code":127},"jamesyeap":{"docs":174,"functional-code":2120,"test-code":402},"nnmoq":{"docs":72,"functional-code":788,"test-code":1145}},"authorContributionVariance":{"Ryan-L98":16662.203,"Kidsnd274":14051.579,"jamesyeap":166671.03,"nnmoq":543199.0},"authorDisplayNameMap":{"Ryan-L98":"CS2103T-W11-3 RYAN..HENG","Kidsnd274":"CS2103T-W11-3 SAMU.. YUN","jamesyeap":"CS2103T-W11-3 YEAP..AMES","nnmoq":"CS2103T-W11-3 NYAY..KHIL"}}
