{"authorDailyContributionsMap":{"Benjykoh":[{"date":"2022-02-22","commitResults":[{"hash":"d4f3878d34ab78861eb3117214fe7e23e3bb540e","messageTitle":"Edit AboutUs","messageBody":"","fileTypesAndContributionMap":{"docs":{"insertions":6,"deletions":6}}}]}],"Korochii":[{"date":"2022-02-22","commitResults":[{"hash":"e3c1a105960051292131cf2d9418c04ac50daa50","messageTitle":"Edit AboutUs Page","messageBody":"Current implementation only consists of a blank template.\nIn this PR, I have added the relevant information about myself.\n","fileTypesAndContributionMap":{"docs":{"insertions":5,"deletions":5}}}]},{"date":"2022-02-23","commitResults":[{"hash":"ed60a233655a6ba80656bb7fc6ef4ed6c3b29b9c","messageTitle":"Update Developer Guide","messageBody":"Current implementation includes the user stories, glossary, NFRs and\nuse cases of AB3.\n\nWhile some of these can be reused in our project, more details have\nbeen added as well (as discussed in the team meeting on 23/02/2022).\n","fileTypesAndContributionMap":{"docs":{"insertions":141,"deletions":23}}},{"hash":"f912fed8e8dde7dffd2a22517c73bb5fa57515d2","messageTitle":"Create a skeleton for my Project Portfolio Page (PPP)","messageBody":"","fileTypesAndContributionMap":{"docs":{"insertions":39,"deletions":0}}},{"hash":"5264dac490caeb6989f7afdc993cd2cb52a2567f","messageTitle":"Update skeleton to include placeholder text","messageBody":"","fileTypesAndContributionMap":{"docs":{"insertions":13,"deletions":12}}},{"hash":"a1cfd7d623b63ab1522f2cf2cac0fcd464483634","messageTitle":"Update User Guide","messageBody":"Current implementation is tailored to AB3 (which will not be applicable\nto us)\n\nThe description, quick start and FAQ section has been modified according\nto our User Guide Draft.\n\nIn addition, I have also added the features description for add, task,\narchive and exit.\n","fileTypesAndContributionMap":{"docs":{"insertions":37,"deletions":101}}}]},{"date":"2022-02-24","commitResults":[{"hash":"f57caf898816b150d5af64a7e41118681604d162","messageTitle":"Modify the add function","messageBody":"Person: Change the constructor and fields of a Person, so that it is\nsuitable for our audience.\n* Fields such as tags and address are unused and have been removed.\n* Additional fields (studentId, moduleCode, telegramHandle) were added.\n* Only studentId, name and moduleCode are compulsory fields.\n* All fields are currently represented as Strings.\n\nAddCommand/Parser: Modify according to the new Person constructor.\n\nGUI: Adjusted to display all the relevant fields of a student.\n* Note that it does not look exactly like our Ui mockup, but can\n* further refined next time.\n","fileTypesAndContributionMap":{"functional-code":{"insertions":484,"deletions":196}}},{"hash":"6c841cb4e9e772947062d4d14dc6c7d6b8543583","messageTitle":"Remove some unwanted comments","messageBody":"","fileTypesAndContributionMap":{"functional-code":{"insertions":3,"deletions":3}}}]},{"date":"2022-02-27","commitResults":[{"hash":"d42a875b9e02f10536fc2f48162e27c9aef603e1","messageTitle":"Fix the prefix for telegram handle field","messageBody":"","fileTypesAndContributionMap":{"functional-code":{"insertions":7,"deletions":7}}}]}],"brelkh":[{"date":"2022-02-22","commitResults":[{"hash":"8cc20b7854b939927cffa52f6da8baf19bee9fca","messageTitle":"Add Brandon\u0027s information to AboutUs.md","messageBody":"","fileTypesAndContributionMap":{"docs":{"insertions":4,"deletions":6}}},{"hash":"3d45c4852ee813699674026ddef36a603d50cc31","messageTitle":"Edit Brandon\u0027s information in AboutUs.md","messageBody":"","fileTypesAndContributionMap":{"docs":{"insertions":1,"deletions":1}}}]},{"date":"2022-02-26","commitResults":[{"hash":"8f609d9953f17e11c957caebba3c429bab18bf5d","messageTitle":"Update ReadMe.md and its components.","messageBody":"Add and edit readme information as instructed to in the week 7 project\ntasks.\n\nAdditionally, add PPP for Brandon.\n","fileTypesAndContributionMap":{"docs":{"insertions":52,"deletions":10}}}]},{"date":"2022-02-27","commitResults":[{"hash":"0c68ec175bdc264db0afd3efb8b22ee7709ee0ac","messageTitle":"Update README.md","messageBody":"Fix a typo.\n\nCo-authored-by: Terng Yan Long \u003cyanlong21@live.com.sg\u003e","fileTypesAndContributionMap":{"docs":{"insertions":1,"deletions":1}}}]}],"medajet":[{"date":"2022-02-22","commitResults":[{"hash":"83d6e0a21c6fc9a963c8b50fa911bed441846b6b","messageTitle":"Update AboutUs.md","messageBody":"","fileTypesAndContributionMap":{"docs":{"insertions":6,"deletions":46}}},{"hash":"70036d872ac9c7ade3b0f33ab78b5367794b728e","messageTitle":"Update AboutUs.md","messageBody":"","fileTypesAndContributionMap":{"docs":{"insertions":1,"deletions":1}}},{"hash":"361c69099744baebbf09e0fc4899d1341f3beee6","messageTitle":"Update AboutUs.md","messageBody":"","fileTypesAndContributionMap":{"docs":{"insertions":40,"deletions":0}}},{"hash":"c20b441145afe857c418fea769dcf3ed420391f8","messageTitle":"Update AboutUs.md","messageBody":"","fileTypesAndContributionMap":{"docs":{"insertions":10,"deletions":9}}}]}],"Harish-coding":[{"date":"2022-02-22","commitResults":[{"hash":"4535cf207da6cdcdb403e519e3bc871c46eeaefa","messageTitle":"Photo of developer is added to the docs/image folder.","messageBody":"AboutUs.md is updated to included developer (Harish-coding) details.\n","fileTypesAndContributionMap":{"docs":{"insertions":3,"deletions":3}}}]}]},"authorFileTypeContributionMap":{"Benjykoh":{"docs":6,"functional-code":0,"test-code":0},"Korochii":{"docs":207,"functional-code":478,"test-code":0},"brelkh":{"docs":56,"functional-code":0,"test-code":0,"other":1},"medajet":{"docs":5,"functional-code":0,"test-code":0},"Harish-coding":{"docs":3,"functional-code":0,"test-code":0}},"authorContributionVariance":{"Benjykoh":12.960001,"Korochii":48907.04,"brelkh":341.44003,"medajet":1149.2102,"Harish-coding":3.2400002},"authorDisplayNameMap":{"Benjykoh":"CS2103T-W09-4 BENJ.. JIE","Korochii":"CS2103T-W09-4 TERN..LONG","brelkh":"CS2103T-W09-4 BRAN..HENG","medajet":"CS2103T-W09-4 JET ..KIAT","Harish-coding":"CS2103T-W09-4 SARA..RISH"}}
