{"authorDailyContributionsMap":{"Benjykoh":[{"date":"2022-02-22","commitResults":[{"hash":"d4f3878d34ab78861eb3117214fe7e23e3bb540e","messageTitle":"Edit AboutUs","messageBody":"","fileTypesAndContributionMap":{"docs":{"insertions":6,"deletions":6}}}]},{"date":"2022-03-01","commitResults":[{"hash":"56c97106dd8d0b622600d04a874d5a6a6d334b1a","messageTitle":"Create skeleton for benjykoh Project Portfolio Page","messageBody":"","fileTypesAndContributionMap":{"docs":{"insertions":39,"deletions":0}}},{"hash":"a8b6ac2ffb2c45ba84aa3138917d92d0bd31a220","messageTitle":"Update UserGuide.md","messageBody":"","fileTypesAndContributionMap":{"docs":{"insertions":45,"deletions":0}}},{"hash":"be5ec90e450ac42ea9a091225e076d0dfe4dbe5a","messageTitle":"Update UserGuide.md","messageBody":"Move \"mark\" and \"unmark\" in the command summary to be below \"task\"\nto make more sense\n","fileTypesAndContributionMap":{"docs":{"insertions":2,"deletions":2}}},{"hash":"273232b08eb2bc36878b92045de9822b0796a026","messageTitle":"Update docs/UserGuide.md","messageBody":"Co-authored-by: Terng Yan Long \u003cyanlong21@live.com.sg\u003e","fileTypesAndContributionMap":{"docs":{"insertions":1,"deletions":1}}},{"hash":"cdafdbbfb39e7f1a7a22a4455d974d3ca6d87987","messageTitle":"Update docs/UserGuide.md","messageBody":"Co-authored-by: Terng Yan Long \u003cyanlong21@live.com.sg\u003e","fileTypesAndContributionMap":{"docs":{"insertions":1,"deletions":1}}},{"hash":"ce1e1dc7ec1484b32f182250d1cc115f739e0bfa","messageTitle":"Update UserGuide.md","messageBody":"","fileTypesAndContributionMap":{"docs":{"insertions":9,"deletions":8}}},{"hash":"ca75c93bfe65c621080713d8119190a0def5ef29","messageTitle":"Update UserGuide.md","messageBody":"Added fullstop.\n","fileTypesAndContributionMap":{"docs":{"insertions":1,"deletions":2}}},{"hash":"fde218fbed8b9e669030fe3a3c3a72de6734e3e8","messageTitle":"Update UserGuide.md","messageBody":"Updated for \"manual\" to accept no inputs.\n","fileTypesAndContributionMap":{"docs":{"insertions":5,"deletions":2}}}]},{"date":"2022-03-05","commitResults":[{"hash":"5b76a6ad207afe5fc89ff4c48a8042d0fced46cc","messageTitle":"Implement Manual command","messageBody":"Manual command allows users to quickly find out what commands are\navailable to them.\n\nManual command also allows users to easily understand how to use\nall available commands.\n","fileTypesAndContributionMap":{"functional-code":{"insertions":196,"deletions":9}}},{"hash":"f2f57ba2a9cba61858bfd74a645019f0f373a39c","messageTitle":"Fixed checkstyle","messageBody":"Checkstyle for a few classes were inappropriate.\n\nCheckstyle was fixed for better readability.\n","fileTypesAndContributionMap":{"functional-code":{"insertions":96,"deletions":81}}}]},{"date":"2022-03-15","commitResults":[{"hash":"db47c8f697f1e255dcd886e640f51b608e57f8ba","messageTitle":"Implement Mark Command","messageBody":"Mark command allows users to mark certain tasks of a specified\nperson as done.\n","fileTypesAndContributionMap":{"functional-code":{"insertions":223,"deletions":2}}},{"hash":"99cfa63364a22f5ef7c9a95bdbb9a29b588c117e","messageTitle":"Fixed checkstyle","messageBody":"Fixed checkstyle from previous commits.\n","fileTypesAndContributionMap":{"functional-code":{"insertions":3,"deletions":3}}},{"hash":"ccc3092bf0710fa3dc95dbf92203d80713f63e20","messageTitle":"Implement unmark command","messageBody":"Unmark command allows users to mark a specific completed task by\na certain student as undone.\n","fileTypesAndContributionMap":{"functional-code":{"insertions":203,"deletions":7}}},{"hash":"dad1b598bb3ea2cbddd6be843842d4c8cc4204d2","messageTitle":"Update Readme.md","messageBody":"Included prefixes for mark and unmark commands.\n","fileTypesAndContributionMap":{"docs":{"insertions":6,"deletions":6}}},{"hash":"96c92c050513a47b89478a24457e1cec7bdb36b5","messageTitle":"Update src/main/java/seedu/address/logic/parser/MarkCommandParser.java","messageBody":"Co-authored-by: Jet \u003cjettaneekiat@gmail.com\u003e","fileTypesAndContributionMap":{"functional-code":{"insertions":1,"deletions":0}}},{"hash":"c6ba36a791b6ac8ce82a0bae57ce698e8ade253e","messageTitle":"Update src/main/java/seedu/address/logic/parser/UnmarkCommandParser.java","messageBody":"Co-authored-by: Jet \u003cjettaneekiat@gmail.com\u003e","fileTypesAndContributionMap":{"functional-code":{"insertions":1,"deletions":0}}},{"hash":"03a3aa64c1d6f01d5a4dbda0143bbda347af2490","messageTitle":"Fix bugs for mark and unmark command","messageBody":"Mark and unmark were not catching exceptions when invalid index\nand when the tasks were already marked/unmarked respectively\n\nUpdated the logic and ensured CommandExceptions were thrown\ninstead.\n","fileTypesAndContributionMap":{"functional-code":{"insertions":21,"deletions":17}}},{"hash":"80f589f5bb3decf9d04c508fd91fb69968fd1627","messageTitle":"Update manual command","messageBody":"Included handling of new commands in the manual command.\n","fileTypesAndContributionMap":{"functional-code":{"insertions":0,"deletions":7}}}]},{"date":"2022-03-18","commitResults":[{"hash":"27f196c3124036e7ac38d5b787414742a96152bd","messageTitle":"Update Developer Guide","messageBody":"Updated user stories to include new user stories as discussed.\n\nUpdated priorities of several stories.\n","fileTypesAndContributionMap":{"docs":{"insertions":14,"deletions":12}}},{"hash":"2ef5bdddc7861a708c1eb5c10016458361c5a2c3","messageTitle":"Update developer guide","messageBody":"Updated according to review comments.\n","fileTypesAndContributionMap":{"docs":{"insertions":6,"deletions":7}}}]},{"date":"2022-03-19","commitResults":[{"hash":"9d3ea1d5667800c3b910df839b855cb9fad3a1be","messageTitle":"Update developer guide","messageBody":"Added new user story.\n","fileTypesAndContributionMap":{"docs":{"insertions":1,"deletions":0}}},{"hash":"3c5b4417bd2731573651c9cfea6cca0b8d8f4be5","messageTitle":"Update developer guide","messageBody":"Edited one user story and changed line spacing formatting.\n","fileTypesAndContributionMap":{"docs":{"insertions":36,"deletions":36}}}]},{"date":"2022-03-21","commitResults":[{"hash":"173bf7809ecabc66fa515dcd7e80c5bc26fb9e3c","messageTitle":"Enhanced Assign command","messageBody":"Assign command enhanced to handle module code instead of student id\nas an input when assigning tasks.\n\nWhen module code and task are used as parameters, the task will be\nassigned to all students taking the module.\n","fileTypesAndContributionMap":{"functional-code":{"insertions":123,"deletions":19}}},{"hash":"26a7be7537e7f5203045cce86c4a3c87a03e9b02","messageTitle":"Update UserGuide","messageBody":"Updated assign command to allow assigning tasks to all students\ntaking the module.\n","fileTypesAndContributionMap":{"docs":{"insertions":5,"deletions":3}}},{"hash":"2ec00a6439e38bdfe2cf3dc2358f5d36a7b93067","messageTitle":"Update AddCommandTest","messageBody":"Updated to handle method assignTaskToAllInModule to throw error.\n","fileTypesAndContributionMap":{"test-code":{"insertions":7,"deletions":0}}},{"hash":"b6799c02ff5247dd7d0e33e9b7caaa14b43c8548","messageTitle":"Fixed checkstyle","messageBody":"","fileTypesAndContributionMap":{"test-code":{"insertions":0,"deletions":1}}},{"hash":"ed3b234a4a0fd74b3e748fc5043d394878c92c12","messageTitle":"Update Developer Guide for Manual command","messageBody":"Updated implementations sections to include manual command.\n\nAdded ManualCommandSequenceDiagram.png.\n","fileTypesAndContributionMap":{"docs":{"insertions":73,"deletions":0}}},{"hash":"0b42325afd11d9f522e111128f4c0a38a8a8ba42","messageTitle":"Update Developer Guide","messageBody":"Updated implementations sections to include mark command.\nAdded MarkCommandSequenceDiagram.png.\n","fileTypesAndContributionMap":{"docs":{"insertions":102,"deletions":4}}},{"hash":"f19a670b375a0804cd7aeb0f1389f92d28a04550","messageTitle":"Update Developer Guide for Unmark Command","messageBody":"Updated implementations sections to include unmark command.\nAdded UnmarkCommandSequenceDiagram.png.\n","fileTypesAndContributionMap":{"docs":{"insertions":99,"deletions":1}}}]},{"date":"2022-03-22","commitResults":[{"hash":"cef3cfd802a208db6460cd422469fe814210e816","messageTitle":"Update Developer Guide","messageBody":"Updated the sequence diagram for manual, mark and unmark commands.\n","fileTypesAndContributionMap":{"docs":{"insertions":133,"deletions":63}}},{"hash":"f60b02f42e2e02f88587f32cc28e7a6a3b98394b","messageTitle":"Update Developer Guide","messageBody":"Updated the implementation of manual and mark command in the\ndeveloper guide.\n","fileTypesAndContributionMap":{"docs":{"insertions":55,"deletions":20}}},{"hash":"910624d143631e166f30894e954d4691835fa79c","messageTitle":"Update Developer Guide","messageBody":"Updated implementation of the unmark command.\n","fileTypesAndContributionMap":{"docs":{"insertions":36,"deletions":11}}},{"hash":"9a6bc4cf2b52fcb3e287a822a3c56dbe8c700cde","messageTitle":"Update docs/DeveloperGuide.md","messageBody":"Co-authored-by: Terng Yan Long \u003cyanlong21@live.com.sg\u003e","fileTypesAndContributionMap":{"docs":{"insertions":1,"deletions":1}}},{"hash":"1185ace8419d45cf0249d7a3b879b42842577896","messageTitle":"Update docs/DeveloperGuide.md","messageBody":"Co-authored-by: Terng Yan Long \u003cyanlong21@live.com.sg\u003e","fileTypesAndContributionMap":{"docs":{"insertions":1,"deletions":1}}},{"hash":"7591718325c12e06d96a666fb981a300b689e01b","messageTitle":"Update docs/DeveloperGuide.md","messageBody":"Co-authored-by: Terng Yan Long \u003cyanlong21@live.com.sg\u003e","fileTypesAndContributionMap":{"docs":{"insertions":1,"deletions":1}}},{"hash":"252a47e50ae70eb8b6ae6583d92f1847852bb785","messageTitle":"Update docs/DeveloperGuide.md","messageBody":"Co-authored-by: Terng Yan Long \u003cyanlong21@live.com.sg\u003e","fileTypesAndContributionMap":{"docs":{"insertions":1,"deletions":1}}},{"hash":"b70b00a01c37345fd6a9f3f063a2a6059a8a9afa","messageTitle":"Update docs/DeveloperGuide.md","messageBody":"Co-authored-by: Terng Yan Long \u003cyanlong21@live.com.sg\u003e","fileTypesAndContributionMap":{"docs":{"insertions":1,"deletions":1}}},{"hash":"c6f6576f8677c746f55245d9a4bf0e6f04b2611c","messageTitle":"Update docs/DeveloperGuide.md","messageBody":"Co-authored-by: Terng Yan Long \u003cyanlong21@live.com.sg\u003e","fileTypesAndContributionMap":{"docs":{"insertions":1,"deletions":1}}},{"hash":"e4f3e4592b66c7fe8f5b3fc2a81a90c0a5f13c4e","messageTitle":"Update docs/DeveloperGuide.md","messageBody":"Co-authored-by: Terng Yan Long \u003cyanlong21@live.com.sg\u003e","fileTypesAndContributionMap":{"docs":{"insertions":1,"deletions":1}}},{"hash":"d5b359ee09b5177defccd2a55247b0e06396caa3","messageTitle":"Update docs/DeveloperGuide.md","messageBody":"Co-authored-by: Terng Yan Long \u003cyanlong21@live.com.sg\u003e","fileTypesAndContributionMap":{"docs":{"insertions":1,"deletions":1}}},{"hash":"4ca32de14315ba3faba6e2c48b6fc66bc92e3a0c","messageTitle":"Update docs/DeveloperGuide.md","messageBody":"Co-authored-by: Terng Yan Long \u003cyanlong21@live.com.sg\u003e","fileTypesAndContributionMap":{"docs":{"insertions":1,"deletions":1}}}]},{"date":"2022-03-23","commitResults":[{"hash":"dd68309357147ac74a8ed2d12284f27fcf79910e","messageTitle":"Updated Assign Command","messageBody":"Updated handling of the case when assigning a task to a module,\nbut there already exists a student that has that task.\n","fileTypesAndContributionMap":{"functional-code":{"insertions":33,"deletions":8}}},{"hash":"5da71f2426916217977c07cc19caa4733e012a48","messageTitle":"Add test cases for manual command","messageBody":"Added test cases for manual command, handling all success cases and\none failure test case.\n","fileTypesAndContributionMap":{"test-code":{"insertions":209,"deletions":0}}},{"hash":"aca2345e4093efb11aae08c0a6ab5caf244729b9","messageTitle":"Fixed checkstyle","messageBody":"","fileTypesAndContributionMap":{"test-code":{"insertions":4,"deletions":4}}},{"hash":"0605905c644b362a8dfc09feb3234bd96554d17a","messageTitle":"Fixed checkstyle","messageBody":"","fileTypesAndContributionMap":{"test-code":{"insertions":0,"deletions":1}}},{"hash":"bf8a7c3d75d2325fb6b9ed7b73128ba2afbfa042","messageTitle":"Update ManualCommandTest.java","messageBody":"Updated method names to include \"success\" and \"failure\" at the end\nto make it sound clearer.\n","fileTypesAndContributionMap":{"test-code":{"insertions":16,"deletions":16}}}]},{"date":"2022-03-25","commitResults":[{"hash":"85675968cfdce116a1d0a6c7c8c86fd69aaef2a2","messageTitle":"Update Mark command tests","messageBody":"Updated test cases for mark command.\n","fileTypesAndContributionMap":{"test-code":{"insertions":161,"deletions":0}}},{"hash":"877e3267ac4c09ae03afcbb30a56082f6ee56364","messageTitle":"Fix test case for mark command","messageBody":"Fixed last test case for mark command.\n","fileTypesAndContributionMap":{"test-code":{"insertions":15,"deletions":6}}},{"hash":"68d90ab06d412a42783c4685b774a6fe17ec06bc","messageTitle":"Implement test cases for mark command parser","messageBody":"Implemented test cases for MarkCommandParser.\n","fileTypesAndContributionMap":{"functional-code":{"insertions":0,"deletions":1},"test-code":{"insertions":88,"deletions":0}}},{"hash":"3ee3c18482e07407ea82c58b174ecb32dd0251b0","messageTitle":"Fixed Checkstyle","messageBody":"","fileTypesAndContributionMap":{"test-code":{"insertions":0,"deletions":20}}},{"hash":"13b623b28219c0c5f6ac7cea9ed0b512b692b2e5","messageTitle":"Implemented test case for mark and unmark command","messageBody":"Implemented test cases for both mark and unmark command as well as\nmark and unmark parsers.\n","fileTypesAndContributionMap":{"test-code":{"insertions":156,"deletions":12}}},{"hash":"2b1f214fe3cd4866d3858bbaf79990d59b70c0a7","messageTitle":"Fix failing test cases","messageBody":"Fixed test cases that would result in success for mark and unmark\ncommands.\n","fileTypesAndContributionMap":{"test-code":{"insertions":71,"deletions":24}}},{"hash":"8609c8a4e83b2654e51cb3571a5bb952a716c87f","messageTitle":"Fix test case","messageBody":"Fixed test case for mark and unmark command.\n\nFixed test case for mark and unmark command parser.\n","fileTypesAndContributionMap":{"functional-code":{"insertions":43,"deletions":0},"test-code":{"insertions":43,"deletions":3}}},{"hash":"d33865a3acd25b304c4e103ac696f4950621e55d","messageTitle":"Update tests","messageBody":"Removed redundant files.\n\nFixed checkstyle.\n","fileTypesAndContributionMap":{"test-code":{"insertions":10,"deletions":37}}}]}],"Korochii":[{"date":"2022-02-22","commitResults":[{"hash":"e3c1a105960051292131cf2d9418c04ac50daa50","messageTitle":"Edit AboutUs Page","messageBody":"Current implementation only consists of a blank template.\nIn this PR, I have added the relevant information about myself.\n","fileTypesAndContributionMap":{"docs":{"insertions":5,"deletions":5}}}]},{"date":"2022-02-23","commitResults":[{"hash":"ed60a233655a6ba80656bb7fc6ef4ed6c3b29b9c","messageTitle":"Update Developer Guide","messageBody":"Current implementation includes the user stories, glossary, NFRs and\nuse cases of AB3.\n\nWhile some of these can be reused in our project, more details have\nbeen added as well (as discussed in the team meeting on 23/02/2022).\n","fileTypesAndContributionMap":{"docs":{"insertions":141,"deletions":23}}},{"hash":"f912fed8e8dde7dffd2a22517c73bb5fa57515d2","messageTitle":"Create a skeleton for my Project Portfolio Page (PPP)","messageBody":"","fileTypesAndContributionMap":{"docs":{"insertions":39,"deletions":0}}},{"hash":"5264dac490caeb6989f7afdc993cd2cb52a2567f","messageTitle":"Update skeleton to include placeholder text","messageBody":"","fileTypesAndContributionMap":{"docs":{"insertions":13,"deletions":12}}},{"hash":"a1cfd7d623b63ab1522f2cf2cac0fcd464483634","messageTitle":"Update User Guide","messageBody":"Current implementation is tailored to AB3 (which will not be applicable\nto us)\n\nThe description, quick start and FAQ section has been modified according\nto our User Guide Draft.\n\nIn addition, I have also added the features description for add, task,\narchive and exit.\n","fileTypesAndContributionMap":{"docs":{"insertions":37,"deletions":101}}}]},{"date":"2022-02-24","commitResults":[{"hash":"f57caf898816b150d5af64a7e41118681604d162","messageTitle":"Modify the add function","messageBody":"Person: Change the constructor and fields of a Person, so that it is\nsuitable for our audience.\n* Fields such as tags and address are unused and have been removed.\n* Additional fields (studentId, moduleCode, telegramHandle) were added.\n* Only studentId, name and moduleCode are compulsory fields.\n* All fields are currently represented as Strings.\n\nAddCommand/Parser: Modify according to the new Person constructor.\n\nGUI: Adjusted to display all the relevant fields of a student.\n* Note that it does not look exactly like our Ui mockup, but can\n* further refined next time.\n","fileTypesAndContributionMap":{"functional-code":{"insertions":484,"deletions":196}}},{"hash":"6c841cb4e9e772947062d4d14dc6c7d6b8543583","messageTitle":"Remove some unwanted comments","messageBody":"","fileTypesAndContributionMap":{"functional-code":{"insertions":3,"deletions":3}}}]},{"date":"2022-02-27","commitResults":[{"hash":"d42a875b9e02f10536fc2f48162e27c9aef603e1","messageTitle":"Fix the prefix for telegram handle field","messageBody":"","fileTypesAndContributionMap":{"functional-code":{"insertions":7,"deletions":7}}}]},{"date":"2022-03-01","commitResults":[{"hash":"d17434cce213b7d21707abc5f1809e69723e21ba","messageTitle":" Add the help function in the user guide","messageBody":"","fileTypesAndContributionMap":{"docs":{"insertions":21,"deletions":14}}}]},{"date":"2022-03-06","commitResults":[{"hash":"2c65d81647ed6bdc73a68b3aa0212efa20e8292a","messageTitle":"Implement Archive command","messageBody":"","fileTypesAndContributionMap":{"functional-code":{"insertions":69,"deletions":1},"test-code":{"insertions":1,"deletions":0}}},{"hash":"26d08e9a19fa804b886f7acce10d5db56cef174a","messageTitle":"Disable Junit tests temporarily","messageBody":"","fileTypesAndContributionMap":{"test-code":{"insertions":4715,"deletions":4715}}},{"hash":"f16daee4892c42e98c73b0d671bfb9262851311f","messageTitle":"Fix checkstyle errors in test files","messageBody":"","fileTypesAndContributionMap":{"test-code":{"insertions":12,"deletions":8}}}]},{"date":"2022-03-12","commitResults":[{"hash":"bcb613898fb7fe3762a435820f240f1b53c501ca","messageTitle":"Fix bug in list command","messageBody":"Bug in current implementation:\nList does not work after using the find command.\n\nHow to replicate it:\nLoad TAPA -\u003e Input \"find abc\" -\u003e Input \"list\"\n{An empty list will be displayed}\n","fileTypesAndContributionMap":{"functional-code":{"insertions":2,"deletions":0}}}]},{"date":"2022-03-13","commitResults":[{"hash":"fc59c45c2a1750f182eecd2140df486babb98c5f","messageTitle":"Fix bug that causes assigned task to not be stored.","messageBody":"In the current implementation, the assigned task will not be\nstored after exit.\n\nHow to replicate:\nLaunch TAPA -\u003e Use an assign command on a student -\u003e Exit TAPA.\n\nOutput:\nOn relaunching TAPA, the assigned task will disappear as it is not\nbeing stored in the database.\n\nProblem:\nJsonAdaptedPerson.java does not take into account the new TaskList\nfield of a Person, which causes the current .json storage file to\nnot include the TaskList.\n","fileTypesAndContributionMap":{"functional-code":{"insertions":58,"deletions":8}}},{"hash":"12f0aeba82bb68666a9e9308cf0d7d0b87ba51b0","messageTitle":"Update src/main/java/seedu/address/model/person/Task.java","messageBody":"Co-authored-by: Jet \u003cjettaneekiat@gmail.com\u003e","fileTypesAndContributionMap":{"functional-code":{"insertions":0,"deletions":1}}},{"hash":"fee7aceaecd537d0856c401c735dbd3088b2346b","messageTitle":"Implement the task command","messageBody":"Usage example: task i/\u003cvalid studentID\u003e\n\nDisplays all the tasks that are allocated to a particular student.\nThe tasks are categorised according to the completion status as well.\n","fileTypesAndContributionMap":{"functional-code":{"insertions":154,"deletions":4}}},{"hash":"7e853398e02afcd2ce50eef2120878bb90235174","messageTitle":"Fix checkstyle errors","messageBody":"","fileTypesAndContributionMap":{"functional-code":{"insertions":4,"deletions":4}}},{"hash":"f5bbaeab8c8738634a01deb269393ca82e5fd124","messageTitle":"Fix display message in help window","messageBody":"","fileTypesAndContributionMap":{"functional-code":{"insertions":1,"deletions":1}}}]},{"date":"2022-03-15","commitResults":[{"hash":"75272d1adcc5c22fc16943604e5c32f424effc2c","messageTitle":"Update src/main/java/seedu/address/logic/commands/TaskCommand.java","messageBody":"Co-authored-by: Brandon \u003c46317008+brelkh@users.noreply.github.com\u003e","fileTypesAndContributionMap":{"functional-code":{"insertions":1,"deletions":1}}},{"hash":"34bff485c937fd50ae1fc4d95b82e9e5ee01b95d","messageTitle":"Modify title of window","messageBody":"","fileTypesAndContributionMap":{"functional-code":{"insertions":1,"deletions":1}}},{"hash":"22ce0a698706090372bd00ee9eb0d2a7a6f0cacb","messageTitle":"Change the display text of the task command","messageBody":"","fileTypesAndContributionMap":{"functional-code":{"insertions":23,"deletions":3}}}]},{"date":"2022-03-18","commitResults":[{"hash":"025e76ddb47fd988e3d6f8cfdd4de7ba3d479c13","messageTitle":"Fix tdata used in testcases","messageBody":"","fileTypesAndContributionMap":{"test-code":{"insertions":4719,"deletions":4719}}},{"hash":"e11b7a4f7443e175dc824e478c572f7cabf76512","messageTitle":"Fix tests in commons","messageBody":"","fileTypesAndContributionMap":{"test-code":{"insertions":22,"deletions":13}}},{"hash":"189a67e8d3415f4e34fd8bb64513311e96b2f012","messageTitle":"Fix tests in testutil","messageBody":"","fileTypesAndContributionMap":{"functional-code":{"insertions":2,"deletions":1},"test-code":{"insertions":180,"deletions":113}}},{"hash":"1d0407d6d5e55ac9be899ab27143b46fb46b00b8","messageTitle":"Fix tests in storage","messageBody":"","fileTypesAndContributionMap":{"test-code":{"insertions":26,"deletions":58}}},{"hash":"a0ff6b07cd3d787b6b3b5f29bf9078bbf930ff73","messageTitle":"Fix tests in model","messageBody":"","fileTypesAndContributionMap":{"test-code":{"insertions":38,"deletions":121}}},{"hash":"2f39a9dcf50fb7f690a20c6b3d0ddf5cf3c6e0e1","messageTitle":"Fix tests in logic/parser","messageBody":"","fileTypesAndContributionMap":{"test-code":{"insertions":143,"deletions":223}}},{"hash":"44888eb3d18e3f56e53bd85ff23d4a67e5b16b3a","messageTitle":"Fix tests in logic/commands","messageBody":"","fileTypesAndContributionMap":{"test-code":{"insertions":53,"deletions":27}}},{"hash":"706b96aaab8ca0257d4d6888bdf5573565d7ba32","messageTitle":"Fix tests in logic","messageBody":"","fileTypesAndContributionMap":{"test-code":{"insertions":6,"deletions":4}}},{"hash":"4343402e3b5c2237cc1e8626807deddd89fa0131","messageTitle":"Fix failing CI","messageBody":"","fileTypesAndContributionMap":{"functional-code":{"insertions":0,"deletions":1},"test-code":{"insertions":302,"deletions":345}}}]},{"date":"2022-03-19","commitResults":[{"hash":"cebf86c9c5bef94bb88b970ec76d453717e306b8","messageTitle":"Change the format in the GUI","messageBody":"","fileTypesAndContributionMap":{"functional-code":{"insertions":28,"deletions":30}}},{"hash":"019f3e00dd4f2d2f22d8093b59c52585d513f778","messageTitle":"Improve GUI","messageBody":"","fileTypesAndContributionMap":{"functional-code":{"insertions":30,"deletions":27}}}]},{"date":"2022-03-20","commitResults":[{"hash":"a660c3f128536026965829ffc298bff44750549d","messageTitle":"Enable assertions","messageBody":"","fileTypesAndContributionMap":{"other":{"insertions":4,"deletions":0}}},{"hash":"8090b9b096b806dc600f8b7847c0c329450e224a","messageTitle":"Implement the progress command","messageBody":"","fileTypesAndContributionMap":{"functional-code":{"insertions":206,"deletions":0}}}]},{"date":"2022-03-21","commitResults":[{"hash":"ef1bd96a13a9f4daf8cb5a20b86d0a0822d43e26","messageTitle":"Fix checkstyle","messageBody":"","fileTypesAndContributionMap":{"functional-code":{"insertions":0,"deletions":10}}},{"hash":"004350b79a325dda4db50596d3f1dbe7cab5e8c2","messageTitle":"Update model stub to include checkProgress method in model","messageBody":"","fileTypesAndContributionMap":{"test-code":{"insertions":6,"deletions":0}}}]},{"date":"2022-03-22","commitResults":[{"hash":"b8581a71458716a491613e3dd0ed61846553904a","messageTitle":"Update DG for add command","messageBody":"","fileTypesAndContributionMap":{"docs":{"insertions":207,"deletions":0}}},{"hash":"e8a2c4b2207b8e71d40c5bec96ed129734b74192","messageTitle":"Update DG for add command","messageBody":"","fileTypesAndContributionMap":{"docs":{"insertions":8,"deletions":4}}},{"hash":"8dfdad04ae7a4fa827113b0267d34433e542bc9f","messageTitle":"Update DG for add command","messageBody":"","fileTypesAndContributionMap":{"docs":{"insertions":55,"deletions":41}}},{"hash":"7153c003cdafead427d53d11d3867905bc6d621b","messageTitle":"Update DG for add command","messageBody":"","fileTypesAndContributionMap":{"docs":{"insertions":2,"deletions":2}}}]},{"date":"2022-03-23","commitResults":[{"hash":"91ce1b6b4220b03ad5cc84c6acaefba7512b31b6","messageTitle":"Update DG for task command","messageBody":"","fileTypesAndContributionMap":{"docs":{"insertions":212,"deletions":6}}},{"hash":"b8ea92773ab35e9ad800bd977f3260a3f96cadcf","messageTitle":"Update DG for task command","messageBody":"","fileTypesAndContributionMap":{"docs":{"insertions":1,"deletions":1}}},{"hash":"ec04a93c4d32bbc311ebb8280b19bbe268288074","messageTitle":"Update DG for task command","messageBody":"","fileTypesAndContributionMap":{"docs":{"insertions":1,"deletions":1}}},{"hash":"b21d788dffa88104459abaaad7d246c9c3daa04c","messageTitle":"Update DG for task command","messageBody":"","fileTypesAndContributionMap":{"docs":{"insertions":3,"deletions":0}}},{"hash":"80c90003d4f165ba2b405a2654f36597081ad84a","messageTitle":"Update version number","messageBody":"","fileTypesAndContributionMap":{"functional-code":{"insertions":1,"deletions":1}}},{"hash":"642c8c5d81c5da0d5a28261e7a4105caf15ff594","messageTitle":"Add compulsory moduleCode field","messageBody":"","fileTypesAndContributionMap":{"functional-code":{"insertions":45,"deletions":22},"test-code":{"insertions":2,"deletions":1}}},{"hash":"73efc792c9937d01e02282a492903873006e3807","messageTitle":"Update ManualCommand to reflect this new command","messageBody":"","fileTypesAndContributionMap":{"functional-code":{"insertions":19,"deletions":8}}}]},{"date":"2022-03-24","commitResults":[{"hash":"893792cfd535332f30c9e87e5a9665a1b7e2be35","messageTitle":"Update user guide for progress command","messageBody":"","fileTypesAndContributionMap":{"docs":{"insertions":18,"deletions":2}}},{"hash":"e75918087a8c74d349883e4ab0bde458e431b9bc","messageTitle":"Update test for ManualCommand","messageBody":"","fileTypesAndContributionMap":{"test-code":{"insertions":4,"deletions":3}}},{"hash":"c55f4a3c5f2dc86316f81d28e08125e020e07a0e","messageTitle":"Update DG for archive and progress command","messageBody":"","fileTypesAndContributionMap":{"docs":{"insertions":247,"deletions":0}}},{"hash":"5b602fd8dac39666100abb6729600f4cf1da4fbe","messageTitle":"Fix testcase in JsonSerializableAddressBookTest","messageBody":"","fileTypesAndContributionMap":{"test-code":{"insertions":13,"deletions":11}}},{"hash":"ef142a62a2f90db5461648b7e2f5bc668783f51a","messageTitle":"Fix testcase in PersonTest.java","messageBody":"","fileTypesAndContributionMap":{"test-code":{"insertions":24,"deletions":30}}},{"hash":"bed9279dabb91f0456b3bf3102d32e7fd82134ec","messageTitle":"Fix testcase in ClearCommandTest.java","messageBody":"","fileTypesAndContributionMap":{"test-code":{"insertions":32,"deletions":20}}},{"hash":"d96207b8290e1ce01385491003dff0a0b59b8ac2","messageTitle":"Fix checkstyle","messageBody":"","fileTypesAndContributionMap":{"test-code":{"insertions":10,"deletions":11}}},{"hash":"b3842d8094bee22a93c5a13dab81df718a645900","messageTitle":"Fix AddCommandParserTest","messageBody":"","fileTypesAndContributionMap":{"functional-code":{"insertions":48,"deletions":15},"test-code":{"insertions":39,"deletions":21}}},{"hash":"b18a232b153401ab16898221e72d64130558c0e0","messageTitle":"Fix checkstyle","messageBody":"","fileTypesAndContributionMap":{"test-code":{"insertions":1,"deletions":6}}},{"hash":"39a52cdf109d566a45d3ce0c7160bdbcf219244a","messageTitle":"Edit ClearCommandTest","messageBody":"","fileTypesAndContributionMap":{"test-code":{"insertions":5,"deletions":4}}},{"hash":"2f1691e29494caac56f63ab647a18eeb0d0f02a0","messageTitle":"Fix checkstyle","messageBody":"","fileTypesAndContributionMap":{"test-code":{"insertions":1,"deletions":4}}}]},{"date":"2022-03-25","commitResults":[{"hash":"5722133c590bf2ec635cee55ac945abd020c8a28","messageTitle":"Add extra checks in TaskCommandParser","messageBody":"","fileTypesAndContributionMap":{"functional-code":{"insertions":1,"deletions":1}}},{"hash":"d1ad58efd5137328a288803df40b445159a01e26","messageTitle":"Update docs/diagrams/ProgressCommandSequenceDiagram.puml","messageBody":"Co-authored-by: Brandon \u003c46317008+brelkh@users.noreply.github.com\u003e","fileTypesAndContributionMap":{"docs":{"insertions":1,"deletions":1}}}]}],"brelkh":[{"date":"2022-02-22","commitResults":[{"hash":"8cc20b7854b939927cffa52f6da8baf19bee9fca","messageTitle":"Add Brandon\u0027s information to AboutUs.md","messageBody":"","fileTypesAndContributionMap":{"docs":{"insertions":4,"deletions":6}}},{"hash":"3d45c4852ee813699674026ddef36a603d50cc31","messageTitle":"Edit Brandon\u0027s information in AboutUs.md","messageBody":"","fileTypesAndContributionMap":{"docs":{"insertions":1,"deletions":1}}}]},{"date":"2022-02-26","commitResults":[{"hash":"8f609d9953f17e11c957caebba3c429bab18bf5d","messageTitle":"Update ReadMe.md and its components.","messageBody":"Add and edit readme information as instructed to in the week 7 project\ntasks.\n\nAdditionally, add PPP for Brandon.\n","fileTypesAndContributionMap":{"docs":{"insertions":52,"deletions":10}}}]},{"date":"2022-02-27","commitResults":[{"hash":"0c68ec175bdc264db0afd3efb8b22ee7709ee0ac","messageTitle":"Update README.md","messageBody":"Fix a typo.\n\nCo-authored-by: Terng Yan Long \u003cyanlong21@live.com.sg\u003e","fileTypesAndContributionMap":{"docs":{"insertions":1,"deletions":1}}}]},{"date":"2022-03-01","commitResults":[{"hash":"d0db57d8bf5f6b39b8f64630c30d6a8a0f444ac6","messageTitle":"Update edit and clear command in user guide","messageBody":"","fileTypesAndContributionMap":{"docs":{"insertions":35,"deletions":7}}},{"hash":"75d9b6a740f30a3fffc643c395dada5219b939fc","messageTitle":"Edit \"edit\" command in UserGuide.md","messageBody":"","fileTypesAndContributionMap":{"docs":{"insertions":1,"deletions":1}}},{"hash":"a169c3769634a62973e1ca1bb364b927523f199d","messageTitle":"Update edit command in user guide","messageBody":"","fileTypesAndContributionMap":{"docs":{"insertions":1,"deletions":0}}},{"hash":"55cdd0545499f301b80683b8c55789001a76c3a2","messageTitle":"Update docs/UserGuide.md","messageBody":"Co-authored-by: Terng Yan Long \u003cyanlong21@live.com.sg\u003e","fileTypesAndContributionMap":{"docs":{"insertions":1,"deletions":1}}}]},{"date":"2022-03-10","commitResults":[{"hash":"d8677aca40d7efa2258df71a46649413d7d95d8d","messageTitle":"Change clear command success message.","messageBody":"","fileTypesAndContributionMap":{"functional-code":{"insertions":4,"deletions":1}}},{"hash":"bf1d2cd1a45a350ed870495cd0db6f499a2272f8","messageTitle":"Update add command example","messageBody":"","fileTypesAndContributionMap":{"functional-code":{"insertions":1,"deletions":1}}},{"hash":"5988a3fb962430bdde3f6dd18e5d58d83ec60ba6","messageTitle":"Add confirmation functionality for clear command.","messageBody":"In this commit, the confirmation functionality is hacky as a user\ncould just type in \"confirm\" to clear all users.\n","fileTypesAndContributionMap":{"functional-code":{"insertions":32,"deletions":8}}}]},{"date":"2022-03-14","commitResults":[{"hash":"0a80e0f2ae96864592e473988fa733462da305a1","messageTitle":"Implement confirmation feature after user requests to clear TAPA","messageBody":"","fileTypesAndContributionMap":{"functional-code":{"insertions":124,"deletions":12}}},{"hash":"48afee016d75a6559fa3f6dca85738c405522c5b","messageTitle":"Update ConfirmClearCommand.java","messageBody":"","fileTypesAndContributionMap":{"functional-code":{"insertions":1,"deletions":1}}},{"hash":"306e6b784d5eac873d0c40a22a515eea9535305e","messageTitle":"Remove unused imports.","messageBody":"","fileTypesAndContributionMap":{"functional-code":{"insertions":0,"deletions":2}}},{"hash":"81773da0acf673dac8d19e2cde0c5bf4ec817557","messageTitle":"Implement text wrapping in ResultDisplay window","messageBody":"","fileTypesAndContributionMap":{"functional-code":{"insertions":2,"deletions":3}}},{"hash":"c399250307ed2872400ea4c3ee41815dcb4da946","messageTitle":"Update edit command to suit current Person fields","messageBody":"","fileTypesAndContributionMap":{"functional-code":{"insertions":68,"deletions":79}}},{"hash":"ce0d574398a25205e7f7cd254209d61f35b1fcc8","messageTitle":"Update manual messages for edit and clear command","messageBody":"","fileTypesAndContributionMap":{"functional-code":{"insertions":3,"deletions":2}}},{"hash":"04b99200ba1390e9a41dbb976d8282a336028d7d","messageTitle":"Remove unused code related to old Tag and Address classes","messageBody":"","fileTypesAndContributionMap":{"functional-code":{"insertions":0,"deletions":44}}},{"hash":"a973516cfd6a1df336758641bc976638d4898eab","messageTitle":"Remove unused import statements","messageBody":"","fileTypesAndContributionMap":{"functional-code":{"insertions":0,"deletions":6}}},{"hash":"e7303630032cd1fb2b19c2798af455cee0487fe8","messageTitle":"Edit ModuleCode in GUI","messageBody":"This is done to prepare for when multiple modules can be associated\nwith one student\n","fileTypesAndContributionMap":{"functional-code":{"insertions":10,"deletions":8}}},{"hash":"463996f323035232b88c74e12cc1ab1bf1fdb7e2","messageTitle":"Add newline at EOF to DarkTheme.CSS","messageBody":"","fileTypesAndContributionMap":{"functional-code":{"insertions":1,"deletions":1}}}]},{"date":"2022-03-15","commitResults":[{"hash":"979f6df9e83b88d0f99eb06f1c0b5a8e5ae5e705","messageTitle":"Replace address book ref with TAPA","messageBody":"Co-authored-by: Terng Yan Long \u003cyanlong21@live.com.sg\u003e","fileTypesAndContributionMap":{"functional-code":{"insertions":1,"deletions":1}}},{"hash":"eaade1b1d6695a695a2be1e48d09adc3f685ddb4","messageTitle":"Replace address book ref with TAPA","messageBody":"Co-authored-by: Terng Yan Long \u003cyanlong21@live.com.sg\u003e","fileTypesAndContributionMap":{"functional-code":{"insertions":1,"deletions":1}}},{"hash":"5f7656d02aadeb04c16d73c27de2a11de2d7c411","messageTitle":"Replace address book ref with TAPA","messageBody":"Co-authored-by: Terng Yan Long \u003cyanlong21@live.com.sg\u003e","fileTypesAndContributionMap":{"functional-code":{"insertions":1,"deletions":1}}},{"hash":"56c416665d717b0a9c7476bdaaa512205bc1cfa4","messageTitle":"Edit jar file name in build.gradle","messageBody":"","fileTypesAndContributionMap":{"other":{"insertions":1,"deletions":1}}},{"hash":"c6048f5c2b43bb51c17f2ade99adb7d13ab7fae6","messageTitle":"Update index.md to include TAPA\u0027s information instead of AB3","messageBody":"Also make minor edits to README and AboutUs\n","fileTypesAndContributionMap":{"docs":{"insertions":11,"deletions":11}}}]},{"date":"2022-03-23","commitResults":[{"hash":"fe5e550767554da6427e84b453909defc295df13","messageTitle":"Include note in SettingUp.md (No longer relevant to TAPA)","messageBody":"","fileTypesAndContributionMap":{"docs":{"insertions":6,"deletions":0}}},{"hash":"7c10d860b8c69939917041de42a724a9f7b65434","messageTitle":"Shift addCommand DG entry above mark and unmark command","messageBody":"","fileTypesAndContributionMap":{"docs":{"insertions":68,"deletions":68}}},{"hash":"d8882ea874a00f33469890f5eb9aa38aaebde6ac","messageTitle":"Add clear command DG skeleton","messageBody":"","fileTypesAndContributionMap":{"docs":{"insertions":10,"deletions":0}}},{"hash":"42cd238dbc6a97f96d9c4fd1c49b77eead1a6038","messageTitle":"Include confirm command draft description and implementation.","messageBody":"","fileTypesAndContributionMap":{"docs":{"insertions":11,"deletions":1}}}]},{"date":"2022-03-24","commitResults":[{"hash":"dfc1a6f94141ce83b216620872350e02c3105e38","messageTitle":"Update DeveloperGuide.md","messageBody":"Resolve conflicts in master (add find command description and implementation)","fileTypesAndContributionMap":{"docs":{"insertions":57,"deletions":0}}},{"hash":"294c27f54297c080e4a2a8896b0df37520a7da54","messageTitle":"Add arrow key functionality and HistoryCommand skeleton","messageBody":"These additions are to be used in undo command later on\n","fileTypesAndContributionMap":{"functional-code":{"insertions":101,"deletions":1}}},{"hash":"23859a01e39642cd3fbd068dc423c0a996f170bb","messageTitle":"Update HistoryCommand.java","messageBody":"Add new line at EOF","fileTypesAndContributionMap":{"functional-code":{"insertions":1,"deletions":1}}},{"hash":"46e02fc5813f069731cadd56b74a1bec779b40d5","messageTitle":"Update CommandBox.java","messageBody":"Add whitespaces where necessary (for CI checks)","fileTypesAndContributionMap":{"functional-code":{"insertions":2,"deletions":3}}},{"hash":"d208219b643a1e7b7629b475965fcac949f39c90","messageTitle":"Update AddressBookParser.java","messageBody":"Remove HistoryCommand from this PR","fileTypesAndContributionMap":{"functional-code":{"insertions":0,"deletions":3}}},{"hash":"eeb696103974b3efa7cddc8bf8be611afc649dad","messageTitle":"Update AddressBookParser.java","messageBody":"Remove HistoryCommand from this PR","fileTypesAndContributionMap":{"functional-code":{"insertions":0,"deletions":1}}},{"hash":"eb2842ed1e9049137fc22206e0439199ca30adbe","messageTitle":"Delete HistoryCommand.java","messageBody":"Remove HistoryCommand from this PR","fileTypesAndContributionMap":{"functional-code":{"insertions":0,"deletions":27}}}]},{"date":"2022-03-25","commitResults":[{"hash":"4b9e34d4f5c1ae8165866fbe081e628b6dd03ab7","messageTitle":"Update src/main/java/seedu/address/ui/CommandBox.java","messageBody":"Co-authored-by: Jet \u003cjettaneekiat@gmail.com\u003e","fileTypesAndContributionMap":{"functional-code":{"insertions":1,"deletions":1}}},{"hash":"8451c2b59b99fc3a94559cd0df221560d2b64541","messageTitle":"Update src/main/java/seedu/address/ui/CommandBox.java","messageBody":"Co-authored-by: Jet \u003cjettaneekiat@gmail.com\u003e","fileTypesAndContributionMap":{"functional-code":{"insertions":1,"deletions":1}}}]}],"medajet":[{"date":"2022-02-22","commitResults":[{"hash":"83d6e0a21c6fc9a963c8b50fa911bed441846b6b","messageTitle":"Update AboutUs.md","messageBody":"","fileTypesAndContributionMap":{"docs":{"insertions":6,"deletions":46}}},{"hash":"70036d872ac9c7ade3b0f33ab78b5367794b728e","messageTitle":"Update AboutUs.md","messageBody":"","fileTypesAndContributionMap":{"docs":{"insertions":1,"deletions":1}}},{"hash":"361c69099744baebbf09e0fc4899d1341f3beee6","messageTitle":"Update AboutUs.md","messageBody":"","fileTypesAndContributionMap":{"docs":{"insertions":40,"deletions":0}}},{"hash":"c20b441145afe857c418fea769dcf3ed420391f8","messageTitle":"Update AboutUs.md","messageBody":"","fileTypesAndContributionMap":{"docs":{"insertions":10,"deletions":9}}}]},{"date":"2022-02-25","commitResults":[{"hash":"153e3ccc1c52c412927ac6ee298ad1a1a96ae6b3","messageTitle":"Create medajet.md","messageBody":"","fileTypesAndContributionMap":{"docs":{"insertions":39,"deletions":0}}},{"hash":"8d591e39e3178290d1c8108cf783679b64d7d6b5","messageTitle":"Update UserGuide.md","messageBody":"","fileTypesAndContributionMap":{"docs":{"insertions":32,"deletions":0}}},{"hash":"54e23e2b6d31ac2cdbc3edcf8a762ff33a7dcf24","messageTitle":"Update UserGuide.md","messageBody":"","fileTypesAndContributionMap":{"docs":{"insertions":0,"deletions":4}}}]},{"date":"2022-02-26","commitResults":[{"hash":"9a794c591c138439990888719b0570f2acf5acd2","messageTitle":"Update docs/UserGuide.md","messageBody":"Co-authored-by: Terng Yan Long \u003cyanlong21@live.com.sg\u003e","fileTypesAndContributionMap":{"docs":{"insertions":1,"deletions":1}}},{"hash":"d0fadb8aaefdd093a4065f3ee957ed5ab4626cbd","messageTitle":"Update docs/UserGuide.md","messageBody":"Co-authored-by: Terng Yan Long \u003cyanlong21@live.com.sg\u003e","fileTypesAndContributionMap":{"docs":{"insertions":1,"deletions":1}}},{"hash":"20a1bc86a7adb2c4f92d2b9fb786392618f48039","messageTitle":"Update docs/UserGuide.md","messageBody":"Co-authored-by: Terng Yan Long \u003cyanlong21@live.com.sg\u003e","fileTypesAndContributionMap":{"docs":{"insertions":1,"deletions":1}}},{"hash":"556961cedecb55d98e27b35f21303343f5700234","messageTitle":"Update docs/UserGuide.md","messageBody":"Co-authored-by: Terng Yan Long \u003cyanlong21@live.com.sg\u003e","fileTypesAndContributionMap":{"docs":{"insertions":1,"deletions":1}}}]},{"date":"2022-02-28","commitResults":[{"hash":"9f692079f7a5f379cde88e112fb5312d1563f952","messageTitle":"Update UserGuide.md","messageBody":"","fileTypesAndContributionMap":{"docs":{"insertions":1,"deletions":0}}},{"hash":"1a206b93f7d5852da07a1dcb03265aee43110078","messageTitle":"Update UserGuide.md","messageBody":"","fileTypesAndContributionMap":{"docs":{"insertions":1,"deletions":1}}}]},{"date":"2022-03-07","commitResults":[{"hash":"28579c88b1a7042a42ef13846be47e23990f68fa","messageTitle":"Implement find command","messageBody":"","fileTypesAndContributionMap":{"functional-code":{"insertions":95,"deletions":24}}},{"hash":"54275b3f45255218b896474268ee935e7d8e04c0","messageTitle":"Fix exception not thrown when no argument added","messageBody":"","fileTypesAndContributionMap":{"functional-code":{"insertions":3,"deletions":1}}},{"hash":"d9b06ee3c4cf8de9ac5d2929b351d36d82f9beeb","messageTitle":"Add newline at EOF","messageBody":"","fileTypesAndContributionMap":{"functional-code":{"insertions":2,"deletions":2}}}]},{"date":"2022-03-08","commitResults":[{"hash":"da571f5cff6113d3fc84888be22bfd4987cdc7db","messageTitle":"Fix checkstyle","messageBody":"","fileTypesAndContributionMap":{"functional-code":{"insertions":18,"deletions":12}}},{"hash":"580220d1d224427c90e4589444b37d87f381ba7f","messageTitle":"Implement Delete command","messageBody":"","fileTypesAndContributionMap":{"functional-code":{"insertions":73,"deletions":17}}},{"hash":"2b8a8fa20427a7f07e644eb147c69c775694d541","messageTitle":"Add javadoc for DeleteCommand","messageBody":"","fileTypesAndContributionMap":{"functional-code":{"insertions":6,"deletions":0}}},{"hash":"f848d8322edd1f442b643edde075b83f0fc967a1","messageTitle":"Fix checkstyle","messageBody":"","fileTypesAndContributionMap":{"functional-code":{"insertions":2,"deletions":1}}}]},{"date":"2022-03-12","commitResults":[{"hash":"fa2680f95347f014418184e327c47e80f5252f20","messageTitle":"Update equals method","messageBody":"","fileTypesAndContributionMap":{"functional-code":{"insertions":16,"deletions":3}}}]},{"date":"2022-03-13","commitResults":[{"hash":"b5a9afcec7075bb8e7a892a7abdf83a0767e7cd4","messageTitle":"Update equals method","messageBody":"","fileTypesAndContributionMap":{"functional-code":{"insertions":16,"deletions":3}}},{"hash":"b1108a0c6906a7c080be64dd8273a3f2e3c6ff12","messageTitle":"Update UserGuide.md","messageBody":"","fileTypesAndContributionMap":{"docs":{"insertions":6,"deletions":4}}},{"hash":"7258df5a35f416beef1bc5cb6e7717f85ff3636a","messageTitle":"Update DeveloperGuide.md","messageBody":"","fileTypesAndContributionMap":{"docs":{"insertions":6,"deletions":0}}},{"hash":"2c9b3c7a744951cfc194e9f981911888be1ba2a4","messageTitle":"Fix checkstyle","messageBody":"","fileTypesAndContributionMap":{"functional-code":{"insertions":4,"deletions":4}}},{"hash":"90c0bda148d5cfdb7132269de31edd2bb1cd168d","messageTitle":"Clean up code","messageBody":"","fileTypesAndContributionMap":{"functional-code":{"insertions":6,"deletions":6}}}]},{"date":"2022-03-21","commitResults":[{"hash":"473dd83694b9b107eb177668d5713fbe0d700d9b","messageTitle":"Implement filter by module code","messageBody":"","fileTypesAndContributionMap":{"functional-code":{"insertions":75,"deletions":11}}},{"hash":"54f09695d41126556eb738269f286872a87a2f16","messageTitle":"Update javadocs","messageBody":"","fileTypesAndContributionMap":{"functional-code":{"insertions":2,"deletions":1}}},{"hash":"3b8b296a3ca1adc0de7a94ac59ad0d29a90357aa","messageTitle":"Update UserGuide.md","messageBody":"","fileTypesAndContributionMap":{"docs":{"insertions":5,"deletions":3}}},{"hash":"da62795371227a41c5448a357135da770eca2248","messageTitle":"Update ModuleCode validation regex","messageBody":"","fileTypesAndContributionMap":{"functional-code":{"insertions":3,"deletions":2}}},{"hash":"e21e68f2de131f402b0878d0fef5acca356f2430","messageTitle":"Fix checkstyle","messageBody":"","fileTypesAndContributionMap":{"functional-code":{"insertions":8,"deletions":6}}}]},{"date":"2022-03-22","commitResults":[{"hash":"12e6e7c1e6f107f4973d4ac0232424acc13a4463","messageTitle":"Update docs/UserGuide.md","messageBody":"Co-authored-by: Brandon \u003c46317008+brelkh@users.noreply.github.com\u003e","fileTypesAndContributionMap":{"docs":{"insertions":1,"deletions":1}}},{"hash":"62deb87af20852e1238e9f9949d4874c7598fe69","messageTitle":"Update src/main/java/seedu/address/logic/commands/FindCommand.java","messageBody":"Co-authored-by: Brandon \u003c46317008+brelkh@users.noreply.github.com\u003e","fileTypesAndContributionMap":{"functional-code":{"insertions":1,"deletions":1}}},{"hash":"56db3a3103de4a9bdc1331b7ccd841f03c60a7b1","messageTitle":"Update src/main/java/seedu/address/logic/commands/FindCommand.java","messageBody":"Co-authored-by: Brandon \u003c46317008+brelkh@users.noreply.github.com\u003e","fileTypesAndContributionMap":{"functional-code":{"insertions":1,"deletions":1}}},{"hash":"f8f1813763ef3977cffd6ee2d7b55687a23b5896","messageTitle":"Update src/main/java/seedu/address/logic/parser/FindCommandParser.java","messageBody":"Co-authored-by: Brandon \u003c46317008+brelkh@users.noreply.github.com\u003e","fileTypesAndContributionMap":{"functional-code":{"insertions":1,"deletions":1}}},{"hash":"c0abf3bc240381ed18fcbc905b1c659019de1251","messageTitle":"Update src/main/java/seedu/address/logic/commands/FindCommand.java","messageBody":"Co-authored-by: Brandon \u003c46317008+brelkh@users.noreply.github.com\u003e","fileTypesAndContributionMap":{"functional-code":{"insertions":1,"deletions":1}}},{"hash":"5077e7aea6939f2ed96ed38dd4faae36fe9d2513","messageTitle":"Update src/main/java/seedu/address/logic/commands/FindCommand.java","messageBody":"Co-authored-by: Brandon \u003c46317008+brelkh@users.noreply.github.com\u003e","fileTypesAndContributionMap":{"functional-code":{"insertions":1,"deletions":1}}}]},{"date":"2022-03-23","commitResults":[{"hash":"470d991f755a014da9fe52124a62e2e34c8cfdb5","messageTitle":"Update DG for Find Command","messageBody":"","fileTypesAndContributionMap":{"docs":{"insertions":172,"deletions":0}}},{"hash":"e3cbe78bdc4b7f7f357c258aa5b185c0fcdfeb45","messageTitle":"Add sequence diagram images","messageBody":"","fileTypesAndContributionMap":{"docs":{"insertions":3,"deletions":3}}},{"hash":"0d0cdbda808980b8f88fc40f418eeafb95eb0a7f","messageTitle":"Update sequence diagram","messageBody":"","fileTypesAndContributionMap":{"docs":{"insertions":2,"deletions":2}}},{"hash":"598fb9b8c46c7d8e0222684b0618e3618df7b327","messageTitle":"Update DG","messageBody":"","fileTypesAndContributionMap":{"docs":{"insertions":2,"deletions":2}}},{"hash":"39c460a3753ef99a2f8c2621ee250cebb4c89546","messageTitle":"Update sequence diagram","messageBody":"","fileTypesAndContributionMap":{"docs":{"insertions":2,"deletions":4}}},{"hash":"5fba2f9822bba30d8b889cc5fedb13d71307017d","messageTitle":"Add testcases for Find command","messageBody":"","fileTypesAndContributionMap":{"test-code":{"insertions":104,"deletions":11}}}]},{"date":"2022-03-24","commitResults":[{"hash":"620100f4595e348a7e2e44542e50466c5357a2ad","messageTitle":"Add testcases for Find command","messageBody":"","fileTypesAndContributionMap":{"test-code":{"insertions":16,"deletions":11}}},{"hash":"5e9f06f22cccfdbe8a09d9aca955b3cff7a5a163","messageTitle":"Add testcases for Find command","messageBody":"","fileTypesAndContributionMap":{"test-code":{"insertions":83,"deletions":12}}},{"hash":"a18c65819a9b2db18963d6e092e020b63bdab8db","messageTitle":"Add testcases for Find command","messageBody":"","fileTypesAndContributionMap":{"test-code":{"insertions":44,"deletions":3}}},{"hash":"6a6ae5bc48df89f52f46e25209dbe51e8f56a875","messageTitle":"Update equals() in FindCommand.java","messageBody":"","fileTypesAndContributionMap":{"functional-code":{"insertions":8,"deletions":8}}},{"hash":"c33c0571b45b80e6573f90b88bf25b6079075168","messageTitle":"Update javadocs","messageBody":"","fileTypesAndContributionMap":{"test-code":{"insertions":6,"deletions":0}}},{"hash":"b0c8efbeda6d5a41d613b1ef25f80c11d480584a","messageTitle":"Fix checkstyle","messageBody":"","fileTypesAndContributionMap":{"test-code":{"insertions":2,"deletions":4}}},{"hash":"efa464306cdaf7afca4ce62e370258c835a9aed6","messageTitle":"Fix checkstyle","messageBody":"","fileTypesAndContributionMap":{"test-code":{"insertions":1,"deletions":0}}},{"hash":"1d1ee0790d8b8c9e7b9344eab98b8b0337e4e353","messageTitle":"Update src/test/java/seedu/address/logic/parser/FindCommandParserTest.java","messageBody":"Co-authored-by: Brandon \u003c46317008+brelkh@users.noreply.github.com\u003e","fileTypesAndContributionMap":{"test-code":{"insertions":1,"deletions":1}}},{"hash":"fbf77e12b641ad3ebb4a54ecd003d921f91077f1","messageTitle":"Update src/test/java/seedu/address/logic/parser/FindCommandParserTest.java","messageBody":"Co-authored-by: Brandon \u003c46317008+brelkh@users.noreply.github.com\u003e","fileTypesAndContributionMap":{"test-code":{"insertions":1,"deletions":1}}}]}],"Harish-coding":[{"date":"2022-02-22","commitResults":[{"hash":"4535cf207da6cdcdb403e519e3bc871c46eeaefa","messageTitle":"Photo of developer is added to the docs/image folder.","messageBody":"AboutUs.md is updated to included developer (Harish-coding) details.\n","fileTypesAndContributionMap":{"docs":{"insertions":3,"deletions":3}}}]},{"date":"2022-03-01","commitResults":[{"hash":"c1be9923a6f464929505674b26cec32793f0d79c","messageTitle":"Added PPP for harish-coding, to track contribution over time under docs/team folder.","messageBody":"Added \u0027assign\u0027 and \u0027list\u0027 commands to UserGuide.md.\n","fileTypesAndContributionMap":{"docs":{"insertions":75,"deletions":9}}},{"hash":"10c99fed7e4716c1cae6a5d31f72466a64281ecd","messageTitle":"add suggested changes","messageBody":"","fileTypesAndContributionMap":{"docs":{"insertions":2,"deletions":2}}}]},{"date":"2022-03-09","commitResults":[{"hash":"1f4f2af6ba8de70154c25f11b0732c8a695176b3","messageTitle":"Implemented \u0027list\u0027 command, and updated Name class to convert name string to title case.","messageBody":"The tutors can view the students enrolled in alphabetical order once\n\u0027list\u0027 command is invoked.\n\nWhen the user adds or edits a students name, the name will be converted\nto title case format, as this improves the uniformity of names casing.\n\nTest cases are to be implemented.\n","fileTypesAndContributionMap":{"functional-code":{"insertions":72,"deletions":3}}}]},{"date":"2022-03-10","commitResults":[{"hash":"d73b8dda6c08d5be22b0e27cad7c63c19c9f17f1","messageTitle":"Updated Name.java comments","messageBody":"Co-authored-by: Brandon \u003c46317008+brelkh@users.noreply.github.com\u003e","fileTypesAndContributionMap":{"functional-code":{"insertions":1,"deletions":0}}},{"hash":"076f470aec2a1f4c96b94682847b66eeca226ac2","messageTitle":"Updated UniquePersonList.java","messageBody":"The compare function implementation has been updated.\n\nCo-authored-by: Brandon \u003c46317008+brelkh@users.noreply.github.com\u003e","fileTypesAndContributionMap":{"functional-code":{"insertions":3,"deletions":1}}},{"hash":"37ae6fd6c8347973353936c71023f7ff468bfa5f","messageTitle":"Updated ModelManager.java","messageBody":"Changed the implementation of sortFilteredPersonList method.\n\nCo-authored-by: Brandon \u003c46317008+brelkh@users.noreply.github.com\u003e","fileTypesAndContributionMap":{"functional-code":{"insertions":1,"deletions":1}}}]},{"date":"2022-03-12","commitResults":[{"hash":"97c3261244b5ca20d729d8173c664be01e8c6b4e","messageTitle":"Implemented Assign Command.","messageBody":"Added AssignCommand, AssignCommandParser, Task, TaskList,\nDuplicateTaskFoundException files to implement the command.\n\nAdditionally, modified related files, to include Assign feature.\n","fileTypesAndContributionMap":{"functional-code":{"insertions":517,"deletions":1}}},{"hash":"56b52c202bb797edf72a7648b845188f832daaf0","messageTitle":"Fixed Assign Command Bugs.","messageBody":"Previously, the assign command did not reflect in the displayed person\nlist dynamically. Modified the implementation of\nUniquePersonList#assignTaskToPerson method found under\nseedu.address.model.person, to fix the bug.\n\nAdditionally. included a private overloaded constructor for Person class\n for convenience.\n","fileTypesAndContributionMap":{"functional-code":{"insertions":43,"deletions":13}}}]},{"date":"2022-03-13","commitResults":[{"hash":"b5a404d59082e3559b7f27547260e90d1131bf4b","messageTitle":"Bugs fixed for CI and added suggested changes.","messageBody":"","fileTypesAndContributionMap":{"functional-code":{"insertions":11,"deletions":8},"docs":{"insertions":23,"deletions":23}}},{"hash":"0dda3449c8e30c0cdd25f5b6d659b45c4bfee2f8","messageTitle":"Fixed checkstyle.","messageBody":"","fileTypesAndContributionMap":{"functional-code":{"insertions":13,"deletions":8}}}]}]},"authorFileTypeContributionMap":{"Benjykoh":{"docs":494,"functional-code":805,"test-code":650},"Korochii":{"docs":781,"functional-code":998,"test-code":610,"other":4},"brelkh":{"docs":297,"functional-code":293,"test-code":0,"other":2},"medajet":{"docs":190,"functional-code":265,"test-code":219},"Harish-coding":{"docs":62,"functional-code":588,"test-code":0}},"authorContributionVariance":{"Benjykoh":29207.92,"Korochii":5556411.0,"brelkh":5155.322,"medajet":4597.516,"Harish-coding":9192.01},"authorDisplayNameMap":{"Benjykoh":"CS2103T-W09-4 BENJ.. JIE","Korochii":"CS2103T-W09-4 TERN..LONG","brelkh":"CS2103T-W09-4 BRAN..HENG","medajet":"CS2103T-W09-4 JET ..KIAT","Harish-coding":"CS2103T-W09-4 SARA..RISH"}}
