{"authorDailyContributionsMap":{"Benjykoh":[{"date":"2022-02-22","commitResults":[{"hash":"d4f3878d34ab78861eb3117214fe7e23e3bb540e","messageTitle":"Edit AboutUs","messageBody":"","fileTypesAndContributionMap":{"docs":{"insertions":6,"deletions":6}}}]},{"date":"2022-03-01","commitResults":[{"hash":"56c97106dd8d0b622600d04a874d5a6a6d334b1a","messageTitle":"Create skeleton for benjykoh Project Portfolio Page","messageBody":"","fileTypesAndContributionMap":{"docs":{"insertions":39,"deletions":0}}},{"hash":"a8b6ac2ffb2c45ba84aa3138917d92d0bd31a220","messageTitle":"Update UserGuide.md","messageBody":"","fileTypesAndContributionMap":{"docs":{"insertions":45,"deletions":0}}},{"hash":"be5ec90e450ac42ea9a091225e076d0dfe4dbe5a","messageTitle":"Update UserGuide.md","messageBody":"Move \"mark\" and \"unmark\" in the command summary to be below \"task\"\nto make more sense\n","fileTypesAndContributionMap":{"docs":{"insertions":2,"deletions":2}}},{"hash":"273232b08eb2bc36878b92045de9822b0796a026","messageTitle":"Update docs/UserGuide.md","messageBody":"Co-authored-by: Terng Yan Long \u003cyanlong21@live.com.sg\u003e","fileTypesAndContributionMap":{"docs":{"insertions":1,"deletions":1}}},{"hash":"cdafdbbfb39e7f1a7a22a4455d974d3ca6d87987","messageTitle":"Update docs/UserGuide.md","messageBody":"Co-authored-by: Terng Yan Long \u003cyanlong21@live.com.sg\u003e","fileTypesAndContributionMap":{"docs":{"insertions":1,"deletions":1}}},{"hash":"ce1e1dc7ec1484b32f182250d1cc115f739e0bfa","messageTitle":"Update UserGuide.md","messageBody":"","fileTypesAndContributionMap":{"docs":{"insertions":9,"deletions":8}}},{"hash":"ca75c93bfe65c621080713d8119190a0def5ef29","messageTitle":"Update UserGuide.md","messageBody":"Added fullstop.\n","fileTypesAndContributionMap":{"docs":{"insertions":1,"deletions":2}}},{"hash":"fde218fbed8b9e669030fe3a3c3a72de6734e3e8","messageTitle":"Update UserGuide.md","messageBody":"Updated for \"manual\" to accept no inputs.\n","fileTypesAndContributionMap":{"docs":{"insertions":5,"deletions":2}}}]},{"date":"2022-03-05","commitResults":[{"hash":"5b76a6ad207afe5fc89ff4c48a8042d0fced46cc","messageTitle":"Implement Manual command","messageBody":"Manual command allows users to quickly find out what commands are\navailable to them.\n\nManual command also allows users to easily understand how to use\nall available commands.\n","fileTypesAndContributionMap":{"functional-code":{"insertions":196,"deletions":9}}},{"hash":"f2f57ba2a9cba61858bfd74a645019f0f373a39c","messageTitle":"Fixed checkstyle","messageBody":"Checkstyle for a few classes were inappropriate.\n\nCheckstyle was fixed for better readability.\n","fileTypesAndContributionMap":{"functional-code":{"insertions":96,"deletions":81}}}]}],"Korochii":[{"date":"2022-02-22","commitResults":[{"hash":"e3c1a105960051292131cf2d9418c04ac50daa50","messageTitle":"Edit AboutUs Page","messageBody":"Current implementation only consists of a blank template.\nIn this PR, I have added the relevant information about myself.\n","fileTypesAndContributionMap":{"docs":{"insertions":5,"deletions":5}}}]},{"date":"2022-02-23","commitResults":[{"hash":"ed60a233655a6ba80656bb7fc6ef4ed6c3b29b9c","messageTitle":"Update Developer Guide","messageBody":"Current implementation includes the user stories, glossary, NFRs and\nuse cases of AB3.\n\nWhile some of these can be reused in our project, more details have\nbeen added as well (as discussed in the team meeting on 23/02/2022).\n","fileTypesAndContributionMap":{"docs":{"insertions":141,"deletions":23}}},{"hash":"f912fed8e8dde7dffd2a22517c73bb5fa57515d2","messageTitle":"Create a skeleton for my Project Portfolio Page (PPP)","messageBody":"","fileTypesAndContributionMap":{"docs":{"insertions":39,"deletions":0}}},{"hash":"5264dac490caeb6989f7afdc993cd2cb52a2567f","messageTitle":"Update skeleton to include placeholder text","messageBody":"","fileTypesAndContributionMap":{"docs":{"insertions":13,"deletions":12}}},{"hash":"a1cfd7d623b63ab1522f2cf2cac0fcd464483634","messageTitle":"Update User Guide","messageBody":"Current implementation is tailored to AB3 (which will not be applicable\nto us)\n\nThe description, quick start and FAQ section has been modified according\nto our User Guide Draft.\n\nIn addition, I have also added the features description for add, task,\narchive and exit.\n","fileTypesAndContributionMap":{"docs":{"insertions":37,"deletions":101}}}]},{"date":"2022-02-24","commitResults":[{"hash":"f57caf898816b150d5af64a7e41118681604d162","messageTitle":"Modify the add function","messageBody":"Person: Change the constructor and fields of a Person, so that it is\nsuitable for our audience.\n* Fields such as tags and address are unused and have been removed.\n* Additional fields (studentId, moduleCode, telegramHandle) were added.\n* Only studentId, name and moduleCode are compulsory fields.\n* All fields are currently represented as Strings.\n\nAddCommand/Parser: Modify according to the new Person constructor.\n\nGUI: Adjusted to display all the relevant fields of a student.\n* Note that it does not look exactly like our Ui mockup, but can\n* further refined next time.\n","fileTypesAndContributionMap":{"functional-code":{"insertions":484,"deletions":196}}},{"hash":"6c841cb4e9e772947062d4d14dc6c7d6b8543583","messageTitle":"Remove some unwanted comments","messageBody":"","fileTypesAndContributionMap":{"functional-code":{"insertions":3,"deletions":3}}}]},{"date":"2022-02-27","commitResults":[{"hash":"d42a875b9e02f10536fc2f48162e27c9aef603e1","messageTitle":"Fix the prefix for telegram handle field","messageBody":"","fileTypesAndContributionMap":{"functional-code":{"insertions":7,"deletions":7}}}]},{"date":"2022-03-01","commitResults":[{"hash":"d17434cce213b7d21707abc5f1809e69723e21ba","messageTitle":" Add the help function in the user guide","messageBody":"","fileTypesAndContributionMap":{"docs":{"insertions":21,"deletions":14}}}]},{"date":"2022-03-06","commitResults":[{"hash":"2c65d81647ed6bdc73a68b3aa0212efa20e8292a","messageTitle":"Implement Archive command","messageBody":"","fileTypesAndContributionMap":{"functional-code":{"insertions":69,"deletions":1},"test-code":{"insertions":1,"deletions":0}}},{"hash":"26d08e9a19fa804b886f7acce10d5db56cef174a","messageTitle":"Disable Junit tests temporarily","messageBody":"","fileTypesAndContributionMap":{"test-code":{"insertions":4715,"deletions":4715}}},{"hash":"f16daee4892c42e98c73b0d671bfb9262851311f","messageTitle":"Fix checkstyle errors in test files","messageBody":"","fileTypesAndContributionMap":{"test-code":{"insertions":12,"deletions":8}}}]},{"date":"2022-03-12","commitResults":[{"hash":"bcb613898fb7fe3762a435820f240f1b53c501ca","messageTitle":"Fix bug in list command","messageBody":"Bug in current implementation:\nList does not work after using the find command.\n\nHow to replicate it:\nLoad TAPA -\u003e Input \"find abc\" -\u003e Input \"list\"\n{An empty list will be displayed}\n","fileTypesAndContributionMap":{"functional-code":{"insertions":2,"deletions":0}}}]},{"date":"2022-03-13","commitResults":[{"hash":"fc59c45c2a1750f182eecd2140df486babb98c5f","messageTitle":"Fix bug that causes assigned task to not be stored.","messageBody":"In the current implementation, the assigned task will not be\nstored after exit.\n\nHow to replicate:\nLaunch TAPA -\u003e Use an assign command on a student -\u003e Exit TAPA.\n\nOutput:\nOn relaunching TAPA, the assigned task will disappear as it is not\nbeing stored in the database.\n\nProblem:\nJsonAdaptedPerson.java does not take into account the new TaskList\nfield of a Person, which causes the current .json storage file to\nnot include the TaskList.\n","fileTypesAndContributionMap":{"functional-code":{"insertions":58,"deletions":8}}},{"hash":"12f0aeba82bb68666a9e9308cf0d7d0b87ba51b0","messageTitle":"Update src/main/java/seedu/address/model/person/Task.java","messageBody":"Co-authored-by: Jet \u003cjettaneekiat@gmail.com\u003e","fileTypesAndContributionMap":{"functional-code":{"insertions":0,"deletions":1}}},{"hash":"fee7aceaecd537d0856c401c735dbd3088b2346b","messageTitle":"Implement the task command","messageBody":"Usage example: task i/\u003cvalid studentID\u003e\n\nDisplays all the tasks that are allocated to a particular student.\nThe tasks are categorised according to the completion status as well.\n","fileTypesAndContributionMap":{"functional-code":{"insertions":154,"deletions":4}}},{"hash":"7e853398e02afcd2ce50eef2120878bb90235174","messageTitle":"Fix checkstyle errors","messageBody":"","fileTypesAndContributionMap":{"functional-code":{"insertions":4,"deletions":4}}},{"hash":"f5bbaeab8c8738634a01deb269393ca82e5fd124","messageTitle":"Fix display message in help window","messageBody":"","fileTypesAndContributionMap":{"functional-code":{"insertions":1,"deletions":1}}}]},{"date":"2022-03-15","commitResults":[{"hash":"75272d1adcc5c22fc16943604e5c32f424effc2c","messageTitle":"Update src/main/java/seedu/address/logic/commands/TaskCommand.java","messageBody":"Co-authored-by: Brandon \u003c46317008+brelkh@users.noreply.github.com\u003e","fileTypesAndContributionMap":{"functional-code":{"insertions":1,"deletions":1}}}]}],"brelkh":[{"date":"2022-02-22","commitResults":[{"hash":"8cc20b7854b939927cffa52f6da8baf19bee9fca","messageTitle":"Add Brandon\u0027s information to AboutUs.md","messageBody":"","fileTypesAndContributionMap":{"docs":{"insertions":4,"deletions":6}}},{"hash":"3d45c4852ee813699674026ddef36a603d50cc31","messageTitle":"Edit Brandon\u0027s information in AboutUs.md","messageBody":"","fileTypesAndContributionMap":{"docs":{"insertions":1,"deletions":1}}}]},{"date":"2022-02-26","commitResults":[{"hash":"8f609d9953f17e11c957caebba3c429bab18bf5d","messageTitle":"Update ReadMe.md and its components.","messageBody":"Add and edit readme information as instructed to in the week 7 project\ntasks.\n\nAdditionally, add PPP for Brandon.\n","fileTypesAndContributionMap":{"docs":{"insertions":52,"deletions":10}}}]},{"date":"2022-02-27","commitResults":[{"hash":"0c68ec175bdc264db0afd3efb8b22ee7709ee0ac","messageTitle":"Update README.md","messageBody":"Fix a typo.\n\nCo-authored-by: Terng Yan Long \u003cyanlong21@live.com.sg\u003e","fileTypesAndContributionMap":{"docs":{"insertions":1,"deletions":1}}}]},{"date":"2022-03-01","commitResults":[{"hash":"d0db57d8bf5f6b39b8f64630c30d6a8a0f444ac6","messageTitle":"Update edit and clear command in user guide","messageBody":"","fileTypesAndContributionMap":{"docs":{"insertions":35,"deletions":7}}},{"hash":"75d9b6a740f30a3fffc643c395dada5219b939fc","messageTitle":"Edit \"edit\" command in UserGuide.md","messageBody":"","fileTypesAndContributionMap":{"docs":{"insertions":1,"deletions":1}}},{"hash":"a169c3769634a62973e1ca1bb364b927523f199d","messageTitle":"Update edit command in user guide","messageBody":"","fileTypesAndContributionMap":{"docs":{"insertions":1,"deletions":0}}},{"hash":"55cdd0545499f301b80683b8c55789001a76c3a2","messageTitle":"Update docs/UserGuide.md","messageBody":"Co-authored-by: Terng Yan Long \u003cyanlong21@live.com.sg\u003e","fileTypesAndContributionMap":{"docs":{"insertions":1,"deletions":1}}}]},{"date":"2022-03-10","commitResults":[{"hash":"bf1d2cd1a45a350ed870495cd0db6f499a2272f8","messageTitle":"Update add command example","messageBody":"","fileTypesAndContributionMap":{"functional-code":{"insertions":1,"deletions":1}}}]},{"date":"2022-03-14","commitResults":[{"hash":"81773da0acf673dac8d19e2cde0c5bf4ec817557","messageTitle":"Implement text wrapping in ResultDisplay window","messageBody":"","fileTypesAndContributionMap":{"functional-code":{"insertions":2,"deletions":3}}}]}],"medajet":[{"date":"2022-02-22","commitResults":[{"hash":"83d6e0a21c6fc9a963c8b50fa911bed441846b6b","messageTitle":"Update AboutUs.md","messageBody":"","fileTypesAndContributionMap":{"docs":{"insertions":6,"deletions":46}}},{"hash":"70036d872ac9c7ade3b0f33ab78b5367794b728e","messageTitle":"Update AboutUs.md","messageBody":"","fileTypesAndContributionMap":{"docs":{"insertions":1,"deletions":1}}},{"hash":"361c69099744baebbf09e0fc4899d1341f3beee6","messageTitle":"Update AboutUs.md","messageBody":"","fileTypesAndContributionMap":{"docs":{"insertions":40,"deletions":0}}},{"hash":"c20b441145afe857c418fea769dcf3ed420391f8","messageTitle":"Update AboutUs.md","messageBody":"","fileTypesAndContributionMap":{"docs":{"insertions":10,"deletions":9}}}]},{"date":"2022-02-25","commitResults":[{"hash":"153e3ccc1c52c412927ac6ee298ad1a1a96ae6b3","messageTitle":"Create medajet.md","messageBody":"","fileTypesAndContributionMap":{"docs":{"insertions":39,"deletions":0}}},{"hash":"8d591e39e3178290d1c8108cf783679b64d7d6b5","messageTitle":"Update UserGuide.md","messageBody":"","fileTypesAndContributionMap":{"docs":{"insertions":32,"deletions":0}}},{"hash":"54e23e2b6d31ac2cdbc3edcf8a762ff33a7dcf24","messageTitle":"Update UserGuide.md","messageBody":"","fileTypesAndContributionMap":{"docs":{"insertions":0,"deletions":4}}}]},{"date":"2022-02-26","commitResults":[{"hash":"9a794c591c138439990888719b0570f2acf5acd2","messageTitle":"Update docs/UserGuide.md","messageBody":"Co-authored-by: Terng Yan Long \u003cyanlong21@live.com.sg\u003e","fileTypesAndContributionMap":{"docs":{"insertions":1,"deletions":1}}},{"hash":"d0fadb8aaefdd093a4065f3ee957ed5ab4626cbd","messageTitle":"Update docs/UserGuide.md","messageBody":"Co-authored-by: Terng Yan Long \u003cyanlong21@live.com.sg\u003e","fileTypesAndContributionMap":{"docs":{"insertions":1,"deletions":1}}},{"hash":"20a1bc86a7adb2c4f92d2b9fb786392618f48039","messageTitle":"Update docs/UserGuide.md","messageBody":"Co-authored-by: Terng Yan Long \u003cyanlong21@live.com.sg\u003e","fileTypesAndContributionMap":{"docs":{"insertions":1,"deletions":1}}},{"hash":"556961cedecb55d98e27b35f21303343f5700234","messageTitle":"Update docs/UserGuide.md","messageBody":"Co-authored-by: Terng Yan Long \u003cyanlong21@live.com.sg\u003e","fileTypesAndContributionMap":{"docs":{"insertions":1,"deletions":1}}}]},{"date":"2022-02-28","commitResults":[{"hash":"9f692079f7a5f379cde88e112fb5312d1563f952","messageTitle":"Update UserGuide.md","messageBody":"","fileTypesAndContributionMap":{"docs":{"insertions":1,"deletions":0}}},{"hash":"1a206b93f7d5852da07a1dcb03265aee43110078","messageTitle":"Update UserGuide.md","messageBody":"","fileTypesAndContributionMap":{"docs":{"insertions":1,"deletions":1}}}]},{"date":"2022-03-07","commitResults":[{"hash":"28579c88b1a7042a42ef13846be47e23990f68fa","messageTitle":"Implement find command","messageBody":"","fileTypesAndContributionMap":{"functional-code":{"insertions":95,"deletions":24}}},{"hash":"54275b3f45255218b896474268ee935e7d8e04c0","messageTitle":"Fix exception not thrown when no argument added","messageBody":"","fileTypesAndContributionMap":{"functional-code":{"insertions":3,"deletions":1}}},{"hash":"d9b06ee3c4cf8de9ac5d2929b351d36d82f9beeb","messageTitle":"Add newline at EOF","messageBody":"","fileTypesAndContributionMap":{"functional-code":{"insertions":2,"deletions":2}}}]},{"date":"2022-03-08","commitResults":[{"hash":"da571f5cff6113d3fc84888be22bfd4987cdc7db","messageTitle":"Fix checkstyle","messageBody":"","fileTypesAndContributionMap":{"functional-code":{"insertions":18,"deletions":12}}},{"hash":"580220d1d224427c90e4589444b37d87f381ba7f","messageTitle":"Implement Delete command","messageBody":"","fileTypesAndContributionMap":{"functional-code":{"insertions":73,"deletions":17}}},{"hash":"2b8a8fa20427a7f07e644eb147c69c775694d541","messageTitle":"Add javadoc for DeleteCommand","messageBody":"","fileTypesAndContributionMap":{"functional-code":{"insertions":6,"deletions":0}}},{"hash":"f848d8322edd1f442b643edde075b83f0fc967a1","messageTitle":"Fix checkstyle","messageBody":"","fileTypesAndContributionMap":{"functional-code":{"insertions":2,"deletions":1}}}]},{"date":"2022-03-12","commitResults":[{"hash":"fa2680f95347f014418184e327c47e80f5252f20","messageTitle":"Update equals method","messageBody":"","fileTypesAndContributionMap":{"functional-code":{"insertions":16,"deletions":3}}}]},{"date":"2022-03-13","commitResults":[{"hash":"b5a9afcec7075bb8e7a892a7abdf83a0767e7cd4","messageTitle":"Update equals method","messageBody":"","fileTypesAndContributionMap":{"functional-code":{"insertions":16,"deletions":3}}},{"hash":"b1108a0c6906a7c080be64dd8273a3f2e3c6ff12","messageTitle":"Update UserGuide.md","messageBody":"","fileTypesAndContributionMap":{"docs":{"insertions":6,"deletions":4}}},{"hash":"7258df5a35f416beef1bc5cb6e7717f85ff3636a","messageTitle":"Update DeveloperGuide.md","messageBody":"","fileTypesAndContributionMap":{"docs":{"insertions":6,"deletions":0}}},{"hash":"2c9b3c7a744951cfc194e9f981911888be1ba2a4","messageTitle":"Fix checkstyle","messageBody":"","fileTypesAndContributionMap":{"functional-code":{"insertions":4,"deletions":4}}},{"hash":"90c0bda148d5cfdb7132269de31edd2bb1cd168d","messageTitle":"Clean up code","messageBody":"","fileTypesAndContributionMap":{"functional-code":{"insertions":6,"deletions":6}}}]}],"Harish-coding":[{"date":"2022-02-22","commitResults":[{"hash":"4535cf207da6cdcdb403e519e3bc871c46eeaefa","messageTitle":"Photo of developer is added to the docs/image folder.","messageBody":"AboutUs.md is updated to included developer (Harish-coding) details.\n","fileTypesAndContributionMap":{"docs":{"insertions":3,"deletions":3}}}]},{"date":"2022-03-01","commitResults":[{"hash":"c1be9923a6f464929505674b26cec32793f0d79c","messageTitle":"Added PPP for harish-coding, to track contribution over time under docs/team folder.","messageBody":"Added \u0027assign\u0027 and \u0027list\u0027 commands to UserGuide.md.\n","fileTypesAndContributionMap":{"docs":{"insertions":75,"deletions":9}}},{"hash":"10c99fed7e4716c1cae6a5d31f72466a64281ecd","messageTitle":"add suggested changes","messageBody":"","fileTypesAndContributionMap":{"docs":{"insertions":2,"deletions":2}}}]},{"date":"2022-03-09","commitResults":[{"hash":"1f4f2af6ba8de70154c25f11b0732c8a695176b3","messageTitle":"Implemented \u0027list\u0027 command, and updated Name class to convert name string to title case.","messageBody":"The tutors can view the students enrolled in alphabetical order once\n\u0027list\u0027 command is invoked.\n\nWhen the user adds or edits a students name, the name will be converted\nto title case format, as this improves the uniformity of names casing.\n\nTest cases are to be implemented.\n","fileTypesAndContributionMap":{"functional-code":{"insertions":72,"deletions":3}}}]},{"date":"2022-03-10","commitResults":[{"hash":"d73b8dda6c08d5be22b0e27cad7c63c19c9f17f1","messageTitle":"Updated Name.java comments","messageBody":"Co-authored-by: Brandon \u003c46317008+brelkh@users.noreply.github.com\u003e","fileTypesAndContributionMap":{"functional-code":{"insertions":1,"deletions":0}}},{"hash":"076f470aec2a1f4c96b94682847b66eeca226ac2","messageTitle":"Updated UniquePersonList.java","messageBody":"The compare function implementation has been updated.\n\nCo-authored-by: Brandon \u003c46317008+brelkh@users.noreply.github.com\u003e","fileTypesAndContributionMap":{"functional-code":{"insertions":3,"deletions":1}}},{"hash":"37ae6fd6c8347973353936c71023f7ff468bfa5f","messageTitle":"Updated ModelManager.java","messageBody":"Changed the implementation of sortFilteredPersonList method.\n\nCo-authored-by: Brandon \u003c46317008+brelkh@users.noreply.github.com\u003e","fileTypesAndContributionMap":{"functional-code":{"insertions":1,"deletions":1}}}]},{"date":"2022-03-12","commitResults":[{"hash":"97c3261244b5ca20d729d8173c664be01e8c6b4e","messageTitle":"Implemented Assign Command.","messageBody":"Added AssignCommand, AssignCommandParser, Task, TaskList,\nDuplicateTaskFoundException files to implement the command.\n\nAdditionally, modified related files, to include Assign feature.\n","fileTypesAndContributionMap":{"functional-code":{"insertions":517,"deletions":1}}},{"hash":"56b52c202bb797edf72a7648b845188f832daaf0","messageTitle":"Fixed Assign Command Bugs.","messageBody":"Previously, the assign command did not reflect in the displayed person\nlist dynamically. Modified the implementation of\nUniquePersonList#assignTaskToPerson method found under\nseedu.address.model.person, to fix the bug.\n\nAdditionally. included a private overloaded constructor for Person class\n for convenience.\n","fileTypesAndContributionMap":{"functional-code":{"insertions":43,"deletions":13}}}]},{"date":"2022-03-13","commitResults":[{"hash":"b5a404d59082e3559b7f27547260e90d1131bf4b","messageTitle":"Bugs fixed for CI and added suggested changes.","messageBody":"","fileTypesAndContributionMap":{"functional-code":{"insertions":11,"deletions":8},"docs":{"insertions":23,"deletions":23}}},{"hash":"0dda3449c8e30c0cdd25f5b6d659b45c4bfee2f8","messageTitle":"Fixed checkstyle.","messageBody":"","fileTypesAndContributionMap":{"functional-code":{"insertions":13,"deletions":8}}}]}]},"authorFileTypeContributionMap":{"Benjykoh":{"docs":80,"functional-code":198,"test-code":0},"Korochii":{"docs":219,"functional-code":732,"test-code":4719},"brelkh":{"docs":80,"functional-code":3,"test-code":0,"other":1},"medajet":{"docs":73,"functional-code":196,"test-code":0},"Harish-coding":{"docs":64,"functional-code":616,"test-code":0}},"authorContributionVariance":{"Benjykoh":5773.348,"Korochii":3337132.0,"brelkh":214.61539,"medajet":1686.9186,"Harish-coding":12440.207},"authorDisplayNameMap":{"Benjykoh":"CS2103T-W09-4 BENJ.. JIE","Korochii":"CS2103T-W09-4 TERN..LONG","brelkh":"CS2103T-W09-4 BRAN..HENG","medajet":"CS2103T-W09-4 JET ..KIAT","Harish-coding":"CS2103T-W09-4 SARA..RISH"}}
