{"authorDailyContributionsMap":{"EvaderFati":[{"date":"2022-02-24","commitResults":[{"hash":"1d18939d374aa9b11d96b1c44754a34283a8cf58","messageTitle":"Update command summary in the User Guide","messageBody":"Indicate command format and examples for add, delete and list.\n\nRemove AB3 command summary of \u0027clear\u0027, \u0027edit\u0027, \u0027find\u0027 and \u0027help\u0027\nactions.\n","fileTypesAndContributionMap":{"docs":{"insertions":3,"deletions":7}}}]},{"date":"2022-03-01","commitResults":[{"hash":"4dbf1303f7e415a6f984c254fc13f52a125d6294","messageTitle":"Update UserGuide and upload profile picture","messageBody":"Use pure HTML instead of mixing it with GitHub Favoured Markdown for\ncommand summary\n\nRemove viewing help, editing entries, locating entries and clearing\nall entries since they will not be implemented in v1.2\n\nUpload a profile picture and update the corresponding AboutUs page.\n","fileTypesAndContributionMap":{"docs":{"insertions":92,"deletions":57}}},{"hash":"b2a73c81e7a97197135a4d658dcf16722c284e04","messageTitle":"Update NFR and Glossary in DeveloperGuide","messageBody":"","fileTypesAndContributionMap":{"docs":{"insertions":12,"deletions":3}}}]},{"date":"2022-03-02","commitResults":[{"hash":"0d0f02d26377a7f824e32926d1798559d85760f0","messageTitle":"Rename profile photo","messageBody":"","fileTypesAndContributionMap":{"docs":{"insertions":1,"deletions":1}}}]},{"date":"2022-03-09","commitResults":[{"hash":"f15a6fe76bd083a25b9361f09adb4cac1c7354da","messageTitle":"Implement \u0027Add\u0027 and \u0027Delete\u0027 command","messageBody":"- Refactor the previous AB3 add and delete command classes to\n  AddAB3Command and DeleteAB3Command repectively. Refactor the previous\n  abtract Command class to AB3Command.\n\n- Write a new AddCommand and DeleteCommand class which both extend the\n  new Command class. These to classes are able to add and delete\n  student/module/class group from TAssist.\n","fileTypesAndContributionMap":{"functional-code":{"insertions":275,"deletions":89},"other":{"insertions":42,"deletions":42},"test-code":{"insertions":18,"deletions":18}}}]},{"date":"2022-03-11","commitResults":[{"hash":"48ba9af8c47b558635b0708dbfc649e735e000bb","messageTitle":"Implement ListCommand and update command parsers","messageBody":"- Update ParserUtil to parser name, email and phone of a student rather\n  than a person. Add methods to parse module name, module code, academic\n  year, module index, class group id and class group type.\n\n- List the students, modules or class groups based on the EntityType\n  passed into ListCommand class.\n\n- Refractor previous ListCommand.java, Parser.java,\n  AddCommandParser.java, DeleteCommandParser.java to\n  ListAB3Command.java, AB3Parser.java, AddAB3CommandParser.java and\n  DeleteAB3CommandParser.java respectively.\n\n- Implement Parser\u003cT\u003e interface to with a method parse that takes in a\n  String of user input and Model as parameters and returns the generic\n  type T. (It takes in a model because to add a class group, we need to\n  find its module by the index provided by users, and the only way to\n  get the corresponding module is using the getFilteredModuleList()\n  method in Model class).\n\n- Update parseCommand() method in TaAssistParser to include a Model as a\n  parameter due to the same reason as above. Remove unnecessary commands\n  in the switch clause.\n\n- Add TYPE_STUDENT, TYPE_MODULE and TYPE_CLASS to CliSyntax for command\n  parsing.\n","fileTypesAndContributionMap":{"functional-code":{"insertions":428,"deletions":85},"other":{"insertions":21,"deletions":42},"test-code":{"insertions":7,"deletions":7}}}]},{"date":"2022-03-14","commitResults":[{"hash":"b95734c389745f63c0c77115073400c758baa5fa","messageTitle":"Add student using telegram instead of phone","messageBody":"- Remove ab3model when initializing LogicManager.\n\n- Update UserGuide of the add student command.\n\n- Update AddCommandParser to parser the string to Optional\u003cTelegram\u003e\n","fileTypesAndContributionMap":{"functional-code":{"insertions":32,"deletions":328},"docs":{"insertions":1,"deletions":1}}},{"hash":"8684ea94f957e3bdc6b9b778a9d3da7f69e4b8de","messageTitle":"Update import section to match the guideline","messageBody":"","fileTypesAndContributionMap":{"functional-code":{"insertions":44,"deletions":16}}},{"hash":"4def0cb3cd52c1b93f2b4319cc3ed1190af03dcf","messageTitle":"Update import section to match the guideline","messageBody":"","fileTypesAndContributionMap":{"functional-code":{"insertions":81,"deletions":68}}},{"hash":"c51d02ad2d021713673743f0259c9c300e5f43b6","messageTitle":"Fix import style","messageBody":"","fileTypesAndContributionMap":{"functional-code":{"insertions":8,"deletions":5}}},{"hash":"5bf04ca237f78593952a212ff6568950b867a628","messageTitle":"Delete unused testcase","messageBody":"","fileTypesAndContributionMap":{"test-code":{"insertions":7,"deletions":678}}}]},{"date":"2022-03-15","commitResults":[{"hash":"bc24fc1b3f998b83cee9fb28766bdef47360afe1","messageTitle":"Fix bugs and update clear and exit command","messageBody":"- Update UserGuide for the TELEGRAM_ID prefix as \u0027t/\u0027 instead of \u0027p/\u0027\n\n- Fix the typo in DeleteCommand to delete the correct entity.\n\n- Implement simple clear and exit command for users to clear all the\n  data in TAssist and exit the program by command line.\n","fileTypesAndContributionMap":{"functional-code":{"insertions":21,"deletions":19},"docs":{"insertions":2,"deletions":2},"test-code":{"insertions":4,"deletions":4}}},{"hash":"7ffe9b90a4f6ef3bad21457344668e8a4e34e018","messageTitle":"Fix clear and exit command testcase issues","messageBody":"","fileTypesAndContributionMap":{"functional-code":{"insertions":7,"deletions":1},"test-code":{"insertions":41,"deletions":15}}},{"hash":"95205eb3b31959049ce1bb48657a08c0d2ccfb47","messageTitle":"Fix typos","messageBody":"","fileTypesAndContributionMap":{"functional-code":{"insertions":2,"deletions":2}}},{"hash":"8cadd83837df9cf503e242645e16d7ca6b184f78","messageTitle":"Fix typos and update error message","messageBody":"","fileTypesAndContributionMap":{"functional-code":{"insertions":12,"deletions":10}}},{"hash":"9859771eceebd9434554e889673c5f186453e7bb","messageTitle":"Resolve conflicts after changing error messages.","messageBody":"","fileTypesAndContributionMap":{"functional-code":{"insertions":4,"deletions":2}}}]},{"date":"2022-03-21","commitResults":[{"hash":"a8c225fd8c7d26daa309266c8c203fd1f92d0dd9","messageTitle":"Add @@author tags","messageBody":"","fileTypesAndContributionMap":{"functional-code":{"insertions":13,"deletions":0}}},{"hash":"fd9f1e7e407d91fdacd6667efb3971adb7fb767a","messageTitle":"Update delete command","messageBody":"- When deleting a TAModule, delete all the classGroups that tie to it.\n","fileTypesAndContributionMap":{"functional-code":{"insertions":22,"deletions":0}}}]},{"date":"2022-03-22","commitResults":[{"hash":"6b924147ddbfb7dc7c79298a1fe54b4cf8211a60","messageTitle":"Consolidate the cascading delete at TAssist","messageBody":"","fileTypesAndContributionMap":{"functional-code":{"insertions":17,"deletions":21}}},{"hash":"17a76db223399bc3bf8f163ca2350585209f8c03","messageTitle":"Update javadoc and import","messageBody":"","fileTypesAndContributionMap":{"functional-code":{"insertions":3,"deletions":2}}}]},{"date":"2022-03-23","commitResults":[{"hash":"31e7f2c1711dc66c29112b2831d50fc0ec834f5b","messageTitle":"Add List Command to DG","messageBody":"","fileTypesAndContributionMap":{"docs":{"insertions":188,"deletions":0}}},{"hash":"e93cce99d60f17338eb2c9a289d5f0d622d12a34","messageTitle":"Add newline at EOF","messageBody":"","fileTypesAndContributionMap":{"docs":{"insertions":4,"deletions":4}}},{"hash":"6424417f373c6d6ff11752ab94465bc051f17e7e","messageTitle":"Fix typo","messageBody":"","fileTypesAndContributionMap":{"docs":{"insertions":1,"deletions":1}}},{"hash":"f293574240fed0cc7c5a86f5e25637fe75360d30","messageTitle":"Fix typo","messageBody":"","fileTypesAndContributionMap":{"docs":{"insertions":1,"deletions":1}}},{"hash":"2fd55d03957f422fc7a302b8a3cd1de9945ec265","messageTitle":"Update state diagram","messageBody":"- Use ModelManager instead of TAssist to show that student beyond the\n  filtering criteria are invisible to users after the list command.\n","fileTypesAndContributionMap":{"docs":{"insertions":3,"deletions":28}}}]},{"date":"2022-03-24","commitResults":[{"hash":"269bd57baceaa51d13fef348abb57cc59f176741","messageTitle":"Update DG for mark/unmark","messageBody":"- Fix typo in list state diagram.\n\n- Update mark/umark sequence diagram with model. Modify the activation\n  bar of ParserUtil.\n","fileTypesAndContributionMap":{"docs":{"insertions":42,"deletions":3}}}]},{"date":"2022-03-25","commitResults":[{"hash":"0c5f06a031bd5270f65ff8b08f5c910a0ab86e39","messageTitle":"Update mark/unmark state diagram and DG","messageBody":"","fileTypesAndContributionMap":{"docs":{"insertions":26,"deletions":33}}}]},{"date":"2022-03-29","commitResults":[{"hash":"446452b34475fdd749cc4d19437a5b53922bb6f5","messageTitle":"Add mark and unmark feature","messageBody":"- Update weekId to accept the value between 1 and 13 inclusive rather\n  than 1 and 12 inclusive.\n\n- Update ClassGroup to initialize a list of 13 lessons when a classGroup\n  is created.\n\n- Implement markAttendance and unmarkAttendance method in ClassGroup and\n  Lesson.\n","fileTypesAndContributionMap":{"functional-code":{"insertions":212,"deletions":22}}},{"hash":"b4e11959edb3c124316a95e74adf232a46864755","messageTitle":"Fix bugs and add author tags.","messageBody":"- Use String.equals() instead of \u003d\u003d operator\n","fileTypesAndContributionMap":{"functional-code":{"insertions":3,"deletions":1}}},{"hash":"5b3ec975e0d169e480ae44ff6f62b54d7abd9eaf","messageTitle":"Use Boolean instead of String for Attendance","messageBody":"","fileTypesAndContributionMap":{"functional-code":{"insertions":7,"deletions":17}}},{"hash":"53d221b621d8e7763e780a0a1a2a47d560edffb0","messageTitle":"Remove unused import","messageBody":"","fileTypesAndContributionMap":{"functional-code":{"insertions":0,"deletions":1}}},{"hash":"ff6b71006aca4f4fa13b7f6c57fd481c6fd448f7","messageTitle":"Update student attendance when enrolling or disenrolling","messageBody":"","fileTypesAndContributionMap":{"functional-code":{"insertions":33,"deletions":22}}},{"hash":"51d0e8046c20a18c00de5a8df8ff45e8b4775792","messageTitle":"Update JavaDoc","messageBody":"","fileTypesAndContributionMap":{"functional-code":{"insertions":11,"deletions":1}}}]},{"date":"2022-03-31","commitResults":[{"hash":"1a30f2abccb435debc321402c7c8590bd9ad01bb","messageTitle":"Fix mark/unmark bug and add prompt","messageBody":"- Fix the typo of field `value` in `Attendance` class to be final\n  instead of static.\n\n- Add prompt if mark/unmark students who are not enrolled in the\n  class group yet.\n","fileTypesAndContributionMap":{"functional-code":{"insertions":49,"deletions":24}}},{"hash":"29fe8809e4d9b86b2ce17b7fc6ac25290088ec94","messageTitle":"Update mark/unmark command UG","messageBody":"","fileTypesAndContributionMap":{"docs":{"insertions":16,"deletions":16}}},{"hash":"8ec68b9bb57544447014b0d87640a65527d7f5bc","messageTitle":"Update mark/unmark command DG","messageBody":"","fileTypesAndContributionMap":{"docs":{"insertions":3,"deletions":3}}}]}],"wxliong":[{"date":"2022-02-22","commitResults":[{"hash":"68ff0e97beea912a59c0b74a68f41b50adc05a8c","messageTitle":"Update project website","messageBody":"* Update AboutUs page\n* Update User Guide for add command\n* Update PPP\n","fileTypesAndContributionMap":{"docs":{"insertions":31,"deletions":17}}},{"hash":"647208540014a7b9427607a18472a7c8ae69cd04","messageTitle":"Update User Guide","messageBody":"","fileTypesAndContributionMap":{"docs":{"insertions":7,"deletions":7}}},{"hash":"915f668b879e41fa3700e29d92d82b54e64d43f6","messageTitle":"Fix User Guide formatting","messageBody":"","fileTypesAndContributionMap":{"docs":{"insertions":1,"deletions":1}}}]},{"date":"2022-03-01","commitResults":[{"hash":"6d05d9b9fdd4fcc614589ed2351f891452956080","messageTitle":"Update DG with use cases for Student","messageBody":"","fileTypesAndContributionMap":{"docs":{"insertions":67,"deletions":1}}}]},{"date":"2022-03-06","commitResults":[{"hash":"c3dc75bfc798aabf9a1ac3f948cf9d99bc2ca852","messageTitle":"Create model classes for Student, its attributes and UniqueStudentList","messageBody":"","fileTypesAndContributionMap":{"functional-code":{"insertions":551,"deletions":0}}},{"hash":"8956a0cc60099849b4ca174a6899fe19757ef0e4","messageTitle":"Remove tags in Student class","messageBody":"","fileTypesAndContributionMap":{"functional-code":{"insertions":4,"deletions":27}}},{"hash":"43ad7a9f8094ab0a45d5d35d15f998d860b9f780","messageTitle":"Fix checkstyle violation","messageBody":"","fileTypesAndContributionMap":{"functional-code":{"insertions":9,"deletions":9},"other":{"insertions":14,"deletions":14}}}]},{"date":"2022-03-12","commitResults":[{"hash":"d20d98eb3acb54ca6397b23a2e9f68be151ddd84","messageTitle":"Change phone number field to Telegram handle","messageBody":"- Telegram handle is an optional field\n- Update SampleDataUtil to include Telegram handle instead of Phone\n","fileTypesAndContributionMap":{"functional-code":{"insertions":88,"deletions":77}}},{"hash":"7a94359f83928cefd4797d397a4ad7619593246f","messageTitle":"Update minimum length of Telegram handle","messageBody":"","fileTypesAndContributionMap":{"functional-code":{"insertions":1,"deletions":1}}},{"hash":"640fa5dc52b3b246cfd5c6d3f69a58b8e56eb9db","messageTitle":"Fix JavaDocs","messageBody":"","fileTypesAndContributionMap":{"functional-code":{"insertions":1,"deletions":1}}},{"hash":"319b6e4d1b56c4726ba2e59c8c75daf1480b84f1","messageTitle":"Update documentation for Academic Year in UG","messageBody":"","fileTypesAndContributionMap":{"docs":{"insertions":14,"deletions":0}}},{"hash":"765a6d933511e2e0e0825a5db005dedf3ea0b727","messageTitle":"Create JsonAdaptedStudent for storage component","messageBody":"","fileTypesAndContributionMap":{"functional-code":{"insertions":89,"deletions":0}}},{"hash":"30a895a8e4278fece312b373cbb5c52b1058a8c0","messageTitle":"Fix CheckStyle violations","messageBody":"","fileTypesAndContributionMap":{"functional-code":{"insertions":3,"deletions":2}}},{"hash":"ce8fac0357ebe4abd4ac88967fe6623c41d85b61","messageTitle":"Update retrieving of Telegram value","messageBody":"","fileTypesAndContributionMap":{"functional-code":{"insertions":1,"deletions":1}}}]},{"date":"2022-03-13","commitResults":[{"hash":"10ac6f78ee7aacee81124086a7b8e1f22490adde","messageTitle":"Fix optional Telegram handle value","messageBody":"","fileTypesAndContributionMap":{"functional-code":{"insertions":10,"deletions":9}}}]},{"date":"2022-03-21","commitResults":[{"hash":"53ec16133125faeee9ec7ad3b5a762eb4b9cc687","messageTitle":"Add \u0027add\u0027 and \u0027enrol\u0027 feature in DG","messageBody":"- Remove ParseUtil from AddSequenceDiagram to make things more\ngeneric\n- Add authorship to previous codes\n","fileTypesAndContributionMap":{"functional-code":{"insertions":8,"deletions":0},"docs":{"insertions":230,"deletions":1}}},{"hash":"4a8c540b34b68e5a7adee930748114c3aea152db","messageTitle":"Update enrol feature in DG","messageBody":"","fileTypesAndContributionMap":{"docs":{"insertions":1,"deletions":1}}}]},{"date":"2022-03-22","commitResults":[{"hash":"a48319d3736a3ebe07d4bae1ca9fe39adf15f1ba","messageTitle":"Update add feature in DG","messageBody":"","fileTypesAndContributionMap":{"docs":{"insertions":6,"deletions":10}}},{"hash":"69eeba3e64a1041e0175179c8b7992d4bbbb0dc3","messageTitle":"Update regex for STUDENT_ID in StudentId class","messageBody":"","fileTypesAndContributionMap":{"functional-code":{"insertions":1,"deletions":1}}},{"hash":"88077cc47d670d3d1f570f4c66d96998ce7fe8b0","messageTitle":"Update state diagram for add feature in DG","messageBody":"","fileTypesAndContributionMap":{"docs":{"insertions":4,"deletions":2}}},{"hash":"c9210ddac1cb1515ba0782e73842b3c32432c8eb","messageTitle":"Update state diagram for enrol feature in DG","messageBody":"","fileTypesAndContributionMap":{"docs":{"insertions":1,"deletions":1}}},{"hash":"6a4f79d2f511bd9ac8ae27643c9bec87e761bf6b","messageTitle":"Update sequence diagram and minor typos in DG","messageBody":"","fileTypesAndContributionMap":{"docs":{"insertions":18,"deletions":4}}}]},{"date":"2022-03-23","commitResults":[{"hash":"034a9349510fb6264fcb48950cb075d1773590da","messageTitle":"Update enrol feature and state diagram in DG","messageBody":"","fileTypesAndContributionMap":{"docs":{"insertions":3,"deletions":1}}},{"hash":"4f1890be0d11fa894f43d86ce51d1ec6e28bcd3b","messageTitle":"Fix typo in DG","messageBody":"","fileTypesAndContributionMap":{"docs":{"insertions":1,"deletions":1}}}]},{"date":"2022-03-25","commitResults":[{"hash":"723d1bbb40696ffb6a9b832552492e8b75c2fba9","messageTitle":"Update enrol state diagram in DG","messageBody":"","fileTypesAndContributionMap":{"docs":{"insertions":3,"deletions":3}}}]},{"date":"2022-03-28","commitResults":[{"hash":"04200060b6ec890f92637f1e54ee1a2045645b83","messageTitle":"Add enrol and disenrol feature","messageBody":"- Update JavaDocs for UniqueStudentList class\n","fileTypesAndContributionMap":{"functional-code":{"insertions":163,"deletions":11}}},{"hash":"b39ed57068da088be83d97cdecaf12888d963c4d","messageTitle":"Update constructor for both ClassGroup and TaModule class","messageBody":"","fileTypesAndContributionMap":{"functional-code":{"insertions":4,"deletions":4}}},{"hash":"14730ba89c2933ef6906d429e07493c1afc57f87","messageTitle":"Update find feature","messageBody":"","fileTypesAndContributionMap":{"functional-code":{"insertions":14,"deletions":5}}},{"hash":"70a6c4d1c1d2f1e1c8adb69a2d5df27f6d662c69","messageTitle":"Fix checkstyle violation","messageBody":"","fileTypesAndContributionMap":{"functional-code":{"insertions":1,"deletions":1}}},{"hash":"fdc2b0a8f38a015d81388ba543f99637461e6730","messageTitle":"Update message output for find command","messageBody":"","fileTypesAndContributionMap":{"functional-code":{"insertions":2,"deletions":1}}}]},{"date":"2022-03-30","commitResults":[{"hash":"a439bfa38be6abf317f78a19014ae7ff4ce320cf","messageTitle":"Update UG","messageBody":"","fileTypesAndContributionMap":{"docs":{"insertions":1,"deletions":1}}},{"hash":"b0a27040cfec93266157a2ed3983f35228419c2b","messageTitle":"Test commit to team\u0027s branch-docs","messageBody":"","fileTypesAndContributionMap":{"docs":{"insertions":1,"deletions":1}}}]},{"date":"2022-03-31","commitResults":[{"hash":"426e75bbc210a965c73fb89ea2e68c79aea5b6ea","messageTitle":"Fix misc bugs","messageBody":"","fileTypesAndContributionMap":{"functional-code":{"insertions":16,"deletions":10}}},{"hash":"0c569430c1c08ffc80520c27d1f5ecaa95713566","messageTitle":"Remove unneccessary code from Delete","messageBody":"","fileTypesAndContributionMap":{"functional-code":{"insertions":4,"deletions":4}}},{"hash":"81ca5a9184267f1bbe7d9d958299a2464c180d3e","messageTitle":"Remove method from Delete","messageBody":"","fileTypesAndContributionMap":{"functional-code":{"insertions":0,"deletions":4}}},{"hash":"618af4b8552a231833b5b1b3419dae43477e3d11","messageTitle":"Update find command to change tab upon execution\\","messageBody":"","fileTypesAndContributionMap":{"functional-code":{"insertions":3,"deletions":2}}},{"hash":"1baa8d9586105bb4fc116b919daec09d512534a2","messageTitle":"Solve grade parser bug","messageBody":"","fileTypesAndContributionMap":{"functional-code":{"insertions":7,"deletions":1}}},{"hash":"f444a732015a04e7a32f6fafd7c23efcab988e42","messageTitle":"Update UI for absentees","messageBody":"","fileTypesAndContributionMap":{"functional-code":{"insertions":3,"deletions":4}}},{"hash":"cd2e377860c567ddecb014b45b7f95c84062ba3c","messageTitle":"Fix disenrol command","messageBody":"","fileTypesAndContributionMap":{"functional-code":{"insertions":2,"deletions":1}}}]},{"date":"2022-04-01","commitResults":[{"hash":"95fa7451dd7e77b0248f7a08c812c5282606d5b8","messageTitle":"update parser","messageBody":"","fileTypesAndContributionMap":{"functional-code":{"insertions":14,"deletions":4}}},{"hash":"c3480e7eaa76f1e90d9626f85664857502e9b61b","messageTitle":"Fix bug in remove student","messageBody":"","fileTypesAndContributionMap":{"functional-code":{"insertions":4,"deletions":2}}},{"hash":"a585389f13b5c9ae6f0545de0af424caaf5bfaf0","messageTitle":"Reorder student delete process","messageBody":"","fileTypesAndContributionMap":{"functional-code":{"insertions":3,"deletions":2}}},{"hash":"2d9a5fcb93403f4ec9a622fa17f6ca6c481695fd","messageTitle":"Update check attendance to check absentees","messageBody":"","fileTypesAndContributionMap":{"functional-code":{"insertions":2,"deletions":2}}},{"hash":"e6a8151654c2e5c8073023b89bf099cec6f47e42","messageTitle":"Fix checkstyle","messageBody":"","fileTypesAndContributionMap":{"functional-code":{"insertions":1,"deletions":3}}},{"hash":"94ad42ee659bb03dc2a23327913e0b8dc931815c","messageTitle":"Update simple name description","messageBody":"","fileTypesAndContributionMap":{"docs":{"insertions":1,"deletions":1}}},{"hash":"42f82cc913dab8286f544bea8e7097c612080819","messageTitle":"Fix minor typo and rearrange UG","messageBody":"","fileTypesAndContributionMap":{"docs":{"insertions":30,"deletions":26}}},{"hash":"5615f064799e593fa977b2519426cf777f25346f","messageTitle":"Remove gap between feature and add","messageBody":"","fileTypesAndContributionMap":{"docs":{"insertions":0,"deletions":1}}}]},{"date":"2022-04-04","commitResults":[{"hash":"9e50a89a24dcb887517620e48951bbfbb45e5943","messageTitle":"Fix PE-D bugs","messageBody":"-Update name in ParserUtilTest to pass Gradle\n","fileTypesAndContributionMap":{"functional-code":{"insertions":43,"deletions":32},"test-code":{"insertions":1,"deletions":1}}}]}],"Gernene":[{"date":"2022-02-25","commitResults":[{"hash":"456720fd93dee253e4e88c8b6e52ddd82e1c9af9","messageTitle":"Update user profile, value proposition, and stories","messageBody":"","fileTypesAndContributionMap":{"docs":{"insertions":183,"deletions":7}}},{"hash":"bc577bf13f357aab058be37fc23b77fdbcf85800","messageTitle":"Update docs with profile picture","messageBody":"","fileTypesAndContributionMap":{"docs":{"insertions":1,"deletions":1}}}]},{"date":"2022-03-01","commitResults":[{"hash":"7c669998783c437147e82aa7c345a35bff235ea0","messageTitle":"Update list command in user guide","messageBody":"","fileTypesAndContributionMap":{"docs":{"insertions":15,"deletions":3}}}]},{"date":"2022-03-03","commitResults":[{"hash":"bc1b379a691b989ddabb5f4b752c210a89f36581","messageTitle":"Create multiple list views","messageBody":"","fileTypesAndContributionMap":{"functional-code":{"insertions":441,"deletions":4}}}]},{"date":"2022-03-04","commitResults":[{"hash":"a1e875e505b7fb1c38688ded64a99a12ef3f6ba3","messageTitle":"Remove button borders","messageBody":"","fileTypesAndContributionMap":{"functional-code":{"insertions":4,"deletions":0},"docs":{"insertions":0,"deletions":591}}},{"hash":"9affc091501d7e9075493113b3173bc2a25fec98","messageTitle":"Style UI list buttons","messageBody":"","fileTypesAndContributionMap":{"functional-code":{"insertions":11,"deletions":2},"other":{"insertions":696,"deletions":0}}},{"hash":"f8f4ccf338d0526e2f8290c0bcaadef71b85550e","messageTitle":"Ignore bin directory","messageBody":"","fileTypesAndContributionMap":{"other":{"insertions":0,"deletions":696}}},{"hash":"c9cb6009d0cfcb84b5470350319c585de77d9022","messageTitle":"Import HBox in MainWindow.java","messageBody":"","fileTypesAndContributionMap":{"functional-code":{"insertions":1,"deletions":0}}},{"hash":"29d59d4a9b421c76982659066a70d2063047df7d","messageTitle":"Add back developer guide","messageBody":"","fileTypesAndContributionMap":{"docs":{"insertions":553,"deletions":0}}},{"hash":"68246df2bdeac5ffdfeebbb8da9384fb4fee7016","messageTitle":"Revert developer guide","messageBody":"","fileTypesAndContributionMap":{"docs":{"insertions":203,"deletions":27}}},{"hash":"df8bea6280f2321b5a2c4a891ab23ece53de46c8","messageTitle":"Revert developer guide","messageBody":"","fileTypesAndContributionMap":{"docs":{"insertions":10,"deletions":148}}}]},{"date":"2022-03-09","commitResults":[{"hash":"2fc9577e876c5af203645995c0f398502e91ee97","messageTitle":"Plug ClassGroup and TaModule models into UI code","messageBody":"","fileTypesAndContributionMap":{"functional-code":{"insertions":26,"deletions":42}}},{"hash":"4357d08f74ff5321393b3ab8d2c9550ed4ca1e52","messageTitle":"Customize views for ClassGroup and TaModule lists","messageBody":"","fileTypesAndContributionMap":{"functional-code":{"insertions":18,"deletions":28}}},{"hash":"c9afe749453ae7cca761f33767e420efab8e2adb","messageTitle":"Remove dummy ClassGroup interface","messageBody":"","fileTypesAndContributionMap":{"functional-code":{"insertions":0,"deletions":5}}}]},{"date":"2022-03-11","commitResults":[{"hash":"d0d91d11bfe1020f91e4dc4167f642b0a8b9a9cc","messageTitle":"Add sample data","messageBody":"","fileTypesAndContributionMap":{"functional-code":{"insertions":149,"deletions":18}}}]},{"date":"2022-03-12","commitResults":[{"hash":"78a483ca4d9f21267f3dbaeefb424f5f1cd7a2ed","messageTitle":"Replace Person UI components with Student","messageBody":"","fileTypesAndContributionMap":{"functional-code":{"insertions":69,"deletions":68},"other":{"insertions":18,"deletions":27}}},{"hash":"5ce9b116b94b2ed83ed31b4c657fcd302805ef32","messageTitle":"Fix tests","messageBody":"","fileTypesAndContributionMap":{"test-code":{"insertions":26,"deletions":3}}}]},{"date":"2022-03-13","commitResults":[{"hash":"0ba2055f8df7aa5dfb10f7b0ffc3ca1920fa042c","messageTitle":"Remove some unneeded changes to SampleDataUtil","messageBody":"","fileTypesAndContributionMap":{"functional-code":{"insertions":0,"deletions":6}}},{"hash":"63e1671af9dec8f93d104713b42cf508fb47a933","messageTitle":"Change phone to telegram","messageBody":"","fileTypesAndContributionMap":{"functional-code":{"insertions":3,"deletions":3}}}]},{"date":"2022-03-17","commitResults":[{"hash":"1918083b2d30c614bf4eb45263aca6b556fd6b8d","messageTitle":"Add test utils for common classes","messageBody":"","fileTypesAndContributionMap":{"test-code":{"insertions":350,"deletions":0}}},{"hash":"599885f69d546261805365190b66bbd780fb3cbb","messageTitle":"Update test util","messageBody":"","fileTypesAndContributionMap":{"test-code":{"insertions":10,"deletions":2}}},{"hash":"54ca310a1b56ec88edc7eaac966d67a9a713a16c","messageTitle":"Remove whitespace","messageBody":"","fileTypesAndContributionMap":{"test-code":{"insertions":1,"deletions":1}}},{"hash":"8332f498433fdd3317e2187b0c4266e1fbce4afa","messageTitle":"Appease checkstyle","messageBody":"","fileTypesAndContributionMap":{"test-code":{"insertions":5,"deletions":3}}}]},{"date":"2022-03-21","commitResults":[{"hash":"d429f17cab8201242acc70c9e4f71454af067671","messageTitle":"Fix ui tabs","messageBody":"","fileTypesAndContributionMap":{"functional-code":{"insertions":5,"deletions":2}}}]},{"date":"2022-03-24","commitResults":[{"hash":"80fbcdf06917ccb742d7fb926b70b44ca83bb442","messageTitle":"Update DG with MarkUnmark command","messageBody":"","fileTypesAndContributionMap":{"docs":{"insertions":190,"deletions":0}}},{"hash":"1e0f4335c379d9d420a57a9784392c6e80adf61a","messageTitle":"Fix diagram image paths","messageBody":"","fileTypesAndContributionMap":{"docs":{"insertions":3,"deletions":3}}},{"hash":"c3cc6539f0fa2a2f0d6484e27c69b92bb171c4e1","messageTitle":"Fix small typos","messageBody":"","fileTypesAndContributionMap":{"docs":{"insertions":2,"deletions":2}}},{"hash":"020e1a47704fd19274760e1051b21ebd550b94d2","messageTitle":"Change ID to index","messageBody":"","fileTypesAndContributionMap":{"docs":{"insertions":3,"deletions":3}}},{"hash":"6a1485357410d35d4f1a713fdc91f8e70d0b386f","messageTitle":"Update UI section","messageBody":"","fileTypesAndContributionMap":{"docs":{"insertions":8,"deletions":6}}},{"hash":"cb9a1a8e671de512159d4aede6e14e32838a753e","messageTitle":"Tweak minor details","messageBody":"","fileTypesAndContributionMap":{"docs":{"insertions":4,"deletions":2}}}]},{"date":"2022-03-28","commitResults":[{"hash":"dbbca154fcf9e716b3bc3517179fc2ef1b0f2802","messageTitle":"Add filtering to list command logic","messageBody":"","fileTypesAndContributionMap":{"functional-code":{"insertions":69,"deletions":5}}}]},{"date":"2022-03-29","commitResults":[{"hash":"9208058eac6396494e2717a63735d4bb4373415d","messageTitle":"Make list command more defensive","messageBody":"","fileTypesAndContributionMap":{"functional-code":{"insertions":86,"deletions":30}}},{"hash":"c2a280ed99d5156a8a9fca16e1f5f04809589ac9","messageTitle":"Update naming","messageBody":"","fileTypesAndContributionMap":{"functional-code":{"insertions":9,"deletions":2}}},{"hash":"91f9b0deb3f991fbc4932715419c7edca197cd5f","messageTitle":"Fix checkstyle","messageBody":"","fileTypesAndContributionMap":{"functional-code":{"insertions":7,"deletions":7}}},{"hash":"6ca735d766f015dcfbf392c14d3bb566c7ec4fe5","messageTitle":"Update list command","messageBody":"","fileTypesAndContributionMap":{"functional-code":{"insertions":54,"deletions":17}}},{"hash":"e492f69ec272cd37a73944a3a81df5f64a11cb06","messageTitle":"Fix checkstyle","messageBody":"","fileTypesAndContributionMap":{"functional-code":{"insertions":2,"deletions":2}}},{"hash":"25ea2f1163e9158323460d97c01e8b78e5e6719e","messageTitle":"Add lesson attendance ui","messageBody":"","fileTypesAndContributionMap":{"functional-code":{"insertions":237,"deletions":0}}}]},{"date":"2022-03-30","commitResults":[{"hash":"078ffdad1e10bd3dc199e1b5350695f08cb64855","messageTitle":"Add ui for assessments","messageBody":"","fileTypesAndContributionMap":{"functional-code":{"insertions":461,"deletions":10},"test-code":{"insertions":176,"deletions":0}}},{"hash":"26da8d21c018fddfcda128d77cd133c604fd13b4","messageTitle":"Fix errors","messageBody":"","fileTypesAndContributionMap":{"functional-code":{"insertions":9,"deletions":2}}},{"hash":"ebccb60ab30eceb2737319848ed61cb98ab0ef2d","messageTitle":"Update storage","messageBody":"","fileTypesAndContributionMap":{"functional-code":{"insertions":211,"deletions":5}}},{"hash":"3c8cd68ae8a633293e7d72161d658f292ffb1872","messageTitle":"Revert JsonSerializableTAssist","messageBody":"","fileTypesAndContributionMap":{"functional-code":{"insertions":1,"deletions":17}}},{"hash":"2a609456289c49f43065e9222259154856f27231","messageTitle":"Fix ui windows","messageBody":"","fileTypesAndContributionMap":{"functional-code":{"insertions":29,"deletions":14}}}]},{"date":"2022-03-31","commitResults":[{"hash":"b3188911d2b8bff984bf011696216b20fd2d35bd","messageTitle":"Pass checkstyle","messageBody":"","fileTypesAndContributionMap":{"functional-code":{"insertions":12,"deletions":29}}},{"hash":"d0f73e7d64164613b07e706a936079d8b5db5851","messageTitle":"Style UI","messageBody":"","fileTypesAndContributionMap":{"functional-code":{"insertions":134,"deletions":136}}},{"hash":"68999eb71d7cc31963cf311fe4550daec6bfed77","messageTitle":"Remove random test","messageBody":"","fileTypesAndContributionMap":{"test-code":{"insertions":0,"deletions":176}}},{"hash":"740add8d38886ad5cd5bcaaa18d350b8c017ad50","messageTitle":"Tweak typography","messageBody":"","fileTypesAndContributionMap":{"functional-code":{"insertions":16,"deletions":15}}},{"hash":"de78079c2e367d536a12672ce8cf0418af4af370","messageTitle":"Display academic year","messageBody":"","fileTypesAndContributionMap":{"functional-code":{"insertions":8,"deletions":0}}},{"hash":"d32040dab3090025803945a77065354d8d1929c6","messageTitle":"Add grade","messageBody":"","fileTypesAndContributionMap":{"functional-code":{"insertions":1,"deletions":1}}},{"hash":"3035efcc2147683bb3097c78a8ac955f64a22fdb","messageTitle":"Remove test logs","messageBody":"","fileTypesAndContributionMap":{"functional-code":{"insertions":0,"deletions":1}}},{"hash":"7b0e26c01acaaa5a8e236a1f007369823236798f","messageTitle":"Fix weekid bug","messageBody":"","fileTypesAndContributionMap":{"functional-code":{"insertions":1,"deletions":1}}},{"hash":"c80c79fcf6d191edd04c59f89eb443c1da7e4d32","messageTitle":"Fix alignment","messageBody":"","fileTypesAndContributionMap":{"functional-code":{"insertions":2,"deletions":2}}}]}],"jxt00":[{"date":"2022-02-22","commitResults":[{"hash":"d6c891121ff89d26f64c83a7706231d149afe6e4","messageTitle":"Update AboutUs with picture and roles","messageBody":"","fileTypesAndContributionMap":{"docs":{"insertions":1,"deletions":1}}},{"hash":"6744e16fefbd5f3ca5ca617ca6bb4805a2c132c1","messageTitle":"Update ‘delete’ command in the User Guide","messageBody":"","fileTypesAndContributionMap":{"docs":{"insertions":33,"deletions":9}}},{"hash":"9b99ae10af745cb7e1bfee772a700fb6af6e8aa3","messageTitle":"Update AboutUs responsibilities","messageBody":"","fileTypesAndContributionMap":{"docs":{"insertions":3,"deletions":3}}}]},{"date":"2022-02-23","commitResults":[{"hash":"d9316eeda32cc5b2152d610929c132e8cbe244f5","messageTitle":"Change all instances of \u0027lesson\u0027 to \u0027class group\u0027","messageBody":"","fileTypesAndContributionMap":{"docs":{"insertions":12,"deletions":12}}},{"hash":"27cc497ac8811ed45128d74b5aac940d9a8d0fb3","messageTitle":"Remove some traces of AB3 and put some features as coming soon","messageBody":"","fileTypesAndContributionMap":{"docs":{"insertions":17,"deletions":13}}}]},{"date":"2022-02-27","commitResults":[{"hash":"fbf0ed79d7054afb2c8a0160e0abb9d9137457c7","messageTitle":"Update DG with use cases for Class Group","messageBody":"","fileTypesAndContributionMap":{"docs":{"insertions":61,"deletions":23}}},{"hash":"148173b60726b05ccf3358dbaa88a94b016591c1","messageTitle":"Update extension index in DG","messageBody":"","fileTypesAndContributionMap":{"docs":{"insertions":12,"deletions":12}}}]},{"date":"2022-03-02","commitResults":[{"hash":"d3d6f1f29adc8a7e9eb3e708e451a2bc5579f3e5","messageTitle":"Fix use case naming convention in DG","messageBody":"","fileTypesAndContributionMap":{"docs":{"insertions":3,"deletions":3}}},{"hash":"38e664481779fba53efb87fd108536bd93924785","messageTitle":"Add precondition for use case in DG","messageBody":"","fileTypesAndContributionMap":{"docs":{"insertions":2,"deletions":0}}}]},{"date":"2022-03-03","commitResults":[{"hash":"0991327d0d5cdf7f1b6d45a6678952e6a246ee72","messageTitle":"Fix discrepancies in uses cases in DG","messageBody":"","fileTypesAndContributionMap":{"docs":{"insertions":12,"deletions":13}}}]},{"date":"2022-03-06","commitResults":[{"hash":"f628adeb841517e98cbf395e1da6fd2faf5bc619","messageTitle":"Add models for Class Group, its ID, type and module code","messageBody":"Currently,\n* ClassGroupId supports only numeric IDs e.g. 01, 11\n* ClassGroupType supports only alphabets e.g. LEC, TUT\n* ModuleCode supports only CS-coded modules e.g. CS2105, CS2103T\n","fileTypesAndContributionMap":{"functional-code":{"insertions":228,"deletions":0}}},{"hash":"65c289b231327d7396ec6576d24a485d206cadf7","messageTitle":"Add list class to manage Class Groups","messageBody":"Add some exception classes to handle invalid and duplicate\nclass groups\n","fileTypesAndContributionMap":{"functional-code":{"insertions":137,"deletions":0}}},{"hash":"3bb7cef26773049aef2123ba4c141a750e5ba01b","messageTitle":"Update ClassGroup to use Module\u0027s ModuleCode instead","messageBody":"Change ClassGroupType to an enum\n","fileTypesAndContributionMap":{"functional-code":{"insertions":9,"deletions":97}}},{"hash":"5ce99754f62edde85c3f4de63590e3995197c422","messageTitle":"Add SetClassGroup method to UniqueClassGroupList","messageBody":"Rename moduleCode and name to value\n","fileTypesAndContributionMap":{"functional-code":{"insertions":38,"deletions":18}}},{"hash":"9f7933e5aa525a8b057893d0ce87cc20af774509","messageTitle":"Add Recitation to ClassGroupType","messageBody":"","fileTypesAndContributionMap":{"functional-code":{"insertions":1,"deletions":0}}},{"hash":"15bebef3c083d3a12a9c1d66b03fd01a78c9be6f","messageTitle":"Add tests for ClassGroupId","messageBody":"","fileTypesAndContributionMap":{"test-code":{"insertions":37,"deletions":0}}},{"hash":"e0343e14abd8f40210a4e0dd2533ac15f682b67c","messageTitle":"Remove LECTURE from ClassGroupType","messageBody":"","fileTypesAndContributionMap":{"functional-code":{"insertions":0,"deletions":1}}},{"hash":"0bf5ee7ea69f722f8acee5fe7af2e246637f8e0d","messageTitle":"Update occurrences of Module to TaModule in UniqueModuleList","messageBody":"ModuleCode class: rename isValidName to isValidModuleCode\nModuleCode class: rename isValidName to isValidModuleName\n","fileTypesAndContributionMap":{"functional-code":{"insertions":18,"deletions":18}}},{"hash":"8b51787b4e4ce6241e47186ecd36c60b286f2d87","messageTitle":"Update ClassGroupId regex to support IDs like \u0027B01\u0027","messageBody":"Simple Javadoc changes.\n","fileTypesAndContributionMap":{"functional-code":{"insertions":9,"deletions":10}}},{"hash":"9df887674d57de89999f550baf572f9fae7f66b3","messageTitle":"Remove ClassGroupIdTest to pass checks","messageBody":"","fileTypesAndContributionMap":{"test-code":{"insertions":0,"deletions":37}}}]},{"date":"2022-03-07","commitResults":[{"hash":"14cb448853948c0f5b35248fa9cdb0d1056bfaf6","messageTitle":"Add tests for ClassGroupId","messageBody":"","fileTypesAndContributionMap":{"test-code":{"insertions":37,"deletions":0}}},{"hash":"00922ecd77dea5b955af9606be48b95375f00a8d","messageTitle":"Add tests for ClassGroup","messageBody":"","fileTypesAndContributionMap":{"test-code":{"insertions":143,"deletions":0}}},{"hash":"0c55c907ffe3914ba92d53f890f833bf8632b09a","messageTitle":"Add tests for UniqueClassGroupList","messageBody":"","fileTypesAndContributionMap":{"test-code":{"insertions":176,"deletions":0}}}]},{"date":"2022-03-08","commitResults":[{"hash":"b658d11d538a3612486e581f7a3b035c4cc877f9","messageTitle":"Update ACAD_YEAR for Module and types for ClassGroup in UG","messageBody":"","fileTypesAndContributionMap":{"docs":{"insertions":6,"deletions":4}}},{"hash":"bb5d406c676ccda94b254308dbce4fc991f223de","messageTitle":"Update use case for adding a Class Group in DG","messageBody":"","fileTypesAndContributionMap":{"docs":{"insertions":6,"deletions":5}}},{"hash":"6f9747a4c48dd796980622c51b585405310a3f0b","messageTitle":"Update add class group to use index instead of module code in UG","messageBody":"","fileTypesAndContributionMap":{"docs":{"insertions":4,"deletions":4}}},{"hash":"7e485a71ebf6c2a4ba26e298a7d528b1539387c5","messageTitle":"Change ClassGroup to use TaModule instead of ModuleCode","messageBody":"","fileTypesAndContributionMap":{"functional-code":{"insertions":11,"deletions":11}}},{"hash":"09777a2051c96af29b14b12efe50b4362a3ffa09","messageTitle":"Remove tests for ClassGroup and other dependencies","messageBody":"This is to allow the PR to pass the CI and be merged\nfor the time being.\n","fileTypesAndContributionMap":{"test-code":{"insertions":0,"deletions":311}}}]},{"date":"2022-03-09","commitResults":[{"hash":"cebb12caa047f30220560c3f3050cffcd7c8ca1e","messageTitle":"Change ACAD_YEAR to ACADEMIC_YEAR in UG","messageBody":"","fileTypesAndContributionMap":{"docs":{"insertions":2,"deletions":2}}}]},{"date":"2022-03-11","commitResults":[{"hash":"df63731734e91807ca9e8cc090e97794040d4576","messageTitle":"Add toString() to ClassGroupType","messageBody":"ClassGroup class : toString() prints Module\u0027s academic year as well\n","fileTypesAndContributionMap":{"functional-code":{"insertions":19,"deletions":6}}}]},{"date":"2022-03-12","commitResults":[{"hash":"53d60b24c7372a32e138e7b87d52d696a4fb388d","messageTitle":"Add storage for ClassGroup","messageBody":"","fileTypesAndContributionMap":{"functional-code":{"insertions":89,"deletions":0}}}]},{"date":"2022-03-13","commitResults":[{"hash":"4427660f000db3e637ebd682f2efcd096723651f","messageTitle":"Check that module exists already","messageBody":"","fileTypesAndContributionMap":{"functional-code":{"insertions":8,"deletions":1}}},{"hash":"8fe7921152f1fd8d5261f3cfe52997a30efb40d6","messageTitle":"Change exception message","messageBody":"","fileTypesAndContributionMap":{"functional-code":{"insertions":1,"deletions":2}}},{"hash":"17f1e6b9cee872a3b3389d0d04cf4383e4c5e88a","messageTitle":"Change error message to a constant","messageBody":"","fileTypesAndContributionMap":{"functional-code":{"insertions":2,"deletions":2}}}]},{"date":"2022-03-20","commitResults":[{"hash":"e58dc8e0ec9f86d45cf36f95ab4b1ae4aba092cd","messageTitle":"Add StudentAttendance and its attribute Attendance","messageBody":"","fileTypesAndContributionMap":{"functional-code":{"insertions":121,"deletions":0}}},{"hash":"64e295688e50eb27672680b813ef02d567ae6223","messageTitle":"Add Lesson and its attribute WeekId","messageBody":"","fileTypesAndContributionMap":{"functional-code":{"insertions":155,"deletions":0}}},{"hash":"88edf923cbe00704a87767092d5ad19f46768f4d","messageTitle":"Add author tags for ClassGroup, Lesson and StudentAttendance","messageBody":"","fileTypesAndContributionMap":{"functional-code":{"insertions":12,"deletions":0}}},{"hash":"84b44f97b3d53e4ad6035bd09d6b2287d77ceca1","messageTitle":"Update Module component in DG","messageBody":"* Add puml files for Student, TaModule and ClassGroup\n* ModelClassDiagram to be fixed at a later date\n","fileTypesAndContributionMap":{"docs":{"insertions":114,"deletions":49}}},{"hash":"bb9caaa719335d6533602fab7e6f33c7b2976d00","messageTitle":"Add implementation details for delete in DG","messageBody":"","fileTypesAndContributionMap":{"docs":{"insertions":110,"deletions":18}}},{"hash":"4b967a6c20fa2a87025aa5f4a8d41c01febe235a","messageTitle":"Fix whitespaces in UG and DG","messageBody":"","fileTypesAndContributionMap":{"docs":{"insertions":20,"deletions":5}}},{"hash":"a440fdcc159971b58029281bdcf11714c3952879","messageTitle":"Update ModelClassDiagram for DG","messageBody":"","fileTypesAndContributionMap":{"docs":{"insertions":3,"deletions":39}}},{"hash":"887f92fa103971cb5c1a7ececa4c26b800104c22","messageTitle":"Fix ModelClassDiagram arrows","messageBody":"","fileTypesAndContributionMap":{"docs":{"insertions":2,"deletions":2}}},{"hash":"475fbac92e7e08c2fe142051bf4677515ea6553e","messageTitle":"Add explicit cast to Lesson","messageBody":"","fileTypesAndContributionMap":{"functional-code":{"insertions":2,"deletions":4}}}]},{"date":"2022-03-21","commitResults":[{"hash":"8a7261faa173b2244ad71ce37dda5f6951edce45","messageTitle":"Add enrol, filter, mark/unmark features to User Guide","messageBody":"","fileTypesAndContributionMap":{"docs":{"insertions":121,"deletions":21}}},{"hash":"588f43495bdd191f95b34a76924f48cd22bf6c8f","messageTitle":"Update delete sequence diagram","messageBody":"","fileTypesAndContributionMap":{"docs":{"insertions":15,"deletions":1}}},{"hash":"1ca5364dcccba2bd7ef00a266c0cd277bc66d48d","messageTitle":"Update model component to include Assessment","messageBody":"","fileTypesAndContributionMap":{"docs":{"insertions":24,"deletions":2}}},{"hash":"9b0ac39663a6f5d1064317c6972c80b356bad8e5","messageTitle":"Add assessment-related features to UG","messageBody":"","fileTypesAndContributionMap":{"docs":{"insertions":129,"deletions":30}}},{"hash":"487b8eee0bcee5e688caf0e6c4442564ecd24b61","messageTitle":"Update assessment class diagram","messageBody":"","fileTypesAndContributionMap":{"docs":{"insertions":5,"deletions":2}}},{"hash":"ff98e7baefd5cae2b616cd96d964f1fb5dea4b75","messageTitle":"Update delete feature and model component in DG","messageBody":"","fileTypesAndContributionMap":{"docs":{"insertions":25,"deletions":21}}},{"hash":"3bb978680d927b2c6b82d64e2087e620d40dc76f","messageTitle":"Fix small errors in UG and DG","messageBody":"","fileTypesAndContributionMap":{"docs":{"insertions":6,"deletions":7}}}]},{"date":"2022-03-22","commitResults":[{"hash":"620d5e4c0a02f95583a46e91555b8d38fcbde681","messageTitle":"Fix slashes and s/ parameter in UG","messageBody":"","fileTypesAndContributionMap":{"docs":{"insertions":50,"deletions":31}}},{"hash":"d040ba776016fb2933886ed9029637621d04b143","messageTitle":"Add \u0027disenrol\u0027 feature to UG","messageBody":"Update TaModule class diagram for DG\n","fileTypesAndContributionMap":{"docs":{"insertions":34,"deletions":4}}},{"hash":"ccd97a6ed9c1ec59a5e4088c50e0a93c31ed0181","messageTitle":"Add instructions for commas separated indexes and IDs in UG","messageBody":"","fileTypesAndContributionMap":{"docs":{"insertions":49,"deletions":20}}},{"hash":"cbe841788a8b1d87e1678c0ceb2bb990887a1ebd","messageTitle":"Add explanations for add student and module","messageBody":"","fileTypesAndContributionMap":{"docs":{"insertions":3,"deletions":3}}},{"hash":"92a9aa43a182a40c61e5b793fd99d7b222c67471","messageTitle":"Change \u0027can\u0027 to \u0027should\u0027 in UG","messageBody":"","fileTypesAndContributionMap":{"docs":{"insertions":7,"deletions":7}}}]},{"date":"2022-03-26","commitResults":[{"hash":"1436ab545ba5c318705c560ffcef3a9f5b47f243","messageTitle":"Add parsing for mark and unmark command","messageBody":"","fileTypesAndContributionMap":{"functional-code":{"insertions":218,"deletions":0}}},{"hash":"08d812c2e997016c5d6fd89df152d14a888c1eb1","messageTitle":"Add find student feature to UG","messageBody":"","fileTypesAndContributionMap":{"docs":{"insertions":26,"deletions":0}}},{"hash":"596a73ae75ee13287d47ed3576a0653967887baf","messageTitle":"Add storage for Assessment and Attempt","messageBody":"","fileTypesAndContributionMap":{"functional-code":{"insertions":176,"deletions":0}}}]},{"date":"2022-03-27","commitResults":[{"hash":"5cdcdd5c6a4c4719702626cda21548cc2032f15d","messageTitle":"Update JsonAdaptedAssessment and remove JsonAdaptedAttempt","messageBody":"","fileTypesAndContributionMap":{"functional-code":{"insertions":31,"deletions":87}}},{"hash":"ee156dfd9c749ca4345eae31f6a63cfce9d6eacb","messageTitle":"Update JsonAdaptedModule to store a list of Student","messageBody":"","fileTypesAndContributionMap":{"functional-code":{"insertions":27,"deletions":4}}},{"hash":"6c6c614cef7566a99782ffef7b7873c58fa062a0","messageTitle":"Update JsonAdaptedClassGroup to store a list of Student","messageBody":"","fileTypesAndContributionMap":{"functional-code":{"insertions":26,"deletions":4}}},{"hash":"bda27d6e900152e571319637d8222c80b94d1d13","messageTitle":"Remove unnecessary isAllStudent boolean","messageBody":"Update mark and unmark command parsers\n","fileTypesAndContributionMap":{"functional-code":{"insertions":7,"deletions":30}}},{"hash":"d7d8ecaa743f0b8082f90fec0d0c83fb4df44c12","messageTitle":"Update parseStudents() and rename PARAM_ALL_STUDENTS","messageBody":"","fileTypesAndContributionMap":{"functional-code":{"insertions":4,"deletions":4}}},{"hash":"1240cac1aa7e69dc2a0dcba8546c82c79b4288c9","messageTitle":"Revert \"Update JsonAdaptedClassGroup to store a list of Student\"","messageBody":"This reverts commit 6c6c614cef7566a99782ffef7b7873c58fa062a0.\n","fileTypesAndContributionMap":{"functional-code":{"insertions":4,"deletions":26}}},{"hash":"7125df94a3bcc184c6b8901f8016a7c1cb8f2804","messageTitle":"Change Optional\u003cList\u003cStudent\u003e\u003e to List\u003cStudent\u003e","messageBody":"","fileTypesAndContributionMap":{"functional-code":{"insertions":12,"deletions":18}}},{"hash":"ccf2e0dfd3a143351a8e24735041eda34332fae5","messageTitle":"Update JsonAdaptedAssessment with latest PR codes","messageBody":"","fileTypesAndContributionMap":{"functional-code":{"insertions":1,"deletions":1}}},{"hash":"3f20022fc8d9065440331a56fe2798068c3bdd0e","messageTitle":"Fix errors in JsonAdaptedCLassGroup and JsonAdaptedTaModule","messageBody":"","fileTypesAndContributionMap":{"functional-code":{"insertions":6,"deletions":3}}},{"hash":"56beefdf26ad1bee2c9dd428755f2fb027413e60","messageTitle":"Fix errors in JsonSerialisableTAssist","messageBody":"","fileTypesAndContributionMap":{"functional-code":{"insertions":3,"deletions":2}}}]},{"date":"2022-03-30","commitResults":[{"hash":"decb75839fcd293c26a8a7379cbb9f933b950579","messageTitle":"Add command parameter table skeleton","messageBody":"","fileTypesAndContributionMap":{"docs":{"insertions":24,"deletions":0}}},{"hash":"b0b4dd262759505f47e1b1c2e1e2b78fc9ef7299","messageTitle":"Finish command parameter table","messageBody":"Add warning to clear command\n","fileTypesAndContributionMap":{"docs":{"insertions":122,"deletions":6}}}]},{"date":"2022-04-04","commitResults":[{"hash":"a804993a911268ac61722f5071e45cc305cb3ee7","messageTitle":"Change WeekId to use Integer instead","messageBody":"","fileTypesAndContributionMap":{"functional-code":{"insertions":17,"deletions":11}}},{"hash":"10f83b3ef09c500766f70edff40972e46c353b56","messageTitle":"Change Attendance value from private to public","messageBody":"","fileTypesAndContributionMap":{"functional-code":{"insertions":17,"deletions":23}}}]}],"lkldev":[{"date":"2022-02-22","commitResults":[{"hash":"e6d203557d2f7b57a8e6dfc56fa50d9d9a6a8362","messageTitle":"Adapt AB3 project to TAssist","messageBody":"Add PPP for each member to edit their info\n\nUpdate User Guide to reflect project description and quick start\n\nMembers to:\n- Update PPP in individual pages\n- Upload profile picture and update AboutUs.md to show picture\n","fileTypesAndContributionMap":{"docs":{"insertions":273,"deletions":45}}},{"hash":"a950ef897a3c8de49cc2a0c1ebe8cc2adcd8cf9c","messageTitle":"Update Index.md to reflect TAssist","messageBody":"Fix faulty link in AboutUs.md\n","fileTypesAndContributionMap":{"docs":{"insertions":9,"deletions":7}}}]},{"date":"2022-02-23","commitResults":[{"hash":"388c862c7bb589c6a020ded6b78d114c3f25e27f","messageTitle":"Update PPP","messageBody":"","fileTypesAndContributionMap":{"docs":{"insertions":2,"deletions":3}}},{"hash":"0ca4b76a538e3e1acd88d94c175456eb00739b1e","messageTitle":"Clean up PPP and update PPP links","messageBody":"","fileTypesAndContributionMap":{"docs":{"insertions":1,"deletions":30}}}]},{"date":"2022-03-01","commitResults":[{"hash":"05f7e48b2cb6af8f51b7444fc0821a39bedbec86","messageTitle":"Update DG to include use cases for user interactions with Module","messageBody":"","fileTypesAndContributionMap":{"docs":{"insertions":74,"deletions":0}}},{"hash":"69d8c12b0d5bee20cde1baf17f68e7ee162a9b9f","messageTitle":"Update numbering for use cases","messageBody":"","fileTypesAndContributionMap":{"docs":{"insertions":12,"deletions":12}}},{"hash":"cb41234d31da9b2966199ca8dc5f5820e5011edc","messageTitle":"Remove extension that is covered by previous extension","messageBody":"","fileTypesAndContributionMap":{"docs":{"insertions":0,"deletions":12}}}]},{"date":"2022-03-06","commitResults":[{"hash":"c2f5c6d207494fb1c47d8a7ff6558440d87e920f","messageTitle":"Created Module entity and its attributes","messageBody":"Created UniqueModuleList to contain list of modules\n\nUpdate Guides to remove trailing spaces flag by travis\n","fileTypesAndContributionMap":{"functional-code":{"insertions":360,"deletions":0},"docs":{"insertions":3,"deletions":3}}},{"hash":"b87c279ccc734fd5de4bfb90846ca9fe5c7621a1","messageTitle":"Rename Module to TaModule due to conflict with java.lang.Module","messageBody":"","fileTypesAndContributionMap":{"functional-code":{"insertions":1,"deletions":1},"other":{"insertions":40,"deletions":39}}},{"hash":"03099df7ca1bbb8147936f7f0e30bd032d770026","messageTitle":"Prefix common classes (Logic, Model) with AB3 to pass AB3 test cases","messageBody":"These classes are to be replaced with our own Logic and Model. Once the\ntest cases for our own classes are up, we can delete the AB3 tests.\n\nRenaming these files now would allow us to distribute our workload\nwithout focusing on the CI failing due to the existing test cases.\n","fileTypesAndContributionMap":{"functional-code":{"insertions":38,"deletions":37},"other":{"insertions":40,"deletions":39},"test-code":{"insertions":61,"deletions":61}}},{"hash":"6031b9c0614ca7722051398c6cb5e27b23735fa1","messageTitle":"Refactor code to pass checkstyle","messageBody":"","fileTypesAndContributionMap":{"functional-code":{"insertions":2,"deletions":2},"test-code":{"insertions":4,"deletions":4}}}]},{"date":"2022-03-08","commitResults":[{"hash":"6c2b20358b5291fae9acebaa85d3341a19020a22","messageTitle":"Create Entity class to group Student, TaModule and ClassGroup","messageBody":"Grouping the classes will allow better abstraction in logic, e.g.\nto change add entity in the model one can call\nmodel.addEntity(entity).\n","fileTypesAndContributionMap":{"functional-code":{"insertions":140,"deletions":10}}},{"hash":"e9dcb1a43e5ad6339256958990bb460349306583","messageTitle":"Create TAssist as abstraction for all 3 lists used in model","messageBody":"","fileTypesAndContributionMap":{"functional-code":{"insertions":261,"deletions":0}}},{"hash":"8731cb45ad8d3e7d370ab41333016c27655a6896","messageTitle":"Modify common classes to be compatible with TAssist","messageBody":"","fileTypesAndContributionMap":{"functional-code":{"insertions":519,"deletions":0}}},{"hash":"c4054895b8e812c13cbbcfe25cb858f7f53a3512","messageTitle":"Update MainApp to use modified Logic and Model","messageBody":"Logic still contain traces of AB3 (getFilteredPersonList method),\nto be removed once UI does not need this metho\n","fileTypesAndContributionMap":{"functional-code":{"insertions":11,"deletions":10}}},{"hash":"ece783c1d569b91c26b6a8d935d77b704ef72de6","messageTitle":"Fix javadocs and identify methods to be updated or removed in future","messageBody":"","fileTypesAndContributionMap":{"functional-code":{"insertions":23,"deletions":22}}}]},{"date":"2022-03-09","commitResults":[{"hash":"49e059d2a679b33364b615122d7c185b3e2651dd","messageTitle":"Add AcademicYear field to TaModule","messageBody":"The field comes with a toStringInFull() method, which will return\nthe academic year as a full string. E.g. 21S1 will return\nthe string \"2021/2022 Semester 1\".\n","fileTypesAndContributionMap":{"functional-code":{"insertions":132,"deletions":5}}},{"hash":"d6f7e7805c3e814c35bea76236d5f35ca7515964","messageTitle":"Update semester naming to be consistent with NUS naming","messageBody":"","fileTypesAndContributionMap":{"functional-code":{"insertions":2,"deletions":2}}},{"hash":"98201aaaaf05d39657eda0094bd41e888b521de8","messageTitle":"Update regex for ClassGroupId","messageBody":"","fileTypesAndContributionMap":{"functional-code":{"insertions":1,"deletions":1}}},{"hash":"646339b48f5bd8417c4e5f9a32b4db39bf878088","messageTitle":"Populate sample data","messageBody":"","fileTypesAndContributionMap":{"functional-code":{"insertions":116,"deletions":33}}},{"hash":"d3882f1422fc4db521c154cc28d19addef3a62e3","messageTitle":"Update indentation for checkstyle","messageBody":"","fileTypesAndContributionMap":{"functional-code":{"insertions":20,"deletions":20}}}]},{"date":"2022-03-10","commitResults":[{"hash":"5bba4865d2653d8a0e168327e6602ee35a9ba326","messageTitle":"Edit message constraints in ClassGroupId","messageBody":"","fileTypesAndContributionMap":{"functional-code":{"insertions":1,"deletions":1}}}]},{"date":"2022-03-12","commitResults":[{"hash":"b224baf9740a62dc63a98e65addedb472fd1edc8","messageTitle":"Create JsonAdaptedTaModule for storage component","messageBody":"","fileTypesAndContributionMap":{"functional-code":{"insertions":80,"deletions":0}}},{"hash":"5b1e69b2794b7411bce61e69894c7fe6822167d3","messageTitle":"Update javadocs","messageBody":"","fileTypesAndContributionMap":{"functional-code":{"insertions":1,"deletions":1}}},{"hash":"1d453e9e14ff5b69028d74231d8ce3cea468d764","messageTitle":"Update Json property","messageBody":"","fileTypesAndContributionMap":{"functional-code":{"insertions":3,"deletions":3}}}]},{"date":"2022-03-13","commitResults":[{"hash":"bd574d2b11d9070630734087eefbf15cc8e54f89","messageTitle":"Update jackson package to support Optional in Json Adapted Entities","messageBody":"","fileTypesAndContributionMap":{"functional-code":{"insertions":2,"deletions":0},"other":{"insertions":1,"deletions":0}}},{"hash":"f6438605ad27e7b2da259e46baece603ca317d1c","messageTitle":"Create Json classes to serialize storage into TAssist object","messageBody":"","fileTypesAndContributionMap":{"functional-code":{"insertions":215,"deletions":0}}},{"hash":"8344c16ba5c874e840031b0d73e59e53f942e50b","messageTitle":"Update variable names and javadocs","messageBody":"","fileTypesAndContributionMap":{"functional-code":{"insertions":6,"deletions":6}}},{"hash":"321fd574bd109366cb747fe64d4cf4309b600e63","messageTitle":"Update Storage and UserPrefs to use tassist.json as storage","messageBody":"","fileTypesAndContributionMap":{"functional-code":{"insertions":69,"deletions":2}}},{"hash":"8192a70f4ee8283a751f01fd4812bbd7b567a3a0","messageTitle":"Update common classes to use the storage created","messageBody":"This update will stop the program from reading the database created\nby AB3. We can soon remove traces of AB3 after we have replicated\nthe test cases for the various classes.\n","fileTypesAndContributionMap":{"functional-code":{"insertions":33,"deletions":37}}},{"hash":"e4b617bc46aa810ac7ea2adce800e59e5c6f2406","messageTitle":"Merge updated JsonAdaptedClassGroup","messageBody":"","fileTypesAndContributionMap":{"functional-code":{"insertions":1,"deletions":1}}},{"hash":"1fc220afa32361c891e6c13a798035e2d7117994","messageTitle":"Update javdocs","messageBody":"","fileTypesAndContributionMap":{"functional-code":{"insertions":1,"deletions":1}}}]},{"date":"2022-03-16","commitResults":[{"hash":"9f785018d1b209a396296658adba162eb0e5b9f6","messageTitle":"Update TAssist version","messageBody":"","fileTypesAndContributionMap":{"functional-code":{"insertions":1,"deletions":1}}},{"hash":"af4d45aa21007fa3bb4ab7a72475b97e3abb3cb4","messageTitle":"Fix bugs in delete and list where entity is not parsed correctly","messageBody":"","fileTypesAndContributionMap":{"functional-code":{"insertions":28,"deletions":6}}},{"hash":"7aa2efe5c9613a9f492e5733276bf9cc98a47919","messageTitle":"Update command result formatting and standardize error messages","messageBody":"","fileTypesAndContributionMap":{"functional-code":{"insertions":72,"deletions":28}}},{"hash":"255a0d75ca2a40e1fa4a4a7b4dcc36450ad8160b","messageTitle":"Fix checks for module code and class group id to allow lowercases","messageBody":"","fileTypesAndContributionMap":{"functional-code":{"insertions":4,"deletions":4}}},{"hash":"3255142d24e730ba2650e9af71042abec98a6b76","messageTitle":"Update student isSameStudent method to check student ID instead","messageBody":"","fileTypesAndContributionMap":{"functional-code":{"insertions":2,"deletions":2}}},{"hash":"857210b2ceb1665400614862b1d1ccfcf9caae26","messageTitle":"Update parser to allow optional telegram","messageBody":"","fileTypesAndContributionMap":{"functional-code":{"insertions":10,"deletions":6},"test-code":{"insertions":4,"deletions":8}}},{"hash":"e49798a679015269d82888779e521427a543a8d6","messageTitle":"Update UI to display telegram only if it is not empty","messageBody":"","fileTypesAndContributionMap":{"functional-code":{"insertions":3,"deletions":2}}},{"hash":"a3eee93c08fef83f959146b1512f4480a3176e45","messageTitle":"Update UG to indicate that telegram is optional","messageBody":"","fileTypesAndContributionMap":{"docs":{"insertions":9,"deletions":11}}},{"hash":"63980e101a53f764587e7d887b14a2796146c771","messageTitle":"Update jar file name in gradle","messageBody":"","fileTypesAndContributionMap":{"other":{"insertions":1,"deletions":1}}},{"hash":"96c671766d1d9e66f69f420876869fcd36b4fdc5","messageTitle":"Update javadocs in ParseUtil.java","messageBody":"","fileTypesAndContributionMap":{"functional-code":{"insertions":2,"deletions":2}}},{"hash":"45222c60f81056dda5040c9b80b3fa4c605d212c","messageTitle":"Update UI to display the corresponding entity tab upon command execution","messageBody":"","fileTypesAndContributionMap":{"functional-code":{"insertions":50,"deletions":7}}}]},{"date":"2022-03-19","commitResults":[{"hash":"81f5b15c1fd5d3847bc65f57f1a36850064b75cb","messageTitle":"Update default values of test utils","messageBody":"","fileTypesAndContributionMap":{"test-code":{"insertions":18,"deletions":12}}},{"hash":"0d27a5ec606b276e66240eba9b3852a6ec826a4b","messageTitle":"Add more typical entities","messageBody":"","fileTypesAndContributionMap":{"test-code":{"insertions":32,"deletions":12}}}]},{"date":"2022-03-20","commitResults":[{"hash":"7322c6b9e0ab7f2ce255d4c82507b15e1de274f2","messageTitle":"Update attributes of List command, add Mark and Unmark command","messageBody":"","fileTypesAndContributionMap":{"functional-code":{"insertions":72,"deletions":1}}},{"hash":"a631d69ae6473ccd0353cf6cb4f001c29526d50a","messageTitle":"Update classes to pass checkstyle","messageBody":"","fileTypesAndContributionMap":{"functional-code":{"insertions":16,"deletions":10}}},{"hash":"90e324d6763e4ded7206a2161053c0dc4c47ad72","messageTitle":"Update list of indexes to list of students","messageBody":"","fileTypesAndContributionMap":{"functional-code":{"insertions":8,"deletions":6}}}]},{"date":"2022-03-22","commitResults":[{"hash":"4655d177b63576d4659a6a58ac5002dec004b787","messageTitle":"Add assessment entity","messageBody":"","fileTypesAndContributionMap":{"functional-code":{"insertions":461,"deletions":1}}},{"hash":"35018a7400dd9a15b7339c9484ee3c0d2474fa9a","messageTitle":"Update ModelManager and TAssist to support assessment","messageBody":"","fileTypesAndContributionMap":{"functional-code":{"insertions":119,"deletions":5}}},{"hash":"531f10d97998bbe1feb18474553cb9668d7938a4","messageTitle":"Update AddCommandParser to add assessment","messageBody":"","fileTypesAndContributionMap":{"functional-code":{"insertions":64,"deletions":0}}},{"hash":"cdb9eb2bd6687db557f9312ba7aafc30f20bafee","messageTitle":"Update App version and enable assertions in gradle","messageBody":"","tags":["v1.2.1"],"fileTypesAndContributionMap":{"functional-code":{"insertions":1,"deletions":1},"other":{"insertions":4,"deletions":0}}}]},{"date":"2022-03-23","commitResults":[{"hash":"e06c4df938fd62f671ae22fe9cc524c4b562290c","messageTitle":"Update add command parser messages","messageBody":"","fileTypesAndContributionMap":{"functional-code":{"insertions":1,"deletions":1}}},{"hash":"bfdc2c7766c52646516b387408132e08294c273e","messageTitle":"Update Add, Delete, List command to support Assessment entity","messageBody":"Update tamodule to provide a unique representation display\n\nUpdate messages to provide error message for assessment\n","fileTypesAndContributionMap":{"functional-code":{"insertions":56,"deletions":37}}},{"hash":"f59c81f396895d40ca4882d59faccc896f4c5864","messageTitle":"Clean up SampleDataUtil and add sample data for Assessment class","messageBody":"","fileTypesAndContributionMap":{"functional-code":{"insertions":32,"deletions":57}}},{"hash":"057b2d2a647d46271ca0520c10c6429efd976e59","messageTitle":"Update PersonBuilder to remove dependency on SampleDataUtil","messageBody":"","fileTypesAndContributionMap":{"test-code":{"insertions":3,"deletions":2}}},{"hash":"2272dde032d7953cde33c6e1f0a311da2c1b09d8","messageTitle":"Add grade command implementation to DG","messageBody":"","fileTypesAndContributionMap":{"docs":{"insertions":213,"deletions":0}}},{"hash":"61c394a57a5c6d371e904fcb3fd154bd90aaf8ae","messageTitle":"Update DG to link to correct image","messageBody":"","fileTypesAndContributionMap":{"docs":{"insertions":5,"deletions":5}}},{"hash":"a22153bb351ff06322e8df26969a65b6d738e59e","messageTitle":"Split sequence diagram into two for easy viewing","messageBody":"","fileTypesAndContributionMap":{"docs":{"insertions":42,"deletions":21}}},{"hash":"75adce16de995f5e7d63b7cd09f8136a3ef5d541","messageTitle":"Update sequence diagram for better clarity","messageBody":"","fileTypesAndContributionMap":{"docs":{"insertions":1,"deletions":8}}},{"hash":"aeb13b218ad4ff4318226769c243fcdf394621a1","messageTitle":"Update javadocs to fix typos","messageBody":"","fileTypesAndContributionMap":{"functional-code":{"insertions":5,"deletions":5}}},{"hash":"791f1b1272afbfd680bd21f8d39e046c00ce5f94","messageTitle":"Update diagrams and add assumption to grade assessment feature","messageBody":"","fileTypesAndContributionMap":{"docs":{"insertions":15,"deletions":3}}},{"hash":"acc6b9593d2e623c7b5dffcb3bcaefe541767199","messageTitle":"Update alt text for images","messageBody":"","fileTypesAndContributionMap":{"docs":{"insertions":2,"deletions":2}}},{"hash":"13ad0d9b87ac9343c1dbb75a009925dca33ea5ca","messageTitle":"Fix title","messageBody":"","fileTypesAndContributionMap":{"docs":{"insertions":1,"deletions":1}}}]},{"date":"2022-03-24","commitResults":[{"hash":"e77fe41b2c32e4d5f4871e97cca4b42a3233f212","messageTitle":"Update flag syntax","messageBody":"","fileTypesAndContributionMap":{"docs":{"insertions":4,"deletions":4}}},{"hash":"8578333da1dea0d3de088eaf0e32abfc42c3d10a","messageTitle":"Update add and delete sequence diagrams","messageBody":"","fileTypesAndContributionMap":{"docs":{"insertions":63,"deletions":38}}},{"hash":"1338f6a2137e5df2a09802212d9b32810a185109","messageTitle":"Update sequence diagrams methods for add and delete","messageBody":"","fileTypesAndContributionMap":{"docs":{"insertions":4,"deletions":4}}},{"hash":"a77facfeb776ff5ba8fde495ea32230293d04afc","messageTitle":"Adapt DG to TAssist design","messageBody":"Fix misc typos\n","fileTypesAndContributionMap":{"docs":{"insertions":83,"deletions":164}}},{"hash":"4d65086aaa030fe057876833a0fb80d1cfcd64bb","messageTitle":"Update UI images and minor changes in DG","messageBody":"","fileTypesAndContributionMap":{"docs":{"insertions":7,"deletions":7}}}]},{"date":"2022-03-25","commitResults":[{"hash":"07e48a4deff3af58831698ceddfcd34d12c2b692","messageTitle":"Update javadocs for ParserUtil","messageBody":"","fileTypesAndContributionMap":{"functional-code":{"insertions":3,"deletions":3}}},{"hash":"7b8ac5f861045bf84174b065d5bdf9d9f607974b","messageTitle":"Remove unused files","messageBody":"","fileTypesAndContributionMap":{"docs":{"insertions":0,"deletions":1026}}},{"hash":"0c7d39ab2f5c4c852a6e49656290b9dbd83c34ea","messageTitle":"Update DG diagrams","messageBody":"","fileTypesAndContributionMap":{"docs":{"insertions":49,"deletions":45}}},{"hash":"abdf3b95c73c4f94aef3b14fcf6eda87607bee01","messageTitle":"Update image sizes","messageBody":"","fileTypesAndContributionMap":{"docs":{"insertions":6,"deletions":7}}},{"hash":"4a37b42e48424193345a8123fd9ce5fb7b9c759f","messageTitle":"Update DG to fix display","messageBody":"","fileTypesAndContributionMap":{"docs":{"insertions":50,"deletions":10}}},{"hash":"4b2ffe01fd9e3d1318731d7df87e9f02b9fa1021","messageTitle":"update table","messageBody":"","fileTypesAndContributionMap":{"docs":{"insertions":6,"deletions":44}}},{"hash":"76e6c50eddd8db2f59884e76f334147f9bb698b2","messageTitle":"Update table","messageBody":"","fileTypesAndContributionMap":{"docs":{"insertions":46,"deletions":7}}},{"hash":"f38f12c6733c2de19bf93807677ffefb0f885f0e","messageTitle":"Test tables","messageBody":"","fileTypesAndContributionMap":{"docs":{"insertions":1,"deletions":1}}},{"hash":"34be59238125fe1e738212646d283183b0723c68","messageTitle":"Add line breaks","messageBody":"","fileTypesAndContributionMap":{"docs":{"insertions":2,"deletions":1}}},{"hash":"6699baa8feb337f0376065c3577b9874e0c863d1","messageTitle":"Add rows to remove zebra strips in table","messageBody":"","fileTypesAndContributionMap":{"docs":{"insertions":6,"deletions":1}}},{"hash":"7993d8e71db2f0e06dad81334542eb7a6c2d99be","messageTitle":"Update diagrams","messageBody":"","fileTypesAndContributionMap":{"docs":{"insertions":9,"deletions":5}}},{"hash":"1d6307a104aeac71ac66c5127a176247fa1e979c","messageTitle":"Update Class Group to remove composition","messageBody":"","fileTypesAndContributionMap":{"docs":{"insertions":1,"deletions":1}}},{"hash":"42323488148577e66d841a80408a7bc7b6c814ab","messageTitle":"Update javadocs and fix bugs pointed out in review","messageBody":"","fileTypesAndContributionMap":{"functional-code":{"insertions":4,"deletions":4}}},{"hash":"b108150e113dd5038ce2d4cb8640a45b0f20412f","messageTitle":"Create methods to retrieve students by indexes or by student IDs","messageBody":"","fileTypesAndContributionMap":{"functional-code":{"insertions":54,"deletions":0}}},{"hash":"fd8854c2d10ae61fddabb6edb9657ea2ddfba444","messageTitle":"Change method name","messageBody":"","fileTypesAndContributionMap":{"functional-code":{"insertions":2,"deletions":2}}}]},{"date":"2022-03-26","commitResults":[{"hash":"9b0004ad3d90b1142b0b040c431fc5f0cdf1b545","messageTitle":"Rename AB3 Commands for easy deletion later","messageBody":"","fileTypesAndContributionMap":{"other":{"insertions":48,"deletions":47},"test-code":{"insertions":5,"deletions":5}}},{"hash":"e3ce85e791ed6ceb13d62166a4defea279164344","messageTitle":"Update AB3 parser for easy removal","messageBody":"","fileTypesAndContributionMap":{"functional-code":{"insertions":5,"deletions":5}}},{"hash":"7b5f73a8e8381bfae70573cc6556517f0e4cb9b6","messageTitle":"Update Assessment to add constructor for storage","messageBody":"","fileTypesAndContributionMap":{"functional-code":{"insertions":11,"deletions":1}}},{"hash":"f585d0464a8aa21dc700d68317b580d0fafff378","messageTitle":"Add template classes for the remaining commands","messageBody":"This will allow those working on the commands to come up with the\nlogic, while at the same time the person doing parsing will be able\nto create the commands\n","fileTypesAndContributionMap":{"functional-code":{"insertions":132,"deletions":0}}},{"hash":"d3045f4e9527a785ac2ff1009eaf9e2cdbe1367e","messageTitle":"Add missing field to grade command","messageBody":"","fileTypesAndContributionMap":{"functional-code":{"insertions":4,"deletions":1}}},{"hash":"2b32fe7b0890747ef7743757fcad271fed915c87","messageTitle":"Update UserGuide to remove v1.3 tags and move filter under list","messageBody":"","fileTypesAndContributionMap":{"docs":{"insertions":15,"deletions":15}}},{"hash":"c1a59a1142bc4b6595a3f7c19b8efe951e821a46","messageTitle":"Add command to header","messageBody":"","fileTypesAndContributionMap":{"docs":{"insertions":2,"deletions":2}}},{"hash":"c298e8ef012a0632112c4fd40e34dbe4cd643cbb","messageTitle":"Remove extra space","messageBody":"","fileTypesAndContributionMap":{"docs":{"insertions":1,"deletions":1}}},{"hash":"7396ec7b71351ecc1aa9a7f9d4741749705ab970","messageTitle":"Fix typo in list command","messageBody":"","fileTypesAndContributionMap":{"docs":{"insertions":1,"deletions":1}}},{"hash":"dd9988e6f4289221d959964152f762725ad432b2","messageTitle":"Fix grammar issues","messageBody":"","fileTypesAndContributionMap":{"docs":{"insertions":1,"deletions":1}}}]},{"date":"2022-03-27","commitResults":[{"hash":"d5ff0d87ad4f79b6141199d91c8c69047305bd31","messageTitle":"Update common classes to support getting unfiltered list","messageBody":"Update Module and ClassGroup to contain a list of students\n","fileTypesAndContributionMap":{"functional-code":{"insertions":109,"deletions":4}}},{"hash":"9125a3dd3b83337282c60d5294e3106b3e966fea","messageTitle":"Add space between classgroup","messageBody":"","fileTypesAndContributionMap":{"functional-code":{"insertions":1,"deletions":1}}},{"hash":"2e341d908f1c231f6611e0548b04b70f50cae102","messageTitle":"Rearrange UG and update List/Filter commands","messageBody":"Add warning to delete command to indicate it will deleted the filtered\nlist instead\n","fileTypesAndContributionMap":{"docs":{"insertions":57,"deletions":41}}},{"hash":"ed8c98ec1cc9d1ccf8ea68786cf545493abd7186","messageTitle":"Update formatting","messageBody":"","fileTypesAndContributionMap":{"docs":{"insertions":6,"deletions":6}}}]},{"date":"2022-03-29","commitResults":[{"hash":"389aeae883df09f4625eab408cb42396391bd5e5","messageTitle":"Add new Parsers and remove unused tests","messageBody":"","fileTypesAndContributionMap":{"functional-code":{"insertions":310,"deletions":4},"test-code":{"insertions":0,"deletions":35}}},{"hash":"2f25b6b670e1b23577748b346ba8db5e32c52b28","messageTitle":"Abstract same methods among all the parser classes","messageBody":"","fileTypesAndContributionMap":{"functional-code":{"insertions":79,"deletions":35}}},{"hash":"4d50854aab6f87c0518504cefbc6156dd0960bf9","messageTitle":"Update message usage for ListCommand and GradeCommand","messageBody":"","fileTypesAndContributionMap":{"functional-code":{"insertions":38,"deletions":0}}},{"hash":"ba07dac5cf9123fa97ab0f902d8f2dc43256e630","messageTitle":"Remove unused import","messageBody":"","fileTypesAndContributionMap":{"functional-code":{"insertions":0,"deletions":1}}},{"hash":"bbdf0fc4f240085dab941028a162cd52942fb7dd","messageTitle":"Update TassistParser for GradeCommand","messageBody":"","fileTypesAndContributionMap":{"functional-code":{"insertions":1,"deletions":1}}},{"hash":"44ff3428271b809754835290c354bdf5bcc2a7cb","messageTitle":"Update message usages","messageBody":"","fileTypesAndContributionMap":{"functional-code":{"insertions":10,"deletions":10}}}]},{"date":"2022-03-30","commitResults":[{"hash":"821db5d849c72070e2733c6595ed0129316872a6","messageTitle":"Update javadocs and message usages","messageBody":"","fileTypesAndContributionMap":{"functional-code":{"insertions":13,"deletions":13}}},{"hash":"663406c2ef90733ddd4a05f5c6dfc7e56c738a96","messageTitle":"Update assessment","messageBody":"","fileTypesAndContributionMap":{"functional-code":{"insertions":59,"deletions":10}}},{"hash":"74f42fc6328dbe756cedb43a218886738c2291de","messageTitle":"Update storage to handle assessment","messageBody":"","fileTypesAndContributionMap":{"functional-code":{"insertions":121,"deletions":42}}},{"hash":"6d6d9775cfcde1b917637e4840014f2d5c8bd987","messageTitle":"Update parser for Enrol, Grade and List commands","messageBody":"","fileTypesAndContributionMap":{"functional-code":{"insertions":14,"deletions":30}}},{"hash":"6defdf2a01c84b24d554a489784bdb81b6c45238","messageTitle":"Implement grade command","messageBody":"","fileTypesAndContributionMap":{"functional-code":{"insertions":31,"deletions":0}}},{"hash":"143f467d071c3c86a4f4843f5164b7a47b24db63","messageTitle":"Update parser for mark and unmark command","messageBody":"","fileTypesAndContributionMap":{"functional-code":{"insertions":2,"deletions":22}}},{"hash":"1c6e8a034938556cf3778bac2ca3cfc77ffe8550","messageTitle":"Change line feed from \\r\\n to \\n","messageBody":"","fileTypesAndContributionMap":{"functional-code":{"insertions":136,"deletions":136}}},{"hash":"198d77b0e0a3bdf0699117c22317d93c31b1d1ed","messageTitle":"Remove trailing whitespace","messageBody":"","fileTypesAndContributionMap":{"functional-code":{"insertions":3,"deletions":2}}},{"hash":"9209573fe58ef34e26255a280386d46116ab4443","messageTitle":"Remove trailing whitespace","messageBody":"","fileTypesAndContributionMap":{"docs":{"insertions":2,"deletions":2}}},{"hash":"ddcde4da34b5373032b26681ba5011253fe37990","messageTitle":"update storage for classGroup","messageBody":"","fileTypesAndContributionMap":{"functional-code":{"insertions":6,"deletions":6}}},{"hash":"803c31a094383f50cbbc237331ff9f2ae923e071","messageTitle":"Update enrol command","messageBody":"","fileTypesAndContributionMap":{"functional-code":{"insertions":14,"deletions":1}}},{"hash":"eab9a9114ed2df01b5be7e81e0406448e25c38b0","messageTitle":"Fix storage for attendance","messageBody":"","fileTypesAndContributionMap":{"functional-code":{"insertions":4,"deletions":4}}},{"hash":"13717e8aca53e06834e7aa1ed320aad47336ee07","messageTitle":"Fix storage for classgroup","messageBody":"","fileTypesAndContributionMap":{"functional-code":{"insertions":37,"deletions":10}}},{"hash":"f67755469d52bd4281f368e304980b34bf456295","messageTitle":"Update grade to read the updated module from TAssist","messageBody":"","fileTypesAndContributionMap":{"functional-code":{"insertions":24,"deletions":3}}},{"hash":"e41b6c79750a3f0cbaa7f9da1b1fc424c769dde4","messageTitle":"Update disenrol command to support deleting assessment","messageBody":"","fileTypesAndContributionMap":{"functional-code":{"insertions":45,"deletions":8}}}]},{"date":"2022-03-31","commitResults":[{"hash":"4aad55147755878e69e42322870399d4303ecfe6","messageTitle":"Update java docs","messageBody":"","fileTypesAndContributionMap":{"functional-code":{"insertions":3,"deletions":3}}},{"hash":"2cc4db6cf69d42864b28dac021575d5e108c739e","messageTitle":"Fix mark and unmark command","messageBody":"mark and unmark stills mark/unmark for every entity instead of by\nstudent per week\n","fileTypesAndContributionMap":{"functional-code":{"insertions":11,"deletions":8}}},{"hash":"373771b662e02540d79b7186431a28434fd2534d","messageTitle":"Update Assessment and TaModule to fix comparison","messageBody":"","fileTypesAndContributionMap":{"functional-code":{"insertions":2,"deletions":2}}},{"hash":"8bfda15e0d19f2b8c6e9423a035fbaf545622d76","messageTitle":"Fix delete student, delete student should delete from the other entities","messageBody":"","fileTypesAndContributionMap":{"functional-code":{"insertions":25,"deletions":3}}},{"hash":"72cfbb6a5d52cc99ba17290e0882c557fedc8789","messageTitle":"Fix enrol command checking if student exist in module","messageBody":"student can exist in module if they are previously enrolled to another\nclass group in the same module\n","fileTypesAndContributionMap":{"functional-code":{"insertions":6,"deletions":4}}},{"hash":"e27206942c3475308346a0ae15dea6762852fbf8","messageTitle":"Add feature to allow user to type shorthand for entities","messageBody":"e.g. users can type `list s` or `list stu` instead of the full word\nstudent when typing entities\n","fileTypesAndContributionMap":{"functional-code":{"insertions":5,"deletions":6}}},{"hash":"271c75145b3ace39aef9ce9f38185bf7388ea2f8","messageTitle":"Refractor method name to standardize with other classes","messageBody":"","fileTypesAndContributionMap":{"functional-code":{"insertions":8,"deletions":8}}},{"hash":"2858ed791f1c47dc038d2ef0555960b33e7f6888","messageTitle":"Overhaul storage to store only the information needed to identify entity","messageBody":"i.e. entities that require student only need studentId, entities that\nrequire module only need moduleCode and academicYear\n","fileTypesAndContributionMap":{"functional-code":{"insertions":163,"deletions":93}}},{"hash":"270e0fd81fd8c28a539b81bcf00e2ee0b87880e8","messageTitle":"Update method to use new method name","messageBody":"","fileTypesAndContributionMap":{"functional-code":{"insertions":1,"deletions":1}}},{"hash":"d426598e263c23ee83719999b500949e1d532878","messageTitle":"Update UI to move student to first tab","messageBody":"","fileTypesAndContributionMap":{"functional-code":{"insertions":1,"deletions":1}}},{"hash":"d1e5304c121c12f9efafbfa15149602c9f24a9ff","messageTitle":"update AcademicYear to allow lowercase","messageBody":"","fileTypesAndContributionMap":{"functional-code":{"insertions":2,"deletions":2}}},{"hash":"3fe784dd6146f5c511ab2b30398e8e86c091232e","messageTitle":"Update variable name","messageBody":"","fileTypesAndContributionMap":{"functional-code":{"insertions":2,"deletions":2}}},{"hash":"d320d6c18be1e26dbdf4f34c50937100c81a1f96","messageTitle":"Update javadocs","messageBody":"","fileTypesAndContributionMap":{"functional-code":{"insertions":13,"deletions":10}}},{"hash":"9afdec03887adbe0acb96e0073cf1f4fb2f006fd","messageTitle":"Update add command to support shorthand of entities","messageBody":"","fileTypesAndContributionMap":{"functional-code":{"insertions":7,"deletions":10}}},{"hash":"5206a54aec3a7c91b1c1abea978741f7baaaeae3","messageTitle":"Update javadocs","messageBody":"","fileTypesAndContributionMap":{"functional-code":{"insertions":2,"deletions":2}}}]},{"date":"2022-04-01","commitResults":[{"hash":"dad3f971fbad431341a4cc2dafb4da26c1b02e56","messageTitle":"Fix more misc bugs found","messageBody":"","fileTypesAndContributionMap":{"functional-code":{"insertions":89,"deletions":36}}},{"hash":"0c9fe54ee77171fe7a00e4c64805e7995655934b","messageTitle":"Fix checkstyle","messageBody":"","fileTypesAndContributionMap":{"functional-code":{"insertions":5,"deletions":10}}},{"hash":"2fb2a3b1e1db8fa8001fcc95db92c390428dc3ff","messageTitle":"Fix display message","messageBody":"","fileTypesAndContributionMap":{"functional-code":{"insertions":14,"deletions":6}}},{"hash":"422572a59c120d2ca509146dfeeac11c110d3f28","messageTitle":"Update message displayed","messageBody":"","fileTypesAndContributionMap":{"functional-code":{"insertions":8,"deletions":9}}},{"hash":"8c152a3a887c04482c34ccd87693f5c217659358","messageTitle":"Update Help Window","messageBody":"","fileTypesAndContributionMap":{"functional-code":{"insertions":1,"deletions":1}}},{"hash":"4892747c9dd93f9b365d31d12f9cfe0e98e52ef3","messageTitle":"Update disenrol delete without enrollment","messageBody":"","fileTypesAndContributionMap":{"functional-code":{"insertions":5,"deletions":4}}},{"hash":"ecd641b662d3880826f3a384b698a4add0f6f455","messageTitle":"Update command to change tabs","messageBody":"","fileTypesAndContributionMap":{"functional-code":{"insertions":12,"deletions":5}}},{"hash":"10618a47b9cd998f706636a535e08bbc76c1ad92","messageTitle":"Update messages","messageBody":"","fileTypesAndContributionMap":{"functional-code":{"insertions":8,"deletions":8}}},{"hash":"431a242715efb8928c9bcaef0b38b3886e41ab62","messageTitle":"Update version","messageBody":"","fileTypesAndContributionMap":{"functional-code":{"insertions":1,"deletions":1}}}]},{"date":"2022-04-03","commitResults":[{"hash":"edd6867965c282deba3ed50424bd068a52d321da","messageTitle":"Fix issue #170 where grade would cause an integer overflow","messageBody":"","fileTypesAndContributionMap":{"functional-code":{"insertions":18,"deletions":10}}},{"hash":"dba1c6ba3797a6c8a2e0152aff6b7dc969ffffd7","messageTitle":"Update error message for List command","messageBody":"","fileTypesAndContributionMap":{"functional-code":{"insertions":2,"deletions":2}}},{"hash":"a30d8997bda43fd2840338f900e78d84836f365b","messageTitle":"Refactor string out to common class","messageBody":"","fileTypesAndContributionMap":{"functional-code":{"insertions":3,"deletions":1}}}]},{"date":"2022-04-04","commitResults":[{"hash":"e87a2a464517e6bd25c84ed428e6300382e83bfe","messageTitle":"Update Assessment equals method","messageBody":"To compare via assessment name and module OR simple name and module\nsince either one would be able to use to uniquely identify an\nassessment\n","fileTypesAndContributionMap":{"functional-code":{"insertions":5,"deletions":3}}},{"hash":"393527f321f109dee25a9985a3455b99039ff4c7","messageTitle":"Fix regex for module code and module name","messageBody":"Tested against the all the modules for AY2122 found on NUSMods\n","fileTypesAndContributionMap":{"functional-code":{"insertions":5,"deletions":3}}},{"hash":"bbdb17d03b868c2918e10691e91e32fd22918d6a","messageTitle":"Update javadocs","messageBody":"","fileTypesAndContributionMap":{"functional-code":{"insertions":3,"deletions":2}}},{"hash":"50600a5168ae31fefd478b0f5482788a20ee76ae","messageTitle":"Update message constraints","messageBody":"","fileTypesAndContributionMap":{"functional-code":{"insertions":1,"deletions":1}}}]},{"date":"2022-04-05","commitResults":[{"hash":"9f38003eb4e73f04f94ee0d1ba92744e9e71c3d3","messageTitle":"Update grammar","messageBody":"","fileTypesAndContributionMap":{"functional-code":{"insertions":1,"deletions":1}}},{"hash":"5766743f6be154c7365dd57fd10f613392027792","messageTitle":"Fix checkstyle","messageBody":"","fileTypesAndContributionMap":{"functional-code":{"insertions":2,"deletions":2}}}]}]},"authorFileTypeContributionMap":{"EvaderFati":{"docs":263,"functional-code":1421,"test-code":66},"wxliong":{"docs":306,"functional-code":961,"test-code":1},"Gernene":{"docs":338,"functional-code":1427,"test-code":363},"jxt00":{"docs":693,"functional-code":1166,"test-code":45},"lkldev":{"docs":849,"functional-code":3110,"test-code":148,"other":5}},"authorContributionVariance":{"EvaderFati":45978.887,"wxliong":11359.894,"Gernene":203841.47,"jxt00":28028.49,"lkldev":92814.92},"authorDisplayNameMap":{"EvaderFati":"CS2103T-T13-2 MENG..G AN","wxliong":"CS2103T-T13-2 LION..XUAN","Gernene":"CS2103T-T13-2 GERN.. TAN","jxt00":"CS2103T-T13-2 TAN .. XIN","lkldev":"CS2103T-T13-2 LI K..NGLI"}}
