{"authorDailyContributionsMap":{"EvaderFati":[{"date":"2022-02-24","commitResults":[{"hash":"1d18939d374aa9b11d96b1c44754a34283a8cf58","messageTitle":"Update command summary in the User Guide","messageBody":"Indicate command format and examples for add, delete and list.\n\nRemove AB3 command summary of \u0027clear\u0027, \u0027edit\u0027, \u0027find\u0027 and \u0027help\u0027\nactions.\n","fileTypesAndContributionMap":{"docs":{"insertions":3,"deletions":7}}}]},{"date":"2022-03-01","commitResults":[{"hash":"4dbf1303f7e415a6f984c254fc13f52a125d6294","messageTitle":"Update UserGuide and upload profile picture","messageBody":"Use pure HTML instead of mixing it with GitHub Favoured Markdown for\ncommand summary\n\nRemove viewing help, editing entries, locating entries and clearing\nall entries since they will not be implemented in v1.2\n\nUpload a profile picture and update the corresponding AboutUs page.\n","fileTypesAndContributionMap":{"docs":{"insertions":92,"deletions":57}}},{"hash":"b2a73c81e7a97197135a4d658dcf16722c284e04","messageTitle":"Update NFR and Glossary in DeveloperGuide","messageBody":"","fileTypesAndContributionMap":{"docs":{"insertions":12,"deletions":3}}}]},{"date":"2022-03-02","commitResults":[{"hash":"0d0f02d26377a7f824e32926d1798559d85760f0","messageTitle":"Rename profile photo","messageBody":"","fileTypesAndContributionMap":{"docs":{"insertions":1,"deletions":1}}}]}],"wxliong":[{"date":"2022-02-22","commitResults":[{"hash":"68ff0e97beea912a59c0b74a68f41b50adc05a8c","messageTitle":"Update project website","messageBody":"* Update AboutUs page\n* Update User Guide for add command\n* Update PPP\n","fileTypesAndContributionMap":{"docs":{"insertions":31,"deletions":17}}},{"hash":"647208540014a7b9427607a18472a7c8ae69cd04","messageTitle":"Update User Guide","messageBody":"","fileTypesAndContributionMap":{"docs":{"insertions":7,"deletions":7}}},{"hash":"915f668b879e41fa3700e29d92d82b54e64d43f6","messageTitle":"Fix User Guide formatting","messageBody":"","fileTypesAndContributionMap":{"docs":{"insertions":1,"deletions":1}}}]},{"date":"2022-03-01","commitResults":[{"hash":"6d05d9b9fdd4fcc614589ed2351f891452956080","messageTitle":"Update DG with use cases for Student","messageBody":"","fileTypesAndContributionMap":{"docs":{"insertions":67,"deletions":1}}}]},{"date":"2022-03-06","commitResults":[{"hash":"c3dc75bfc798aabf9a1ac3f948cf9d99bc2ca852","messageTitle":"Create model classes for Student, its attributes and UniqueStudentList","messageBody":"","fileTypesAndContributionMap":{"functional-code":{"insertions":551,"deletions":0}}},{"hash":"8956a0cc60099849b4ca174a6899fe19757ef0e4","messageTitle":"Remove tags in Student class","messageBody":"","fileTypesAndContributionMap":{"functional-code":{"insertions":4,"deletions":27}}},{"hash":"43ad7a9f8094ab0a45d5d35d15f998d860b9f780","messageTitle":"Fix checkstyle violation","messageBody":"","fileTypesAndContributionMap":{"functional-code":{"insertions":9,"deletions":9},"other":{"insertions":14,"deletions":14}}}]},{"date":"2022-03-12","commitResults":[{"hash":"d20d98eb3acb54ca6397b23a2e9f68be151ddd84","messageTitle":"Change phone number field to Telegram handle","messageBody":"- Telegram handle is an optional field\n- Update SampleDataUtil to include Telegram handle instead of Phone\n","fileTypesAndContributionMap":{"functional-code":{"insertions":88,"deletions":77}}},{"hash":"7a94359f83928cefd4797d397a4ad7619593246f","messageTitle":"Update minimum length of Telegram handle","messageBody":"","fileTypesAndContributionMap":{"functional-code":{"insertions":1,"deletions":1}}},{"hash":"640fa5dc52b3b246cfd5c6d3f69a58b8e56eb9db","messageTitle":"Fix JavaDocs","messageBody":"","fileTypesAndContributionMap":{"functional-code":{"insertions":1,"deletions":1}}},{"hash":"319b6e4d1b56c4726ba2e59c8c75daf1480b84f1","messageTitle":"Update documentation for Academic Year in UG","messageBody":"","fileTypesAndContributionMap":{"docs":{"insertions":14,"deletions":0}}},{"hash":"765a6d933511e2e0e0825a5db005dedf3ea0b727","messageTitle":"Create JsonAdaptedStudent for storage component","messageBody":"","fileTypesAndContributionMap":{"functional-code":{"insertions":89,"deletions":0}}},{"hash":"30a895a8e4278fece312b373cbb5c52b1058a8c0","messageTitle":"Fix CheckStyle violations","messageBody":"","fileTypesAndContributionMap":{"functional-code":{"insertions":3,"deletions":2}}},{"hash":"ce8fac0357ebe4abd4ac88967fe6623c41d85b61","messageTitle":"Update retrieving of Telegram value","messageBody":"","fileTypesAndContributionMap":{"functional-code":{"insertions":1,"deletions":1}}}]},{"date":"2022-03-13","commitResults":[{"hash":"10ac6f78ee7aacee81124086a7b8e1f22490adde","messageTitle":"Fix optional Telegram handle value","messageBody":"","fileTypesAndContributionMap":{"functional-code":{"insertions":10,"deletions":9}}}]}],"Gernene":[{"date":"2022-02-25","commitResults":[{"hash":"456720fd93dee253e4e88c8b6e52ddd82e1c9af9","messageTitle":"Update user profile, value proposition, and stories","messageBody":"","fileTypesAndContributionMap":{"docs":{"insertions":183,"deletions":7}}},{"hash":"bc577bf13f357aab058be37fc23b77fdbcf85800","messageTitle":"Update docs with profile picture","messageBody":"","fileTypesAndContributionMap":{"docs":{"insertions":1,"deletions":1}}}]},{"date":"2022-03-01","commitResults":[{"hash":"7c669998783c437147e82aa7c345a35bff235ea0","messageTitle":"Update list command in user guide","messageBody":"","fileTypesAndContributionMap":{"docs":{"insertions":15,"deletions":3}}}]},{"date":"2022-03-03","commitResults":[{"hash":"bc1b379a691b989ddabb5f4b752c210a89f36581","messageTitle":"Create multiple list views","messageBody":"","fileTypesAndContributionMap":{"functional-code":{"insertions":441,"deletions":4}}}]},{"date":"2022-03-04","commitResults":[{"hash":"a1e875e505b7fb1c38688ded64a99a12ef3f6ba3","messageTitle":"Remove button borders","messageBody":"","fileTypesAndContributionMap":{"functional-code":{"insertions":4,"deletions":0},"docs":{"insertions":0,"deletions":591}}},{"hash":"9affc091501d7e9075493113b3173bc2a25fec98","messageTitle":"Style UI list buttons","messageBody":"","fileTypesAndContributionMap":{"functional-code":{"insertions":11,"deletions":2},"other":{"insertions":696,"deletions":0}}},{"hash":"f8f4ccf338d0526e2f8290c0bcaadef71b85550e","messageTitle":"Ignore bin directory","messageBody":"","fileTypesAndContributionMap":{"other":{"insertions":0,"deletions":696}}},{"hash":"c9cb6009d0cfcb84b5470350319c585de77d9022","messageTitle":"Import HBox in MainWindow.java","messageBody":"","fileTypesAndContributionMap":{"functional-code":{"insertions":1,"deletions":0}}},{"hash":"29d59d4a9b421c76982659066a70d2063047df7d","messageTitle":"Add back developer guide","messageBody":"","fileTypesAndContributionMap":{"docs":{"insertions":553,"deletions":0}}},{"hash":"68246df2bdeac5ffdfeebbb8da9384fb4fee7016","messageTitle":"Revert developer guide","messageBody":"","fileTypesAndContributionMap":{"docs":{"insertions":203,"deletions":27}}},{"hash":"df8bea6280f2321b5a2c4a891ab23ece53de46c8","messageTitle":"Revert developer guide","messageBody":"","fileTypesAndContributionMap":{"docs":{"insertions":10,"deletions":148}}}]},{"date":"2022-03-09","commitResults":[{"hash":"2fc9577e876c5af203645995c0f398502e91ee97","messageTitle":"Plug ClassGroup and TaModule models into UI code","messageBody":"","fileTypesAndContributionMap":{"functional-code":{"insertions":26,"deletions":42}}},{"hash":"4357d08f74ff5321393b3ab8d2c9550ed4ca1e52","messageTitle":"Customize views for ClassGroup and TaModule lists","messageBody":"","fileTypesAndContributionMap":{"functional-code":{"insertions":18,"deletions":28}}},{"hash":"c9afe749453ae7cca761f33767e420efab8e2adb","messageTitle":"Remove dummy ClassGroup interface","messageBody":"","fileTypesAndContributionMap":{"functional-code":{"insertions":0,"deletions":5}}}]},{"date":"2022-03-11","commitResults":[{"hash":"d0d91d11bfe1020f91e4dc4167f642b0a8b9a9cc","messageTitle":"Add sample data","messageBody":"","fileTypesAndContributionMap":{"functional-code":{"insertions":149,"deletions":18}}}]},{"date":"2022-03-12","commitResults":[{"hash":"78a483ca4d9f21267f3dbaeefb424f5f1cd7a2ed","messageTitle":"Replace Person UI components with Student","messageBody":"","fileTypesAndContributionMap":{"functional-code":{"insertions":69,"deletions":68},"other":{"insertions":18,"deletions":27}}},{"hash":"5ce9b116b94b2ed83ed31b4c657fcd302805ef32","messageTitle":"Fix tests","messageBody":"","fileTypesAndContributionMap":{"test-code":{"insertions":26,"deletions":3}}}]},{"date":"2022-03-13","commitResults":[{"hash":"0ba2055f8df7aa5dfb10f7b0ffc3ca1920fa042c","messageTitle":"Remove some unneeded changes to SampleDataUtil","messageBody":"","fileTypesAndContributionMap":{"functional-code":{"insertions":0,"deletions":6}}},{"hash":"63e1671af9dec8f93d104713b42cf508fb47a933","messageTitle":"Change phone to telegram","messageBody":"","fileTypesAndContributionMap":{"functional-code":{"insertions":3,"deletions":3}}}]}],"jxt00":[{"date":"2022-02-22","commitResults":[{"hash":"d6c891121ff89d26f64c83a7706231d149afe6e4","messageTitle":"Update AboutUs with picture and roles","messageBody":"","fileTypesAndContributionMap":{"docs":{"insertions":1,"deletions":1}}},{"hash":"6744e16fefbd5f3ca5ca617ca6bb4805a2c132c1","messageTitle":"Update ‘delete’ command in the User Guide","messageBody":"","fileTypesAndContributionMap":{"docs":{"insertions":33,"deletions":9}}},{"hash":"9b99ae10af745cb7e1bfee772a700fb6af6e8aa3","messageTitle":"Update AboutUs responsibilities","messageBody":"","fileTypesAndContributionMap":{"docs":{"insertions":3,"deletions":3}}}]},{"date":"2022-02-23","commitResults":[{"hash":"d9316eeda32cc5b2152d610929c132e8cbe244f5","messageTitle":"Change all instances of \u0027lesson\u0027 to \u0027class group\u0027","messageBody":"","fileTypesAndContributionMap":{"docs":{"insertions":12,"deletions":12}}},{"hash":"27cc497ac8811ed45128d74b5aac940d9a8d0fb3","messageTitle":"Remove some traces of AB3 and put some features as coming soon","messageBody":"","fileTypesAndContributionMap":{"docs":{"insertions":17,"deletions":13}}}]},{"date":"2022-02-27","commitResults":[{"hash":"fbf0ed79d7054afb2c8a0160e0abb9d9137457c7","messageTitle":"Update DG with use cases for Class Group","messageBody":"","fileTypesAndContributionMap":{"docs":{"insertions":61,"deletions":23}}},{"hash":"148173b60726b05ccf3358dbaa88a94b016591c1","messageTitle":"Update extension index in DG","messageBody":"","fileTypesAndContributionMap":{"docs":{"insertions":12,"deletions":12}}}]},{"date":"2022-03-02","commitResults":[{"hash":"d3d6f1f29adc8a7e9eb3e708e451a2bc5579f3e5","messageTitle":"Fix use case naming convention in DG","messageBody":"","fileTypesAndContributionMap":{"docs":{"insertions":3,"deletions":3}}},{"hash":"38e664481779fba53efb87fd108536bd93924785","messageTitle":"Add precondition for use case in DG","messageBody":"","fileTypesAndContributionMap":{"docs":{"insertions":2,"deletions":0}}}]},{"date":"2022-03-03","commitResults":[{"hash":"0991327d0d5cdf7f1b6d45a6678952e6a246ee72","messageTitle":"Fix discrepancies in uses cases in DG","messageBody":"","fileTypesAndContributionMap":{"docs":{"insertions":12,"deletions":13}}}]},{"date":"2022-03-06","commitResults":[{"hash":"f628adeb841517e98cbf395e1da6fd2faf5bc619","messageTitle":"Add models for Class Group, its ID, type and module code","messageBody":"Currently,\n* ClassGroupId supports only numeric IDs e.g. 01, 11\n* ClassGroupType supports only alphabets e.g. LEC, TUT\n* ModuleCode supports only CS-coded modules e.g. CS2105, CS2103T\n","fileTypesAndContributionMap":{"functional-code":{"insertions":228,"deletions":0}}},{"hash":"65c289b231327d7396ec6576d24a485d206cadf7","messageTitle":"Add list class to manage Class Groups","messageBody":"Add some exception classes to handle invalid and duplicate\nclass groups\n","fileTypesAndContributionMap":{"functional-code":{"insertions":137,"deletions":0}}},{"hash":"3bb7cef26773049aef2123ba4c141a750e5ba01b","messageTitle":"Update ClassGroup to use Module\u0027s ModuleCode instead","messageBody":"Change ClassGroupType to an enum\n","fileTypesAndContributionMap":{"functional-code":{"insertions":9,"deletions":97}}},{"hash":"5ce99754f62edde85c3f4de63590e3995197c422","messageTitle":"Add SetClassGroup method to UniqueClassGroupList","messageBody":"Rename moduleCode and name to value\n","fileTypesAndContributionMap":{"functional-code":{"insertions":38,"deletions":18}}},{"hash":"9f7933e5aa525a8b057893d0ce87cc20af774509","messageTitle":"Add Recitation to ClassGroupType","messageBody":"","fileTypesAndContributionMap":{"functional-code":{"insertions":1,"deletions":0}}},{"hash":"15bebef3c083d3a12a9c1d66b03fd01a78c9be6f","messageTitle":"Add tests for ClassGroupId","messageBody":"","fileTypesAndContributionMap":{"test-code":{"insertions":37,"deletions":0}}},{"hash":"e0343e14abd8f40210a4e0dd2533ac15f682b67c","messageTitle":"Remove LECTURE from ClassGroupType","messageBody":"","fileTypesAndContributionMap":{"functional-code":{"insertions":0,"deletions":1}}},{"hash":"0bf5ee7ea69f722f8acee5fe7af2e246637f8e0d","messageTitle":"Update occurrences of Module to TaModule in UniqueModuleList","messageBody":"ModuleCode class: rename isValidName to isValidModuleCode\nModuleCode class: rename isValidName to isValidModuleName\n","fileTypesAndContributionMap":{"functional-code":{"insertions":18,"deletions":18}}},{"hash":"8b51787b4e4ce6241e47186ecd36c60b286f2d87","messageTitle":"Update ClassGroupId regex to support IDs like \u0027B01\u0027","messageBody":"Simple Javadoc changes.\n","fileTypesAndContributionMap":{"functional-code":{"insertions":9,"deletions":10}}},{"hash":"9df887674d57de89999f550baf572f9fae7f66b3","messageTitle":"Remove ClassGroupIdTest to pass checks","messageBody":"","fileTypesAndContributionMap":{"test-code":{"insertions":0,"deletions":37}}}]},{"date":"2022-03-07","commitResults":[{"hash":"14cb448853948c0f5b35248fa9cdb0d1056bfaf6","messageTitle":"Add tests for ClassGroupId","messageBody":"","fileTypesAndContributionMap":{"test-code":{"insertions":37,"deletions":0}}},{"hash":"00922ecd77dea5b955af9606be48b95375f00a8d","messageTitle":"Add tests for ClassGroup","messageBody":"","fileTypesAndContributionMap":{"test-code":{"insertions":143,"deletions":0}}},{"hash":"0c55c907ffe3914ba92d53f890f833bf8632b09a","messageTitle":"Add tests for UniqueClassGroupList","messageBody":"","fileTypesAndContributionMap":{"test-code":{"insertions":176,"deletions":0}}}]},{"date":"2022-03-08","commitResults":[{"hash":"b658d11d538a3612486e581f7a3b035c4cc877f9","messageTitle":"Update ACAD_YEAR for Module and types for ClassGroup in UG","messageBody":"","fileTypesAndContributionMap":{"docs":{"insertions":6,"deletions":4}}},{"hash":"bb5d406c676ccda94b254308dbce4fc991f223de","messageTitle":"Update use case for adding a Class Group in DG","messageBody":"","fileTypesAndContributionMap":{"docs":{"insertions":6,"deletions":5}}},{"hash":"6f9747a4c48dd796980622c51b585405310a3f0b","messageTitle":"Update add class group to use index instead of module code in UG","messageBody":"","fileTypesAndContributionMap":{"docs":{"insertions":4,"deletions":4}}},{"hash":"7e485a71ebf6c2a4ba26e298a7d528b1539387c5","messageTitle":"Change ClassGroup to use TaModule instead of ModuleCode","messageBody":"","fileTypesAndContributionMap":{"functional-code":{"insertions":11,"deletions":11}}},{"hash":"09777a2051c96af29b14b12efe50b4362a3ffa09","messageTitle":"Remove tests for ClassGroup and other dependencies","messageBody":"This is to allow the PR to pass the CI and be merged\nfor the time being.\n","fileTypesAndContributionMap":{"test-code":{"insertions":0,"deletions":311}}}]},{"date":"2022-03-09","commitResults":[{"hash":"cebb12caa047f30220560c3f3050cffcd7c8ca1e","messageTitle":"Change ACAD_YEAR to ACADEMIC_YEAR in UG","messageBody":"","fileTypesAndContributionMap":{"docs":{"insertions":2,"deletions":2}}}]},{"date":"2022-03-11","commitResults":[{"hash":"df63731734e91807ca9e8cc090e97794040d4576","messageTitle":"Add toString() to ClassGroupType","messageBody":"ClassGroup class : toString() prints Module\u0027s academic year as well\n","fileTypesAndContributionMap":{"functional-code":{"insertions":19,"deletions":6}}}]},{"date":"2022-03-12","commitResults":[{"hash":"53d60b24c7372a32e138e7b87d52d696a4fb388d","messageTitle":"Add storage for ClassGroup","messageBody":"","fileTypesAndContributionMap":{"functional-code":{"insertions":89,"deletions":0}}}]},{"date":"2022-03-13","commitResults":[{"hash":"4427660f000db3e637ebd682f2efcd096723651f","messageTitle":"Check that module exists already","messageBody":"","fileTypesAndContributionMap":{"functional-code":{"insertions":8,"deletions":1}}},{"hash":"8fe7921152f1fd8d5261f3cfe52997a30efb40d6","messageTitle":"Change exception message","messageBody":"","fileTypesAndContributionMap":{"functional-code":{"insertions":1,"deletions":2}}},{"hash":"17f1e6b9cee872a3b3389d0d04cf4383e4c5e88a","messageTitle":"Change error message to a constant","messageBody":"","fileTypesAndContributionMap":{"functional-code":{"insertions":2,"deletions":2}}}]}],"lkldev":[{"date":"2022-02-22","commitResults":[{"hash":"e6d203557d2f7b57a8e6dfc56fa50d9d9a6a8362","messageTitle":"Adapt AB3 project to TAssist","messageBody":"Add PPP for each member to edit their info\n\nUpdate User Guide to reflect project description and quick start\n\nMembers to:\n- Update PPP in individual pages\n- Upload profile picture and update AboutUs.md to show picture\n","fileTypesAndContributionMap":{"docs":{"insertions":273,"deletions":45}}},{"hash":"a950ef897a3c8de49cc2a0c1ebe8cc2adcd8cf9c","messageTitle":"Update Index.md to reflect TAssist","messageBody":"Fix faulty link in AboutUs.md\n","fileTypesAndContributionMap":{"docs":{"insertions":9,"deletions":7}}}]},{"date":"2022-02-23","commitResults":[{"hash":"388c862c7bb589c6a020ded6b78d114c3f25e27f","messageTitle":"Update PPP","messageBody":"","fileTypesAndContributionMap":{"docs":{"insertions":2,"deletions":3}}},{"hash":"0ca4b76a538e3e1acd88d94c175456eb00739b1e","messageTitle":"Clean up PPP and update PPP links","messageBody":"","fileTypesAndContributionMap":{"docs":{"insertions":1,"deletions":30}}}]},{"date":"2022-03-01","commitResults":[{"hash":"05f7e48b2cb6af8f51b7444fc0821a39bedbec86","messageTitle":"Update DG to include use cases for user interactions with Module","messageBody":"","fileTypesAndContributionMap":{"docs":{"insertions":74,"deletions":0}}},{"hash":"69d8c12b0d5bee20cde1baf17f68e7ee162a9b9f","messageTitle":"Update numbering for use cases","messageBody":"","fileTypesAndContributionMap":{"docs":{"insertions":12,"deletions":12}}},{"hash":"cb41234d31da9b2966199ca8dc5f5820e5011edc","messageTitle":"Remove extension that is covered by previous extension","messageBody":"","fileTypesAndContributionMap":{"docs":{"insertions":0,"deletions":12}}}]},{"date":"2022-03-06","commitResults":[{"hash":"c2f5c6d207494fb1c47d8a7ff6558440d87e920f","messageTitle":"Created Module entity and its attributes","messageBody":"Created UniqueModuleList to contain list of modules\n\nUpdate Guides to remove trailing spaces flag by travis\n","fileTypesAndContributionMap":{"functional-code":{"insertions":360,"deletions":0},"docs":{"insertions":3,"deletions":3}}},{"hash":"b87c279ccc734fd5de4bfb90846ca9fe5c7621a1","messageTitle":"Rename Module to TaModule due to conflict with java.lang.Module","messageBody":"","fileTypesAndContributionMap":{"functional-code":{"insertions":1,"deletions":1},"other":{"insertions":40,"deletions":39}}},{"hash":"03099df7ca1bbb8147936f7f0e30bd032d770026","messageTitle":"Prefix common classes (Logic, Model) with AB3 to pass AB3 test cases","messageBody":"These classes are to be replaced with our own Logic and Model. Once the\ntest cases for our own classes are up, we can delete the AB3 tests.\n\nRenaming these files now would allow us to distribute our workload\nwithout focusing on the CI failing due to the existing test cases.\n","fileTypesAndContributionMap":{"functional-code":{"insertions":38,"deletions":37},"other":{"insertions":40,"deletions":39},"test-code":{"insertions":61,"deletions":61}}},{"hash":"6031b9c0614ca7722051398c6cb5e27b23735fa1","messageTitle":"Refactor code to pass checkstyle","messageBody":"","fileTypesAndContributionMap":{"functional-code":{"insertions":2,"deletions":2},"test-code":{"insertions":4,"deletions":4}}}]},{"date":"2022-03-08","commitResults":[{"hash":"6c2b20358b5291fae9acebaa85d3341a19020a22","messageTitle":"Create Entity class to group Student, TaModule and ClassGroup","messageBody":"Grouping the classes will allow better abstraction in logic, e.g.\nto change add entity in the model one can call\nmodel.addEntity(entity).\n","fileTypesAndContributionMap":{"functional-code":{"insertions":140,"deletions":10}}},{"hash":"e9dcb1a43e5ad6339256958990bb460349306583","messageTitle":"Create TAssist as abstraction for all 3 lists used in model","messageBody":"","fileTypesAndContributionMap":{"functional-code":{"insertions":261,"deletions":0}}},{"hash":"8731cb45ad8d3e7d370ab41333016c27655a6896","messageTitle":"Modify common classes to be compatible with TAssist","messageBody":"","fileTypesAndContributionMap":{"functional-code":{"insertions":519,"deletions":0}}},{"hash":"c4054895b8e812c13cbbcfe25cb858f7f53a3512","messageTitle":"Update MainApp to use modified Logic and Model","messageBody":"Logic still contain traces of AB3 (getFilteredPersonList method),\nto be removed once UI does not need this metho\n","fileTypesAndContributionMap":{"functional-code":{"insertions":11,"deletions":10}}},{"hash":"ece783c1d569b91c26b6a8d935d77b704ef72de6","messageTitle":"Fix javadocs and identify methods to be updated or removed in future","messageBody":"","fileTypesAndContributionMap":{"functional-code":{"insertions":23,"deletions":22}}}]},{"date":"2022-03-09","commitResults":[{"hash":"49e059d2a679b33364b615122d7c185b3e2651dd","messageTitle":"Add AcademicYear field to TaModule","messageBody":"The field comes with a toStringInFull() method, which will return\nthe academic year as a full string. E.g. 21S1 will return\nthe string \"2021/2022 Semester 1\".\n","fileTypesAndContributionMap":{"functional-code":{"insertions":132,"deletions":5}}},{"hash":"d6f7e7805c3e814c35bea76236d5f35ca7515964","messageTitle":"Update semester naming to be consistent with NUS naming","messageBody":"","fileTypesAndContributionMap":{"functional-code":{"insertions":2,"deletions":2}}},{"hash":"98201aaaaf05d39657eda0094bd41e888b521de8","messageTitle":"Update regex for ClassGroupId","messageBody":"","fileTypesAndContributionMap":{"functional-code":{"insertions":1,"deletions":1}}},{"hash":"646339b48f5bd8417c4e5f9a32b4db39bf878088","messageTitle":"Populate sample data","messageBody":"","fileTypesAndContributionMap":{"functional-code":{"insertions":116,"deletions":33}}},{"hash":"d3882f1422fc4db521c154cc28d19addef3a62e3","messageTitle":"Update indentation for checkstyle","messageBody":"","fileTypesAndContributionMap":{"functional-code":{"insertions":20,"deletions":20}}}]},{"date":"2022-03-10","commitResults":[{"hash":"5bba4865d2653d8a0e168327e6602ee35a9ba326","messageTitle":"Edit message constraints in ClassGroupId","messageBody":"","fileTypesAndContributionMap":{"functional-code":{"insertions":1,"deletions":1}}}]},{"date":"2022-03-12","commitResults":[{"hash":"b224baf9740a62dc63a98e65addedb472fd1edc8","messageTitle":"Create JsonAdaptedTaModule for storage component","messageBody":"","fileTypesAndContributionMap":{"functional-code":{"insertions":80,"deletions":0}}},{"hash":"5b1e69b2794b7411bce61e69894c7fe6822167d3","messageTitle":"Update javadocs","messageBody":"","fileTypesAndContributionMap":{"functional-code":{"insertions":1,"deletions":1}}},{"hash":"1d453e9e14ff5b69028d74231d8ce3cea468d764","messageTitle":"Update Json property","messageBody":"","fileTypesAndContributionMap":{"functional-code":{"insertions":3,"deletions":3}}}]}]},"authorFileTypeContributionMap":{"EvaderFati":{"docs":98,"functional-code":0,"test-code":0},"wxliong":{"docs":92,"functional-code":635,"test-code":0},"Gernene":{"docs":192,"functional-code":549,"test-code":26},"jxt00":{"docs":116,"functional-code":434,"test-code":45},"lkldev":{"docs":287,"functional-code":1290,"test-code":86,"other":1}},"authorContributionVariance":{"EvaderFati":1071.222,"wxliong":18111.078,"Gernene":344784.34,"jxt00":24541.521,"lkldev":61929.297},"authorDisplayNameMap":{"EvaderFati":"CS2103T-T13-2 MENG..G AN","wxliong":"CS2103T-T13-2 LION..XUAN","Gernene":"CS2103T-T13-2 GERN.. TAN","jxt00":"CS2103T-T13-2 TAN .. XIN","lkldev":"CS2103T-T13-2 LI K..NGLI"}}
