{"authorDailyContributionsMap":{"joelwongjy":[{"date":"2022-03-01","commitResults":[{"hash":"971344f00ff22a9b9ca4068ba48f877068da98b2","messageTitle":"Update DG","messageBody":"Update DG with target user profile, value proposition, user stories and use cases.","fileTypesAndContributionMap":{"docs":{"insertions":127,"deletions":20}}},{"hash":"ec8ac7bba1a8baa26fbc485572c2bec490e26891","messageTitle":"Add features and commands to user guide","messageBody":"","fileTypesAndContributionMap":{"docs":{"insertions":46,"deletions":17}}},{"hash":"bbb6c27ac4faf5dec491e4ffc032046a12157510","messageTitle":"Add skeletal ppp for joelwongjy","messageBody":"Add skeletal ppp for joelwongjy\n\n","fileTypesAndContributionMap":{"docs":{"insertions":9,"deletions":33}}}]},{"date":"2022-03-02","commitResults":[{"hash":"c477413d1f0cc76e2d15ad9cf12a8d1146443b16","messageTitle":"Update non-functional requirements in DG","messageBody":"","fileTypesAndContributionMap":{"docs":{"insertions":4,"deletions":3}}}]},{"date":"2022-03-08","commitResults":[{"hash":"6886d3dc294d388695856aa9d3876b9cc0dbc2b8","messageTitle":"Create tutorial","messageBody":"","fileTypesAndContributionMap":{"functional-code":{"insertions":236,"deletions":7},"test-code":{"insertions":7,"deletions":7}}}]},{"date":"2022-03-13","commitResults":[{"hash":"792bc3695d03bff1c1f95f6dbc14956624fd5c55","messageTitle":"Add side panel for meetings","messageBody":"Revamp UI to add right panel to display meetings\nAdd side panel for meetings\n\n","fileTypesAndContributionMap":{"functional-code":{"insertions":87,"deletions":127}}}]},{"date":"2022-03-25","commitResults":[{"hash":"c77c2311935a4476fc1ff2def527ac053d90b434","messageTitle":"Create view client view","messageBody":"Move client details from client card to right panel","fileTypesAndContributionMap":{"functional-code":{"insertions":522,"deletions":95},"test-code":{"insertions":13,"deletions":7}}},{"hash":"b15a7e54694e2a6e40dd3d8e22a731d953ca568f","messageTitle":"Fix meeting card display","messageBody":"","fileTypesAndContributionMap":{"functional-code":{"insertions":5,"deletions":3}}},{"hash":"8124fbe3f3eba51f3a741cc282283177ea1447bd","messageTitle":"Add assertions","messageBody":"","fileTypesAndContributionMap":{"functional-code":{"insertions":1,"deletions":0}}},{"hash":"0cf30da152ca7b8e47336b2b337ff4e25b771542","messageTitle":"Update Client features in Developer Guide","messageBody":"","fileTypesAndContributionMap":{"docs":{"insertions":35,"deletions":0}}}]},{"date":"2022-03-30","commitResults":[{"hash":"ffa22f28584ff21706979312f705528c4822500a","messageTitle":"Change meeting display dynamically","messageBody":"Update meeting header depending on whether all or upcoming meetings are displayed.\n\nUpdate text color depending on whether meeting is upcoming or past.","fileTypesAndContributionMap":{"functional-code":{"insertions":56,"deletions":12},"test-code":{"insertions":1,"deletions":1}}},{"hash":"a5f15bd9e677b7d33c4e965f3ba097e08282bda5","messageTitle":"Update javadocs for isShowAllMeetings","messageBody":"","fileTypesAndContributionMap":{"functional-code":{"insertions":9,"deletions":0},"test-code":{"insertions":5,"deletions":0}}}]},{"date":"2022-03-31","commitResults":[{"hash":"4815fb7f03ed65d362c0fd8f0d2e5ef1b93abb15","messageTitle":"Add client count and sort criteria","messageBody":"UI does not display total client count and the current sort criteria.\n\nAdd methods to MainWindow and ClientListPanel to update client count and sortCriteria upon add and sort.\n\nAdd an enum for SortCriteria and modify CommandResult to access sortCriteria.\n\nModify SortCommand to sort by default ordering on empty sort attribute.\n\nModify Logic and Model to fix client view not updating upon edit.\n\nFix padding issues on ClientListCard.","fileTypesAndContributionMap":{"functional-code":{"insertions":176,"deletions":33}}},{"hash":"80a1257a772bffa1464c2d49401257c435397322","messageTitle":"Fix checkstyle","messageBody":"","fileTypesAndContributionMap":{"functional-code":{"insertions":2,"deletions":2}}},{"hash":"2913a779f35141497de2c642b9a9bbb25f1c177a","messageTitle":"Fix test cases","messageBody":"","fileTypesAndContributionMap":{"test-code":{"insertions":18,"deletions":7}}},{"hash":"72f81cfe2a8f3442b27d0a1d00f0296641ce3eb4","messageTitle":"Make invalid attribute message clearer","messageBody":"","fileTypesAndContributionMap":{"functional-code":{"insertions":1,"deletions":1}}},{"hash":"866d35f4ff8b674a771d1d7786c994eee90c96d9","messageTitle":"Fix client card not updating on add policy","messageBody":"","fileTypesAndContributionMap":{"functional-code":{"insertions":1,"deletions":0}}},{"hash":"8582580caa91824011d3d507872580948a405ed4","messageTitle":"Add preferences to client display panel","messageBody":"","fileTypesAndContributionMap":{"functional-code":{"insertions":172,"deletions":39},"other":{"insertions":2,"deletions":2}}},{"hash":"30e7bd3522bf1812845feba23aa6e629236f7931","messageTitle":"Fix checkstyle","messageBody":"","fileTypesAndContributionMap":{"functional-code":{"insertions":6,"deletions":12}}},{"hash":"315c6abe6efeb403213eb9f5985c596d849e310d","messageTitle":"Update javadocs","messageBody":"","fileTypesAndContributionMap":{"functional-code":{"insertions":2,"deletions":2}}},{"hash":"85e54e94e1cbaeaf1854a526196b620daaf7b2ac","messageTitle":"Fix incorrect client index after sort","messageBody":"","fileTypesAndContributionMap":{"functional-code":{"insertions":77,"deletions":53},"test-code":{"insertions":11,"deletions":1}}},{"hash":"60cb0eb9d6a0d49837c822d23dee986b13ee627d","messageTitle":"Update javadocs","messageBody":"","fileTypesAndContributionMap":{"functional-code":{"insertions":8,"deletions":0}}}]},{"date":"2022-04-01","commitResults":[{"hash":"ee083250af6dbda37837cc0c809b19eda8642b87","messageTitle":"Fix trailing whitespace","messageBody":"","fileTypesAndContributionMap":{"functional-code":{"insertions":2,"deletions":2}}},{"hash":"febce22cd16908d35758e0e3bf8042991b43b0a4","messageTitle":"Fix client view not updating on edit after sort","messageBody":"","fileTypesAndContributionMap":{"functional-code":{"insertions":49,"deletions":34},"test-code":{"insertions":2,"deletions":3}}},{"hash":"444897b937320c3a1b411919c30c31ff01b7afb1","messageTitle":"Fix policies not updating on edit","messageBody":"","fileTypesAndContributionMap":{"functional-code":{"insertions":3,"deletions":3}}},{"hash":"bcad01d2e6f343c3cae5e61b9fd09fff519e34f0","messageTitle":"Fix delete and edit policy","messageBody":"Client view does not update on delete and edit policy if client to be updated is being displayed.","fileTypesAndContributionMap":{"functional-code":{"insertions":7,"deletions":5}}},{"hash":"6b4ccdbc70b15b2818e4a7e5bb1928155a38b647","messageTitle":"Fix delete preference not working/updating","messageBody":"","fileTypesAndContributionMap":{"functional-code":{"insertions":6,"deletions":18}}},{"hash":"1aa21d06db214d95782660d2aa35b17172074544","messageTitle":"Fix no * imports","messageBody":"","fileTypesAndContributionMap":{"functional-code":{"insertions":18,"deletions":1}}}]},{"date":"2022-04-05","commitResults":[{"hash":"ed707c19caf07518da1564c883a40b00e5f6277f","messageTitle":"Fix last contacted hidden when name is too long","messageBody":"","fileTypesAndContributionMap":{"functional-code":{"insertions":5,"deletions":2}}},{"hash":"af2d5d59257cad20095768b7e6a56f0d8c0ae168","messageTitle":"Fix exit not closing tutorial window","messageBody":"","fileTypesAndContributionMap":{"functional-code":{"insertions":1,"deletions":0}}}]},{"date":"2022-04-06","commitResults":[{"hash":"0f83481e456676c302d1f34e9527b1dcaaddb9e7","messageTitle":"Fix right panel not resizing","messageBody":"","fileTypesAndContributionMap":{"functional-code":{"insertions":44,"deletions":49}}},{"hash":"38586ab9dc48cac2ca212ff21811cb9a432cdc5b","messageTitle":"Fix client view remaining after delete","messageBody":"","fileTypesAndContributionMap":{"functional-code":{"insertions":50,"deletions":3}}}]},{"date":"2022-04-08","commitResults":[{"hash":"19b20e3a1dcaac8bde2fcd3568b99f2f8adcf544","messageTitle":"Update PPP","messageBody":"","fileTypesAndContributionMap":{"docs":{"insertions":17,"deletions":0}}}]}],"sheimoria":[{"date":"2022-03-01","commitResults":[{"hash":"78166ea9615f912eeba73bef2c560752732ef104","messageTitle":"Update README","messageBody":"","fileTypesAndContributionMap":{"docs":{"insertions":10,"deletions":7}}},{"hash":"c754a78119dd8dfbfe32a675b30f6668fbf1a2b3","messageTitle":"Fix README formatting","messageBody":"","fileTypesAndContributionMap":{"docs":{"insertions":2,"deletions":6}}}]},{"date":"2022-03-02","commitResults":[{"hash":"c29ea09669015927c9a13f429047a8c49a1339c8","messageTitle":"Add skeletal PPP","messageBody":"","fileTypesAndContributionMap":{"docs":{"insertions":9,"deletions":33}}},{"hash":"3ae8178a6caad714b40db91b27776891ea5a410a","messageTitle":"Add table of contents to user guide","messageBody":"","fileTypesAndContributionMap":{"docs":{"insertions":22,"deletions":3}}},{"hash":"22b168968eb0bd91e7f0853fb311b3e4bb930554","messageTitle":"Link CI banner to project","messageBody":"","fileTypesAndContributionMap":{"docs":{"insertions":1,"deletions":1}}}]},{"date":"2022-03-08","commitResults":[{"hash":"18aa25e8be7c802738c0be13672bdd44bf6e8b09","messageTitle":"Update fonts to render properly on macOS Monterey","messageBody":"","fileTypesAndContributionMap":{"functional-code":{"insertions":12,"deletions":12}}}]},{"date":"2022-03-10","commitResults":[{"hash":"d39f673e07989bf2a0aab812028a485dca672884","messageTitle":"Add DateTime class","messageBody":"","fileTypesAndContributionMap":{"functional-code":{"insertions":63,"deletions":0}}},{"hash":"81e8cda50e1ed08fc54bf400ecd52135556e9275","messageTitle":"Add lastContacted field to Person class","messageBody":"","fileTypesAndContributionMap":{"functional-code":{"insertions":30,"deletions":11}}},{"hash":"c6fc0fb5545f0293837b4330e0f0acd63918f6db","messageTitle":"Add last contacted datetime parameter to edit command","messageBody":"","fileTypesAndContributionMap":{"functional-code":{"insertions":62,"deletions":17}}},{"hash":"272833d8e7c89c7f73198d9365f9ce1117394609","messageTitle":"Revert fonts to default","messageBody":"","fileTypesAndContributionMap":{"functional-code":{"insertions":22,"deletions":22}}}]},{"date":"2022-03-16","commitResults":[{"hash":"7e990d3d96a42017ee37dfa17401be7eeeb23c7a","messageTitle":"Add birthday field to Person class","messageBody":"","fileTypesAndContributionMap":{"functional-code":{"insertions":94,"deletions":7}}},{"hash":"f4fe9f255785836587aede7e580018816e5a19af","messageTitle":"Add birthday parameter to edit command","messageBody":"","fileTypesAndContributionMap":{"functional-code":{"insertions":48,"deletions":13},"test-code":{"insertions":21,"deletions":1}}},{"hash":"7b1ab21ad475381ff7e899dffddeebdaab28e823","messageTitle":"add birthday and last contacted to user interface","messageBody":"","fileTypesAndContributionMap":{"functional-code":{"insertions":18,"deletions":2}}}]},{"date":"2022-03-17","commitResults":[{"hash":"a75375441559e4591d00a31138004a6d8133d37c","messageTitle":"Rename Person to Client","messageBody":"","fileTypesAndContributionMap":{"functional-code":{"insertions":529,"deletions":524},"other":{"insertions":253,"deletions":255},"docs":{"insertions":132,"deletions":132},"test-code":{"insertions":629,"deletions":628}}}]},{"date":"2022-03-23","commitResults":[{"hash":"a4a5f6535f0619973ee7331bb0499bc46ca5d4d7","messageTitle":"Add contacted command","messageBody":"","fileTypesAndContributionMap":{"functional-code":{"insertions":91,"deletions":13}}}]},{"date":"2022-03-24","commitResults":[{"hash":"de9b079a13f5eed9fce20dbedcc763b67c3b285f","messageTitle":"Update birthday and lastContacted to non-null fields with default values","messageBody":"","fileTypesAndContributionMap":{"functional-code":{"insertions":45,"deletions":24}}},{"hash":"9113bb56b1ba54a131c7f8fc64abc932fe1344f5","messageTitle":"Save birthday and lastContacted to storage","messageBody":"","fileTypesAndContributionMap":{"functional-code":{"insertions":37,"deletions":7}}},{"hash":"f4b1c0f46c9772b948fd1bd45e43ad4956566d19","messageTitle":"Update EditCommand lastContacted parameter syntax","messageBody":"","fileTypesAndContributionMap":{"functional-code":{"insertions":8,"deletions":7}}},{"hash":"5f786e5749d0756cb2bb7d41db6ccdd150b1aa2b","messageTitle":"Update tests to account for birthday and lastContacted fields","messageBody":"","fileTypesAndContributionMap":{"test-code":{"insertions":58,"deletions":33}}}]},{"date":"2022-03-25","commitResults":[{"hash":"9ff376cfef66d636e56a9291068e35fdd4c9eae3","messageTitle":"Add last contacted feature implementation to developer guide","messageBody":"","fileTypesAndContributionMap":{"docs":{"insertions":27,"deletions":88}}},{"hash":"5f2043beb2d15ab06dc51e8aec5dd54075a5a90d","messageTitle":"Add screenshots for last contacted feature implementation in developer guide","messageBody":"","fileTypesAndContributionMap":{"docs":{"insertions":16,"deletions":9}}},{"hash":"9797c3c7cbdfd9add495a1d1ad16b0ec8a5e3a79","messageTitle":"Add table of contents to developer guide","messageBody":"","fileTypesAndContributionMap":{"docs":{"insertions":39,"deletions":4}}},{"hash":"a3807875450ca0161322562ef59a5b5dfad17a8e","messageTitle":"Fix table of contents","messageBody":"","fileTypesAndContributionMap":{"docs":{"insertions":9,"deletions":27}}},{"hash":"5188b480c8166f700569fde8e3243d921c10b8da","messageTitle":"Add contacted command","messageBody":"","fileTypesAndContributionMap":{"docs":{"insertions":28,"deletions":17}}}]},{"date":"2022-03-29","commitResults":[{"hash":"3aa65a6e3379e04b80aaf68f790ae96bcb5a73a4","messageTitle":"Fix bug loading birthday or lastContacted","messageBody":"","fileTypesAndContributionMap":{"functional-code":{"insertions":50,"deletions":20}}},{"hash":"1f47977fd15e42c92c0f0e272539cdaff98dce05","messageTitle":"Update src/main/java/seedu/address/logic/commands/SortCommand.java","messageBody":"","fileTypesAndContributionMap":{"functional-code":{"insertions":4,"deletions":1}}},{"hash":"26479c2cb794382615a522bd430f875f8903ef5c","messageTitle":"Update src/main/java/seedu/address/logic/commands/SortCommand.java","messageBody":"","fileTypesAndContributionMap":{"functional-code":{"insertions":1,"deletions":1}}},{"hash":"869e2b27ea3c7ef1def2ce1a466a28d60b8b9263","messageTitle":"Remove default date and datetime from add command parser","messageBody":"","fileTypesAndContributionMap":{"functional-code":{"insertions":2,"deletions":4}}},{"hash":"d3e4f96cfbd66198bcc93f5fa70f10dc708bf1a6","messageTitle":"make email and address optional in addClient command","messageBody":"","fileTypesAndContributionMap":{"functional-code":{"insertions":51,"deletions":19},"docs":{"insertions":1,"deletions":1},"test-code":{"insertions":27,"deletions":19}}},{"hash":"94c767e7c7416281806c661e01e1478e8ab46623","messageTitle":"Remove tag prefix in addClient command","messageBody":"","fileTypesAndContributionMap":{"functional-code":{"insertions":1,"deletions":1}}},{"hash":"318e9c933c1fdb6c00ad9cb7b7a9a286de02ec57","messageTitle":"Remove tests for null address and email","messageBody":"","fileTypesAndContributionMap":{"test-code":{"insertions":0,"deletions":10}}},{"hash":"586fc90f5552a5ac94622ab008160aac0a321ebb","messageTitle":"Add back tag prefix to addClient command parser","messageBody":"","fileTypesAndContributionMap":{"functional-code":{"insertions":1,"deletions":1}}}]},{"date":"2022-03-30","commitResults":[{"hash":"e806014093d93dbc5d4a25b7db6a8c361e9590f5","messageTitle":"Add birthday and lastContacted as parameters to the addClient command","messageBody":"","fileTypesAndContributionMap":{"functional-code":{"insertions":22,"deletions":8}}},{"hash":"29c8f28a514b3e3b62850934596b9b5129e1bf56","messageTitle":"Add parameter in sortClients command to sort clients by lastContacted","messageBody":"","fileTypesAndContributionMap":{"functional-code":{"insertions":14,"deletions":4}}}]},{"date":"2022-04-05","commitResults":[{"hash":"df081ceb368e08e1032108681e8c304eff1cd2e4","messageTitle":"171 fix wrong link in user guide","messageBody":"","fileTypesAndContributionMap":{"docs":{"insertions":1,"deletions":1}}}]},{"date":"2022-04-06","commitResults":[{"hash":"27d8045a9f2e9c2c61ac590854e6910f0c36adbb","messageTitle":"Update addClient, updateClient and contacted command format and examples","messageBody":"","fileTypesAndContributionMap":{"docs":{"insertions":13,"deletions":7}}},{"hash":"73b33e92a987f31bfa8d9f19d9023148585b9d64","messageTitle":"Fix regex to account for invalid dates and allow more than 1 whitespace","messageBody":"","fileTypesAndContributionMap":{"functional-code":{"insertions":5,"deletions":16}}},{"hash":"fb11ecda5d83afac28b185ba5147ab5b20b09784","messageTitle":"Fix contacted command to not accept future datetimes","messageBody":"","fileTypesAndContributionMap":{"functional-code":{"insertions":24,"deletions":8}}},{"hash":"289c1ebf9f1de624d058fcd7a155021f2e651a63","messageTitle":"Fix contacted command wrong invalid format message","messageBody":"","fileTypesAndContributionMap":{"functional-code":{"insertions":1,"deletions":1}}},{"hash":"4b008b9f420ba8d6e3e4d28ed3ef0dbf6944da0c","messageTitle":"Fix unused import checkstyle error","messageBody":"","fileTypesAndContributionMap":{"functional-code":{"insertions":0,"deletions":1}}},{"hash":"22d6c2ed37a27edb03961704882b83b4070f16a4","messageTitle":"Fix invalid command format example","messageBody":"","fileTypesAndContributionMap":{"functional-code":{"insertions":4,"deletions":4}}},{"hash":"758a126bce247ffc3ad2600f07bd23b2aba0bfdc","messageTitle":"Fix email message constraints","messageBody":"","fileTypesAndContributionMap":{"functional-code":{"insertions":2,"deletions":3}}}]},{"date":"2022-04-08","commitResults":[{"hash":"b2c123bef3ef2ffcdd5d11c1125aa400095e19bc","messageTitle":"update PPP","messageBody":"","fileTypesAndContributionMap":{"docs":{"insertions":13,"deletions":1}}},{"hash":"d1821418d892c812541caa6f33d05bab814527ba","messageTitle":"Fix checkstyle errors in docs","messageBody":"","fileTypesAndContributionMap":{"docs":{"insertions":22,"deletions":24}}},{"hash":"80985a4ef3f5faa00ee1e6ef0f14f857b81cfa0f","messageTitle":"Fix invalid birthdays","messageBody":"","fileTypesAndContributionMap":{"functional-code":{"insertions":41,"deletions":19}}},{"hash":"c7b7dc2a8ec066dc73cac51cd2f9008d9ea630ce","messageTitle":"Update javadoc","messageBody":"","fileTypesAndContributionMap":{"functional-code":{"insertions":1,"deletions":1}}}]}],"myc37":[{"date":"2022-03-01","commitResults":[{"hash":"ef0d9dc1b772c710af07b405385e1228ba686ab5","messageTitle":"Update AboutUs","messageBody":"","fileTypesAndContributionMap":{"docs":{"insertions":165,"deletions":27}}},{"hash":"8fdc6a4686852e89d7ed329ab32003fcbdf592c8","messageTitle":"Add skeletal PPP","messageBody":"","fileTypesAndContributionMap":{"docs":{"insertions":10,"deletions":34}}},{"hash":"971580c2cecd311bc231f6a1b5d9150b6f9ec7c2","messageTitle":"Update images","messageBody":"","fileTypesAndContributionMap":{"docs":{"insertions":4,"deletions":4}}},{"hash":"f0dc9bc7c0fb2de2fcf2d6d63df585022a3b8cda","messageTitle":"Add boilerplate for UG","messageBody":"","fileTypesAndContributionMap":{"docs":{"insertions":44,"deletions":69}}},{"hash":"8bd3b6a40ae4cefe0f96e37508baf6ce1783bc81","messageTitle":"Fix summary errors","messageBody":"","fileTypesAndContributionMap":{"docs":{"insertions":2,"deletions":2}}}]},{"date":"2022-03-06","commitResults":[{"hash":"4fe5fc0529a73d2c311090c4d201cbadb4e74756","messageTitle":"Add Premium class","messageBody":"","fileTypesAndContributionMap":{"functional-code":{"insertions":53,"deletions":0}}},{"hash":"4a99131584a40deac50199f6d8e3c36312efad39","messageTitle":"Add Policy class","messageBody":"","fileTypesAndContributionMap":{"functional-code":{"insertions":85,"deletions":0}}},{"hash":"90edc02dacc420cd6e5f44954e1f23edeea28bd9","messageTitle":"Add DuplicatePolicyException class","messageBody":"","fileTypesAndContributionMap":{"functional-code":{"insertions":11,"deletions":0},"other":{"insertions":2,"deletions":2}}}]},{"date":"2022-03-08","commitResults":[{"hash":"9af5348a534504edc8cc491d29592077abf5c9ee","messageTitle":"Add all logic for AddPolicyCommand","messageBody":"","fileTypesAndContributionMap":{"functional-code":{"insertions":197,"deletions":15}}},{"hash":"4856e83183cc1d7e0355257cbf59a25ea6513085","messageTitle":"Fix indentation in ParserUtil.java","messageBody":"","fileTypesAndContributionMap":{"functional-code":{"insertions":1,"deletions":1}}}]},{"date":"2022-03-13","commitResults":[{"hash":"f001fff85eda69603594d1bb3c4076653a9fad35","messageTitle":"Change JSON back to Jackson","messageBody":"","fileTypesAndContributionMap":{"functional-code":{"insertions":1,"deletions":1}}}]},{"date":"2022-03-14","commitResults":[{"hash":"f409e092080f944aee71fd0bb0da3a0f14d958c0","messageTitle":"Add GUI element for Policy","messageBody":"","fileTypesAndContributionMap":{"functional-code":{"insertions":8,"deletions":0}}},{"hash":"c37c741f6a533318260d63c6ee1798068d51a119","messageTitle":"Add logic to save Policies in AddressBook","messageBody":"","fileTypesAndContributionMap":{"functional-code":{"insertions":78,"deletions":5}}},{"hash":"a5f24eb1c2074344348bae4aa4b2aa651fc72275","messageTitle":"Replace Tags in GUI with Policies","messageBody":"","fileTypesAndContributionMap":{"functional-code":{"insertions":10,"deletions":20}}},{"hash":"03ae823af09d25e129c33a583fb0548e238b3e88","messageTitle":"Update AddPolicyCommand command word","messageBody":"","fileTypesAndContributionMap":{"functional-code":{"insertions":1,"deletions":1}}},{"hash":"1e0346d27f1143397be6afccfa13dae006433c93","messageTitle":"Fix checkstyle indentation errors","messageBody":"","fileTypesAndContributionMap":{"functional-code":{"insertions":5,"deletions":5}}},{"hash":"58829d55c2f8dbec35361bdb1118f6c0e287282a","messageTitle":"Update JsonAdaptedPersonTest to accomodate policies","messageBody":"","fileTypesAndContributionMap":{"functional-code":{"insertions":10,"deletions":2},"test-code":{"insertions":67,"deletions":10}}},{"hash":"5f9c285828052517c6d11f949c84bf69eea4e297","messageTitle":"Update UG","messageBody":"","fileTypesAndContributionMap":{"docs":{"insertions":90,"deletions":83}}}]},{"date":"2022-03-16","commitResults":[{"hash":"615cc043436b09500c2a3c99681084f29d1dbc3e","messageTitle":"Add functionality for  ViewPolicy command","messageBody":"","fileTypesAndContributionMap":{"functional-code":{"insertions":135,"deletions":0},"docs":{"insertions":1,"deletions":1}}}]},{"date":"2022-03-17","commitResults":[{"hash":"22baaee8094d82f24d9bf80b464e55d2a31635f0","messageTitle":"Add DeletePolicy command","messageBody":"","fileTypesAndContributionMap":{"functional-code":{"insertions":168,"deletions":32}}}]},{"date":"2022-03-18","commitResults":[{"hash":"eb155a3a97a1a63902e98324b0bb1c9e2477a299","messageTitle":"Fix checkstyle errors","messageBody":"","fileTypesAndContributionMap":{"functional-code":{"insertions":20,"deletions":9},"test-code":{"insertions":1,"deletions":1}}}]},{"date":"2022-03-20","commitResults":[{"hash":"714811f0ec4a7a9c1ad61d8f7c6e8bd2ef04b2f3","messageTitle":"Add logic for EditPolicyCommand","messageBody":"","fileTypesAndContributionMap":{"functional-code":{"insertions":194,"deletions":29}}},{"hash":"0eb92a5a1b07f507f04f5d1e866c1a2d9a450c47","messageTitle":"Update UG for EditPolicyCommand and DeletePolicyCommand","messageBody":"","fileTypesAndContributionMap":{"docs":{"insertions":39,"deletions":15}}},{"hash":"7874bf70e6af0a9cf01e4bbe60c344fb8fdd1700","messageTitle":"Fix checkstyle errors","messageBody":"","fileTypesAndContributionMap":{"functional-code":{"insertions":19,"deletions":10}}},{"hash":"0f466c001cb657e81a38b5fedc22a71f296ba19e","messageTitle":"Edit constructor comments for JsonAdaptedPolicy","messageBody":"","fileTypesAndContributionMap":{"functional-code":{"insertions":2,"deletions":1}}},{"hash":"8a5a917c2cf67693ff43f24a2034e1b895881c06","messageTitle":"Change CLIENT_INDEX to INDEX","messageBody":"","fileTypesAndContributionMap":{"functional-code":{"insertions":22,"deletions":18},"docs":{"insertions":21,"deletions":21}}}]},{"date":"2022-03-22","commitResults":[{"hash":"a7d17c813ae6f61ce7d7b47207e39ffabdf753db","messageTitle":"Enable assertions and update version","messageBody":"","fileTypesAndContributionMap":{"functional-code":{"insertions":1,"deletions":1},"other":{"insertions":5,"deletions":1}}},{"hash":"b29c9cf383c52266fc3a175184da7c420cff02f1","messageTitle":"update ug","messageBody":"","fileTypesAndContributionMap":{"docs":{"insertions":3,"deletions":1}}},{"hash":"af28fbb08b69686b336c8f8826fbf6b08b3e4f75","messageTitle":"remove viewPolicy","messageBody":"","fileTypesAndContributionMap":{"functional-code":{"insertions":0,"deletions":97}}}]},{"date":"2022-03-23","commitResults":[{"hash":"6b2fe59fa56e40e9b38e78fa1ca0bcf31a898262","messageTitle":"Fix editPolicyCommand guide","messageBody":"","fileTypesAndContributionMap":{"docs":{"insertions":15,"deletions":15}}},{"hash":"ec75290b91d844c3148af8fd3d3ab3345034cd12","messageTitle":"Update DG","messageBody":"","fileTypesAndContributionMap":{"docs":{"insertions":92,"deletions":8}}},{"hash":"8bded497f3a133838cb25ddf56e9e032ea4cff08","messageTitle":"Add screenshots to DG","messageBody":"","fileTypesAndContributionMap":{"docs":{"insertions":5,"deletions":5}}},{"hash":"141c56958e9b4bdcba13e7391fc565250ce17939","messageTitle":"Add UniquePolicyList","messageBody":"","fileTypesAndContributionMap":{"functional-code":{"insertions":152,"deletions":0}}}]},{"date":"2022-03-27","commitResults":[{"hash":"bb8493e704233fbaecadf021e9c831a71d993106","messageTitle":"Refactor all policy commands","messageBody":"","fileTypesAndContributionMap":{"functional-code":{"insertions":344,"deletions":202},"test-code":{"insertions":6,"deletions":4}}},{"hash":"0fd3a2b5fffd57a917a9ac824a7a403e818ca7d4","messageTitle":"Update UG","messageBody":"","fileTypesAndContributionMap":{"docs":{"insertions":11,"deletions":11}}},{"hash":"01ee70982c99b92eac112ff313ac19290e5eef44","messageTitle":"Update UG","messageBody":"","fileTypesAndContributionMap":{"functional-code":{"insertions":1,"deletions":1},"docs":{"insertions":0,"deletions":8}}},{"hash":"84479fdacac6187b9802021880dcd5ffc3c0d53a","messageTitle":"Reset gradle","messageBody":"","fileTypesAndContributionMap":{"other":{"insertions":25,"deletions":20}}}]},{"date":"2022-03-29","commitResults":[{"hash":"8d9385132ed2dc5adaed8c4f39907439f816bf65","messageTitle":"Add SortCommand","messageBody":"","fileTypesAndContributionMap":{"functional-code":{"insertions":199,"deletions":1}}},{"hash":"bb442c14d925d66a6c7763cb4ce636ab972b75ab","messageTitle":"Fix checkstyle and test suite issues","messageBody":"","fileTypesAndContributionMap":{"functional-code":{"insertions":5,"deletions":4},"test-code":{"insertions":11,"deletions":0}}},{"hash":"51136309f860c4e03ff5d4d65e0fb085c01c393b","messageTitle":"Add sort by premium","messageBody":"","fileTypesAndContributionMap":{"functional-code":{"insertions":19,"deletions":0}}}]},{"date":"2022-03-31","commitResults":[{"hash":"b187054ee4c48304fcc77aeda439c0d13c2d7c9d","messageTitle":"Add filter by premium and company","messageBody":"","fileTypesAndContributionMap":{"functional-code":{"insertions":51,"deletions":3}}},{"hash":"0aa4473d462b30cb49197e09d7705201ce901c55","messageTitle":"Add CloseMeeting command","messageBody":"","fileTypesAndContributionMap":{"functional-code":{"insertions":122,"deletions":10}}},{"hash":"9b7a965b624a2ea21f246c6fcd1795d8c0846286","messageTitle":"Fix checkstyle","messageBody":"","fileTypesAndContributionMap":{"functional-code":{"insertions":22,"deletions":11}}}]},{"date":"2022-04-01","commitResults":[{"hash":"ba6ccc1ce40b196079b2c47322b3e588103b191d","messageTitle":"Fix EditPolicy bug","messageBody":"","fileTypesAndContributionMap":{"functional-code":{"insertions":4,"deletions":4}}},{"hash":"d7d55df35d93b2fe48676148487d51651f31b1ac","messageTitle":"Bugfix DeletePolicy","messageBody":"","fileTypesAndContributionMap":{"functional-code":{"insertions":1,"deletions":3}}},{"hash":"e4cbd66ae0564fcd6bcb0b543cb7a9f45053ba96","messageTitle":"Update UG","messageBody":"","fileTypesAndContributionMap":{"functional-code":{"insertions":13,"deletions":2},"docs":{"insertions":33,"deletions":12}}},{"hash":"907f6c64ae8a8eccc818f997634790e75d68ec8d","messageTitle":"Fix checkstyle errors","messageBody":"","fileTypesAndContributionMap":{"functional-code":{"insertions":0,"deletions":2}}}]},{"date":"2022-04-05","commitResults":[{"hash":"94f093492c51d433ab3638449d2347329975d733","messageTitle":"Fix issue of policy commands not throwing errors correctly","messageBody":"","fileTypesAndContributionMap":{"functional-code":{"insertions":49,"deletions":7}}},{"hash":"bad1c49a1a099633fdbcac4c35abb4dbbde52236","messageTitle":"Fix DeletePolicy not detecting empty policy list","messageBody":"","fileTypesAndContributionMap":{"functional-code":{"insertions":29,"deletions":10}}},{"hash":"ae1fbbb4497c50b2634f43f115851eb54b168296","messageTitle":"Fix example for edit policy in UG","messageBody":"","fileTypesAndContributionMap":{"docs":{"insertions":3,"deletions":3}}},{"hash":"65a9aecb508670c8250873a7b297f5cc1fde1fa3","messageTitle":"DeleteClient now properly deletes client\u0027s meetings as well","messageBody":"","fileTypesAndContributionMap":{"functional-code":{"insertions":14,"deletions":1}}},{"hash":"6ab59912bdb43b47bc129ab32ac83007bf757f4c","messageTitle":"Fix index error message for CloseMeetingCommand","messageBody":"","fileTypesAndContributionMap":{"functional-code":{"insertions":1,"deletions":1}}},{"hash":"718898f6fc8bda8792370f14bc80fb723a4358a5","messageTitle":"Remove tags from app","messageBody":"","fileTypesAndContributionMap":{"functional-code":{"insertions":23,"deletions":286},"test-code":{"insertions":56,"deletions":267}}},{"hash":"79f764554c65519ee123d9c9ca0d14088908207c","messageTitle":"improve clarity of sort command section in ug","messageBody":"","fileTypesAndContributionMap":{"docs":{"insertions":13,"deletions":3}}},{"hash":"0a75a652d47e3842d1201f0745d12da555bc0156","messageTitle":"change default sort direction to descending","messageBody":"","fileTypesAndContributionMap":{"functional-code":{"insertions":1,"deletions":1}}}]},{"date":"2022-04-06","commitResults":[{"hash":"8e380562b25f3702914dd5dafc7b90083add15a4","messageTitle":"Add checks for empty client list to all relevant commands","messageBody":"","fileTypesAndContributionMap":{"functional-code":{"insertions":50,"deletions":2},"test-code":{"insertions":5,"deletions":5}}},{"hash":"93581aa683f4a7cc835f621a3f492f198d5bc707","messageTitle":"change updateClient to editClient","messageBody":"","fileTypesAndContributionMap":{"functional-code":{"insertions":2,"deletions":2},"docs":{"insertions":8,"deletions":9},"test-code":{"insertions":1,"deletions":1}}},{"hash":"52a3479b1d86914c9fdcd573ef4f6de7b2613f37","messageTitle":"fix checkstyle error","messageBody":"","fileTypesAndContributionMap":{"functional-code":{"insertions":2,"deletions":2}}},{"hash":"af0d981ac738f39a686512c5bd25602888a51b06","messageTitle":"fix checkstyle error again","messageBody":"","fileTypesAndContributionMap":{"functional-code":{"insertions":1,"deletions":1}}},{"hash":"3c500e3f203c6cc53f08031ef304314ccfce3f41","messageTitle":"fix clear bug when client is displayed","messageBody":"","fileTypesAndContributionMap":{"functional-code":{"insertions":14,"deletions":2},"docs":{"insertions":2,"deletions":1}}},{"hash":"e6c61ddb9e0f4c68d7b55c584497016447c7a184","messageTitle":"fix checkstyle errors","messageBody":"","fileTypesAndContributionMap":{"functional-code":{"insertions":2,"deletions":2}}},{"hash":"68de85134c1a10238a1aaca242ed1b237f8f7a85","messageTitle":"adjust test case for clear command, clear on empty addressbook should fail","messageBody":"","fileTypesAndContributionMap":{"test-code":{"insertions":4,"deletions":3}}},{"hash":"68238c695e23aba8bc4efd3231a1801c6ca73648","messageTitle":"Update DG for policies","messageBody":"","fileTypesAndContributionMap":{"docs":{"insertions":25,"deletions":17}}},{"hash":"48be963d1918d48079d2c6532bf28702485fc0e5","messageTitle":"Add test cases to check that command exception is thrown when addressbook is empty","messageBody":"","fileTypesAndContributionMap":{"test-code":{"insertions":38,"deletions":1}}}]},{"date":"2022-04-07","commitResults":[{"hash":"753b047a7f4cbf0c721e0c55fc0fe99296bc0b31","messageTitle":"Replace wrong test case in ClearCommandTest.java","messageBody":"","fileTypesAndContributionMap":{"test-code":{"insertions":2,"deletions":3}}},{"hash":"eabf33107a150629678c04d1ad45c9d3bc194754","messageTitle":"Fix checkstyle error","messageBody":"","fileTypesAndContributionMap":{"test-code":{"insertions":1,"deletions":1}}},{"hash":"684844ae8c93a4fdd52f611987d7105f0ff56ec5","messageTitle":"Update UML Diagrams for DG","messageBody":"","fileTypesAndContributionMap":{"docs":{"insertions":384,"deletions":26}}}]},{"date":"2022-04-08","commitResults":[{"hash":"d2e24be9a4b434ddc2db323cba63e7858f77ea3e","messageTitle":"Add test suites for all classes related to Policy model","messageBody":"","fileTypesAndContributionMap":{"functional-code":{"insertions":92,"deletions":30},"test-code":{"insertions":1063,"deletions":30}}},{"hash":"e92147f181688002d114533a37f5b8278214ceb9","messageTitle":"ppp draft","messageBody":"","fileTypesAndContributionMap":{"docs":{"insertions":10,"deletions":0}}}]},{"date":"2022-04-09","commitResults":[{"hash":"33afac3a98387c91bebce80f27f6893723fce4f6","messageTitle":"update ppp","messageBody":"","fileTypesAndContributionMap":{"docs":{"insertions":56,"deletions":10}}}]}],"raynerljm":[{"date":"2022-03-01","commitResults":[{"hash":"4865a4c8dfd14193e56b2df64c06fc61e398d945","messageTitle":"Add skeletal PPP for raynerljm","messageBody":"","fileTypesAndContributionMap":{"docs":{"insertions":22,"deletions":0}}},{"hash":"02233583858d7f7cafd26f33e8f38d388477f9d2","messageTitle":"Add mockup of zoomed in client into UG","messageBody":"","fileTypesAndContributionMap":{"docs":{"insertions":59,"deletions":50}}}]},{"date":"2022-03-06","commitResults":[{"hash":"d71aa7577543af4fb5c34a02a4c239ed78551c1a","messageTitle":"Add Meeting class","messageBody":"Add Meeting class with start and end localDateTime. Add a UniqueMeetingList to contain Meetings. Add custom exceptions\n","fileTypesAndContributionMap":{"functional-code":{"insertions":174,"deletions":0}}},{"hash":"e286e26e32cf1975400882b146ac6a8e32892fbf","messageTitle":"Add AddMeetingCommand class","messageBody":"","fileTypesAndContributionMap":{"functional-code":{"insertions":42,"deletions":0}}},{"hash":"7b2080f3da4e33f71475ceef81cb1f9e74fb89b0","messageTitle":"Implement logic to handle adding meetings to ModelManager and AddressBook","messageBody":"","fileTypesAndContributionMap":{"functional-code":{"insertions":49,"deletions":0},"other":{"insertions":3,"deletions":3}}},{"hash":"82467f92d77557546d7362bc3a550795003e519b","messageTitle":"Add logic to handle parsing input to create a new meeting","messageBody":"","fileTypesAndContributionMap":{"functional-code":{"insertions":134,"deletions":1}}}]},{"date":"2022-03-07","commitResults":[{"hash":"04985463cdfdffd141f687090f1d745d95b248cb","messageTitle":"Implement logic to add meetings","messageBody":"","fileTypesAndContributionMap":{"functional-code":{"insertions":83,"deletions":27}}}]},{"date":"2022-03-08","commitResults":[{"hash":"3deb10ce6d2eaf5413d7eac643f80eff76ec9da3","messageTitle":"Fix bug where meetings starting at the same time can be added","messageBody":"","fileTypesAndContributionMap":{"functional-code":{"insertions":12,"deletions":1},"test-code":{"insertions":18,"deletions":0}}}]},{"date":"2022-03-12","commitResults":[{"hash":"9b3c833d6f02d18423ae5df09e2228e485f6ad01","messageTitle":"Implement functionality to view meetings with listMeetings command","messageBody":"","fileTypesAndContributionMap":{"functional-code":{"insertions":351,"deletions":20}}},{"hash":"354e0e0755a9c4523f1d4630f82e63ef58db2ff3","messageTitle":"Fix checkstyle tests","messageBody":"","fileTypesAndContributionMap":{"functional-code":{"insertions":13,"deletions":2},"test-code":{"insertions":10,"deletions":0}}}]},{"date":"2022-03-20","commitResults":[{"hash":"b4e89d51dc4b40734a3a5f9f522250ebbe4befe5","messageTitle":"Create new jsonadaptedmeeting class","messageBody":"","fileTypesAndContributionMap":{"functional-code":{"insertions":86,"deletions":0}}},{"hash":"956051fa0a6d3f9b5b7fc1d45e5226bd34403dae","messageTitle":"Add meeting logic to jsonserializableaddressbook","messageBody":"","fileTypesAndContributionMap":{"functional-code":{"insertions":17,"deletions":2}}}]},{"date":"2022-03-22","commitResults":[{"hash":"21e5dadea77c06ce7ff512405d9e247cd586c2d7","messageTitle":"Fix","messageBody":"","fileTypesAndContributionMap":{"functional-code":{"insertions":15,"deletions":12}}},{"hash":"b3db76ca8c59f404048aa9900dbdeca065d6e915","messageTitle":"Fix persistent memory for meetings","messageBody":"","fileTypesAndContributionMap":{"functional-code":{"insertions":50,"deletions":4}}},{"hash":"294f2da0e2b7c40979e66fa2280f84d68012a1cc","messageTitle":"Fix test cases for JsonSerializableAddressBookTest","messageBody":"","fileTypesAndContributionMap":{"functional-code":{"insertions":0,"deletions":3}}},{"hash":"4ece5d634c17a0af3c6ff1faad366e98bf37c002","messageTitle":"Add some tests for meetings savings","messageBody":"","fileTypesAndContributionMap":{"test-code":{"insertions":181,"deletions":2}}},{"hash":"8c4187a68e4cef1048b05e6d6a279eedbce5c907","messageTitle":"Tidy up documentation based on PR comments","messageBody":"","fileTypesAndContributionMap":{"functional-code":{"insertions":6,"deletions":2},"test-code":{"insertions":0,"deletions":8}}},{"hash":"73dac9c77d10c061aa881395bf2e08f39b2c4e05","messageTitle":"Fix bug where editing clients does not edit meetings","messageBody":"","fileTypesAndContributionMap":{"functional-code":{"insertions":24,"deletions":0}}},{"hash":"6325f370f8dc390fe98feb1ea53a08a3dfa1e345","messageTitle":"Update DG and write about Meetings implementation","messageBody":"","fileTypesAndContributionMap":{"functional-code":{"insertions":1,"deletions":1},"docs":{"insertions":45,"deletions":13}}},{"hash":"0ff647aa9c9bca5a77465c3f2530eeda8831d41c","messageTitle":"Implement label into meetings","messageBody":"","fileTypesAndContributionMap":{"functional-code":{"insertions":83,"deletions":21},"test-code":{"insertions":13,"deletions":1}}},{"hash":"6ebd23ea76a1cc9748874d1852dacf92035c2d0f","messageTitle":"Update test case","messageBody":"","fileTypesAndContributionMap":{"test-code":{"insertions":2,"deletions":0}}},{"hash":"8f112677c84bda6decbdd8c3b10a3dcc4d21e7f2","messageTitle":"Implement delete meetings function","messageBody":"","fileTypesAndContributionMap":{"functional-code":{"insertions":115,"deletions":4},"other":{"insertions":14,"deletions":4},"test-code":{"insertions":5,"deletions":0}}},{"hash":"ff8bf665981d92daeb221ad6c2df2bb410c62ced","messageTitle":"Implement sort for meetings","messageBody":"","fileTypesAndContributionMap":{"functional-code":{"insertions":39,"deletions":0},"test-code":{"insertions":5,"deletions":0}}},{"hash":"5ac10eb0a9c777db2a76bcb2ee02a2c6e97b3cf9","messageTitle":"Implement editMeeting command and some checks to ensure the dates are valid and non-overlapping","messageBody":"","fileTypesAndContributionMap":{"functional-code":{"insertions":356,"deletions":2},"test-code":{"insertions":10,"deletions":0}}}]},{"date":"2022-03-24","commitResults":[{"hash":"f0a3de04cc81cba73897234a6674ee73223a787c","messageTitle":"Fix minor bug and update DG","messageBody":"","fileTypesAndContributionMap":{"functional-code":{"insertions":1,"deletions":1},"docs":{"insertions":2,"deletions":0}}},{"hash":"a3bf9738225b4eed4c7b1adeb02f985f5909c3e3","messageTitle":"Update UG a bit","messageBody":"","fileTypesAndContributionMap":{"docs":{"insertions":39,"deletions":23}}}]},{"date":"2022-03-28","commitResults":[{"hash":"5a9067a369b5bc793935a22712bca2e8dc03f45e","messageTitle":"Change meetings implementation","messageBody":"","fileTypesAndContributionMap":{"functional-code":{"insertions":16,"deletions":27}}},{"hash":"e2db7be521eb576320330d9695e282bee84f801d","messageTitle":"Update UG for meetings","messageBody":"","fileTypesAndContributionMap":{"docs":{"insertions":13,"deletions":14}}},{"hash":"f8441a0f73c4418cabce9bedfee136db745b0120","messageTitle":"Fixing bug with loading meetings","messageBody":"","fileTypesAndContributionMap":{"functional-code":{"insertions":2,"deletions":2}}},{"hash":"dd660414b9da59e5a441d87ef11b435aca51ff6c","messageTitle":"Implement filter by client for meetings","messageBody":"","fileTypesAndContributionMap":{"functional-code":{"insertions":78,"deletions":22}}},{"hash":"66129ae1c9cb8fff757ad1aca2967da8b27aee55","messageTitle":"Update UG and DG","messageBody":"","fileTypesAndContributionMap":{"docs":{"insertions":11,"deletions":6}}}]},{"date":"2022-03-29","commitResults":[{"hash":"9269d4eef93c20929872ae80aedeacc6e43f0aa4","messageTitle":"Add new feature to filter meetings by upcoming or all","messageBody":"","fileTypesAndContributionMap":{"functional-code":{"insertions":132,"deletions":37}}},{"hash":"addbfff06a8e2a8f01643c5523c049b8bf551009","messageTitle":"Update sort direction and update UG","messageBody":"","fileTypesAndContributionMap":{"functional-code":{"insertions":19,"deletions":9},"docs":{"insertions":8,"deletions":4}}}]},{"date":"2022-04-05","commitResults":[{"hash":"a5eaafd4f2f06a39268d596a2637027a64885ca3","messageTitle":"Make the command messages clearer so people know what the meetings command actually does","messageBody":"","fileTypesAndContributionMap":{"functional-code":{"insertions":21,"deletions":3}}},{"hash":"5af0fece8320ee237ad3efb421e1280162ea300d","messageTitle":"Update the UG to be clearer","messageBody":"","fileTypesAndContributionMap":{"docs":{"insertions":1,"deletions":0}}},{"hash":"21f1e58a029bfef80633857eb7482fe65109cc96","messageTitle":"Fix bug where invalid dates like 29 feb could be added","messageBody":"","fileTypesAndContributionMap":{"functional-code":{"insertions":20,"deletions":32}}}]},{"date":"2022-04-07","commitResults":[{"hash":"e1fca69dd13aae30943e225c26c44ca0de17fc79","messageTitle":"Add tests for Meeting Model","messageBody":"","fileTypesAndContributionMap":{"test-code":{"insertions":328,"deletions":2}}},{"hash":"97133e8a41c70cb95c02e5d5cc70b070e7f8917b","messageTitle":"Add 33 test cases to NonOverlappingMeetingTest","messageBody":"","fileTypesAndContributionMap":{"functional-code":{"insertions":0,"deletions":19},"test-code":{"insertions":176,"deletions":88}}},{"hash":"17e365a65c9a8829855610d12412c6350390a048","messageTitle":"Fix checkstyle issues","messageBody":"","fileTypesAndContributionMap":{"test-code":{"insertions":27,"deletions":22}}},{"hash":"7452bd63076ca834dc9998141c99bea699c0f1ea","messageTitle":"Add AddMeetingCommandTest","messageBody":"","fileTypesAndContributionMap":{"test-code":{"insertions":343,"deletions":0}}},{"hash":"15323ba28cbc00a9669561a31542442faba0dc08","messageTitle":"Add delete and list meeting command tests","messageBody":"","fileTypesAndContributionMap":{"functional-code":{"insertions":1,"deletions":1},"test-code":{"insertions":176,"deletions":1}}}]},{"date":"2022-04-08","commitResults":[{"hash":"d5c7106172a08249d363e454e6999de894f0e900","messageTitle":"Update draft PPP","messageBody":"","fileTypesAndContributionMap":{"docs":{"insertions":38,"deletions":2}}}]}],"zechajw":[{"date":"2022-03-01","commitResults":[{"hash":"d6a013607232b8b503a805f6d361271f5aeccea9","messageTitle":"Add skeletal ppp for zechajw","messageBody":"","fileTypesAndContributionMap":{"docs":{"insertions":8,"deletions":32}}},{"hash":"e37288663d95229bf7d7a3889291ba5a77e6818f","messageTitle":"Add client, policy, preference, note to user guide","messageBody":"","fileTypesAndContributionMap":{"docs":{"insertions":61,"deletions":19}}}]},{"date":"2022-03-08","commitResults":[{"hash":"2d3b4777e26892efa262a77c860336e009442a89","messageTitle":"Issue 14 Add Note Command functionality","messageBody":"","fileTypesAndContributionMap":{"functional-code":{"insertions":167,"deletions":3},"other":{"insertions":580,"deletions":0}}},{"hash":"56983f6ca231c9c0a6ea33d80e44f72a98091ea9","messageTitle":"Specify Person constructor for NoteCommand and add requireAllNonNull","messageBody":"","fileTypesAndContributionMap":{"functional-code":{"insertions":2,"deletions":0}}}]},{"date":"2022-03-13","commitResults":[{"hash":"0eed171b13773d1cf0bbcc7d9877390f342b3542","messageTitle":"Add command to add preferences to a person","messageBody":"","fileTypesAndContributionMap":{"functional-code":{"insertions":225,"deletions":6}}}]},{"date":"2022-03-14","commitResults":[{"hash":"4a95610d48b2bda48d79ad547cf6752c24e05946","messageTitle":"Merge old commits from upstream","messageBody":"","fileTypesAndContributionMap":{"functional-code":{"insertions":118,"deletions":5}}},{"hash":"88cd7bfa7b60efa0559060153a35746af2b636dc","messageTitle":"Fix issues with checkstyle","messageBody":"","fileTypesAndContributionMap":{"functional-code":{"insertions":3,"deletions":3}}}]},{"date":"2022-03-15","commitResults":[{"hash":"a5bafcd77db387af9b952cece3e819378d445803","messageTitle":"Fix save functionality for Notes and add to GUI","messageBody":"","fileTypesAndContributionMap":{"functional-code":{"insertions":49,"deletions":28},"other":{"insertions":3,"deletions":3},"test-code":{"insertions":27,"deletions":10}}},{"hash":"11370996fe2feba2fc9345fb9f55fab607b65921","messageTitle":"Fix checkstyle errors","messageBody":"","fileTypesAndContributionMap":{"functional-code":{"insertions":14,"deletions":1}}},{"hash":"9c0c293aa6da5a4249e8b92cfbdd975abe77c5b1","messageTitle":"Change addPreferences command and add addPreference method","messageBody":"","fileTypesAndContributionMap":{"functional-code":{"insertions":8,"deletions":1}}},{"hash":"2fa8d4b003ebec7c160b38058acfe56303b1bbbd","messageTitle":"Fix save functionality for preferences","messageBody":"","fileTypesAndContributionMap":{"functional-code":{"insertions":80,"deletions":3},"test-code":{"insertions":12,"deletions":10}}}]},{"date":"2022-03-16","commitResults":[{"hash":"0bbbd7eba4f017874573f3cada66b91ad8a71977","messageTitle":"Rename NoteCommandParser to AddNoteCommandParser","messageBody":"","fileTypesAndContributionMap":{"functional-code":{"insertions":1,"deletions":1},"other":{"insertions":1,"deletions":1}}}]},{"date":"2022-03-22","commitResults":[{"hash":"1c11de01a63317555e3d16222ed04210f24f343b","messageTitle":"Remove GetPreferenceCommand (redundant feature)","messageBody":"","fileTypesAndContributionMap":{"functional-code":{"insertions":0,"deletions":111}}},{"hash":"f210129cb5b3c255ff616609dea29deaa9a8263b","messageTitle":"Add DeletePreferenceCommand","messageBody":"","fileTypesAndContributionMap":{"functional-code":{"insertions":148,"deletions":3}}}]},{"date":"2022-03-23","commitResults":[{"hash":"3a583645f781e26f034854b63a15de8407854295","messageTitle":"Fix checkstyle errors","messageBody":"","fileTypesAndContributionMap":{"functional-code":{"insertions":7,"deletions":6}}},{"hash":"176c857e741b97125c847232c673daeeba3f9948","messageTitle":"Update ug for preferences","messageBody":"","fileTypesAndContributionMap":{"other":{"insertions":202,"deletions":133},"docs":{"insertions":62,"deletions":50}}},{"hash":"c5cd2745b47ed043d22c725042717a6bde9a5d0a","messageTitle":"Fix merge conflicts","messageBody":"","fileTypesAndContributionMap":{"docs":{"insertions":0,"deletions":18}}},{"hash":"a8535d7c8b76e2f6985496c31df2552c994a417f","messageTitle":"Add preliminary DG for preferences","messageBody":"","fileTypesAndContributionMap":{"docs":{"insertions":156,"deletions":125}}},{"hash":"8b3fe53c3e824d923267eb000cfb5b990c1c2b39","messageTitle":"Add all text to dg for preferences, notes","messageBody":"","fileTypesAndContributionMap":{"docs":{"insertions":27,"deletions":0}}},{"hash":"6887ca29e90943e6aa2fffc2dfc6d08b48e4016e","messageTitle":"Add minor text edits to preference in dg","messageBody":"","fileTypesAndContributionMap":{"docs":{"insertions":1,"deletions":1}}},{"hash":"ef8756659350b40776b08dd014da83cfb6d51598","messageTitle":"Add screenshots for steps (note, preference) to DG","messageBody":"","fileTypesAndContributionMap":{"docs":{"insertions":6,"deletions":0}}},{"hash":"dcdb79da5a4c3e9360ef2e91769c75db231d1c0e","messageTitle":"Change addPreference and deletePreference commands","messageBody":"","fileTypesAndContributionMap":{"functional-code":{"insertions":2,"deletions":2},"docs":{"insertions":26,"deletions":26}}}]},{"date":"2022-03-28","commitResults":[{"hash":"69f31b79bd72c1ba355c1d4b0c58ba914e00dc2c","messageTitle":"Add DeleteNoteCommand","messageBody":"","fileTypesAndContributionMap":{"functional-code":{"insertions":60,"deletions":0},"other":{"insertions":200,"deletions":39}}},{"hash":"81c096c28551ed0a7ae86ba5e779050f8b5c4c18","messageTitle":"Fix minor checkstyle issue","messageBody":"","fileTypesAndContributionMap":{"functional-code":{"insertions":1,"deletions":1}}}]},{"date":"2022-03-31","commitResults":[{"hash":"7edba6e7941fe2455c78eb7d593e70d9f049a880","messageTitle":"Add filter command for age","messageBody":"","fileTypesAndContributionMap":{"functional-code":{"insertions":163,"deletions":13}}},{"hash":"98ff08d005ace7eb35039a38f6a160b6b81824c7","messageTitle":"Add support for greaterorequal and lesserorequal in filter","messageBody":"","fileTypesAndContributionMap":{"functional-code":{"insertions":6,"deletions":2}}},{"hash":"29b4883efa801455d26626de3ccb7aff088001c1","messageTitle":"Remove prints, add javadocs","messageBody":"","fileTypesAndContributionMap":{"functional-code":{"insertions":5,"deletions":5}}},{"hash":"35b599f8e7212dbde5c4259abe1b276fe921b83d","messageTitle":"Add breaks","messageBody":"","fileTypesAndContributionMap":{"functional-code":{"insertions":2,"deletions":0}}},{"hash":"698b217cb7e56ba3f675333c2879eb7d1761f379","messageTitle":"Add filter functionality for birthMonth","messageBody":"","fileTypesAndContributionMap":{"functional-code":{"insertions":24,"deletions":1}}},{"hash":"9db25dc2afc136f97bc20853d6cf6b041190d3c1","messageTitle":"Fix checkstyle","messageBody":"","fileTypesAndContributionMap":{"functional-code":{"insertions":0,"deletions":2}}}]},{"date":"2022-04-01","commitResults":[{"hash":"0d6ee48a242019cefd0442f37269d1eeeaedfb7d","messageTitle":"Change filter attributes to updated list","messageBody":"","fileTypesAndContributionMap":{"functional-code":{"insertions":1,"deletions":1}}},{"hash":"6a319bc8ba6e8847b7d11a815b5052ac44efc8bf","messageTitle":"Add sort, filter information to user guide","messageBody":"","fileTypesAndContributionMap":{"functional-code":{"insertions":1,"deletions":1},"docs":{"insertions":55,"deletions":5}}}]},{"date":"2022-04-04","commitResults":[{"hash":"c15e836c1132c8ddd3829e68b0e19329c9d32eae","messageTitle":"Change prefix_preference_key and prefix_preference_detail to match with user guide","messageBody":"","fileTypesAndContributionMap":{"functional-code":{"insertions":3,"deletions":3}}}]},{"date":"2022-04-05","commitResults":[{"hash":"d4606401eae78652aad0ae81f764955bb1de6c13","messageTitle":"Update ParserUtil.java","messageBody":"","fileTypesAndContributionMap":{"functional-code":{"insertions":0,"deletions":4}}}]},{"date":"2022-04-06","commitResults":[{"hash":"93b015d8814e2f40f5e1d0dfaa5e8aaa521e4031","messageTitle":"Fix bug where empty note can be used for addNote","messageBody":"","fileTypesAndContributionMap":{"functional-code":{"insertions":6,"deletions":0}}},{"hash":"a7699227ded9234816adf37cf334a55708d97a89","messageTitle":"Update UG documentation for addNote","messageBody":"Currently, addNote does not mentions that the command adds plaintext note to a client. This was reported\nmisleading for users because the note replaces any existing note on the client. Updated the user guide to\nreflect that the addNote function replaces any existing note on the client.\n\nCloses #189\n","fileTypesAndContributionMap":{"docs":{"insertions":2,"deletions":1}}},{"hash":"095560fbdd0f67fbe995844c0ca531f7edf9871b","messageTitle":"Fix bug where last contacted date can be in the future","messageBody":"","fileTypesAndContributionMap":{"functional-code":{"insertions":8,"deletions":0}}}]},{"date":"2022-04-07","commitResults":[{"hash":"e50885e712a5ad70b3102c325b5f06bd6d923dd8","messageTitle":"Fix part of User Guide","messageBody":"","fileTypesAndContributionMap":{"docs":{"insertions":70,"deletions":16}}},{"hash":"f9c954adb68a7e6806f652b6eba83b2b911ab49b","messageTitle":"Add more images to UG","messageBody":"","fileTypesAndContributionMap":{"docs":{"insertions":36,"deletions":22}}}]},{"date":"2022-04-08","commitResults":[{"hash":"2e43dacbb28e92f6be6debdd5cba8e54e5a24377","messageTitle":"Updated ppp for Zech","messageBody":"","fileTypesAndContributionMap":{"docs":{"insertions":83,"deletions":1}}},{"hash":"470223026c5423c06630479fb99ee2b912514ce5","messageTitle":"Add more PPP Zech and fix bugs","messageBody":"","fileTypesAndContributionMap":{"docs":{"insertions":31,"deletions":15}}}]}]},"authorFileTypeContributionMap":{"joelwongjy":{"docs":123,"functional-code":1292,"test-code":38,"other":2},"sheimoria":{"docs":230,"functional-code":1021,"test-code":776,"other":4},"myc37":{"docs":681,"functional-code":1626,"test-code":1190,"other":30},"raynerljm":{"docs":151,"functional-code":1587,"test-code":1157},"zechajw":{"docs":386,"functional-code":820,"test-code":14,"other":769}},"authorContributionVariance":{"joelwongjy":18985.67,"sheimoria":183639.33,"myc37":53916.367,"raynerljm":51544.95,"zechajw":28376.307},"authorDisplayNameMap":{"joelwongjy":"CS2103T-W13-4 WONG..JOEL","sheimoria":"CS2103T-W13-4 MALE..IMOS","myc37":"CS2103T-W13-4 N VI..ANAN","raynerljm":"CS2103T-W13-4 LOH ..YNER","zechajw":"CS2103T-W13-4 ZECH.. WEN"}}
