{"authorDailyContributionsMap":{"Denniszedead":[{"date":"2022-03-04","commitResults":[{"hash":"5f5c82dfd469df00be7807f61900c88b2e2034c1","messageTitle":"Update AboutUs.md","messageBody":"The AboutUs.md file currently all generic developers, which is not\nreflective on the current user data\n\nIt needs to be clear on who are the developers and their\nrespective roles for ManageEZPZ\n\nLets:\n* Add my photo on the page\n* Update my github link\n","fileTypesAndContributionMap":{"docs":{"insertions":4,"deletions":4}}},{"hash":"18403547efb3a8b95d1c706c0943d26c0472545b","messageTitle":"Add missing square brackets","messageBody":"","fileTypesAndContributionMap":{"docs":{"insertions":1,"deletions":1}}},{"hash":"b5a947731abf2ae9a0e6929d26911062c12ebffc","messageTitle":"Add PPP of Ng Wen Hao Dennis","messageBody":"","fileTypesAndContributionMap":{"docs":{"insertions":13,"deletions":47}}},{"hash":"41e4260ea6734aac2aed5a8a2f4f9d3ab67e57f0","messageTitle":"Add newspace at end of denniszedead.md","messageBody":"","fileTypesAndContributionMap":{"docs":{"insertions":1,"deletions":1}}},{"hash":"bd56f62e2ba79dfddaa9ebab110b6adc9f295c3c","messageTitle":"Add target user profile, value proposition, and user stories","messageBody":"","fileTypesAndContributionMap":{"docs":{"insertions":17,"deletions":14}}},{"hash":"344673a78cc91a0366e9245eb1b92d30879ab434","messageTitle":"Update DeveloperGuide.md","messageBody":"","fileTypesAndContributionMap":{"docs":{"insertions":0,"deletions":1}}}]},{"date":"2022-03-06","commitResults":[{"hash":"75d8dace3218fbccebfe10cebd7f5703270d7ffa","messageTitle":"Update In Charge Of Logic in AboutUs.md","messageBody":"","fileTypesAndContributionMap":{"docs":{"insertions":1,"deletions":0}}},{"hash":"a5c8daa53ef577c0c8bf459e2388ac571dfbf758","messageTitle":"Update user profile and value proposition","messageBody":"","fileTypesAndContributionMap":{"docs":{"insertions":8,"deletions":2}}}]},{"date":"2022-03-15","commitResults":[{"hash":"ddfa19e623bf2d6d096acaf104cbfa917077d359","messageTitle":"Add ListCommandParse.java","messageBody":"Currently, list has no parse class.\n\nAs the list command needs to have arguments like \"todo/\", \"event/\",\n\"deadline/\", and \"today/\", we need a parser to read the commands.\n\nLet\u0027s creates a Parse for List Command with the following features:\n* check the user input for any valid arguments\n* Check if the user has only one argument\n* Check if the argument has no value\n","fileTypesAndContributionMap":{"functional-code":{"insertions":88,"deletions":3},"test-code":{"insertions":41,"deletions":0}}}]},{"date":"2022-03-16","commitResults":[{"hash":"292bf62f05349aad501e63e36f0698b236b643b6","messageTitle":"Amend List Command","messageBody":"Currently, list command list down all person according to AB3.\n\nHowever, we want it to list all tasks.\n\nLets, modify the list command such that:\n* It outputs all tasks according to the option\n","fileTypesAndContributionMap":{"functional-code":{"insertions":205,"deletions":25},"test-code":{"insertions":43,"deletions":26}}},{"hash":"c1b32f6a01565c84c6b761bb001d62e7ea5331ff","messageTitle":"Remove model for person","messageBody":"","fileTypesAndContributionMap":{"functional-code":{"insertions":0,"deletions":2}}},{"hash":"d5348c095c7adb36ce445bc44cace7d76b369f5a","messageTitle":"Address if empty task list","messageBody":"","fileTypesAndContributionMap":{"functional-code":{"insertions":4,"deletions":2}}},{"hash":"3fcdec5b14f4f6fda13568fa81f32e0ce6d85ce4","messageTitle":"Fix list today command","messageBody":"","fileTypesAndContributionMap":{"functional-code":{"insertions":24,"deletions":1}}},{"hash":"e3fe0fbe79039b103d95e42fbca2ad34bb52d01a","messageTitle":"Modify Find Command Parser","messageBody":"","fileTypesAndContributionMap":{"functional-code":{"insertions":53,"deletions":9},"test-code":{"insertions":36,"deletions":15}}},{"hash":"3cbc4cbe0d1dbecd47d01081ce198761f1349a29","messageTitle":"Modify find command","messageBody":"","fileTypesAndContributionMap":{"functional-code":{"insertions":159,"deletions":36},"test-code":{"insertions":41,"deletions":16}}},{"hash":"596c71167f273fdf91c41c07fed0443ba5c77d21","messageTitle":"Fix find command message","messageBody":"","fileTypesAndContributionMap":{"functional-code":{"insertions":2,"deletions":2}}},{"hash":"da0566dd74c98756eb0d5c6e76a6a83a527e0966","messageTitle":"Add index","messageBody":"","fileTypesAndContributionMap":{"functional-code":{"insertions":25,"deletions":5}}},{"hash":"c1ca7bfa638b872a55e6ce97a949c868748188a6","messageTitle":"Add index","messageBody":"","fileTypesAndContributionMap":{"functional-code":{"insertions":5,"deletions":1}}}]},{"date":"2022-03-25","commitResults":[{"hash":"e0a69aa89a6e75b195c2c2f1ca7b3f4dee36743c","messageTitle":"Update the Developer Guide","messageBody":"The current Developer Guide only reflects the implementation of the\nprevious AB3.\n\nIt needs to be updated to better reflect our product.\n\nLets:\n* Add additional implementations that we\u0027ve added/modified to\nour product\n","fileTypesAndContributionMap":{"docs":{"insertions":172,"deletions":0}}},{"hash":"0ab336c2f01747bb3c0f2f040fe03ae6f47f1ec3","messageTitle":"Change URL of logic API to our project","messageBody":"","fileTypesAndContributionMap":{"docs":{"insertions":2,"deletions":2}}},{"hash":"39a6a0a6dd8ed6b42139cf55caff130e5bb4e2d1","messageTitle":"Modify list command","messageBody":"Currently, list command has options to filter out the type of tasks\nwhich is better suited for the find command.\n\nThe options are currently optional and hence, there no need for the\nparser to check for the options.\n\nLets only make the parser to return list command, regardless of the user\noption.\n","fileTypesAndContributionMap":{"functional-code":{"insertions":6,"deletions":97},"test-code":{"insertions":87,"deletions":89}}},{"hash":"178a69ff415636dd0f72c0e1b8ec40339fee097f","messageTitle":"Update ug","messageBody":"","fileTypesAndContributionMap":{"docs":{"insertions":2,"deletions":6}}}]},{"date":"2022-03-26","commitResults":[{"hash":"efd99ebcde2e8a7ce98f8912eb9c1b6076eee406","messageTitle":"Update find command","messageBody":"The current find command only has task/ desc/ and day/ options.\n\nThe current find command is not user friendly, especially when we want\nto search for employees in the future.\n\nLet\u0027s:\n* Add more options representing the properties of the task.\n* Add task type options to look for tasks.\n","fileTypesAndContributionMap":{"functional-code":{"insertions":430,"deletions":192},"other":{"insertions":29,"deletions":5},"docs":{"insertions":3,"deletions":1},"test-code":{"insertions":298,"deletions":87}}},{"hash":"26ba3a3775a8d2cef975620e5fea261243a761b0","messageTitle":"Update unit testing for FindTaskCommandParser and FindTaskCommand","messageBody":"","fileTypesAndContributionMap":{"functional-code":{"insertions":11,"deletions":2},"test-code":{"insertions":137,"deletions":207}}},{"hash":"5445efee230a816ebfa9a8e6b9d993d6d4e41495","messageTitle":"Clean code to meet coding standard","messageBody":"","fileTypesAndContributionMap":{"functional-code":{"insertions":89,"deletions":84},"test-code":{"insertions":10,"deletions":16}}},{"hash":"1418fc8a9eacc48eaa98f845aa154243acc7b2f4","messageTitle":"Add testing for find command","messageBody":"","fileTypesAndContributionMap":{"functional-code":{"insertions":2,"deletions":2},"other":{"insertions":2,"deletions":2},"test-code":{"insertions":53,"deletions":21}}}]},{"date":"2022-03-28","commitResults":[{"hash":"1cb424dfe13c4cc4b2fdaadadd7b28cfb73276f1","messageTitle":"Delete all files pertaining to FindCommands","messageBody":"","fileTypesAndContributionMap":{"functional-code":{"insertions":49,"deletions":119},"test-code":{"insertions":29,"deletions":76}}},{"hash":"e54ce1b866a8ce5189495441fc1561a54aa2b279","messageTitle":"Removed finding for Task_Prefix","messageBody":"","fileTypesAndContributionMap":{"functional-code":{"insertions":19,"deletions":8},"test-code":{"insertions":41,"deletions":40}}},{"hash":"9122593f9c5474d4ebf690fb2bf79dfcad174ad8","messageTitle":"Enhance find command to find multiple task types","messageBody":"","fileTypesAndContributionMap":{"functional-code":{"insertions":60,"deletions":48},"other":{"insertions":1,"deletions":0},"test-code":{"insertions":28,"deletions":25}}},{"hash":"4e4b3c91665940fcfd580121257727087409a9bc","messageTitle":"Change list command to list task","messageBody":"Current list command only list out all tasks.\n\nAs we start to implement listing employees, we need to separate the\nlist commands for tasks and employees.\n\nLet\u0027s modify the list command to listTask\n","fileTypesAndContributionMap":{"functional-code":{"insertions":3,"deletions":21},"other":{"insertions":7,"deletions":7},"test-code":{"insertions":5,"deletions":28}}},{"hash":"e0e980b740026efa4f1fd8dd46152a95175b802a","messageTitle":"Update UG with listTask command","messageBody":"","fileTypesAndContributionMap":{"docs":{"insertions":3,"deletions":3}}},{"hash":"9d30c4ef2a832e3332e04090d31169096fdc2a38","messageTitle":"Add test cases for find task command","messageBody":"","fileTypesAndContributionMap":{"functional-code":{"insertions":3,"deletions":1},"test-code":{"insertions":131,"deletions":14}}},{"hash":"fa33de41fd993bc61cf67ca50f815b33d6960882","messageTitle":"Add test cases for TaskMultiplePredicate","messageBody":"","fileTypesAndContributionMap":{"functional-code":{"insertions":0,"deletions":3},"test-code":{"insertions":300,"deletions":1}}},{"hash":"a0adbf60d8bdcf8b053e4e0430189ef3327c74dc","messageTitle":"Clean code to follow coding standard","messageBody":"","fileTypesAndContributionMap":{"functional-code":{"insertions":8,"deletions":7},"test-code":{"insertions":57,"deletions":41}}},{"hash":"8972eaec089bfca643a7e30fc5384522af641082","messageTitle":"Update User Guide for findTask command","messageBody":"","fileTypesAndContributionMap":{"docs":{"insertions":45,"deletions":13}}},{"hash":"94e9d84a4fa467eea0225127ff61aecd4ac05b54","messageTitle":"Update test cases","messageBody":"","fileTypesAndContributionMap":{"functional-code":{"insertions":2,"deletions":8},"test-code":{"insertions":21,"deletions":0}}},{"hash":"6641e78e0bebe7ab5c97ed8238f4911c07cd3c91","messageTitle":"Remove equal method for listTask command","messageBody":"","fileTypesAndContributionMap":{"functional-code":{"insertions":0,"deletions":12}}}]},{"date":"2022-03-29","commitResults":[{"hash":"cd3bc11712c60f69e4430727b9dcfed28803601e","messageTitle":"Add findEmployee command","messageBody":"","fileTypesAndContributionMap":{"functional-code":{"insertions":214,"deletions":4},"test-code":{"insertions":21,"deletions":0}}},{"hash":"b35b8d8d74d77593574cef679715254abba1e92e","messageTitle":"Change find task command to only find up to 1 task type","messageBody":"","fileTypesAndContributionMap":{"functional-code":{"insertions":48,"deletions":42},"docs":{"insertions":12,"deletions":4},"test-code":{"insertions":83,"deletions":84}}},{"hash":"ce0d84a86d43db13d03da4b39085f386ca25fcc9","messageTitle":"Add find employee command","messageBody":"Currently there is no command to find specific employees.\n\nAs we are expanding our app with employees, we need a command to\nfacilitate searching for employees.\n\nLet\u0027s:\n* Create a command to find employees\n* Include options to allow users to search based on employee properties\n","fileTypesAndContributionMap":{"functional-code":{"insertions":58,"deletions":42},"docs":{"insertions":23,"deletions":0},"test-code":{"insertions":406,"deletions":108}}},{"hash":"4b3ef5937dcc5bbd49cc8946865b743dd9d15d9b","messageTitle":"Add list employee command","messageBody":"There is no list command to list all the employees.\n\nAs we are moving to employees, we need a command to facilitate listing\nall the commands.\n\nLet\u0027s implement a listEmployee command to list all the employees.\n","fileTypesAndContributionMap":{"functional-code":{"insertions":28,"deletions":0},"docs":{"insertions":7,"deletions":0},"test-code":{"insertions":31,"deletions":1}}},{"hash":"eae8551e7f50fc1c05ed3ef1b58bc4defda62f3c","messageTitle":"Change code to follow coding standards","messageBody":"","fileTypesAndContributionMap":{"test-code":{"insertions":1,"deletions":1}}},{"hash":"101485efd308e4ca688e29b46ad9b07515058d17","messageTitle":"Change code to follow coding standard","messageBody":"","fileTypesAndContributionMap":{"functional-code":{"insertions":1,"deletions":1}}},{"hash":"65f72ffd137ea930bb9a7a0480e70c46f00170b9","messageTitle":"Change listEmployees command to listEmployee","messageBody":"","fileTypesAndContributionMap":{"functional-code":{"insertions":3,"deletions":3},"other":{"insertions":5,"deletions":5},"docs":{"insertions":11,"deletions":11}}},{"hash":"6d7d9fbe4be124798119beaa51432c1cbf966fbf","messageTitle":"Clean code to improve code quality","messageBody":"","fileTypesAndContributionMap":{"functional-code":{"insertions":178,"deletions":114},"docs":{"insertions":4,"deletions":4},"test-code":{"insertions":11,"deletions":57}}}]},{"date":"2022-03-30","commitResults":[{"hash":"1716fdc88d6343ec222baca2403351b7100ce1dd","messageTitle":"Implement find commands such that if no options are entered, the parser will return an error","messageBody":"","fileTypesAndContributionMap":{"functional-code":{"insertions":37,"deletions":0},"docs":{"insertions":2,"deletions":3},"test-code":{"insertions":15,"deletions":17}}},{"hash":"b9434f553e16d8839add5ad7c5d475a461f0c4aa","messageTitle":"Updated code to follow coding standards and fix bugs","messageBody":"","fileTypesAndContributionMap":{"functional-code":{"insertions":13,"deletions":8},"test-code":{"insertions":97,"deletions":146}}},{"hash":"16032e450ac6d55bf052777980e2082070df1710","messageTitle":"Update unit test cases with correct names","messageBody":"","fileTypesAndContributionMap":{"test-code":{"insertions":30,"deletions":18}}},{"hash":"08fcbe8eacc42d9bc8f331c91bf408899223e841","messageTitle":"Change code to improve code quality","messageBody":"","fileTypesAndContributionMap":{"functional-code":{"insertions":33,"deletions":86}}},{"hash":"aa59c2c641afcaa4a38804c943af0c7f33753402","messageTitle":"Update ug to correct ordering","messageBody":"","fileTypesAndContributionMap":{"docs":{"insertions":19,"deletions":19}}}]},{"date":"2022-04-06","commitResults":[{"hash":"f6a97e14fb951d15d71e6b4cbd530a0b747fc6e4","messageTitle":"Update ppp with contributions for findTask command","messageBody":"","fileTypesAndContributionMap":{"docs":{"insertions":34,"deletions":1}}}]},{"date":"2022-04-07","commitResults":[{"hash":"7845904b7c9e82dd50824cf94368499d1523401a","messageTitle":"Change new features to enhancement implemented","messageBody":"","fileTypesAndContributionMap":{"docs":{"insertions":21,"deletions":13}}},{"hash":"619670ebe758e9435f52a59b1d653c93f51525d1","messageTitle":"Update Denniszedead PPP","messageBody":"","fileTypesAndContributionMap":{"docs":{"insertions":41,"deletions":7}}},{"hash":"f5ed8fc497fca9b5e0d78d259107691f1b91874d","messageTitle":"Add whitespace in PPP","messageBody":"","fileTypesAndContributionMap":{"docs":{"insertions":1,"deletions":1}}}]}],"alfredkohhh":[{"date":"2022-03-04","commitResults":[{"hash":"9acd43a0d05dbc5e43b5f7b2253c192bfe67d5a2","messageTitle":"Updated DG, Use-cases portion","messageBody":"","fileTypesAndContributionMap":{"docs":{"insertions":230,"deletions":29}}},{"hash":"4381f7919aedc5a4d1fcebb75e584aded9967346","messageTitle":"Removed \u003cbr\u003e tags from DG Use-Cases","messageBody":"","fileTypesAndContributionMap":{"docs":{"insertions":42,"deletions":42}}},{"hash":"32836c65dcc1da31af516b0895621d7780f73e01","messageTitle":"Removed \u003cbr\u003e tags from DG Use-Cases","messageBody":"","fileTypesAndContributionMap":{"docs":{"insertions":9,"deletions":9}}},{"hash":"b21fc508b7f252069cd2a7cf6803e63bb5528a2f","messageTitle":"Added back \u003cbr\u003e for those not within Use-Cases","messageBody":"","fileTypesAndContributionMap":{"docs":{"insertions":5,"deletions":5}}},{"hash":"07e84fbdb10fad6c9c66d68da1be1a62c11f9be9","messageTitle":"Update Project Portfolio Page (PPP) for Alfred","messageBody":"","fileTypesAndContributionMap":{"docs":{"insertions":31,"deletions":1}}},{"hash":"e9a99afb57b6ad20e9bc7fca108ce792b635b07b","messageTitle":"Update Developer Guide Section, added Use-Case","messageBody":"","fileTypesAndContributionMap":{"docs":{"insertions":1,"deletions":1}}},{"hash":"d26e1306f8960de6b5a10039a061c9500c1386d4","messageTitle":"Updated AboutUs for Alfred","messageBody":"","fileTypesAndContributionMap":{"docs":{"insertions":6,"deletions":5}}}]},{"date":"2022-03-06","commitResults":[{"hash":"43563d5acbcce590277045c524a6225bc7b0d4af","messageTitle":"Update Use-Cases for DG","messageBody":"","fileTypesAndContributionMap":{"docs":{"insertions":3,"deletions":3}}},{"hash":"8fd6a3dd2707b2b6a3170ccca0a830b251ea08d6","messageTitle":"Updated Guarantees portion for use-cases.","messageBody":"","fileTypesAndContributionMap":{"docs":{"insertions":7,"deletions":3}}},{"hash":"e37dff161326e8b5255f82d13fcaac7c91687287","messageTitle":"Updated CI Status link to match with our project\u0027s CI","messageBody":"","fileTypesAndContributionMap":{"docs":{"insertions":12,"deletions":11}}},{"hash":"f2bb4a5b3f452414a354421fd93fc90035edc512","messageTitle":"Updated use-cases to include preconditions","messageBody":"","fileTypesAndContributionMap":{"docs":{"insertions":2,"deletions":0}}}]},{"date":"2022-03-09","commitResults":[{"hash":"bf402d57f77854c63aad9e44c414f59759ba53b4","messageTitle":"Implement and change functionality of AB3 add to addEmployee","messageBody":"","fileTypesAndContributionMap":{"functional-code":{"insertions":112,"deletions":181},"other":{"insertions":10,"deletions":15},"test-code":{"insertions":190,"deletions":297}}}]},{"date":"2022-03-10","commitResults":[{"hash":"ae35cafb871ba2bb79559eb97fe04b8dfe6d9ee7","messageTitle":"Completed addEmployee functionality, with gradle test done.","messageBody":"","fileTypesAndContributionMap":{"functional-code":{"insertions":11,"deletions":326},"other":{"insertions":5,"deletions":11},"test-code":{"insertions":61,"deletions":345}}}]},{"date":"2022-03-12","commitResults":[{"hash":"91a20450750e99cf0aab024f40d4903269c18942","messageTitle":"Changed Files for merging","messageBody":"","fileTypesAndContributionMap":{"functional-code":{"insertions":0,"deletions":3}}},{"hash":"0084804ef6a1024248083bd054366169e4e2b955","messageTitle":"Removed trailing whitespace to solve gradle errors","messageBody":"","fileTypesAndContributionMap":{"test-code":{"insertions":0,"deletions":1}}},{"hash":"af4ac74f118c7cd783a659ea0252c4be18e1192b","messageTitle":"Update file to solve gradle check error","messageBody":"","fileTypesAndContributionMap":{"test-code":{"insertions":2,"deletions":2}}},{"hash":"8ef4d015611e30d1d74fbb4efb4fd5f330526074","messageTitle":"Created JsonAdaptedTask for Task Storage","messageBody":"","fileTypesAndContributionMap":{"functional-code":{"insertions":45,"deletions":0}}},{"hash":"b6ac0ec2dd041edf939619f7b4d3e29218d59b36","messageTitle":"Created JsonAdaptedTask for Task Storage","messageBody":"","fileTypesAndContributionMap":{"functional-code":{"insertions":1,"deletions":2}}},{"hash":"1625599efa4089f6e32206c58ee5e3ab259a9616","messageTitle":"Completed add Todo Task cycle (Implementation and Storage)","messageBody":"","fileTypesAndContributionMap":{"functional-code":{"insertions":134,"deletions":5}}},{"hash":"0fcafd7ac3eb1c02de2d099361f71ba42ffcded1","messageTitle":"Fix gradle error","messageBody":"","fileTypesAndContributionMap":{"functional-code":{"insertions":1,"deletions":1}}},{"hash":"181b91ed9482ee1e5656cbd7dcf317b645b535d2","messageTitle":"Fix gradle error","messageBody":"","fileTypesAndContributionMap":{"functional-code":{"insertions":8,"deletions":5}}},{"hash":"c57a6083ff58e0465c3b379f896bf8af4fe17e99","messageTitle":"Update codes to save sample data to JSON at first start","messageBody":"","fileTypesAndContributionMap":{"functional-code":{"insertions":17,"deletions":1}}},{"hash":"498f7e8001cee9a32fe7849ca4d7a708654948db","messageTitle":"Update CliSyntax.java","messageBody":"","fileTypesAndContributionMap":{"functional-code":{"insertions":0,"deletions":1}}},{"hash":"dfa44d1a28d7ac3c83431cefd2fdca02a5275e96","messageTitle":"Update AddressBookParser.java","messageBody":"","fileTypesAndContributionMap":{"functional-code":{"insertions":1,"deletions":1}}},{"hash":"54c8c390015d6eceee73ccd2c084f851602dbc9f","messageTitle":"Fix Gradle check errors","messageBody":"","fileTypesAndContributionMap":{"functional-code":{"insertions":0,"deletions":1}}},{"hash":"50e33e98cbc77a10500282814dc57dc771686ed4","messageTitle":"Fix Gradle check errors","messageBody":"","fileTypesAndContributionMap":{"functional-code":{"insertions":1,"deletions":0}}}]},{"date":"2022-03-14","commitResults":[{"hash":"08b127c66a733c46f9f0f08d0be4b2cea358a319","messageTitle":"Update ParserUtil.java","messageBody":"","fileTypesAndContributionMap":{"functional-code":{"insertions":0,"deletions":1}}},{"hash":"0f12427b5962323ac5bf0906d78eb356a64d7d37","messageTitle":"Update AddressBookParser.java","messageBody":"","fileTypesAndContributionMap":{"functional-code":{"insertions":0,"deletions":1}}},{"hash":"4b5b55727518dbf3142ec17cc2c750adbc4da95b","messageTitle":"Fixed all AddTask commands, Updated Storage function to take in \"type\".","messageBody":"","fileTypesAndContributionMap":{"functional-code":{"insertions":51,"deletions":45},"other":{"insertions":1,"deletions":1}}},{"hash":"3dbe758d5f8b69ee4c27cec651c03293f0216053","messageTitle":"Fix gradle check errors","messageBody":"","fileTypesAndContributionMap":{"functional-code":{"insertions":8,"deletions":9}}},{"hash":"e8053e4fd9d929a7e1ba4ab317572ad62c412946","messageTitle":"Updated Json, to store all needed fields for Tasks","messageBody":"","fileTypesAndContributionMap":{"functional-code":{"insertions":31,"deletions":4}}},{"hash":"c0edd9ba1ad53dff922cc86752ad722676a5eec8","messageTitle":"Updated Json, to store all needed fields for Tasks","messageBody":"","fileTypesAndContributionMap":{"functional-code":{"insertions":1,"deletions":0}}},{"hash":"11c3c37094dcd875f6e19e4f87e15de838604d28","messageTitle":"Completed Storage functionality for all Tasks","messageBody":"","fileTypesAndContributionMap":{"functional-code":{"insertions":43,"deletions":19},"test-code":{"insertions":0,"deletions":4}}},{"hash":"2a0a9246f74059cf7dd03add7132de3102c0181a","messageTitle":"Completed Storage functionality for Mark Unmark Tasks","messageBody":"","fileTypesAndContributionMap":{"functional-code":{"insertions":28,"deletions":7}}},{"hash":"ef4ec753ccdc30a09e9a450f2c569156efb7d68c","messageTitle":"Solve the gradle error","messageBody":"","fileTypesAndContributionMap":{"functional-code":{"insertions":6,"deletions":3}}}]},{"date":"2022-03-15","commitResults":[{"hash":"10e9c64ad0e7fdf98dbb19e0659a643110832711","messageTitle":"Fixed validation for creation of Deadline and Event Tasks, included 3 types of ask in sample data.","messageBody":"","fileTypesAndContributionMap":{"functional-code":{"insertions":11,"deletions":7}}},{"hash":"cfaaceaca64bfd6a6dcef99100226ac0319b7fd0","messageTitle":"Fixed validation for creation of Deadline and Event Tasks, included 3 types of ask in sample data.","messageBody":"","fileTypesAndContributionMap":{"functional-code":{"insertions":11,"deletions":6}}}]},{"date":"2022-03-16","commitResults":[{"hash":"b6226d42595f1b73e8bc6c4fec882e0adfd4d463","messageTitle":"Updating Use-Cases based on completed v1.2","messageBody":"","fileTypesAndContributionMap":{"docs":{"insertions":15,"deletions":15}}}]},{"date":"2022-03-20","commitResults":[{"hash":"4aa0b1a7dfd5c605df40c1362f63e01b75e67fc0","messageTitle":"Complete Tag Command, Storage for Tag, Implement addAssignees in Task, isTagged in Model","messageBody":"","fileTypesAndContributionMap":{"functional-code":{"insertions":186,"deletions":52},"test-code":{"insertions":3,"deletions":13}}}]},{"date":"2022-03-22","commitResults":[{"hash":"cf3bcdbb9f4fb2d08b1d6bf562c191da0b553391","messageTitle":"Handle and Fix errors made by current previous validation, added manual validation.","messageBody":"","fileTypesAndContributionMap":{"functional-code":{"insertions":27,"deletions":10}}}]},{"date":"2022-03-23","commitResults":[{"hash":"65f2d63cdacaf6ed95a8bd6e8c9e5c4d7d1dbf53","messageTitle":"Complete untagTask command, opposite of tagTask. Finish Logic, Command, Parser.","messageBody":"","fileTypesAndContributionMap":{"functional-code":{"insertions":145,"deletions":0}}},{"hash":"4ae0aa7f3abac41ac5772059d6ff8b8d7ad03671","messageTitle":"Fix gradle check errors","messageBody":"","fileTypesAndContributionMap":{"functional-code":{"insertions":6,"deletions":8},"test-code":{"insertions":5,"deletions":0}}},{"hash":"4ea8905e1b89d5bd2b6b27a217f344e5245e6922","messageTitle":"Update storage class diagram","messageBody":"","fileTypesAndContributionMap":{"docs":{"insertions":2,"deletions":2}}},{"hash":"ce246c4d18d15062e891c0a51862cfd009d44174","messageTitle":"Implement Storage for Priority Tagging","messageBody":"","fileTypesAndContributionMap":{"functional-code":{"insertions":15,"deletions":2}}}]},{"date":"2022-03-24","commitResults":[{"hash":"f8c6cc7df9e572197d6e4f172c7420a4010bae49","messageTitle":"Storage Diagram Update, and edits to Storage Component text.","messageBody":"","fileTypesAndContributionMap":{"docs":{"insertions":2,"deletions":1}}},{"hash":"927d312137f2e5fe04fcde75b317ef2ddd3887f1","messageTitle":"Update DG for AddTask and TagTask","messageBody":"","fileTypesAndContributionMap":{"docs":{"insertions":67,"deletions":56}}},{"hash":"f1d1fc58a5ccf7fc2fd6ba29e2a4766aa2617f2a","messageTitle":"Update DG for TagTask section","messageBody":"","fileTypesAndContributionMap":{"docs":{"insertions":6,"deletions":6}}}]},{"date":"2022-03-25","commitResults":[{"hash":"ceb34d12d47a2d5c40759cd1fe06c7165b858872","messageTitle":"Implement Priority Tag Command","messageBody":"","fileTypesAndContributionMap":{"functional-code":{"insertions":120,"deletions":19}}},{"hash":"ea8806d2f45d0138d173f09a27eacd47a11a8c65","messageTitle":"Implement Priority Tag Command, Logic, Parser, Storage","messageBody":"","fileTypesAndContributionMap":{"functional-code":{"insertions":30,"deletions":21}}},{"hash":"32ffea916a250391e98f16c8f3445d8e52a9fd62","messageTitle":"Fix Gradle Errors","messageBody":"","fileTypesAndContributionMap":{"functional-code":{"insertions":7,"deletions":7}}},{"hash":"58379e1c85019979ed79523a98b4bb9da08e2ce9","messageTitle":"Fix Gradle Errors","messageBody":"","fileTypesAndContributionMap":{"docs":{"insertions":2,"deletions":2}}},{"hash":"27a96cfb1f2134e326cf95c41db196cd135ea7e1","messageTitle":"Fix Gradle Errors","messageBody":"","fileTypesAndContributionMap":{"docs":{"insertions":0,"deletions":2}}},{"hash":"0377b22a9d0c55c0b6df8624f0b552d2a9a9a6e2","messageTitle":"Fix Gradle Errors","messageBody":"","fileTypesAndContributionMap":{"docs":{"insertions":2,"deletions":2}}},{"hash":"651189600db28db749969d6ecaddc59c46f70578","messageTitle":"Fix Gradle Errors","messageBody":"","fileTypesAndContributionMap":{"docs":{"insertions":2,"deletions":2}}},{"hash":"894e344d85ab771bb2b89177a9c576c6a9044fdc","messageTitle":"Fix Gradle Errors","messageBody":"","fileTypesAndContributionMap":{"docs":{"insertions":2,"deletions":0}}}]},{"date":"2022-03-26","commitResults":[{"hash":"4fe1aa656c606f89de998f697e575a2634d5b5c6","messageTitle":"Fix AddressBookParser not using editTask command","messageBody":"","fileTypesAndContributionMap":{"functional-code":{"insertions":4,"deletions":0}}},{"hash":"9bec687f236cc02a83d51adc4a5a98c0ad7c6531","messageTitle":"Logic Enhancement on Delete Employee Command, to deal with Deleting Employee, but does not unassign deleted employee.","messageBody":"","fileTypesAndContributionMap":{"functional-code":{"insertions":20,"deletions":3}}},{"hash":"f822b06943b8a6b428922f75c709594a78155c2c","messageTitle":"Fix gradle errors","messageBody":"","fileTypesAndContributionMap":{"functional-code":{"insertions":1,"deletions":1}}},{"hash":"9056cd2c23d9ca0bb27ac882053498fc827b01c0","messageTitle":"Logic change from for-loop to streams","messageBody":"","fileTypesAndContributionMap":{"functional-code":{"insertions":3,"deletions":10}}},{"hash":"a9eb352c1ad19bb79b25f6fdc7fbc429406820b0","messageTitle":"Fix gradle errors","messageBody":"","fileTypesAndContributionMap":{"functional-code":{"insertions":0,"deletions":1}}}]},{"date":"2022-03-27","commitResults":[{"hash":"ebc02a028c21baa6e50d617cc34cd83ed7374146","messageTitle":"Implement storing number of task in JSON, and affected classes that will implement task decreasing / task increasing.","messageBody":"","fileTypesAndContributionMap":{"functional-code":{"insertions":31,"deletions":1},"test-code":{"insertions":15,"deletions":6}}}]},{"date":"2022-03-29","commitResults":[{"hash":"01a972f61313446bb6f30463909f703e4cbdfdcf","messageTitle":"Update use-cases with the latest v1.3 of ManageEZPZ.","messageBody":"","fileTypesAndContributionMap":{"docs":{"insertions":156,"deletions":46}}},{"hash":"5df43a5009d15c860d422aa39dceabfc12157a6f","messageTitle":"Add tagTask and untagTask to UG","messageBody":"","fileTypesAndContributionMap":{"docs":{"insertions":25,"deletions":2}}},{"hash":"c6c65e30fe1434beaf877dc55a372bcc61c7057b","messageTitle":"Remove additional spaces","messageBody":"","fileTypesAndContributionMap":{"docs":{"insertions":0,"deletions":3}}},{"hash":"63bf85e521842349c7601f6a51893814a30cc2bf","messageTitle":"Changes to findTask wordings","messageBody":"","fileTypesAndContributionMap":{"docs":{"insertions":1,"deletions":1}}},{"hash":"a0adebd0dcc26cb0f60df94a6df2fd32c077bbd7","messageTitle":"Fix bug where numOfTask not saved properly","messageBody":"","fileTypesAndContributionMap":{"functional-code":{"insertions":14,"deletions":12},"test-code":{"insertions":3,"deletions":1}}},{"hash":"801c8a46e4b6831940681e7cbb390226f26cd12b","messageTitle":"Add tagPriority","messageBody":"","fileTypesAndContributionMap":{"docs":{"insertions":15,"deletions":0}}}]},{"date":"2022-04-05","commitResults":[{"hash":"f9b092ad47d3f6c643b7d1a64ea165f4c1d6dae0","messageTitle":"Fix UG inconsistencies and missed details.","messageBody":"","fileTypesAndContributionMap":{"docs":{"insertions":40,"deletions":12}}},{"hash":"d27758b8aabbf92c6284c004413bef88daf7a2d7","messageTitle":"Solve JSON modified crashing ManageEZPZ, set-up defensive programming for JsonAdaptedTask","messageBody":"","fileTypesAndContributionMap":{"functional-code":{"insertions":100,"deletions":76}}},{"hash":"933ac41155997f5d487add60127339cc5031da52","messageTitle":"Fix Gradle Errors","messageBody":"","fileTypesAndContributionMap":{"functional-code":{"insertions":12,"deletions":3}}}]},{"date":"2022-04-06","commitResults":[{"hash":"84e1cab64ecd24b210eea6e12e505fffd2efe767","messageTitle":"Replace helpMessage picture with right-click to copy feature, edit `help` instruction to include right-click to copy.","messageBody":"","fileTypesAndContributionMap":{"docs":{"insertions":1,"deletions":1}}},{"hash":"201f394a0bd3ee0a99226866cf9d8f40b1dcb408","messageTitle":"Change \u0027delete\u0027 to \u0027deletes\u0027","messageBody":"","fileTypesAndContributionMap":{"docs":{"insertions":1,"deletions":1}}},{"hash":"29ab94eae5e996f819876aa77d60a25759d7afff","messageTitle":"Added more guard clause, for editTask, markTask, unmarkTask, tagPriority.","messageBody":"","fileTypesAndContributionMap":{"docs":{"insertions":10,"deletions":5}}}]},{"date":"2022-04-07","commitResults":[{"hash":"5e547ad0136d22f609c692f4a12a27712c6310a5","messageTitle":"Edit PPP","messageBody":"","fileTypesAndContributionMap":{"docs":{"insertions":25,"deletions":7}}},{"hash":"13702e3ceba95a3c652570ddf55f7c1c585feff6","messageTitle":"Edit PPP","messageBody":"","fileTypesAndContributionMap":{"docs":{"insertions":13,"deletions":3}}},{"hash":"331c1b629feff3274ba5a6fb77fa14e629c393b9","messageTitle":"Edit PPP","messageBody":"","fileTypesAndContributionMap":{"docs":{"insertions":4,"deletions":0}}},{"hash":"7f2bd79083b8f32c4323b0097177df6187318894","messageTitle":"Add Note to Edit Task","messageBody":"","fileTypesAndContributionMap":{"docs":{"insertions":3,"deletions":1}}},{"hash":"f754d2dc91f7c6b4922caad9ddb2854fb5943d17","messageTitle":"Add pagebreak","messageBody":"","fileTypesAndContributionMap":{"docs":{"insertions":4,"deletions":0}}},{"hash":"91b2f71835da4c2bbcb8f81f291503b6b8d5016e","messageTitle":"Add page break to see sections","messageBody":"","fileTypesAndContributionMap":{"docs":{"insertions":14,"deletions":0}}},{"hash":"0c178448870b136b32cbe8a267703b62b305eb28","messageTitle":"Add page breaks for clearer viewing","messageBody":"","fileTypesAndContributionMap":{"docs":{"insertions":13,"deletions":2}}},{"hash":"224f3de115efcf4963c66b43102f37c5e4eab1b6","messageTitle":"Reedit page breaks","messageBody":"","fileTypesAndContributionMap":{"docs":{"insertions":1,"deletions":21}}},{"hash":"4b999f5586dc16f28499e529283f4efb521ba9aa","messageTitle":"Reedit page breaks","messageBody":"","fileTypesAndContributionMap":{"docs":{"insertions":5,"deletions":2}}}]}],"dannytayjy":[{"date":"2022-03-03","commitResults":[{"hash":"fbbef6bd6af3302c2993f9555ff5a91c49c81fd9","messageTitle":"Update Non-Functional Requirements and Glossary in DG","messageBody":"","fileTypesAndContributionMap":{"docs":{"insertions":39,"deletions":6}}}]},{"date":"2022-03-04","commitResults":[{"hash":"8a7b6b35518c357d5cc0552e4891e4511078a2d3","messageTitle":"Update AboutUs information for Jun Yang","messageBody":"","fileTypesAndContributionMap":{"docs":{"insertions":6,"deletions":4}}},{"hash":"399485fd48464e652405012434bc160ec4c9b714","messageTitle":"Add Project Portfolio Page (PPP) for Jun Yang","messageBody":"","fileTypesAndContributionMap":{"docs":{"insertions":39,"deletions":0}}},{"hash":"4a6d2de43375ad5afc009767bf4c313f1d44fdf0","messageTitle":"Update Project Portfolio Page (PPP) for Jun Yang","messageBody":"","fileTypesAndContributionMap":{"docs":{"insertions":39,"deletions":39}}}]},{"date":"2022-03-09","commitResults":[{"hash":"2e2976fad6239b8dfb228b6ee7af42a4d2e83a39","messageTitle":"Refactor Java package to manageezpz","messageBody":"","fileTypesAndContributionMap":{"other":{"insertions":722,"deletions":747},"docs":{"insertions":10,"deletions":10},"test-code":{"insertions":3,"deletions":3}}},{"hash":"edc22a43127a64033115dc1a5fa80039ce68f9e2","messageTitle":"Update order of imports to adhere to Checkstyle","messageBody":"","fileTypesAndContributionMap":{"functional-code":{"insertions":14,"deletions":23}}},{"hash":"f11acf2fff5ad7783bdbb0223d91ca5ead3e2eb5","messageTitle":"Update order of imports to adhere to Checkstyle","messageBody":"","fileTypesAndContributionMap":{"functional-code":{"insertions":10,"deletions":6}}},{"hash":"1dde17798a7b65e8916ec022cc4be0220137f0b9","messageTitle":"Update order of imports to adhere to Checkstyle","messageBody":"","fileTypesAndContributionMap":{"functional-code":{"insertions":0,"deletions":4}}},{"hash":"972aec906bd7b24cb7473586761312b1b18c909d","messageTitle":"Update order of imports to adhere to Checkstyle","messageBody":"","fileTypesAndContributionMap":{"test-code":{"insertions":89,"deletions":55}}},{"hash":"eb912475eb6eba58037bdfb486c55ff058f1719d","messageTitle":"Update order of imports to adhere to Checkstyle","messageBody":"","fileTypesAndContributionMap":{"test-code":{"insertions":1,"deletions":1}}}]},{"date":"2022-03-15","commitResults":[{"hash":"debe2e844c760549ce565fbbe011f13d532843eb","messageTitle":"Update build gradle settings","messageBody":"","fileTypesAndContributionMap":{"other":{"insertions":2,"deletions":2}}},{"hash":"460744ab84933986b57676cf3366f47ab0c88e5b","messageTitle":"Add functionality for Mark and Unmark task","messageBody":"","fileTypesAndContributionMap":{"functional-code":{"insertions":174,"deletions":12}}},{"hash":"8fff4a9386a7e1ad5042970847118dcd2fb2c54b","messageTitle":"Fix gradle check errors","messageBody":"","fileTypesAndContributionMap":{"functional-code":{"insertions":26,"deletions":13}}},{"hash":"3af203087c8a9c4c7fd925ad80ebed8e91cf7aab","messageTitle":"Fix gradle check errors","messageBody":"","fileTypesAndContributionMap":{"functional-code":{"insertions":164,"deletions":164}}},{"hash":"34335728859009c524ad60fcf9e52410cd4610d4","messageTitle":"Add functionality for Delete task","messageBody":"","fileTypesAndContributionMap":{"functional-code":{"insertions":86,"deletions":3},"other":{"insertions":223,"deletions":223},"test-code":{"insertions":4,"deletions":4}}},{"hash":"69eaf7b82a9e5089e5ce5cbe24c91a8830dce338","messageTitle":"Fix gradle check errors","messageBody":"","fileTypesAndContributionMap":{"functional-code":{"insertions":164,"deletions":164},"test-code":{"insertions":141,"deletions":141}}},{"hash":"a2e1ecbcac13380e1268da22fe743d1357192c9c","messageTitle":"Fix gradle check errors","messageBody":"","fileTypesAndContributionMap":{"test-code":{"insertions":2,"deletions":1}}},{"hash":"ebd0946e60a290c687e88f91e9197680b355cc08","messageTitle":"Fix gradle check errors","messageBody":"","fileTypesAndContributionMap":{"functional-code":{"insertions":1,"deletions":1}}},{"hash":"32834442b9d70a828532fbab8d9e6fde0f0364ed","messageTitle":"Fix gradle check errors","messageBody":"","fileTypesAndContributionMap":{"functional-code":{"insertions":4,"deletions":12}}},{"hash":"0db82628b0e77090ac52449c5ee4173a8918037f","messageTitle":"Fix gradle check errors","messageBody":"","fileTypesAndContributionMap":{"test-code":{"insertions":1,"deletions":1}}}]},{"date":"2022-03-24","commitResults":[{"hash":"835568f290111021943d04bf50c37634a0af9c35","messageTitle":"Implement base GUI of displaying tasks","messageBody":"","fileTypesAndContributionMap":{"functional-code":{"insertions":437,"deletions":60}}},{"hash":"5e07abf20b94ded1123107ba36671e13d80a6c86","messageTitle":"Update GUI implementation of displaying tasks","messageBody":"","fileTypesAndContributionMap":{"functional-code":{"insertions":53,"deletions":4}}},{"hash":"ce79f85e3063913760f42bb97d98c3d192a5a12b","messageTitle":"Fix gradle check errors","messageBody":"","fileTypesAndContributionMap":{"functional-code":{"insertions":13,"deletions":13}}},{"hash":"086300df5b0ced425bb2999a838e555532e240cd","messageTitle":"Fix gradle check errors","messageBody":"","fileTypesAndContributionMap":{"functional-code":{"insertions":3,"deletions":25}}},{"hash":"3a61e5e096eafa6131a46001acb56926f9a1b883","messageTitle":"Fix gradle check errors","messageBody":"","fileTypesAndContributionMap":{"test-code":{"insertions":4,"deletions":0}}},{"hash":"afb21203311d0d6420c4c177e9fac755b2519199","messageTitle":"Edit Ui puml class diagram","messageBody":"","fileTypesAndContributionMap":{"docs":{"insertions":8,"deletions":1}}},{"hash":"9dc4e3ac3f26be89773935e38bf4fcdd293f6e4b","messageTitle":"Update Developer Guide for UI component","messageBody":"","fileTypesAndContributionMap":{"docs":{"insertions":1,"deletions":1}}},{"hash":"82b15ffeb9aa511c06ca86485f41d5e14a9efe75","messageTitle":"Update Developer Guide and replace the Ui puml class diagram","messageBody":"","fileTypesAndContributionMap":{"docs":{"insertions":2,"deletions":2}}}]},{"date":"2022-03-25","commitResults":[{"hash":"eb22f6d2201f1fcbe2bebc317d0ee1580b626be2","messageTitle":"Update Developer Guide and add PUML class diagrams and PNG images","messageBody":"* Edit Developer Guide to include implementation for Mark, Unmark and\nDelete of tasks\n* Add PUML class diagrams and PNG images for Mark, Unmark and\nDelete of tasks\n","fileTypesAndContributionMap":{"docs":{"insertions":115,"deletions":0}}},{"hash":"61ea20094c3a3cba8cb36c7cf67b5daf50db98d1","messageTitle":"Update Developer Guide with screenshots","messageBody":"","fileTypesAndContributionMap":{"docs":{"insertions":6,"deletions":0}}},{"hash":"ce9faad9163f7a881d7741b122569cdbd3aa8f1f","messageTitle":"Remove extra print statements","messageBody":"","fileTypesAndContributionMap":{"test-code":{"insertions":0,"deletions":4}}}]},{"date":"2022-03-26","commitResults":[{"hash":"01a6c95665a622a2c59fdeaa154c4c807e4715cb","messageTitle":"Modify GUI to display persons list and priority tagging of tasks","messageBody":"","fileTypesAndContributionMap":{"functional-code":{"insertions":56,"deletions":19}}}]},{"date":"2022-03-27","commitResults":[{"hash":"cb0eb4b679228b80ee303f92814a68e03e766b75","messageTitle":"Update GUI implementation and handle wrap text issues","messageBody":"","fileTypesAndContributionMap":{"functional-code":{"insertions":201,"deletions":107}}},{"hash":"ef8a319bc23e8932a2fd1560e6f25ad5c3df53c9","messageTitle":"Remove commented out codes","messageBody":"","fileTypesAndContributionMap":{"functional-code":{"insertions":0,"deletions":8}}}]},{"date":"2022-03-30","commitResults":[{"hash":"5ba5740b6889e5a598302342cc265f52bf40d796","messageTitle":"Update UG","messageBody":"Change the ordering of the commands, standardize formatting of all\ncommands and update some missing details in other commands\n\nUpdate the table formatting for Command Summary\n\nAdd the skeleton of editTask for Aaron to use\n\nUpdate details for editEmployee, deleteEmployee, markTask, unmarkTask\nand deleteTask\n\nAdd more details for tagTask, untagTask and tagPriority\n","fileTypesAndContributionMap":{"docs":{"insertions":208,"deletions":165}}},{"hash":"3965def2f9d68a309ef7489a0ece8ec009c52384","messageTitle":"Implement changes to accommodate to GUI","messageBody":"Make changes to MarkTask, UnmarkTask, DeleteEmployee, DeleteTask,\nTagTask, UntagTask and TagPriority to ensure that GUI view is updated\n","fileTypesAndContributionMap":{"functional-code":{"insertions":576,"deletions":256},"test-code":{"insertions":4,"deletions":4}}},{"hash":"f6323c764d603f3378fcf302b9da2bfa508db604","messageTitle":"Fix employees numOfTasks bug and gradle errors","messageBody":"","fileTypesAndContributionMap":{"functional-code":{"insertions":78,"deletions":37},"test-code":{"insertions":24,"deletions":18}}},{"hash":"8868e501b405e30bfb1c586f532bd102cdcf2945","messageTitle":"Fix gradle errors","messageBody":"","fileTypesAndContributionMap":{"functional-code":{"insertions":4,"deletions":4}}},{"hash":"fd084388463493420d4801a24315c4a6a3bba4ee","messageTitle":"Remove commented out codes from MainWindow.java","messageBody":"","fileTypesAndContributionMap":{"functional-code":{"insertions":0,"deletions":4}}},{"hash":"751993147c3ea116a53a5cf8751fe7de4dcdacde","messageTitle":"Update command parser for TagTask, UntagTask and TagTaskPriority","messageBody":"","fileTypesAndContributionMap":{"functional-code":{"insertions":38,"deletions":33}}}]},{"date":"2022-03-31","commitResults":[{"hash":"99e6714e05ffe76c7226cedfbf41512c3a10d6f2","messageTitle":"Fix multiple bugs and improve on exception messages","messageBody":"Edit Employee Command\n\n* Upon editing the employee, the employee that is reflected in the\nrespective tasks is not updated properly. Changes have been made.\n* Improve formatting of the exception message by adding a break line.\n* Show the command\u0027s message usage in the exception message.\n\nEdit Task Command\n\n* Handle IndexOutOfBounds exception for invalid task index.\n* When updating description, date and/or time, other details of the\ntask are discarded.\n* Simplify the implementation via abstraction.\n* Improve formatting of the exception message by adding a break line.\n* Show the command\u0027s message usage in the exception message.\n\nOther Commands\n\n* Improve formatting of the exception message by adding a break line.\n* Show the command\u0027s message usage in the exception message.\n\nOther Improvements\n\n* Add some requireNonNull checks\n","fileTypesAndContributionMap":{"functional-code":{"insertions":417,"deletions":233},"other":{"insertions":242,"deletions":227},"test-code":{"insertions":33,"deletions":16}}},{"hash":"eeebe70f3cbd59a9c747c19921c7458c1e245b27","messageTitle":"Update UG","messageBody":"","fileTypesAndContributionMap":{"docs":{"insertions":4,"deletions":4}}},{"hash":"c909f806208ee0ad9332c9b0fc77347a494890d4","messageTitle":"Fix prohibited line ending errors","messageBody":"","fileTypesAndContributionMap":{"functional-code":{"insertions":62,"deletions":62},"test-code":{"insertions":180,"deletions":180}}},{"hash":"bf8991257d9d04ce0c19106e13916e7670cac8f1","messageTitle":"Update UI","messageBody":"* Customize app icon\n\n* Add label for Employees list and Tasks list\n\n* Implement right click feature to allow user to copy name, phone\nnumber and email of selected employee\n","fileTypesAndContributionMap":{"functional-code":{"insertions":86,"deletions":5}}}]},{"date":"2022-04-01","commitResults":[{"hash":"6053ab699b53756847fcc22f6672bccf720d2079","messageTitle":"Fix bug for EditTaskCommand and DeleteEmployeeCommand","messageBody":"","fileTypesAndContributionMap":{"functional-code":{"insertions":19,"deletions":31}}},{"hash":"bdbf7637bb1db964be87299eb6bc5c39a5744d63","messageTitle":"Codes Optimization","messageBody":"* Improve on implementation in EditTaskCommand and add assertion for\ninvalid task type after bug fix with Alfred.\n\n* Remove some repetitive usage messages for some exception handlings.\n\n* Optimize codes of CommandException and ParseException messages for\nAddTodoTask, AddDeadlineTask, AddEventTask and EditTaskCommand command\nand parser files to better show the exception handlings.\n","fileTypesAndContributionMap":{"functional-code":{"insertions":112,"deletions":94},"test-code":{"insertions":30,"deletions":24}}}]},{"date":"2022-04-04","commitResults":[{"hash":"a619da0176992442469e32893e8b43ab5cc89be9","messageTitle":"Update bugs found in PE-D related to usage of wrong exception messages","messageBody":"","fileTypesAndContributionMap":{"functional-code":{"insertions":70,"deletions":71}}},{"hash":"ff4ac2939504cee737655f1480e92575b4fa32e0","messageTitle":"Fix checkstyle issues","messageBody":"","fileTypesAndContributionMap":{"functional-code":{"insertions":2,"deletions":4}}},{"hash":"5b3f98fd8fc20eae2fe22866a2c4ca905872a9d3","messageTitle":"Refractor EditCommandParserTest to EditEmployeeCommandParserTest","messageBody":"","fileTypesAndContributionMap":{"other":{"insertions":3,"deletions":2}}}]},{"date":"2022-04-05","commitResults":[{"hash":"3989fcd30b23cd29c77ab1946764f20e6f07aa80","messageTitle":"Update bugs found in PE-D related to unclear exception messages when parsing commands","messageBody":"","fileTypesAndContributionMap":{"functional-code":{"insertions":150,"deletions":91},"test-code":{"insertions":12,"deletions":11}}},{"hash":"4010d27f2ee70f151d0aa3a96613da1028e6d704","messageTitle":"Expand preferred height of result display textbox","messageBody":"","fileTypesAndContributionMap":{"functional-code":{"insertions":1,"deletions":1}}},{"hash":"98deb5fdc96e963702bf0f88532000b78741dbf0","messageTitle":"Optimize GUI and modify some properties","messageBody":"","fileTypesAndContributionMap":{"functional-code":{"insertions":19,"deletions":18}}},{"hash":"5002f8aeac0e2e3cc6395068b5558702096ffcc7","messageTitle":"Update GUI for Help Window","messageBody":"","fileTypesAndContributionMap":{"functional-code":{"insertions":82,"deletions":18}}},{"hash":"cfa0b7440f114f5edfa919eb76af80a77bb5abcb","messageTitle":"Modify wrap text property of num of tasks label in Person List card","messageBody":"","fileTypesAndContributionMap":{"functional-code":{"insertions":1,"deletions":1}}},{"hash":"fdfdc021a00232d0d015a97e5cdc65bc1ec3060a","messageTitle":"Refractor Help Window image file name","messageBody":"","fileTypesAndContributionMap":{"functional-code":{"insertions":1,"deletions":1}}},{"hash":"7a562cda7be32d29748779da11effb6ee7f36126","messageTitle":"Modify copy clipboard feature title and decrease font size of some labels","messageBody":"","fileTypesAndContributionMap":{"functional-code":{"insertions":4,"deletions":4}}}]},{"date":"2022-04-06","commitResults":[{"hash":"4b694a97d0e6e9e60c04dbbeade9c627e55a230b","messageTitle":"Fix message success string and remove print line","messageBody":"","fileTypesAndContributionMap":{"functional-code":{"insertions":3,"deletions":4}}},{"hash":"905c144286e0e67b6190defb05da4c091e53db99","messageTitle":"Update README to edit example usages and add attribution of images","messageBody":"","fileTypesAndContributionMap":{"docs":{"insertions":15,"deletions":4}}},{"hash":"73be911ec5a978d615a02fd593e9a8f0a0ec854f","messageTitle":"Update new features, enhancements and tools into PPP","messageBody":"","fileTypesAndContributionMap":{"docs":{"insertions":88,"deletions":3}}},{"hash":"3c484177c433260631ebd232b83668d3b6e060d8","messageTitle":"Remove print line","messageBody":"","fileTypesAndContributionMap":{"functional-code":{"insertions":0,"deletions":2}}},{"hash":"36c9393458ca4758ad18380d890f55b00febc877","messageTitle":"Update PPP","messageBody":"","fileTypesAndContributionMap":{"docs":{"insertions":124,"deletions":106}}},{"hash":"76459577e10f5f437e0906506477856a03ffc470","messageTitle":"Update PPP","messageBody":"","fileTypesAndContributionMap":{"docs":{"insertions":1,"deletions":1}}}]},{"date":"2022-04-07","commitResults":[{"hash":"c68ba9a0eb3bc9884ddab4a79fb81909f455a692","messageTitle":"Make minor changes to String messages","messageBody":"* Move messages that are only used by EditTaskCommand from Messages.java\nto EditTaskCommand.java\n\n* Modify exception message to better reflect invalid time details for\nEvent task\n\n* Remove String messages that are not in use\n","fileTypesAndContributionMap":{"functional-code":{"insertions":20,"deletions":31}}},{"hash":"ac67757ccd339c12474c6c8377ef450332c41a8a","messageTitle":"Fix String message in TagTaskCommand and UntagTaskCommand","messageBody":"","fileTypesAndContributionMap":{"functional-code":{"insertions":4,"deletions":2}}},{"hash":"b56281686e493a92085dd8fda75685b3b1982e0d","messageTitle":"Fix bug in DeleteTaskCommand","messageBody":"","fileTypesAndContributionMap":{"functional-code":{"insertions":2,"deletions":2}}},{"hash":"fcce37d9373765a76a75fed6103613a91704b7fc","messageTitle":"Update details of EditEmployee, DeleteEmployee and DeleteTask in UG","messageBody":"","fileTypesAndContributionMap":{"docs":{"insertions":11,"deletions":8}}},{"hash":"c205870eeba7f1152e44ad5a12f9d72041c4ff79","messageTitle":"Update PPP","messageBody":"","fileTypesAndContributionMap":{"docs":{"insertions":9,"deletions":7}}},{"hash":"af175e740aabfbc0f987ac8401f35d24f65d7c46","messageTitle":"Update Jun Yang\u0027s PPP","messageBody":"","fileTypesAndContributionMap":{"docs":{"insertions":4,"deletions":3}}},{"hash":"141a425e6c86d1168f5d1eeef8b3122cd74c9aeb","messageTitle":"Update PPP","messageBody":"","fileTypesAndContributionMap":{"docs":{"insertions":119,"deletions":90}}}]}],"ChanWeiJie":[{"date":"2022-02-26","commitResults":[{"hash":"84fc021da531188295b8dfc79bdab65590f1c9e5","messageTitle":"Update AboutUs information for Wei Jie","messageBody":"","fileTypesAndContributionMap":{"docs":{"insertions":4,"deletions":4}}},{"hash":"e0aea40fe6334fd4ce0f7dfdeb0e065e2b6529d7","messageTitle":"Update Project Portfolio Page (PPP) for Wei Jie","messageBody":"","fileTypesAndContributionMap":{"docs":{"insertions":44,"deletions":1}}},{"hash":"b0070a99aadd386d7da7426248fc5dbbc9649498","messageTitle":"Update Project Portfolio Page (PPP) for Wei Jie","messageBody":"","fileTypesAndContributionMap":{"docs":{"insertions":2,"deletions":5}}},{"hash":"02c2d376a156d4b0f04d85422bda2ae3b11c08c8","messageTitle":"Update UserGuide for deleteTask","messageBody":"","fileTypesAndContributionMap":{"docs":{"insertions":11,"deletions":0}}}]},{"date":"2022-03-03","commitResults":[{"hash":"3e10db707adf232e0c9f6a0d8a1e66967ff23e1b","messageTitle":"Update UserGuide - Delete Task","messageBody":"","fileTypesAndContributionMap":{"docs":{"insertions":1,"deletions":1}}},{"hash":"418d44585d1f681039afa47f5179bc9ebb848a8a","messageTitle":"Update UserGuide","messageBody":"","fileTypesAndContributionMap":{"functional-code":{"insertions":1,"deletions":1},"docs":{"insertions":84,"deletions":85}}},{"hash":"4899c0d15629a0cea15cc877c64a1208406b3053","messageTitle":"Update AboutUs information for Wei Jie","messageBody":"","fileTypesAndContributionMap":{"docs":{"insertions":3,"deletions":2}}},{"hash":"642a5580a8d8b5dadfbfd69409fdf09cabacff80","messageTitle":"update PPP","messageBody":"","fileTypesAndContributionMap":{"docs":{"insertions":2,"deletions":2}}},{"hash":"5b9ad01045ee6f0c9755ac4f219eb99534562483","messageTitle":"Update ppp","messageBody":"","fileTypesAndContributionMap":{"docs":{"insertions":2,"deletions":1}}},{"hash":"49182955c0a5686fb0507dbb207e4218abd3e307","messageTitle":"Update UserGuide","messageBody":"","fileTypesAndContributionMap":{"docs":{"insertions":1,"deletions":1}}},{"hash":"87e26564f0188c8913d192ea87646145d3e7b65b","messageTitle":"Update indentation of HelpWindow","messageBody":"","fileTypesAndContributionMap":{"functional-code":{"insertions":2,"deletions":1}}},{"hash":"5e80bec0e485e0dbb96df28718f522aa53f43a3c","messageTitle":"Update AboutUs","messageBody":"","fileTypesAndContributionMap":{"docs":{"insertions":1,"deletions":1}}}]},{"date":"2022-03-06","commitResults":[{"hash":"780f815885b9cf140602aa3e118b5cdfadce9670","messageTitle":"Update user guide","messageBody":"","fileTypesAndContributionMap":{"docs":{"insertions":1,"deletions":1}}},{"hash":"965c89e1485b9f7efed0ead0dc5ae727b3c515a7","messageTitle":"Update UserGuide","messageBody":"","fileTypesAndContributionMap":{"docs":{"insertions":3,"deletions":3}}},{"hash":"69c86bb8851404945fe77106fbbb193b9c050bd5","messageTitle":"Update UserGuide","messageBody":"","fileTypesAndContributionMap":{"docs":{"insertions":5,"deletions":5}}},{"hash":"f7f5d91e359a01f0e678a430a89675aab4a5787c","messageTitle":"Update index.md","messageBody":"","fileTypesAndContributionMap":{"docs":{"insertions":5,"deletions":5}}}]},{"date":"2022-03-09","commitResults":[{"hash":"ccadddb86fb43f1efbda1ad6895958a0652663ff","messageTitle":"Create base Task class","messageBody":"","fileTypesAndContributionMap":{"functional-code":{"insertions":56,"deletions":0}}},{"hash":"53c4a03df07168a588a341b5b1634bab468f1caf","messageTitle":"Update Task class","messageBody":"","fileTypesAndContributionMap":{"functional-code":{"insertions":1,"deletions":2}}},{"hash":"5210c20a30e7e407b0d4d12e992f354c2e2f3921","messageTitle":"Update UserGuide","messageBody":"","fileTypesAndContributionMap":{"docs":{"insertions":0,"deletions":2}}},{"hash":"74c289ab0b0a5ae1dddde76d0197794a3433324d","messageTitle":"Update UserGuide","messageBody":"","fileTypesAndContributionMap":{"docs":{"insertions":1,"deletions":1}}},{"hash":"d44be9f335acd85f4e38387da562bc1742c3f755","messageTitle":"Change Person Model to not have tags and address","messageBody":"","fileTypesAndContributionMap":{"functional-code":{"insertions":18,"deletions":398},"test-code":{"insertions":77,"deletions":426}}},{"hash":"3a1193961dc3c8d541a8da21dce81e8d1f59b0d8","messageTitle":"Update AddCommand, Parser classes and their respective test classes","messageBody":"- AddCommand no longer needs to take in address and tags\n- AddCommandParser no longer need to parse address and tags\n- Removed all test cases that involves tags and addresses\n","fileTypesAndContributionMap":{"functional-code":{"insertions":3,"deletions":9},"test-code":{"insertions":1,"deletions":28}}},{"hash":"d57511aa00b303d19b1490ced352769b41226999","messageTitle":"Update checkstyle","messageBody":"","fileTypesAndContributionMap":{"functional-code":{"insertions":0,"deletions":3},"test-code":{"insertions":0,"deletions":1}}}]},{"date":"2022-03-10","commitResults":[{"hash":"4883e246755f3514ca14e46169298145cbbbf4b5","messageTitle":"Update EditCommandParser to remove tag and address","messageBody":"","fileTypesAndContributionMap":{"functional-code":{"insertions":1,"deletions":1}}},{"hash":"e4b13e8d1f779a108a4ddd3c404b8b46294f2a63","messageTitle":"Update checkstyle","messageBody":"","fileTypesAndContributionMap":{"functional-code":{"insertions":0,"deletions":2}}},{"hash":"aafdd2e73877b369164b4fdde6fddb92e0cdc93c","messageTitle":"Update TaskModel","messageBody":"","fileTypesAndContributionMap":{"functional-code":{"insertions":4,"deletions":0},"other":{"insertions":27,"deletions":4}}},{"hash":"c6fa4de88c49ebcd62acb6b42e5675601c38deb6","messageTitle":"Update PredicateTest to not test for tags","messageBody":"","fileTypesAndContributionMap":{"test-code":{"insertions":1,"deletions":1}}},{"hash":"b870299c785e840060906003bceae08236e03343","messageTitle":"Create Task Model","messageBody":"","fileTypesAndContributionMap":{"functional-code":{"insertions":268,"deletions":8},"test-code":{"insertions":27,"deletions":0}}},{"hash":"2d0ebe20d27e6a5ff6e41c2ff6c0c8cf08de6b57","messageTitle":"Update checkstyle","messageBody":"","fileTypesAndContributionMap":{"functional-code":{"insertions":16,"deletions":9},"test-code":{"insertions":35,"deletions":10}}},{"hash":"a366427db9791bd5d69683e5e45c2090d05c0381","messageTitle":"Add test classes for Task Model","messageBody":"","fileTypesAndContributionMap":{"functional-code":{"insertions":19,"deletions":0},"test-code":{"insertions":287,"deletions":1}}},{"hash":"89fa82dab0b05dbc6502bc9930b3fdcfe766091a","messageTitle":"Update Task Model","messageBody":"","fileTypesAndContributionMap":{"functional-code":{"insertions":239,"deletions":10},"test-code":{"insertions":112,"deletions":1}}},{"hash":"f4c92eb275cc8c9d1b89c7b7a78a9254eaaa2f08","messageTitle":"Update checkstyle","messageBody":"","fileTypesAndContributionMap":{"functional-code":{"insertions":4,"deletions":5},"test-code":{"insertions":9,"deletions":6}}}]},{"date":"2022-03-12","commitResults":[{"hash":"c7680d75b19ed1a02525d2d547de375a642981fc","messageTitle":"Update UserGuide","messageBody":"","fileTypesAndContributionMap":{"docs":{"insertions":19,"deletions":22}}}]},{"date":"2022-03-14","commitResults":[{"hash":"59ae768c51ff37e7013269a0930ebc3a5c773fd1","messageTitle":"Update Task Model","messageBody":"","fileTypesAndContributionMap":{"functional-code":{"insertions":150,"deletions":17}}},{"hash":"2a14bd491564851a734d45d0c283c433d3afc07a","messageTitle":"Update UG","messageBody":"","fileTypesAndContributionMap":{"docs":{"insertions":6,"deletions":6}}},{"hash":"7052a6256c9d0fa0b28c89c2f1b8fd1f4ea5dc2b","messageTitle":"Update UG","messageBody":"","fileTypesAndContributionMap":{"docs":{"insertions":1,"deletions":1}}},{"hash":"2f004e81985946489aa7afd78ed7a82f85f345ad","messageTitle":"Update Task Model","messageBody":"","fileTypesAndContributionMap":{"functional-code":{"insertions":54,"deletions":93}}}]},{"date":"2022-03-15","commitResults":[{"hash":"6522c65fde0c5b5574989f88a25260b74e3cd885","messageTitle":"Update UG","messageBody":"","fileTypesAndContributionMap":{"docs":{"insertions":3,"deletions":3}}},{"hash":"1b10a89410e536dc111ede04c983f1cf73ba444f","messageTitle":"Update time to check for valid range","messageBody":"","fileTypesAndContributionMap":{"functional-code":{"insertions":6,"deletions":1}}},{"hash":"6df8ad14f8b2d59d7c5c637aeda08ea36925f3c5","messageTitle":"Update Date and Time classes for validation checks","messageBody":"","fileTypesAndContributionMap":{"functional-code":{"insertions":18,"deletions":3}}},{"hash":"e5b049a512437d776e9f3380364e25e9dc65f93f","messageTitle":"Update checkstyle","messageBody":"","fileTypesAndContributionMap":{"functional-code":{"insertions":10,"deletions":1}}},{"hash":"137b94df912886c38a56a9b7ebcf1a370967db02","messageTitle":"Update Regex testing for Time class","messageBody":"","fileTypesAndContributionMap":{"functional-code":{"insertions":1,"deletions":11}}}]},{"date":"2022-03-16","commitResults":[{"hash":"18e5f84eeea20e71e18c6356d7dc01c22d121206","messageTitle":"Update UG for V1.2","messageBody":"","fileTypesAndContributionMap":{"docs":{"insertions":7,"deletions":1}}},{"hash":"fa814bc490e71be7c8f82de52ec5215bd07b4aa9","messageTitle":"Update UG","messageBody":"","fileTypesAndContributionMap":{"docs":{"insertions":7,"deletions":7}}},{"hash":"2e8a43e6ece2e1380f6c254b075d7383aa134bef","messageTitle":"Update descripton class, to validate only empty descriptions.","messageBody":"","fileTypesAndContributionMap":{"functional-code":{"insertions":2,"deletions":6}}},{"hash":"dd8aec5955f4989b1679eac419c7ad98186c76fc","messageTitle":"Change message constrain for Description class.","messageBody":"","fileTypesAndContributionMap":{"functional-code":{"insertions":1,"deletions":1}}},{"hash":"77ff2abc5c4c2601a52417b526553c0d7ff99e10","messageTitle":"Update test files.","messageBody":"","fileTypesAndContributionMap":{"functional-code":{"insertions":1,"deletions":1},"test-code":{"insertions":2,"deletions":2}}},{"hash":"6ae21306fba8aa3ea30a22ae3338055680bb3b44","messageTitle":"Update UG","messageBody":"","fileTypesAndContributionMap":{"docs":{"insertions":6,"deletions":6}}}]},{"date":"2022-03-17","commitResults":[{"hash":"34be04349739cbb9fc595f2cff8a02303b3c00fa","messageTitle":"Update UG","messageBody":"","fileTypesAndContributionMap":{"docs":{"insertions":1,"deletions":1}}}]},{"date":"2022-03-20","commitResults":[{"hash":"afa8e5b93011276ba89a672125b2f5641e19c639","messageTitle":"Implement tag model for task","messageBody":"","fileTypesAndContributionMap":{"functional-code":{"insertions":113,"deletions":5},"docs":{"insertions":14,"deletions":0}}},{"hash":"55d7f6ceb280c2a70227ea036ff52d08c86f5aef","messageTitle":"Update checkstyle and test file for tag model","messageBody":"","fileTypesAndContributionMap":{"functional-code":{"insertions":6,"deletions":11},"test-code":{"insertions":34,"deletions":0}}}]},{"date":"2022-03-21","commitResults":[{"hash":"a19516e25b527c73f4e724a3b2f1c3f83e3a8552","messageTitle":"Update test files for Task Model","messageBody":"","fileTypesAndContributionMap":{"functional-code":{"insertions":10,"deletions":1},"test-code":{"insertions":335,"deletions":1}}},{"hash":"4f275b32b51bbc70895e7e725837a03183cdc370","messageTitle":"Update CheckStyle","messageBody":"","fileTypesAndContributionMap":{"functional-code":{"insertions":10,"deletions":5},"test-code":{"insertions":12,"deletions":11}}},{"hash":"4858bacdc835a92c4f5b2b2b291822608cdb6209","messageTitle":"Update javadocs for Model classes.","messageBody":"","fileTypesAndContributionMap":{"functional-code":{"insertions":53,"deletions":28}}},{"hash":"b950def278ac12fa28b937eff113e7a07dc4e410","messageTitle":"Add more test cases for Model test classes.","messageBody":"","fileTypesAndContributionMap":{"test-code":{"insertions":38,"deletions":2}}},{"hash":"e2fab29a418d9530d7e6971cdd5f79282f4daad0","messageTitle":"Update checkstyle.","messageBody":"","fileTypesAndContributionMap":{"test-code":{"insertions":0,"deletions":3}}},{"hash":"1ca291edfac42ed5424f3ef5ba9825d0bf59c8ee","messageTitle":"Update Checkstyle for test classes.","messageBody":"","fileTypesAndContributionMap":{"test-code":{"insertions":2,"deletions":3}}}]},{"date":"2022-03-23","commitResults":[{"hash":"25c08534c2e30a5590e6fd404f67ffca74b0bbaf","messageTitle":"Update model for priority and edit commands","messageBody":"","fileTypesAndContributionMap":{"functional-code":{"insertions":58,"deletions":7}}},{"hash":"40508ec405f6cac9d82a8a10c246150a5a5f71d1","messageTitle":"Update AddressBook.java","messageBody":"","fileTypesAndContributionMap":{"functional-code":{"insertions":2,"deletions":2}}},{"hash":"61f12d5ef59c56e79ceb1950a35275bbc371d633","messageTitle":"Update AddressBook.java","messageBody":"","fileTypesAndContributionMap":{"functional-code":{"insertions":0,"deletions":2}}},{"hash":"6967d7e3b81e3e35ac2645837b83d507f3e86ee8","messageTitle":"Update checkstyle","messageBody":"","fileTypesAndContributionMap":{"functional-code":{"insertions":5,"deletions":0},"test-code":{"insertions":10,"deletions":0}}},{"hash":"7b3bc4c450ed5a658b93003fd9982e1c1515eecc","messageTitle":"Update AddressBook.java","messageBody":"","fileTypesAndContributionMap":{"functional-code":{"insertions":5,"deletions":0}}},{"hash":"7e3c1e7e5e61fc7c1e72c3d61fa3aba098529bc1","messageTitle":"Update AddressBook.java","messageBody":"","fileTypesAndContributionMap":{"functional-code":{"insertions":5,"deletions":5}}},{"hash":"6103e5c017c7bbcd2ce6a3d9b66a455ff143455b","messageTitle":"Updated DG","messageBody":"","fileTypesAndContributionMap":{"docs":{"insertions":48,"deletions":23}}},{"hash":"4ec091a0a2df02d3f65f3e0f0b782a18e78afbe9","messageTitle":"Enable Assertions","messageBody":"","fileTypesAndContributionMap":{"other":{"insertions":4,"deletions":0}}},{"hash":"67a0104a3e4b64aa1181c46166b567747fbbee63","messageTitle":"Update DG","messageBody":"","fileTypesAndContributionMap":{"docs":{"insertions":30,"deletions":76}}},{"hash":"b7b73740852ba3b55c9d545d307c1e4c0c478dbb","messageTitle":"Update DG for v1.3","messageBody":"","fileTypesAndContributionMap":{"docs":{"insertions":25,"deletions":12}}},{"hash":"dd02db89ece8e58fecd1da6a82e855b73956b779","messageTitle":"Update puml checkstyle","messageBody":"","fileTypesAndContributionMap":{"docs":{"insertions":1,"deletions":0}}},{"hash":"9f3ab00a74513fe115255c1c1af3d483ecbc0fff","messageTitle":"Add newline at EOF of puml file","messageBody":"","fileTypesAndContributionMap":{"docs":{"insertions":1,"deletions":2}}},{"hash":"309649f6cc0b4b158ab2fdb4665c740b529a3cb4","messageTitle":"Update DG","messageBody":"","fileTypesAndContributionMap":{"docs":{"insertions":1,"deletions":3}}},{"hash":"738544f20f8d0fb028897a4207992b5b966a66d2","messageTitle":"Update ModelClassDiagram","messageBody":"","fileTypesAndContributionMap":{"docs":{"insertions":1,"deletions":1}}}]},{"date":"2022-03-24","commitResults":[{"hash":"2d4cc8ad76a78e56aefa62300f1217edaf0c36f6","messageTitle":"update DG","messageBody":"","fileTypesAndContributionMap":{"docs":{"insertions":1,"deletions":1}}},{"hash":"234588b1f91cca4ffe307ac7e7fe9eb7e743dcbd","messageTitle":"Update DG, change puml diagram to remove address from Person","messageBody":"","fileTypesAndContributionMap":{"docs":{"insertions":1,"deletions":4}}}]},{"date":"2022-03-25","commitResults":[{"hash":"94effc3705cd9f4bf8738c4646a9a3d10b39eaa8","messageTitle":"Update DeveloperGuide.md","messageBody":"Remove duplicated text.","fileTypesAndContributionMap":{"docs":{"insertions":0,"deletions":8}}},{"hash":"7245fc3b4273daf732018b57cd8dee0e055088e5","messageTitle":"Implement sorting of tasks based on priority.","messageBody":"","fileTypesAndContributionMap":{"functional-code":{"insertions":27,"deletions":12}}}]},{"date":"2022-03-26","commitResults":[{"hash":"a87c53847b7a8b8fe72d4a16b043423f9aaa0858","messageTitle":"Update ModelManager to Sort task based on priority on start up.","messageBody":"","fileTypesAndContributionMap":{"functional-code":{"insertions":2,"deletions":2}}}]},{"date":"2022-03-27","commitResults":[{"hash":"e177baeeac8e7a34a999ba16012eea379577f3e8","messageTitle":"Update UG.","messageBody":"","fileTypesAndContributionMap":{"docs":{"insertions":4,"deletions":8}}},{"hash":"357867352d6fb5c610a49c0572a817dc8c9e0e47","messageTitle":"Update Task and Enum for Task.","messageBody":"","fileTypesAndContributionMap":{"functional-code":{"insertions":20,"deletions":23}}},{"hash":"402de50395b532ca7aec6bfaccaef67025ef903b","messageTitle":"Update enum indexes.","messageBody":"","fileTypesAndContributionMap":{"functional-code":{"insertions":1,"deletions":1}}}]},{"date":"2022-03-28","commitResults":[{"hash":"430a26657d588d5c313e6e057319112c285c0cee","messageTitle":"update test cases \u0026 refractor base on change in Enum.","messageBody":"","fileTypesAndContributionMap":{"functional-code":{"insertions":9,"deletions":9},"test-code":{"insertions":3,"deletions":3}}},{"hash":"08ff4f6bc3686a3e545a05d4b30c2d14ea8acff6","messageTitle":"Update test cases \u0026 test files.","messageBody":"","fileTypesAndContributionMap":{"functional-code":{"insertions":52,"deletions":35},"test-code":{"insertions":21,"deletions":49}}},{"hash":"b2def24247ac8456728a2cad8d812742475afd27","messageTitle":"Abstract out type from Task classes.","messageBody":"","fileTypesAndContributionMap":{"functional-code":{"insertions":21,"deletions":14}}},{"hash":"41385a4d009c21e768378c583670f085fb1d7f8f","messageTitle":"Update checkstyle","messageBody":"","fileTypesAndContributionMap":{"functional-code":{"insertions":2,"deletions":2},"test-code":{"insertions":0,"deletions":4}}},{"hash":"8dcb8d1ca74435c4b368de079c59f2f7cdc7c9e5","messageTitle":"Abstract out description and dateTime from Task Class.","messageBody":"","fileTypesAndContributionMap":{"functional-code":{"insertions":40,"deletions":37}}},{"hash":"ae05474bc310b384d314bd75c2d3c5aee29189d1","messageTitle":"Update DG.","messageBody":"","fileTypesAndContributionMap":{"docs":{"insertions":70,"deletions":72}}},{"hash":"5a55871e4085bdc22709a6db3bc43fc8cb08942d","messageTitle":"Update UG","messageBody":"","fileTypesAndContributionMap":{"docs":{"insertions":25,"deletions":3}}}]},{"date":"2022-03-29","commitResults":[{"hash":"c6ed2cb4a01da11f738cd2eba34c3ee2343c5467","messageTitle":"Update command summary table.","messageBody":"","fileTypesAndContributionMap":{"docs":{"insertions":31,"deletions":8}}},{"hash":"f65d8b0f49a86ca59e1b2991cad1926146889a1c","messageTitle":"Update summary table.","messageBody":"","fileTypesAndContributionMap":{"docs":{"insertions":1,"deletions":1}}},{"hash":"3f25e58ca8b5e5f12f4bed7e3a3f45ff45d759b2","messageTitle":"Remove sort for task.","messageBody":"","fileTypesAndContributionMap":{"functional-code":{"insertions":3,"deletions":8}}},{"hash":"754dae5c6ef5e035be1a2f67b168af0f9541cd67","messageTitle":"Update Task.java","messageBody":"","fileTypesAndContributionMap":{"functional-code":{"insertions":1,"deletions":1}}}]},{"date":"2022-03-30","commitResults":[{"hash":"3883b28baff91ceeb8676a40f5fbb19d3ebbdf1f","messageTitle":"Update edit to editEmployee and fix a bug of names not changing when edited.","messageBody":"","fileTypesAndContributionMap":{"functional-code":{"insertions":18,"deletions":10},"other":{"insertions":23,"deletions":11},"test-code":{"insertions":40,"deletions":40}}},{"hash":"0bca237298fa53bcb8b4710dd71da8f38338ef25","messageTitle":"Update checkstyle.","messageBody":"","fileTypesAndContributionMap":{"functional-code":{"insertions":4,"deletions":3}}},{"hash":"9951a41f4fc98881c014d385c3e08d078489919b","messageTitle":"Update editTask error message.","messageBody":"","fileTypesAndContributionMap":{"functional-code":{"insertions":7,"deletions":2}}},{"hash":"7aeb7377e308642873535db379a02f68dbad796d","messageTitle":"Update UG.","messageBody":"","fileTypesAndContributionMap":{"docs":{"insertions":16,"deletions":24}}},{"hash":"19e67533e00075794760ce8f2e9f4a496ff8f00b","messageTitle":"Update product name from ab3 to manageEZPZ.","messageBody":"","fileTypesAndContributionMap":{"functional-code":{"insertions":2,"deletions":2}}},{"hash":"e88ba816bea554c554860badb4de14ad2f3cfbd0","messageTitle":"Update log file to updated product name.","messageBody":"","fileTypesAndContributionMap":{"functional-code":{"insertions":1,"deletions":1}}}]},{"date":"2022-04-02","commitResults":[{"hash":"8c918977b0fa6caacc6ea42d4deaaf8a0f9de8d3","messageTitle":"Update bugs found via PE-D.","messageBody":"","fileTypesAndContributionMap":{"functional-code":{"insertions":17,"deletions":11}}},{"hash":"5a31fe672846f314049c923266553fa259f005ef","messageTitle":"Update model classes base on bugs found in PE-D.","messageBody":"","fileTypesAndContributionMap":{"functional-code":{"insertions":4,"deletions":9},"test-code":{"insertions":16,"deletions":13}}},{"hash":"525184a24dacc97bf948393a690f348b207382fa","messageTitle":"Revert phone regrex to only check for \u003c3.","messageBody":"","fileTypesAndContributionMap":{"functional-code":{"insertions":1,"deletions":1}}}]},{"date":"2022-04-03","commitResults":[{"hash":"b26e71f540867ff3514dd811dddcf1230a0366a9","messageTitle":"Update PPP.","messageBody":"","fileTypesAndContributionMap":{"docs":{"insertions":22,"deletions":10}}},{"hash":"8532e8708728caefe39b4a902fe7a7a0107113e8","messageTitle":"Update duplicate persons message.","messageBody":"","fileTypesAndContributionMap":{"functional-code":{"insertions":2,"deletions":2}}},{"hash":"091c782a45f952ab3063f9f485f9eaf9fbb2939a","messageTitle":"Remove unnecessary print statments.","messageBody":"","fileTypesAndContributionMap":{"functional-code":{"insertions":0,"deletions":1},"test-code":{"insertions":0,"deletions":1}}},{"hash":"71b1704b95125cac64a16529c0e422d4a21e6c9a","messageTitle":"Update comments.","messageBody":"","fileTypesAndContributionMap":{"test-code":{"insertions":1,"deletions":1}}},{"hash":"8f1263621ac2c13d6096386a3d317e9c17a0eb6c","messageTitle":"Revert back error message of Phone class","messageBody":"","fileTypesAndContributionMap":{"functional-code":{"insertions":1,"deletions":1}}},{"hash":"25715137f4be6047dbd5eda59168ed959c76b0d5","messageTitle":"Remove invisible character check from description.","messageBody":"Updated the invisible character check at Logic Manager, execute method\nas an overarching check.\n","fileTypesAndContributionMap":{"functional-code":{"insertions":13,"deletions":1}}}]},{"date":"2022-04-07","commitResults":[{"hash":"14bfbdc68e5f3963a63140cbb478093aedbd07a2","messageTitle":"Update ppp.","messageBody":"","fileTypesAndContributionMap":{"docs":{"insertions":16,"deletions":8}}},{"hash":"0f7a38639f79e6dd15d5e54a2ef8072e007984c4","messageTitle":"Change heading of ppp","messageBody":"","fileTypesAndContributionMap":{"docs":{"insertions":6,"deletions":8}}},{"hash":"77c5d6a0fc11ae8fcfbc1801cad8d1b13bf7cbe3","messageTitle":"Vocab changes.","messageBody":"","fileTypesAndContributionMap":{"docs":{"insertions":1,"deletions":1}}},{"hash":"21331a69b5f2a270ffe794d495196a2fd100a936","messageTitle":"Spaced out ppp.","messageBody":"","fileTypesAndContributionMap":{"docs":{"insertions":8,"deletions":2}}},{"hash":"df89a49fbed51c2fcccae518376bd0026a5205af","messageTitle":"Update PPP to fit a page.","messageBody":"","fileTypesAndContributionMap":{"docs":{"insertions":7,"deletions":16}}},{"hash":"b8177a7d8a63c42d4f9f83068febd737fe99b0c5","messageTitle":"Change product name to big M.","messageBody":"","fileTypesAndContributionMap":{"functional-code":{"insertions":2,"deletions":2}}},{"hash":"628de7b2101ac99588d3bf280b53dde3ddeac52f","messageTitle":"English changes.","messageBody":"","fileTypesAndContributionMap":{"docs":{"insertions":1,"deletions":1}}},{"hash":"517966b3db78e8b7605dd9a1c9de8ca896169ebd","messageTitle":"Testing page break.","messageBody":"","fileTypesAndContributionMap":{"docs":{"insertions":2,"deletions":1}}},{"hash":"37b19136583938f78a3b78602f72a0b7793f7a49","messageTitle":"Delete extra spaces.","messageBody":"","fileTypesAndContributionMap":{"docs":{"insertions":1,"deletions":1}}},{"hash":"6fa95dd11d6739545ce2c1792d7a1a810656924d","messageTitle":"Add fullstops.","messageBody":"","fileTypesAndContributionMap":{"docs":{"insertions":8,"deletions":8}}}]}],"aaron-ljx":[{"date":"2022-03-05","commitResults":[{"hash":"ab5e20694f58a22215ceee8441a1588bbeb272ec","messageTitle":"Create PPP for aaron-ljx","messageBody":"","fileTypesAndContributionMap":{"docs":{"insertions":37,"deletions":0}}},{"hash":"af9603457beb4d367f5ef7ac98624b738ddc96f3","messageTitle":"Update AboutUs.md","messageBody":"","fileTypesAndContributionMap":{"docs":{"insertions":11,"deletions":0}}}]},{"date":"2022-03-06","commitResults":[{"hash":"397bda663bbeb35046a638c776989b0a17f502bc","messageTitle":"Update AboutUs.md","messageBody":"","fileTypesAndContributionMap":{"docs":{"insertions":3,"deletions":3}}},{"hash":"7e9f1613bfde4c54a315f1b87e75b3614c53bde3","messageTitle":"Update AboutUs.md","messageBody":"","fileTypesAndContributionMap":{"docs":{"insertions":3,"deletions":3}}},{"hash":"4b95e02d4634c9ba133e2ef631c74205387e2ae6","messageTitle":"Update AboutUs.md","messageBody":"","fileTypesAndContributionMap":{"docs":{"insertions":3,"deletions":3}}},{"hash":"163c1ac676ab6b95363b317ffb5d58767eb18f8e","messageTitle":"Update AboutUs.md","messageBody":"","fileTypesAndContributionMap":{"docs":{"insertions":7,"deletions":17}}},{"hash":"925f2bf7d0957b4fbb7d60ecf93e8ee39b58e6d3","messageTitle":"Update README.md final","messageBody":"","fileTypesAndContributionMap":{"docs":{"insertions":11,"deletions":10}}}]},{"date":"2022-03-09","commitResults":[{"hash":"20ab4778197cb1bc41b066bb3623bd46d9052ede","messageTitle":"edited PPP filename","messageBody":"","fileTypesAndContributionMap":{"docs":{"insertions":0,"deletions":0}}}]},{"date":"2022-03-10","commitResults":[{"hash":"35eff04b4fd98031c60fed429be20e63500dec3e","messageTitle":"implement skeleton addTask command","messageBody":"","fileTypesAndContributionMap":{"functional-code":{"insertions":22,"deletions":0}}}]},{"date":"2022-03-11","commitResults":[{"hash":"c2b29da69f93e522ac33315754382e265f982202","messageTitle":"fix checkstyle violation","messageBody":"","fileTypesAndContributionMap":{"functional-code":{"insertions":1,"deletions":1}}}]},{"date":"2022-03-13","commitResults":[{"hash":"bd7a691c2e0d98e986ed9e0591d659e41334dfbc","messageTitle":"implement parseDate util function","messageBody":"","fileTypesAndContributionMap":{"functional-code":{"insertions":51,"deletions":7}}},{"hash":"2b7b0763835c07c0475345ab58d8e0afc344082c","messageTitle":"edited CliSyntax format for TODO, EVENT and DEADLINE","messageBody":"","fileTypesAndContributionMap":{"functional-code":{"insertions":3,"deletions":3}}},{"hash":"c19fbbacd46a0beacf99148b5b30344f29109d2f","messageTitle":"implement add event task command in progress","messageBody":"","fileTypesAndContributionMap":{"functional-code":{"insertions":85,"deletions":5}}},{"hash":"143e057d1d39f6a79adb9eb023af5f5377e4c237","messageTitle":"implement add event task done","messageBody":"","fileTypesAndContributionMap":{"functional-code":{"insertions":56,"deletions":19}}},{"hash":"16b8b5e8f9e258678f3d48cc5150d135cf385716","messageTitle":"checkstyle fux","messageBody":"","fileTypesAndContributionMap":{"functional-code":{"insertions":16,"deletions":15}}},{"hash":"9ea671fa14a326d968433aedd2397b2d52d38b40","messageTitle":"implement add deadline object","messageBody":"","fileTypesAndContributionMap":{"functional-code":{"insertions":99,"deletions":5}}},{"hash":"629bfece846896f401e6f5594c468187be6bfcd5","messageTitle":"fix minor bug in date parsing","messageBody":"","fileTypesAndContributionMap":{"functional-code":{"insertions":2,"deletions":2}}},{"hash":"73a316a84c53c3aae70661ff444e5fdfc00c13d8","messageTitle":"checkstyle fix","messageBody":"","fileTypesAndContributionMap":{"functional-code":{"insertions":16,"deletions":3}}},{"hash":"4c94cfbd98a06e796440affd5e70e9a871f4378b","messageTitle":"changed model.addTask to model.addDeadline and model.addEvent rrespectively for the adding of Deadline and Event objects","messageBody":"","fileTypesAndContributionMap":{"functional-code":{"insertions":2,"deletions":2}}},{"hash":"1aa5d6a67c2997fc9c6806def33dace9eb8a59f8","messageTitle":"removed redundant date field in task","messageBody":"","fileTypesAndContributionMap":{"functional-code":{"insertions":0,"deletions":5}}}]},{"date":"2022-03-23","commitResults":[{"hash":"b97bb99bc06c1500e8e78f242ebafa3bff51e0b2","messageTitle":"implement skeleton edit task command","messageBody":"","fileTypesAndContributionMap":{"functional-code":{"insertions":55,"deletions":18}}},{"hash":"fde29d9663cb5505fad367e322ebe0327c77835b","messageTitle":"implement edit task parser","messageBody":"","fileTypesAndContributionMap":{"functional-code":{"insertions":22,"deletions":6}}},{"hash":"093fd8f1585a597a63291573a91b11c95f96f313","messageTitle":"can edit task desc of different tasks","messageBody":"","fileTypesAndContributionMap":{"functional-code":{"insertions":120,"deletions":12}}},{"hash":"f5f7dfc139c402e471c8edcdf792a086ed8903e5","messageTitle":"can edit task desc of different tasks","messageBody":"","fileTypesAndContributionMap":{"functional-code":{"insertions":6,"deletions":2}}}]},{"date":"2022-03-24","commitResults":[{"hash":"ff9a6c896a9958f85a0e47ddd780870f98c95f9a","messageTitle":"can edit desc, time, date for deadline","messageBody":"","fileTypesAndContributionMap":{"functional-code":{"insertions":60,"deletions":17}}},{"hash":"0703dd54b1d65144ea70240ab7a2190a9477a4e6","messageTitle":"can edit desc, time, date for event","messageBody":"","fileTypesAndContributionMap":{"functional-code":{"insertions":47,"deletions":17}}},{"hash":"373c434430ae77c6a6b2ae4f5ea85d9f469b00b9","messageTitle":"checkstyle fix","messageBody":"","fileTypesAndContributionMap":{"functional-code":{"insertions":25,"deletions":16}}},{"hash":"b7bdab621da92cb1272d3d4b62b7d2c7c5b0729e","messageTitle":"done with dev guide","messageBody":"","fileTypesAndContributionMap":{"docs":{"insertions":128,"deletions":111}}},{"hash":"0be20dfa53ef1555878f50798e43840bc44e2422","messageTitle":"removed redundant parse function in EditTaskCommand","messageBody":"","fileTypesAndContributionMap":{"functional-code":{"insertions":7,"deletions":40}}}]},{"date":"2022-03-30","commitResults":[{"hash":"1a8877a7e1d0a6e8cd5dca0dc68cac32028da49b","messageTitle":"added edit task to UG","messageBody":"","fileTypesAndContributionMap":{"docs":{"insertions":27,"deletions":6}}},{"hash":"f9a3d049ca2f6c87b6cc6da17a5acd440375699d","messageTitle":"enchanced edit task message","messageBody":"","fileTypesAndContributionMap":{"functional-code":{"insertions":13,"deletions":2}}},{"hash":"33eca4f186785190bbcce68846ec0832d17d235c","messageTitle":"checkstyle fix","messageBody":"","fileTypesAndContributionMap":{"functional-code":{"insertions":3,"deletions":3}}}]},{"date":"2022-04-06","commitResults":[{"hash":"5449060cf2ed5b66ec145dc7a2a68ba335e12322","messageTitle":"fix todo empty description bug","messageBody":"","fileTypesAndContributionMap":{"functional-code":{"insertions":37,"deletions":7}}},{"hash":"011c28435fdb7c4ff3ee35a746afb02040434297","messageTitle":"fixed bug where task still updates even though empty values were supplied","messageBody":"","fileTypesAndContributionMap":{"functional-code":{"insertions":58,"deletions":25}}},{"hash":"90cfccce8e56d53bab9a68de039fa57d2e0bf4d9","messageTitle":"added some comments","messageBody":"","fileTypesAndContributionMap":{"functional-code":{"insertions":19,"deletions":3}}},{"hash":"cb77411b3db9cbd221cc42d14eb4ebb26ebb2932","messageTitle":"checkstyle fix","messageBody":"","fileTypesAndContributionMap":{"functional-code":{"insertions":54,"deletions":13}}},{"hash":"1fe6bd8b8ef3adf24301771b04470399dd5fef41","messageTitle":"checkstyle fix","messageBody":"","fileTypesAndContributionMap":{"functional-code":{"insertions":0,"deletions":1}}},{"hash":"dc8042f5fcfcbd15a9da0c18d6572ac0493594eb","messageTitle":"code edited based on danny\u0027s suggestion","messageBody":"","fileTypesAndContributionMap":{"functional-code":{"insertions":4,"deletions":8}}},{"hash":"12bb9063fa7f4c6e82cd72d0c9de17994bf50dc3","messageTitle":"checkstyle fix","messageBody":"","fileTypesAndContributionMap":{"functional-code":{"insertions":0,"deletions":2}}},{"hash":"ce2bc9080c16840919a88d129110ab680299a558","messageTitle":"edited UG slightly","messageBody":"","fileTypesAndContributionMap":{"docs":{"insertions":6,"deletions":5}}}]},{"date":"2022-04-07","commitResults":[{"hash":"dfe59c5c57fad546b0f0c023ec244d2109d8f5a9","messageTitle":"updated PPP","messageBody":"","fileTypesAndContributionMap":{"docs":{"insertions":14,"deletions":9}}},{"hash":"6bb70682ac8e7a4be0e4d1d0c1d0fbda52b91bdf","messageTitle":"Update AboutUs.md","messageBody":"","fileTypesAndContributionMap":{"docs":{"insertions":1,"deletions":1}}}]}]},"authorFileTypeContributionMap":{"Denniszedead":{"docs":313,"functional-code":968,"test-code":1204,"other":1},"alfredkohhh":{"docs":529,"functional-code":645,"test-code":81},"dannytayjy":{"docs":522,"functional-code":2372,"test-code":427,"other":2},"ChanWeiJie":{"docs":240,"functional-code":939,"test-code":856,"other":3},"aaron-ljx":{"docs":115,"functional-code":387,"test-code":0}},"authorContributionVariance":{"Denniszedead":149066.81,"alfredkohhh":30464.645,"dannytayjy":209594.0,"ChanWeiJie":53543.246,"aaron-ljx":9246.081},"authorDisplayNameMap":{"Denniszedead":"CS2103-F11-1 NG W..NNIS","alfredkohhh":"CS2103-F11-1 KOH ..FRED","dannytayjy":"CS2103-F11-1 TAY ..YANG","ChanWeiJie":"CS2103-F11-1 CHAN.. JIE","aaron-ljx":"CS2103-F11-1 LOKE..ARON"}}
