{"authorDailyContributionsMap":{"darshan152":[{"date":"2022-02-24","commitResults":[{"hash":"da5068a002c9d7c96092751bdf4fecb07fedb3fc","messageTitle":"Update AboutUs.md","messageBody":"Adding info and image into AboutUs page\n","fileTypesAndContributionMap":{"docs":{"insertions":4,"deletions":3}}},{"hash":"e0c0d4b9215687759ab40a8cef751e193d506ea9","messageTitle":"Update UserGuide.md","messageBody":"Update user guide with addp, deletep, and listp commands\n","fileTypesAndContributionMap":{"docs":{"insertions":19,"deletions":24}}},{"hash":"b560a14741768c669eb0fb3b39a62ccc2ce74276","messageTitle":"Add PPP for Darshan","messageBody":"Adding PPP Skeleton for Darshan\n","fileTypesAndContributionMap":{"docs":{"insertions":29,"deletions":0}}},{"hash":"53739a75af9fa1dbf5ee99cabff1c07bba8dc798","messageTitle":"Update AboutUs.md","messageBody":"Adding link to PPP\n","fileTypesAndContributionMap":{"docs":{"insertions":1,"deletions":1}}}]},{"date":"2022-03-02","commitResults":[{"hash":"01c007d66690d5e53492290a009da28e2e0db9e5","messageTitle":"Update DeveloperGuide.md","messageBody":"Add use cases for delete a order and customer\n","fileTypesAndContributionMap":{"docs":{"insertions":29,"deletions":6}}},{"hash":"eccf00008e9531db0204bb9acc97b03300d5e4d3","messageTitle":"Change edit command to editp","messageBody":"Changing the edit command to editp.\nIdentifying other instances of EditCommand and changing it to EditPersonCommand\n","fileTypesAndContributionMap":{"functional-code":{"insertions":3,"deletions":3},"other":{"insertions":55,"deletions":55},"test-code":{"insertions":9,"deletions":9}}},{"hash":"d2fd71b925c2aee351ac4545b9d5c8ca68406ac7","messageTitle":"Fix checkstyle error","messageBody":"","fileTypesAndContributionMap":{"functional-code":{"insertions":4,"deletions":1}}}]},{"date":"2022-03-05","commitResults":[{"hash":"5aefc0baf063df8562dd4a0b8c6c57608f04a9d1","messageTitle":"Update README.md","messageBody":"","fileTypesAndContributionMap":{"docs":{"insertions":1,"deletions":1}}}]},{"date":"2022-03-10","commitResults":[{"hash":"aea6cef8bd9d0d37e1f778d4ab30816c7f28fcac","messageTitle":"Add functionality to mark orders","messageBody":"","fileTypesAndContributionMap":{"functional-code":{"insertions":182,"deletions":3},"test-code":{"insertions":5,"deletions":0}}},{"hash":"a89263a048ca2284e82e3a941b8389c60fdc66ec","messageTitle":"Add UI to display completion","messageBody":"","fileTypesAndContributionMap":{"functional-code":{"insertions":14,"deletions":7}}},{"hash":"c8ee735e815cca1268d869b2c2dcd9503d051538","messageTitle":"Add saving to storage functionality","messageBody":"","fileTypesAndContributionMap":{"functional-code":{"insertions":40,"deletions":3}}},{"hash":"3374b100a429b42ffc2b7670c1bfe9b1a826b13a","messageTitle":"Fix checkstyle issue","messageBody":"","fileTypesAndContributionMap":{"functional-code":{"insertions":1,"deletions":1}}}]},{"date":"2022-03-12","commitResults":[{"hash":"44c42ddccea103610efaffe0db5b4a33b0fc2954","messageTitle":"Add unmark command","messageBody":"","fileTypesAndContributionMap":{"functional-code":{"insertions":108,"deletions":2}}}]},{"date":"2022-03-15","commitResults":[{"hash":"069378769bba58161781aa5d0a4bf11e87bec162","messageTitle":"Rename Complete class method","messageBody":"Renaming method to make it easier to understand\n","fileTypesAndContributionMap":{"functional-code":{"insertions":2,"deletions":2}}}]},{"date":"2022-03-17","commitResults":[{"hash":"0d9c1b2f144bfe21d869571139731235e0d7e14e","messageTitle":"Link orders with person","messageBody":"","fileTypesAndContributionMap":{"functional-code":{"insertions":66,"deletions":4}}}]},{"date":"2022-03-19","commitResults":[{"hash":"0aa7458d63934cd58cfad0875f1e33e4a9baf158","messageTitle":"Link person and order together","messageBody":"","fileTypesAndContributionMap":{"functional-code":{"insertions":120,"deletions":194},"test-code":{"insertions":22,"deletions":88}}}]},{"date":"2022-03-22","commitResults":[{"hash":"eeb59446da7685997ca0563b54893f2e30e5dad1","messageTitle":"Update EditOrderCommand.java","messageBody":"Add missing index parameter in message usage\n","fileTypesAndContributionMap":{"functional-code":{"insertions":2,"deletions":2}}},{"hash":"245fc588fabff7b2b4a9d066ce068724ef69494b","messageTitle":"Update FindOrderNameCommand.java","messageBody":"Rename nameKeywords variable to make it more understandable\n","fileTypesAndContributionMap":{"functional-code":{"insertions":2,"deletions":2}}},{"hash":"64162c20863bbd02a7a5ffa2b939767e9f1e688f","messageTitle":"Update FindOrder*Command.java","messageBody":"Update Javadoc comments to better reflect class description\n","fileTypesAndContributionMap":{"functional-code":{"insertions":2,"deletions":5}}},{"hash":"f38c4c0faeb0e99667e74cf796b8b0b4bc51b54b","messageTitle":"Add uuid to person and order","messageBody":"","fileTypesAndContributionMap":{"functional-code":{"insertions":96,"deletions":18}}},{"hash":"a5b6fe88edbd3550ef240d8fef32b860c53594fa","messageTitle":"Update display of order to use uuid","messageBody":"","fileTypesAndContributionMap":{"functional-code":{"insertions":38,"deletions":8}}},{"hash":"09f3d4a0b4b194321bc08c8bd08f94a9320c7595","messageTitle":"Remove phone from order","messageBody":"","fileTypesAndContributionMap":{"functional-code":{"insertions":54,"deletions":60},"other":{"insertions":5,"deletions":5},"test-code":{"insertions":71,"deletions":48}}},{"hash":"25c5912097478dd10ee082d02578df930fc9a100","messageTitle":"Fix checkstyle errors","messageBody":"","fileTypesAndContributionMap":{"functional-code":{"insertions":18,"deletions":22},"test-code":{"insertions":13,"deletions":14}}},{"hash":"84ce8bde995fea73bdcd5dc0231d65368ca821bd","messageTitle":"Fix some test cases","messageBody":"","fileTypesAndContributionMap":{"functional-code":{"insertions":4,"deletions":21},"test-code":{"insertions":1,"deletions":1}}},{"hash":"e9ee4bd04a07b4e98808645aa6c78ca8986f4504","messageTitle":"Fix remaining testcases","messageBody":"","fileTypesAndContributionMap":{"functional-code":{"insertions":2,"deletions":4},"test-code":{"insertions":40,"deletions":6}}},{"hash":"abf934a6fef7b1fb21f6650f6279e0d32db12c21","messageTitle":"Fix additional tests","messageBody":"","fileTypesAndContributionMap":{"test-code":{"insertions":10,"deletions":41}}}]},{"date":"2022-03-23","commitResults":[{"hash":"21c3ec7f38a8218853d0342f57493e634228861b","messageTitle":"Update DG with mark order implementation","messageBody":"","fileTypesAndContributionMap":{"docs":{"insertions":93,"deletions":0}}},{"hash":"656618168e101fb7bc86841bdf58720e57b5bec1","messageTitle":"Update DG with mark order design considerations","messageBody":"","fileTypesAndContributionMap":{"docs":{"insertions":14,"deletions":0}}},{"hash":"8323b0fb70fa17234bffe7beab2e3edd4470fd83","messageTitle":"Update build.gradle","messageBody":"","fileTypesAndContributionMap":{"other":{"insertions":4,"deletions":0}}},{"hash":"bee4af372791ed727ccff566f9acf7d1c8625346","messageTitle":"Fixed merge issues","messageBody":"","fileTypesAndContributionMap":{"functional-code":{"insertions":8,"deletions":14},"test-code":{"insertions":27,"deletions":20}}}]},{"date":"2022-03-24","commitResults":[{"hash":"c602c88976d07c839efddc641ccb503cdf2ef7e5","messageTitle":"Update mark sequence diagram","messageBody":"","fileTypesAndContributionMap":{"docs":{"insertions":1,"deletions":1}}}]}],"Geralddtan":[{"date":"2022-02-18","commitResults":[{"hash":"2f50e6adfe1469220994c666a234e37b0316a2e3","messageTitle":"Change javaFX Version","messageBody":"","fileTypesAndContributionMap":{"other":{"insertions":1,"deletions":1}}}]},{"date":"2022-02-25","commitResults":[{"hash":"b0dcd484c2d2cd8ad7f24a4e17470434694bef0c","messageTitle":"Update AboutUs Page","messageBody":"","fileTypesAndContributionMap":{"docs":{"insertions":30,"deletions":6}}},{"hash":"a0e16e00ae53820c9878b08e0900c4636be0bfb4","messageTitle":"Update Readme","messageBody":"","fileTypesAndContributionMap":{"docs":{"insertions":9,"deletions":9}}},{"hash":"08201c064cf69e564da56db44672ac8676f509c4","messageTitle":"Fix CheckStyle Errors","messageBody":"","fileTypesAndContributionMap":{"docs":{"insertions":16,"deletions":16}}}]},{"date":"2022-02-26","commitResults":[{"hash":"89c783edde0d3c4af58c8f2fc1370c5b7652e277","messageTitle":"Update UserGuide","messageBody":"","fileTypesAndContributionMap":{"docs":{"insertions":79,"deletions":32}}},{"hash":"b2152a7e04f44c01d7058d8057d68433202690a8","messageTitle":"Fix Table of Contents for UserGuide","messageBody":"","fileTypesAndContributionMap":{"docs":{"insertions":1,"deletions":1}}},{"hash":"ea984f71d4ad354e89bb114d3e692106b6ee6476","messageTitle":"Edit clear order feature (feature coming soon) on UserGuide","messageBody":"","fileTypesAndContributionMap":{"docs":{"insertions":1,"deletions":0}}}]},{"date":"2022-02-28","commitResults":[{"hash":"4f22e448d066ca3390134ca5fd9620ea60b090aa","messageTitle":"Update developer guide non functional requirements","messageBody":"","fileTypesAndContributionMap":{"docs":{"insertions":8,"deletions":3}}},{"hash":"f2f8c1f054fc936b1b1103f0b2361be3a78f0af5","messageTitle":"Remove incorrect image (previous AB3 UI)","messageBody":"","fileTypesAndContributionMap":{"docs":{"insertions":0,"deletions":1}}},{"hash":"3bd47adc2464a2e41432f31f7431b592e4fd3980","messageTitle":"Add user story and use case to developer guide * Mark order * Unmark order * Clear customers","messageBody":"","fileTypesAndContributionMap":{"other":{"insertions":1,"deletions":1},"docs":{"insertions":87,"deletions":9}}},{"hash":"6f5c60e126bf50b5c562ac7a75c20526d6d4916c","messageTitle":"Update javaFxVersion","messageBody":"","fileTypesAndContributionMap":{"other":{"insertions":1,"deletions":1}}},{"hash":"06ba9ba946869d21366bddb262e875c534d1f4d3","messageTitle":"Update javaFxVersion","messageBody":"","fileTypesAndContributionMap":{"other":{"insertions":1,"deletions":1}}}]},{"date":"2022-03-03","commitResults":[{"hash":"b243f96517c0e493eeaeb60b5a2f77c446ea8313","messageTitle":"Add Order functionality to ReadyBakey * AddOrderCommand functionality * ListOrderCommand functionality * DeleteOrderCommand functionality","messageBody":"","fileTypesAndContributionMap":{"functional-code":{"insertions":995,"deletions":4}}}]},{"date":"2022-03-07","commitResults":[{"hash":"1020619b12d70e3389ff1a5ff967b2338075bceb","messageTitle":"Refactor AddCommand to AddPersonCommand and change relavent comments","messageBody":"","fileTypesAndContributionMap":{"functional-code":{"insertions":6,"deletions":6},"other":{"insertions":41,"deletions":40},"docs":{"insertions":3,"deletions":3},"test-code":{"insertions":10,"deletions":10}}}]},{"date":"2022-03-11","commitResults":[{"hash":"a2923581dc7c82d47337d3151cf249ebdaf2c401","messageTitle":"Create test for delete order command","messageBody":"","fileTypesAndContributionMap":{"functional-code":{"insertions":2,"deletions":0},"test-code":{"insertions":2,"deletions":0}}},{"hash":"6206db92e885b8e53bc5cb8979fd57dd3b276e6f","messageTitle":"create test for delete order command add files","messageBody":"","fileTypesAndContributionMap":{"functional-code":{"insertions":32,"deletions":2},"test-code":{"insertions":152,"deletions":1}}},{"hash":"069ce2bd591012676491540dedcffc0a46f8cbf6","messageTitle":"Create list order command test","messageBody":"","fileTypesAndContributionMap":{"test-code":{"insertions":39,"deletions":0}}},{"hash":"550d78f725c044b20a3d7b8716169474d569830b","messageTitle":"create mark order test","messageBody":"","fileTypesAndContributionMap":{"functional-code":{"insertions":3,"deletions":7},"test-code":{"insertions":133,"deletions":8}}},{"hash":"d77ea787d73f934b25c1b93ea773bc829cac3711","messageTitle":"Resolve addo message usage bug","messageBody":"","fileTypesAndContributionMap":{"functional-code":{"insertions":2,"deletions":5}}},{"hash":"f75566edc9c0a46e6e1e3704ea72ea5fb21503fc","messageTitle":"Resolve Checkstyle unused import issue","messageBody":"","fileTypesAndContributionMap":{"functional-code":{"insertions":0,"deletions":1}}},{"hash":"1a80190c5ac2770af04e638230ff10ba5e791800","messageTitle":"Edit default order builder complete value","messageBody":"","fileTypesAndContributionMap":{"test-code":{"insertions":1,"deletions":1}}},{"hash":"dd5fe43998bb1b674c8241aabdb3c613db46f29a","messageTitle":"Edit Comments","messageBody":"","fileTypesAndContributionMap":{"functional-code":{"insertions":1,"deletions":1}}}]},{"date":"2022-03-14","commitResults":[{"hash":"b852b7cd771ec08a9934fcb3cbca37398b4c189b","messageTitle":"Add remark to person and additional tests for remark attribute","messageBody":"","fileTypesAndContributionMap":{"functional-code":{"insertions":132,"deletions":22},"test-code":{"insertions":105,"deletions":63}}},{"hash":"91a4ea8215a45eee5bffbbced0a02a0ded7db1dc","messageTitle":"Edit RemarkTest","messageBody":"","fileTypesAndContributionMap":{"test-code":{"insertions":4,"deletions":6}}},{"hash":"2c7a81afb575961350ef86f5bedd1e825bd1307a","messageTitle":"Edit long remark in RemarkTest","messageBody":"","fileTypesAndContributionMap":{"test-code":{"insertions":1,"deletions":1}}},{"hash":"4c725c89ca386c9c174638dd6a8303c74be79605","messageTitle":"Add remark to order","messageBody":"","fileTypesAndContributionMap":{"functional-code":{"insertions":43,"deletions":19},"test-code":{"insertions":15,"deletions":2}}},{"hash":"910c4152653196559af3e83cb29e33a5bf93fcc2","messageTitle":"edit list order command comments","messageBody":"","fileTypesAndContributionMap":{"functional-code":{"insertions":1,"deletions":1}}}]},{"date":"2022-03-16","commitResults":[{"hash":"991190c60be80ec1de851d7bd86ca122bddab5f7","messageTitle":"Add DeliveryDateTime to order and relevant tests","messageBody":"","fileTypesAndContributionMap":{"functional-code":{"insertions":148,"deletions":15},"test-code":{"insertions":70,"deletions":5}}}]},{"date":"2022-03-17","commitResults":[{"hash":"bd18dc4d54e844761435753accf244778225e4f6","messageTitle":"Fix edit order command to include remark \u0026 deliverydatetime","messageBody":"","fileTypesAndContributionMap":{"functional-code":{"insertions":38,"deletions":8}}}]},{"date":"2022-03-22","commitResults":[{"hash":"8b8c04f8db824df7c9047f7b665867d9a661ef7f","messageTitle":"Change editorderdescriptorbuilder to include deliverydatetime and remarks","messageBody":"","fileTypesAndContributionMap":{"test-code":{"insertions":22,"deletions":0}}},{"hash":"0439631efe58494d4b997c599e4ea6dbaaf6774b","messageTitle":"Add CollectionType enum to order and corresponding tests","messageBody":"","fileTypesAndContributionMap":{"functional-code":{"insertions":233,"deletions":50},"test-code":{"insertions":227,"deletions":32}}}]},{"date":"2022-03-24","commitResults":[{"hash":"b7ba126095d82b98bb5ee865570429a9b9827d61","messageTitle":"Update Developer Guide for AddOrderCommand","messageBody":"","fileTypesAndContributionMap":{"functional-code":{"insertions":0,"deletions":1},"docs":{"insertions":148,"deletions":22}}},{"hash":"f64ac16ea389f526d47033b8d3afc52f7f1d4319","messageTitle":"Update Developer Guide for checkstyle Update UserGuide for AddOrderCommand Edit AddOrderCommand example to include white space for better formatting","messageBody":"","fileTypesAndContributionMap":{"functional-code":{"insertions":2,"deletions":2},"docs":{"insertions":14,"deletions":6}}},{"hash":"8ce5a996de05552028f49778a5d6df49b0ba340f","messageTitle":"Update Developer Guide for CheckStyle","messageBody":"","fileTypesAndContributionMap":{"docs":{"insertions":9,"deletions":9}}},{"hash":"c3134ba83722459c480e26f5ce8ba90cc08c1374","messageTitle":"Edit Sequence Diagram PUML file for checkstyle","messageBody":"","fileTypesAndContributionMap":{"docs":{"insertions":1,"deletions":1}}}]}],"onefangg":[{"date":"2022-02-25","commitResults":[{"hash":"f83e71bd7efb887dc7cfa3e07ea12d5b04548108","messageTitle":"Add Yi Fang\u0027s profile to AboutUs.md and PPP","messageBody":"","fileTypesAndContributionMap":{"docs":{"insertions":34,"deletions":4}}},{"hash":"65188ac792e050456183df8d5dc8a85a965bbdc6","messageTitle":"Revert \"Add Yi Fang\u0027s profile to AboutUs.md and PPP\"","messageBody":"This reverts commit f83e71bd7efb887dc7cfa3e07ea12d5b04548108.\n","fileTypesAndContributionMap":{"docs":{"insertions":4,"deletions":34}}},{"hash":"c66261ec38902951e0705f1ac90a33e37b6e7ade","messageTitle":"Add Yi Fang\u0027s profile to AboutUs.md","messageBody":"","fileTypesAndContributionMap":{"docs":{"insertions":5,"deletions":3}}},{"hash":"e121499459c448e42a99bf48290b89e3329c8bcc","messageTitle":"Add Yi Fang\u0027s PPP","messageBody":"","fileTypesAndContributionMap":{"docs":{"insertions":30,"deletions":0}}}]},{"date":"2022-03-03","commitResults":[{"hash":"052f63889d1460d8633d7c35478b43d0996723be","messageTitle":"Add test cases to Order and Details","messageBody":"Add and update relevant util classes (CommandTestUtil, TypicalOrders, OrderBuilder) to maintain testing consistency.\n\nUpdates to relevant stubs also done (AddressBookTest, CommandTestUtil, AddCommandTest).\n","fileTypesAndContributionMap":{"test-code":{"insertions":240,"deletions":0}}}]},{"date":"2022-03-04","commitResults":[{"hash":"4fe4d240c1ea935545c31cfe328bdb5cf0a130de","messageTitle":"Add tests for AddOrderCommand","messageBody":"Refactoring of ModelStub to be used as a public class for reuse in both Order and Person class\n","fileTypesAndContributionMap":{"test-code":{"insertions":219,"deletions":100}}},{"hash":"34fe67335afb8731928febb8ecc22f476b9a8fa2","messageTitle":"Refactor changes in testcases for consistency with checkstyleTest","messageBody":"","fileTypesAndContributionMap":{"test-code":{"insertions":27,"deletions":29}}},{"hash":"9082ad354a29b74568d8605a498c54ea84b5255d","messageTitle":"Update use cases for adding a customer and an order","messageBody":"","fileTypesAndContributionMap":{"docs":{"insertions":48,"deletions":1}}}]},{"date":"2022-03-05","commitResults":[{"hash":"91719c3cd1650b0a5067159ca87f93790e5e614f","messageTitle":"Update DG with user stories","messageBody":"","fileTypesAndContributionMap":{"docs":{"insertions":21,"deletions":14}}},{"hash":"65d961c3ece6600300de9cac2ccede88d2f2c928","messageTitle":"Add CompleteStatus attribute to Order","messageBody":"Currently, Orders have no pending status related to it.\n\nCompleteStatus is related to enum CompleteStatusType in order to limit the statuses an order has. (ie. an order is complete, incomplete, cancelled etc.)\n","fileTypesAndContributionMap":{"functional-code":{"insertions":117,"deletions":8}}},{"hash":"7c9e05da8a52301f03e028a934d4693240039b7b","messageTitle":"Revert \"Add CompleteStatus attribute to Order\"","messageBody":"This reverts commit 65d961c3ece6600300de9cac2ccede88d2f2c928.\n","fileTypesAndContributionMap":{"functional-code":{"insertions":8,"deletions":117}}}]},{"date":"2022-03-07","commitResults":[{"hash":"0bf06e17e3f27e24118b2eef631d7f0b2e87c054","messageTitle":"Add amendments to `isSameOrder` method in `Order` class * Update relevant test cases * Replace occurrences of \"Address Book\" with \"ReadyBakey\" except for code and comments with reference to code","messageBody":"","fileTypesAndContributionMap":{"functional-code":{"insertions":12,"deletions":13},"test-code":{"insertions":3,"deletions":6}}},{"hash":"79fc3b3abeddf5747d8cee0c68658cb9db2f6e99","messageTitle":"Revert merge conflict errors with AddressBookParser","messageBody":"","fileTypesAndContributionMap":{"functional-code":{"insertions":3,"deletions":3}}},{"hash":"a5b153cceb859499cc1948a2f085ea7fafdf0514","messageTitle":"Fix import error with AddressBookParser","messageBody":"","fileTypesAndContributionMap":{"functional-code":{"insertions":1,"deletions":1}}},{"hash":"f017c28881e0f2fed26964e2f761c2db7747e713","messageTitle":"Remove isSameOrder method and references * Replaced with equals method * Method removed as it has duplicate logic with equals method, and no strong duplication checks are required for Order class","messageBody":"","fileTypesAndContributionMap":{"functional-code":{"insertions":3,"deletions":15},"test-code":{"insertions":2,"deletions":19}}}]},{"date":"2022-03-11","commitResults":[{"hash":"6021401575c7c50cf3558e3608d87a0596944756","messageTitle":"Refactor FindCommand to FindPersonCommand","messageBody":"","fileTypesAndContributionMap":{"functional-code":{"insertions":10,"deletions":10},"other":{"insertions":19,"deletions":18},"test-code":{"insertions":4,"deletions":4}}},{"hash":"a8312cca6c863c912fb802d86fb152827a76e2db","messageTitle":"Refactor FindCommandParser to FindPersonCommandParser * Refactor command keyword for `find` to `findp`","messageBody":"","fileTypesAndContributionMap":{"functional-code":{"insertions":2,"deletions":2},"other":{"insertions":1,"deletions":1},"test-code":{"insertions":1,"deletions":1}}}]},{"date":"2022-03-16","commitResults":[{"hash":"98a0b61aef1da039c5b8232035ef848ce1b83a63","messageTitle":"Add findo functionality to find orders in ReadyBakey application","messageBody":"","fileTypesAndContributionMap":{"functional-code":{"insertions":56,"deletions":0},"test-code":{"insertions":26,"deletions":0}}}]},{"date":"2022-03-17","commitResults":[{"hash":"84aa22d6bac5e9b5b30139ae9b23ce31ba476b4e","messageTitle":"Implement functionality to find Order based on attributes (either name or phone)","messageBody":"","fileTypesAndContributionMap":{"functional-code":{"insertions":123,"deletions":18}}},{"hash":"f6dbd8673acfbcd77f5edc53fa412068efe87fba","messageTitle":"Fix checkstyle issues with AddOrderCommandParserTest * Accidental Commit of file - will resolve separately in another issue","messageBody":"","fileTypesAndContributionMap":{"test-code":{"insertions":9,"deletions":8}}},{"hash":"f96d20fda30150791fb26bf3ffc479603243005e","messageTitle":"Add tests for find orders","messageBody":"","fileTypesAndContributionMap":{"functional-code":{"insertions":7,"deletions":0},"test-code":{"insertions":26,"deletions":0}}},{"hash":"619f380f3087d1939bbb5a709f3bc3442e656e11","messageTitle":"Remove accidental file commit to branch","messageBody":"","fileTypesAndContributionMap":{"test-code":{"insertions":0,"deletions":27}}}]},{"date":"2022-03-18","commitResults":[{"hash":"c3e7b885f3bdaa6d5eb26af6e3be59558fdaec1a","messageTitle":"Remove superfluous commit of arePrefixesPresent method","messageBody":"","fileTypesAndContributionMap":{"functional-code":{"insertions":0,"deletions":7}}},{"hash":"16de2ece3a9111a5eb7112f073a86241ede36b66","messageTitle":"Removed unused import residual from removal of arePrefixesPresent method","messageBody":"","fileTypesAndContributionMap":{"functional-code":{"insertions":0,"deletions":1}}}]},{"date":"2022-03-20","commitResults":[{"hash":"d66983109a0773d60a99b3be4b2d58b6a6c8d92b","messageTitle":"Add tests for AddOrderCommandParser","messageBody":"","fileTypesAndContributionMap":{"test-code":{"insertions":136,"deletions":0}}},{"hash":"0d11444f486da85bf092f882a069424a785a3445","messageTitle":"Fix checkstyle issues with test","messageBody":"","fileTypesAndContributionMap":{"test-code":{"insertions":36,"deletions":45}}},{"hash":"5b3393236be0cd8dd5451c042ade26c3460a69a0","messageTitle":"Remove references to invalid details in tests","messageBody":"","fileTypesAndContributionMap":{"test-code":{"insertions":2,"deletions":4}}}]},{"date":"2022-03-24","commitResults":[{"hash":"dd84aa470fdca1e6a442f5e7ac62f1f46feba409","messageTitle":"Update DG with FindOrderCommand Implementation","messageBody":"","fileTypesAndContributionMap":{"docs":{"insertions":99,"deletions":1}}},{"hash":"a209e5bddea6d797d6c8b5a1096758effd9c11dd","messageTitle":"Add newline to .puml file for repository tests","messageBody":"","fileTypesAndContributionMap":{"docs":{"insertions":1,"deletions":1}}},{"hash":"158cd35e20051a50143080c4092b0ba7424fa980","messageTitle":"Removed extra tab space","messageBody":"","fileTypesAndContributionMap":{"docs":{"insertions":0,"deletions":1}}}]}],"declanleeler":[{"date":"2022-02-24","commitResults":[{"hash":"f17eedb7ccfee6693e049615610a3b5423b2d573","messageTitle":"Update AboutUs.md","messageBody":"","fileTypesAndContributionMap":{"docs":{"insertions":32,"deletions":4}}},{"hash":"86c5a4425b8d5eb17619f1a68cf35725be5da153","messageTitle":"Fix checkstyle error","messageBody":"","fileTypesAndContributionMap":{"docs":{"insertions":1,"deletions":1}}},{"hash":"7ef4177eb8a3aa674a7c3159eb0811caad533e31","messageTitle":"Delete declanleeler.md","messageBody":"","fileTypesAndContributionMap":{"docs":{"insertions":0,"deletions":28}}},{"hash":"cbec4828bfa6d93cb3957805cff420fb01abb086","messageTitle":"Add Declan\u0027s ppp","messageBody":"","fileTypesAndContributionMap":{"docs":{"insertions":28,"deletions":0}}}]},{"date":"2022-02-25","commitResults":[{"hash":"b655c9fa42070775b51c9aebec60540f24882710","messageTitle":"Update UserGuide","messageBody":"3 features were updated:\n- addo\n- listo\n- deleteo\n","fileTypesAndContributionMap":{"docs":{"insertions":33,"deletions":0}}},{"hash":"26fbb35bdd7b85d45871c6a405dc42abfc9f3a40","messageTitle":"Fix UG description error","messageBody":"","fileTypesAndContributionMap":{"docs":{"insertions":1,"deletions":1}}},{"hash":"271e76b0844edadb0d0944392a2eef8c17958d41","messageTitle":"Update UG addO description","messageBody":"","fileTypesAndContributionMap":{"docs":{"insertions":1,"deletions":1}}}]},{"date":"2022-03-01","commitResults":[{"hash":"fa6db1c6aad373616ce62ee9dde3f23b4f0177b2","messageTitle":"Add user stories and use cases to DG","messageBody":"","fileTypesAndContributionMap":{"docs":{"insertions":30,"deletions":10}}}]},{"date":"2022-03-02","commitResults":[{"hash":"24baa495716849b5f06c0fc50a9d7385c2aeb2f8","messageTitle":"Refactor the DeleteCommand to DeletePersonCommand.","messageBody":"Search for and change all instances of DeleteCommand to DeletePersonCommand including in tests\n","fileTypesAndContributionMap":{"functional-code":{"insertions":3,"deletions":3},"other":{"insertions":36,"deletions":35},"test-code":{"insertions":4,"deletions":4}}},{"hash":"4cfe39d9829825b8ce745a818eaf570a5a0269f1","messageTitle":"Fix test error","messageBody":"","fileTypesAndContributionMap":{"test-code":{"insertions":2,"deletions":2}}}]},{"date":"2022-03-05","commitResults":[{"hash":"cc7da3a13633b759659329ef921cf4e934b809b1","messageTitle":"Update User Guide","messageBody":"","fileTypesAndContributionMap":{"other":{"insertions":1,"deletions":1},"docs":{"insertions":10,"deletions":10}}}]},{"date":"2022-03-06","commitResults":[{"hash":"f62216b8ba57b75450d424bd1cf9086b5041b5a4","messageTitle":"Update User Guide","messageBody":"","fileTypesAndContributionMap":{"docs":{"insertions":2,"deletions":2}}}]},{"date":"2022-03-12","commitResults":[{"hash":"2080b4d2aa34c6da70c4c40b2f324f5449846bf2","messageTitle":"Separate Order and Person information","messageBody":"To create a tidier display, order or person information should only be shown when an order or person command is executed respectively.\nLet\u0027s separate the information being displayed in ReadyBakey depending on what command type the user is requesting for.\n\nThis means CommandResult needs to have an additional input parameters to establish the command type. Thereafter, this will be used to determine what information is to be displayed.\n","fileTypesAndContributionMap":{"functional-code":{"insertions":66,"deletions":37},"test-code":{"insertions":61,"deletions":49}}},{"hash":"113d307873673aab6445ce2f86593354aedd8aa3","messageTitle":"Fix checkstyle errors","messageBody":"","fileTypesAndContributionMap":{"functional-code":{"insertions":3,"deletions":3}}}]},{"date":"2022-03-16","commitResults":[{"hash":"d0a9c60838d01318f106daf60a9de3406a092c82","messageTitle":"Update UI aesthetics","messageBody":"Let\u0027s:\n* improve color theme\n* improve aesthetics of the results list\n* change the title\n* reposition command box and response display\n","fileTypesAndContributionMap":{"functional-code":{"insertions":384,"deletions":19}}}]},{"date":"2022-03-17","commitResults":[{"hash":"93e611a8c5b465a2e7264dc9d3582059afe047a3","messageTitle":"Fix javafx version inconsistency","messageBody":"","fileTypesAndContributionMap":{"functional-code":{"insertions":2,"deletions":3}}},{"hash":"868a10c481c4f2b60f4357a82e90517d27dd3523","messageTitle":"Touch Up UI","messageBody":"","fileTypesAndContributionMap":{"functional-code":{"insertions":4,"deletions":4},"other":{"insertions":1,"deletions":1}}}]},{"date":"2022-03-23","commitResults":[{"hash":"c4d6ddfa61d4bb8b74462741b90f0bf2a982c1d6","messageTitle":"Update DG\u0027s feature implementation","messageBody":"Add details for Dynamic toggling between application\u0027s data implementation\n","fileTypesAndContributionMap":{"docs":{"insertions":37,"deletions":0}}},{"hash":"9af87a446334b40d5e4878df786fbc034cd4e086","messageTitle":"Update naming convention - clearer boolean attribute and method names - more appropriate variable naming","messageBody":"","fileTypesAndContributionMap":{"functional-code":{"insertions":20,"deletions":24}}},{"hash":"07fdc4ade9727cf14de29e7351f63ab60415e1a3","messageTitle":"Fix checkstyle error","messageBody":"","fileTypesAndContributionMap":{"docs":{"insertions":1,"deletions":1}}},{"hash":"6233f1aff8c9ccb63828e5a3611670feb5884f02","messageTitle":"Update UI naming convention","messageBody":"","fileTypesAndContributionMap":{"functional-code":{"insertions":6,"deletions":6},"other":{"insertions":6,"deletions":6}}}]}],"punnyhuimin":[{"date":"2022-02-24","commitResults":[{"hash":"8821c26edc99b77aee6b634ec45f8cab7eea80bc","messageTitle":"Update AboutUs.md","messageBody":"Added information about me in the aboutme.md and my image.\n","fileTypesAndContributionMap":{"docs":{"insertions":6,"deletions":6}}},{"hash":"434ddf56a7d0188615d0ec1b6a05a3ac288b1e34","messageTitle":"Create skeletal PPP for Hui Min","messageBody":"Added Project Portfolio Page (PPP) as huimin.md. Part of #10.\n","fileTypesAndContributionMap":{"docs":{"insertions":34,"deletions":0}}},{"hash":"35b7a09c6fc6310cd5b4c0f7b3d0b542a45f6ad3","messageTitle":"Update UserGuide","messageBody":"Updated user guide for three functionalities: findp, clear, and editp.\n\nFurther updates required on functions below the findp method. Additional\nfeatures should also be added here.\n","fileTypesAndContributionMap":{"docs":{"insertions":10,"deletions":13}}}]},{"date":"2022-02-25","commitResults":[{"hash":"c6b6882a6d7fe73123a220d289318ee7fa3a55e2","messageTitle":"Update AboutUs and PPP","messageBody":"Naming changes for the image and PPP to align with required standards.\nUpdated relevant changes within AboutUs.md.\n","fileTypesAndContributionMap":{"docs":{"insertions":4,"deletions":4}}}]},{"date":"2022-03-01","commitResults":[{"hash":"3d4f667b8a548e307c76ea575035bed2929c723e","messageTitle":"Updated DeveloperGuide.md","messageBody":"Added more use cases to the DeveloperGuide for editing customers,\nexiting the application, and finding customers. Added user stories to\nthe table as well.\n","fileTypesAndContributionMap":{"docs":{"insertions":124,"deletions":18}}}]},{"date":"2022-03-02","commitResults":[{"hash":"393b8a30ae0bb45686a56aa2ed575e65288d8511","messageTitle":"Update DeveloperGuide","messageBody":"Included parts that were accidentally removed. Made changes to the edit command as well.\n","fileTypesAndContributionMap":{"docs":{"insertions":23,"deletions":23}}}]},{"date":"2022-03-05","commitResults":[{"hash":"15a5765ef24da00ec5ce24629be0003299473bb2","messageTitle":"Update DeveloperGuide.md","messageBody":"Updated target user profile and value proposition to be based on ReadyBakey instead.\n","fileTypesAndContributionMap":{"docs":{"insertions":12,"deletions":7}}}]},{"date":"2022-03-06","commitResults":[{"hash":"d13f5edeade496ee4f48ecc186d993ba3bc0a674","messageTitle":"Refactor ListCommand to ListPersonCommand","messageBody":"Passed both gradle checkstyle and tests.\n\nWill work on ExitCommand next.\n","fileTypesAndContributionMap":{"functional-code":{"insertions":26,"deletions":3},"test-code":{"insertions":47,"deletions":8}}},{"hash":"688695d0aa9d060d377d40888eaff6b1268bb1b8","messageTitle":"Update UserGuide.md","messageBody":"Remove excess column in Command Summary.\n","fileTypesAndContributionMap":{"docs":{"insertions":15,"deletions":15}}}]},{"date":"2022-03-11","commitResults":[{"hash":"ee5ba4d56b55f31256dfd7a208073214ef0240a0","messageTitle":"Update ExitCommand","messageBody":"ExitCommand now pauses for two seconds before closing the entire application. The text field for ReadyBakey also does not accept anymore commands upon Exit command input.\n","fileTypesAndContributionMap":{"functional-code":{"insertions":5,"deletions":2}}}]},{"date":"2022-03-13","commitResults":[{"hash":"315ad20f0ac30cf2d586344e2d286eb87f89ae44","messageTitle":"Update UserGuide.md","messageBody":"Issue with Command Summary table being poorly formatted in the markdown. Added `edito` command for v1.2. Edit editp command\u0027s example as it was not updated.","fileTypesAndContributionMap":{"docs":{"insertions":21,"deletions":5}}}]},{"date":"2022-03-14","commitResults":[{"hash":"df1e153d06dcf1de0ea62f077c8da377c9038889","messageTitle":"Add EditOrderCommand","messageBody":"EditOrderCommand does not check for duplicated orders as one person may order the same thing time and time again. Can edit name, phone, address, and details of order.\n\nTest cases are incomplete as of now. Still having errors with the test cases (IndexOutofBounds).\n","fileTypesAndContributionMap":{"functional-code":{"insertions":260,"deletions":0}}},{"hash":"3926de0c66bc675bd03e14bc064590476856d2a0","messageTitle":"Update EditOrderCommand","messageBody":"Checkstyle issues fixed.\n","fileTypesAndContributionMap":{"functional-code":{"insertions":8,"deletions":6}}},{"hash":"a84df62a6095980f0e6523302c00e0d160323e5f","messageTitle":"Build test cases for EditOrderCommand","messageBody":"Incomplete test cases. Committing to get the latest code in master to resolve heavy merge conflicts.\n","fileTypesAndContributionMap":{"test-code":{"insertions":278,"deletions":5}}}]},{"date":"2022-03-15","commitResults":[{"hash":"c92879c35894c669900770aacf60b2f304fe48fb","messageTitle":"Update EditOrderCommand","messageBody":"EditOrderCommand can now edit the order\u0027s address, customer name, phone number, order details. Switches to order tab.\n\nTest cases not completed. Will resolve later.\n","fileTypesAndContributionMap":{"functional-code":{"insertions":1,"deletions":1}}},{"hash":"be4f1116bc6c3cbefa057dae26fd55d714a03e8f","messageTitle":"Update EditOrderCommandTest","messageBody":"Change assertCommandSuccess to assertOrderCommandSuccess due to new flags being passed for GUI purposes.\n","fileTypesAndContributionMap":{"test-code":{"insertions":4,"deletions":4}}}]},{"date":"2022-03-16","commitResults":[{"hash":"5cf286563c6f0a7003725049d720da44b5d08c48","messageTitle":"Update EditOrderCommand test","messageBody":"EditOrderCommand tests are now all passing. Error pointed out by Gerald with regards to usage of TypicalPersons instead of TypicalOrders, resulting in failures of test cases. Errors with checkstyle have also been fixed.\n","fileTypesAndContributionMap":{"test-code":{"insertions":20,"deletions":9}}},{"hash":"4c3bd7df2e1ab57f7549748fda4e92e929b3e835","messageTitle":"Update EditOrderDescriptorTest","messageBody":"Missed out checkstyle error. It is now fixed.\n","fileTypesAndContributionMap":{"test-code":{"insertions":1,"deletions":1}}},{"hash":"1a8c1761e94739086a2a0b67af24818b8d85319e","messageTitle":"Update UserGuide for EditOrder","messageBody":"User guide now consists of updated EditOrder command. Updated FAQ to note that customer\u0027s order will be tied to their ID instead of phone number.\n\nFormatted add order command\u0027s documentation.\n\nMight need to change the `addo` command documentation due to the difference in prefixes. Current `addo` is not the same as what is given in the UG.\n","fileTypesAndContributionMap":{"docs":{"insertions":19,"deletions":19}}}]},{"date":"2022-03-20","commitResults":[{"hash":"88f35f46a6112db315f3160d6956616a3c0da4d4","messageTitle":"Fix bug in UI","messageBody":"Remove select option in the UI. Not 100% complete as there is still option to select in fxml code. Result list is not changing the background as expected. Need to find a way to change it. Add borders to set as the distance between each card. This is the fastest way to get spacing between the cards, but is not consistent between the first card\u0027s top portion vs between other cards. Weird border outside supposed border as well.\n\nWill attempt to fix spacing issue again and change the background of the listing of both orders and persons to be white.\n","fileTypesAndContributionMap":{"functional-code":{"insertions":41,"deletions":26}}},{"hash":"6285fc2c0f5641c3e13baf6bd27a5004f7f1e6dd","messageTitle":"Update HelpWindow link","messageBody":"HelpWindow link is now pointing to ReadyBakey\u0027s UG instead of SE-EDU UG.\n\nWill beautify HelpWindow in the next PR.\n","fileTypesAndContributionMap":{"functional-code":{"insertions":1,"deletions":1}}},{"hash":"27342525d2af93919f5fb12b286b1b1a19b4095e","messageTitle":"Update HelpWindow CSS","messageBody":"Colors of HelpWindow and CopyURL button is now consistent with ReadyBakey\u0027s theme.\n\nNo further changes for help window.\n","fileTypesAndContributionMap":{"functional-code":{"insertions":6,"deletions":5}}}]},{"date":"2022-03-23","commitResults":[{"hash":"abf62a2571ac1ddf16a7226c83ce0b4321cc9317","messageTitle":"Fix blue box bug in UI","messageBody":"Set the boxes unfilled with `transparent` instead of `white` to remove it from sight of the application. No more border radius to keep things simple.\n\nPotentially remove borders in the resultpane in the future and add avatar next.\n","fileTypesAndContributionMap":{"functional-code":{"insertions":1,"deletions":7}}}]},{"date":"2022-03-24","commitResults":[{"hash":"ef46b8a265159491dfbe2aac96549630d1c37711","messageTitle":"Update DeveloperGuide for EditOrderCommand","messageBody":"Included sequence diagram of the Edit Order feature, with the write up for EditOrder as well. Write up is for the intended implementation, hence it is still [In progress].\n","fileTypesAndContributionMap":{"docs":{"insertions":141,"deletions":11}}},{"hash":"f523054abc0886a718e7a4f32a547f490829bbe9","messageTitle":"Update Developer Guide","messageBody":"Address issue with the wrong term used.\n","fileTypesAndContributionMap":{"docs":{"insertions":1,"deletions":2}}},{"hash":"e992f79d9b05899f23e32f3669a02bbcedf90a1d","messageTitle":"Update DG","messageBody":"Errors in understanding of how order class was implemented. Reflected the changes in the DG.\n","fileTypesAndContributionMap":{"docs":{"insertions":5,"deletions":5}}},{"hash":"4aa423f143df8c0ba068bca6f9bda543515e5d83","messageTitle":"Edit DG","messageBody":"Edit phrasing.\n","fileTypesAndContributionMap":{"docs":{"insertions":1,"deletions":2}}}]},{"date":"2022-03-25","commitResults":[{"hash":"d5206b0bb430c03b0d213f838feee49074304bb8","messageTitle":"Revert \"Update DeveloperGuide for EditOrderCommand\"","messageBody":"","fileTypesAndContributionMap":{"docs":{"insertions":9,"deletions":136}}},{"hash":"93a57de92b6c86b250df69cc4294082d58d2185f","messageTitle":"Update DG for EditOrderCommand","messageBody":"EditOrderCommand previously committed but had issues with the codecov test. Creating new PR to address issues.\n","fileTypesAndContributionMap":{"docs":{"insertions":126,"deletions":0}}},{"hash":"5b1fa917ab26f546c4f3062c6b848dfe023b3663","messageTitle":"Remove trailing whitespace","messageBody":"Extra tabs or spaces behind several lines of code. Deleted the trailing whitespace.\n","fileTypesAndContributionMap":{"docs":{"insertions":8,"deletions":8}}}]}]},"authorFileTypeContributionMap":{"darshan152":{"docs":170,"functional-code":704,"test-code":251,"other":4},"Geralddtan":{"docs":326,"functional-code":1339,"test-code":677},"onefangg":{"docs":184,"functional-code":145,"test-code":481},"declanleeler":{"docs":111,"functional-code":450,"test-code":87,"other":1},"punnyhuimin":{"docs":328,"functional-code":270,"test-code":273}},"authorContributionVariance":{"darshan152":16878.09,"Geralddtan":41441.434,"onefangg":10082.359,"declanleeler":5911.126,"punnyhuimin":11148.644},"authorDisplayNameMap":{"darshan152":"CS2103-F09-4 DARS..DAVE","Geralddtan":"CS2103-F09-4 GERA.. WEI","onefangg":"CS2103-F09-4 CHUA..FANG","declanleeler":"CS2103-F09-4 DECL.. LER","punnyhuimin":"CS2103-F09-4 PUN .. MIN"}}
