{"authorDailyContributionsMap":{"darshan152":[{"date":"2022-02-24","commitResults":[{"hash":"da5068a002c9d7c96092751bdf4fecb07fedb3fc","messageTitle":"Update AboutUs.md","messageBody":"Adding info and image into AboutUs page\n","fileTypesAndContributionMap":{"docs":{"insertions":4,"deletions":3}}},{"hash":"e0c0d4b9215687759ab40a8cef751e193d506ea9","messageTitle":"Update UserGuide.md","messageBody":"Update user guide with addp, deletep, and listp commands\n","fileTypesAndContributionMap":{"docs":{"insertions":19,"deletions":24}}},{"hash":"b560a14741768c669eb0fb3b39a62ccc2ce74276","messageTitle":"Add PPP for Darshan","messageBody":"Adding PPP Skeleton for Darshan\n","fileTypesAndContributionMap":{"docs":{"insertions":29,"deletions":0}}},{"hash":"53739a75af9fa1dbf5ee99cabff1c07bba8dc798","messageTitle":"Update AboutUs.md","messageBody":"Adding link to PPP\n","fileTypesAndContributionMap":{"docs":{"insertions":1,"deletions":1}}}]},{"date":"2022-03-02","commitResults":[{"hash":"01c007d66690d5e53492290a009da28e2e0db9e5","messageTitle":"Update DeveloperGuide.md","messageBody":"Add use cases for delete a order and customer\n","fileTypesAndContributionMap":{"docs":{"insertions":29,"deletions":6}}},{"hash":"eccf00008e9531db0204bb9acc97b03300d5e4d3","messageTitle":"Change edit command to editp","messageBody":"Changing the edit command to editp.\nIdentifying other instances of EditCommand and changing it to EditPersonCommand\n","fileTypesAndContributionMap":{"functional-code":{"insertions":3,"deletions":3},"other":{"insertions":55,"deletions":55},"test-code":{"insertions":9,"deletions":9}}},{"hash":"d2fd71b925c2aee351ac4545b9d5c8ca68406ac7","messageTitle":"Fix checkstyle error","messageBody":"","fileTypesAndContributionMap":{"functional-code":{"insertions":4,"deletions":1}}}]},{"date":"2022-03-05","commitResults":[{"hash":"5aefc0baf063df8562dd4a0b8c6c57608f04a9d1","messageTitle":"Update README.md","messageBody":"","fileTypesAndContributionMap":{"docs":{"insertions":1,"deletions":1}}}]},{"date":"2022-03-10","commitResults":[{"hash":"aea6cef8bd9d0d37e1f778d4ab30816c7f28fcac","messageTitle":"Add functionality to mark orders","messageBody":"","fileTypesAndContributionMap":{"functional-code":{"insertions":182,"deletions":3},"test-code":{"insertions":5,"deletions":0}}},{"hash":"a89263a048ca2284e82e3a941b8389c60fdc66ec","messageTitle":"Add UI to display completion","messageBody":"","fileTypesAndContributionMap":{"functional-code":{"insertions":14,"deletions":7}}},{"hash":"c8ee735e815cca1268d869b2c2dcd9503d051538","messageTitle":"Add saving to storage functionality","messageBody":"","fileTypesAndContributionMap":{"functional-code":{"insertions":40,"deletions":3}}},{"hash":"3374b100a429b42ffc2b7670c1bfe9b1a826b13a","messageTitle":"Fix checkstyle issue","messageBody":"","fileTypesAndContributionMap":{"functional-code":{"insertions":1,"deletions":1}}}]}],"Geralddtan":[{"date":"2022-02-18","commitResults":[{"hash":"2f50e6adfe1469220994c666a234e37b0316a2e3","messageTitle":"Change javaFX Version","messageBody":"","fileTypesAndContributionMap":{"other":{"insertions":1,"deletions":1}}}]},{"date":"2022-02-25","commitResults":[{"hash":"b0dcd484c2d2cd8ad7f24a4e17470434694bef0c","messageTitle":"Update AboutUs Page","messageBody":"","fileTypesAndContributionMap":{"docs":{"insertions":30,"deletions":6}}},{"hash":"a0e16e00ae53820c9878b08e0900c4636be0bfb4","messageTitle":"Update Readme","messageBody":"","fileTypesAndContributionMap":{"docs":{"insertions":9,"deletions":9}}},{"hash":"08201c064cf69e564da56db44672ac8676f509c4","messageTitle":"Fix CheckStyle Errors","messageBody":"","fileTypesAndContributionMap":{"docs":{"insertions":16,"deletions":16}}}]},{"date":"2022-02-26","commitResults":[{"hash":"89c783edde0d3c4af58c8f2fc1370c5b7652e277","messageTitle":"Update UserGuide","messageBody":"","fileTypesAndContributionMap":{"docs":{"insertions":79,"deletions":32}}},{"hash":"b2152a7e04f44c01d7058d8057d68433202690a8","messageTitle":"Fix Table of Contents for UserGuide","messageBody":"","fileTypesAndContributionMap":{"docs":{"insertions":1,"deletions":1}}},{"hash":"ea984f71d4ad354e89bb114d3e692106b6ee6476","messageTitle":"Edit clear order feature (feature coming soon) on UserGuide","messageBody":"","fileTypesAndContributionMap":{"docs":{"insertions":1,"deletions":0}}}]},{"date":"2022-02-28","commitResults":[{"hash":"4f22e448d066ca3390134ca5fd9620ea60b090aa","messageTitle":"Update developer guide non functional requirements","messageBody":"","fileTypesAndContributionMap":{"docs":{"insertions":8,"deletions":3}}},{"hash":"f2f8c1f054fc936b1b1103f0b2361be3a78f0af5","messageTitle":"Remove incorrect image (previous AB3 UI)","messageBody":"","fileTypesAndContributionMap":{"docs":{"insertions":0,"deletions":1}}},{"hash":"3bd47adc2464a2e41432f31f7431b592e4fd3980","messageTitle":"Add user story and use case to developer guide * Mark order * Unmark order * Clear customers","messageBody":"","fileTypesAndContributionMap":{"other":{"insertions":1,"deletions":1},"docs":{"insertions":87,"deletions":9}}},{"hash":"6f5c60e126bf50b5c562ac7a75c20526d6d4916c","messageTitle":"Update javaFxVersion","messageBody":"","fileTypesAndContributionMap":{"other":{"insertions":1,"deletions":1}}},{"hash":"06ba9ba946869d21366bddb262e875c534d1f4d3","messageTitle":"Update javaFxVersion","messageBody":"","fileTypesAndContributionMap":{"other":{"insertions":1,"deletions":1}}}]},{"date":"2022-03-03","commitResults":[{"hash":"b243f96517c0e493eeaeb60b5a2f77c446ea8313","messageTitle":"Add Order functionality to ReadyBakey * AddOrderCommand functionality * ListOrderCommand functionality * DeleteOrderCommand functionality","messageBody":"","fileTypesAndContributionMap":{"functional-code":{"insertions":995,"deletions":4}}}]},{"date":"2022-03-07","commitResults":[{"hash":"1020619b12d70e3389ff1a5ff967b2338075bceb","messageTitle":"Refactor AddCommand to AddPersonCommand and change relavent comments","messageBody":"","fileTypesAndContributionMap":{"functional-code":{"insertions":6,"deletions":6},"other":{"insertions":41,"deletions":40},"docs":{"insertions":3,"deletions":3},"test-code":{"insertions":10,"deletions":10}}}]},{"date":"2022-03-11","commitResults":[{"hash":"a2923581dc7c82d47337d3151cf249ebdaf2c401","messageTitle":"Create test for delete order command","messageBody":"","fileTypesAndContributionMap":{"functional-code":{"insertions":2,"deletions":0},"test-code":{"insertions":2,"deletions":0}}},{"hash":"6206db92e885b8e53bc5cb8979fd57dd3b276e6f","messageTitle":"create test for delete order command add files","messageBody":"","fileTypesAndContributionMap":{"functional-code":{"insertions":32,"deletions":2},"test-code":{"insertions":152,"deletions":1}}},{"hash":"069ce2bd591012676491540dedcffc0a46f8cbf6","messageTitle":"Create list order command test","messageBody":"","fileTypesAndContributionMap":{"test-code":{"insertions":39,"deletions":0}}},{"hash":"550d78f725c044b20a3d7b8716169474d569830b","messageTitle":"create mark order test","messageBody":"","fileTypesAndContributionMap":{"functional-code":{"insertions":3,"deletions":7},"test-code":{"insertions":133,"deletions":8}}},{"hash":"d77ea787d73f934b25c1b93ea773bc829cac3711","messageTitle":"Resolve addo message usage bug","messageBody":"","fileTypesAndContributionMap":{"functional-code":{"insertions":2,"deletions":5}}},{"hash":"f75566edc9c0a46e6e1e3704ea72ea5fb21503fc","messageTitle":"Resolve Checkstyle unused import issue","messageBody":"","fileTypesAndContributionMap":{"functional-code":{"insertions":0,"deletions":1}}},{"hash":"1a80190c5ac2770af04e638230ff10ba5e791800","messageTitle":"Edit default order builder complete value","messageBody":"","fileTypesAndContributionMap":{"test-code":{"insertions":1,"deletions":1}}},{"hash":"dd5fe43998bb1b674c8241aabdb3c613db46f29a","messageTitle":"Edit Comments","messageBody":"","fileTypesAndContributionMap":{"functional-code":{"insertions":1,"deletions":1}}}]}],"onefangg":[{"date":"2022-02-25","commitResults":[{"hash":"f83e71bd7efb887dc7cfa3e07ea12d5b04548108","messageTitle":"Add Yi Fang\u0027s profile to AboutUs.md and PPP","messageBody":"","fileTypesAndContributionMap":{"docs":{"insertions":34,"deletions":4}}},{"hash":"65188ac792e050456183df8d5dc8a85a965bbdc6","messageTitle":"Revert \"Add Yi Fang\u0027s profile to AboutUs.md and PPP\"","messageBody":"This reverts commit f83e71bd7efb887dc7cfa3e07ea12d5b04548108.\n","fileTypesAndContributionMap":{"docs":{"insertions":4,"deletions":34}}},{"hash":"c66261ec38902951e0705f1ac90a33e37b6e7ade","messageTitle":"Add Yi Fang\u0027s profile to AboutUs.md","messageBody":"","fileTypesAndContributionMap":{"docs":{"insertions":5,"deletions":3}}},{"hash":"e121499459c448e42a99bf48290b89e3329c8bcc","messageTitle":"Add Yi Fang\u0027s PPP","messageBody":"","fileTypesAndContributionMap":{"docs":{"insertions":30,"deletions":0}}}]},{"date":"2022-03-03","commitResults":[{"hash":"052f63889d1460d8633d7c35478b43d0996723be","messageTitle":"Add test cases to Order and Details","messageBody":"Add and update relevant util classes (CommandTestUtil, TypicalOrders, OrderBuilder) to maintain testing consistency.\n\nUpdates to relevant stubs also done (AddressBookTest, CommandTestUtil, AddCommandTest).\n","fileTypesAndContributionMap":{"test-code":{"insertions":240,"deletions":0}}}]},{"date":"2022-03-04","commitResults":[{"hash":"4fe4d240c1ea935545c31cfe328bdb5cf0a130de","messageTitle":"Add tests for AddOrderCommand","messageBody":"Refactoring of ModelStub to be used as a public class for reuse in both Order and Person class\n","fileTypesAndContributionMap":{"test-code":{"insertions":219,"deletions":100}}},{"hash":"34fe67335afb8731928febb8ecc22f476b9a8fa2","messageTitle":"Refactor changes in testcases for consistency with checkstyleTest","messageBody":"","fileTypesAndContributionMap":{"test-code":{"insertions":27,"deletions":29}}},{"hash":"9082ad354a29b74568d8605a498c54ea84b5255d","messageTitle":"Update use cases for adding a customer and an order","messageBody":"","fileTypesAndContributionMap":{"docs":{"insertions":48,"deletions":1}}}]},{"date":"2022-03-05","commitResults":[{"hash":"91719c3cd1650b0a5067159ca87f93790e5e614f","messageTitle":"Update DG with user stories","messageBody":"","fileTypesAndContributionMap":{"docs":{"insertions":21,"deletions":14}}},{"hash":"65d961c3ece6600300de9cac2ccede88d2f2c928","messageTitle":"Add CompleteStatus attribute to Order","messageBody":"Currently, Orders have no pending status related to it.\n\nCompleteStatus is related to enum CompleteStatusType in order to limit the statuses an order has. (ie. an order is complete, incomplete, cancelled etc.)\n","fileTypesAndContributionMap":{"functional-code":{"insertions":117,"deletions":8}}},{"hash":"7c9e05da8a52301f03e028a934d4693240039b7b","messageTitle":"Revert \"Add CompleteStatus attribute to Order\"","messageBody":"This reverts commit 65d961c3ece6600300de9cac2ccede88d2f2c928.\n","fileTypesAndContributionMap":{"functional-code":{"insertions":8,"deletions":117}}}]},{"date":"2022-03-07","commitResults":[{"hash":"0bf06e17e3f27e24118b2eef631d7f0b2e87c054","messageTitle":"Add amendments to `isSameOrder` method in `Order` class * Update relevant test cases * Replace occurrences of \"Address Book\" with \"ReadyBakey\" except for code and comments with reference to code","messageBody":"","fileTypesAndContributionMap":{"functional-code":{"insertions":12,"deletions":13},"test-code":{"insertions":3,"deletions":6}}},{"hash":"79fc3b3abeddf5747d8cee0c68658cb9db2f6e99","messageTitle":"Revert merge conflict errors with AddressBookParser","messageBody":"","fileTypesAndContributionMap":{"functional-code":{"insertions":3,"deletions":3}}},{"hash":"a5b153cceb859499cc1948a2f085ea7fafdf0514","messageTitle":"Fix import error with AddressBookParser","messageBody":"","fileTypesAndContributionMap":{"functional-code":{"insertions":1,"deletions":1}}},{"hash":"f017c28881e0f2fed26964e2f761c2db7747e713","messageTitle":"Remove isSameOrder method and references * Replaced with equals method * Method removed as it has duplicate logic with equals method, and no strong duplication checks are required for Order class","messageBody":"","fileTypesAndContributionMap":{"functional-code":{"insertions":3,"deletions":15},"test-code":{"insertions":2,"deletions":19}}}]},{"date":"2022-03-11","commitResults":[{"hash":"6021401575c7c50cf3558e3608d87a0596944756","messageTitle":"Refactor FindCommand to FindPersonCommand","messageBody":"","fileTypesAndContributionMap":{"functional-code":{"insertions":10,"deletions":10},"other":{"insertions":19,"deletions":18},"test-code":{"insertions":4,"deletions":4}}},{"hash":"a8312cca6c863c912fb802d86fb152827a76e2db","messageTitle":"Refactor FindCommandParser to FindPersonCommandParser * Refactor command keyword for `find` to `findp`","messageBody":"","fileTypesAndContributionMap":{"functional-code":{"insertions":2,"deletions":2},"other":{"insertions":1,"deletions":1},"test-code":{"insertions":1,"deletions":1}}}]}],"declanleeler":[{"date":"2022-02-24","commitResults":[{"hash":"f17eedb7ccfee6693e049615610a3b5423b2d573","messageTitle":"Update AboutUs.md","messageBody":"","fileTypesAndContributionMap":{"docs":{"insertions":32,"deletions":4}}},{"hash":"86c5a4425b8d5eb17619f1a68cf35725be5da153","messageTitle":"Fix checkstyle error","messageBody":"","fileTypesAndContributionMap":{"docs":{"insertions":1,"deletions":1}}},{"hash":"7ef4177eb8a3aa674a7c3159eb0811caad533e31","messageTitle":"Delete declanleeler.md","messageBody":"","fileTypesAndContributionMap":{"docs":{"insertions":0,"deletions":28}}},{"hash":"cbec4828bfa6d93cb3957805cff420fb01abb086","messageTitle":"Add Declan\u0027s ppp","messageBody":"","fileTypesAndContributionMap":{"docs":{"insertions":28,"deletions":0}}}]},{"date":"2022-02-25","commitResults":[{"hash":"b655c9fa42070775b51c9aebec60540f24882710","messageTitle":"Update UserGuide","messageBody":"3 features were updated:\n- addo\n- listo\n- deleteo\n","fileTypesAndContributionMap":{"docs":{"insertions":33,"deletions":0}}},{"hash":"26fbb35bdd7b85d45871c6a405dc42abfc9f3a40","messageTitle":"Fix UG description error","messageBody":"","fileTypesAndContributionMap":{"docs":{"insertions":1,"deletions":1}}},{"hash":"271e76b0844edadb0d0944392a2eef8c17958d41","messageTitle":"Update UG addO description","messageBody":"","fileTypesAndContributionMap":{"docs":{"insertions":1,"deletions":1}}}]},{"date":"2022-03-01","commitResults":[{"hash":"fa6db1c6aad373616ce62ee9dde3f23b4f0177b2","messageTitle":"Add user stories and use cases to DG","messageBody":"","fileTypesAndContributionMap":{"docs":{"insertions":30,"deletions":10}}}]},{"date":"2022-03-02","commitResults":[{"hash":"24baa495716849b5f06c0fc50a9d7385c2aeb2f8","messageTitle":"Refactor the DeleteCommand to DeletePersonCommand.","messageBody":"Search for and change all instances of DeleteCommand to DeletePersonCommand including in tests\n","fileTypesAndContributionMap":{"functional-code":{"insertions":3,"deletions":3},"other":{"insertions":36,"deletions":35},"test-code":{"insertions":4,"deletions":4}}},{"hash":"4cfe39d9829825b8ce745a818eaf570a5a0269f1","messageTitle":"Fix test error","messageBody":"","fileTypesAndContributionMap":{"test-code":{"insertions":2,"deletions":2}}}]},{"date":"2022-03-05","commitResults":[{"hash":"cc7da3a13633b759659329ef921cf4e934b809b1","messageTitle":"Update User Guide","messageBody":"","fileTypesAndContributionMap":{"other":{"insertions":1,"deletions":1},"docs":{"insertions":10,"deletions":10}}}]},{"date":"2022-03-06","commitResults":[{"hash":"f62216b8ba57b75450d424bd1cf9086b5041b5a4","messageTitle":"Update User Guide","messageBody":"","fileTypesAndContributionMap":{"docs":{"insertions":2,"deletions":2}}}]}],"punnyhuimin":[{"date":"2022-02-24","commitResults":[{"hash":"8821c26edc99b77aee6b634ec45f8cab7eea80bc","messageTitle":"Update AboutUs.md","messageBody":"Added information about me in the aboutme.md and my image.\n","fileTypesAndContributionMap":{"docs":{"insertions":6,"deletions":6}}},{"hash":"434ddf56a7d0188615d0ec1b6a05a3ac288b1e34","messageTitle":"Create skeletal PPP for Hui Min","messageBody":"Added Project Portfolio Page (PPP) as huimin.md. Part of #10.\n","fileTypesAndContributionMap":{"docs":{"insertions":34,"deletions":0}}},{"hash":"35b7a09c6fc6310cd5b4c0f7b3d0b542a45f6ad3","messageTitle":"Update UserGuide","messageBody":"Updated user guide for three functionalities: findp, clear, and editp.\n\nFurther updates required on functions below the findp method. Additional\nfeatures should also be added here.\n","fileTypesAndContributionMap":{"docs":{"insertions":10,"deletions":13}}}]},{"date":"2022-02-25","commitResults":[{"hash":"c6b6882a6d7fe73123a220d289318ee7fa3a55e2","messageTitle":"Update AboutUs and PPP","messageBody":"Naming changes for the image and PPP to align with required standards.\nUpdated relevant changes within AboutUs.md.\n","fileTypesAndContributionMap":{"docs":{"insertions":4,"deletions":4}}}]},{"date":"2022-03-01","commitResults":[{"hash":"3d4f667b8a548e307c76ea575035bed2929c723e","messageTitle":"Updated DeveloperGuide.md","messageBody":"Added more use cases to the DeveloperGuide for editing customers,\nexiting the application, and finding customers. Added user stories to\nthe table as well.\n","fileTypesAndContributionMap":{"docs":{"insertions":124,"deletions":18}}}]},{"date":"2022-03-02","commitResults":[{"hash":"393b8a30ae0bb45686a56aa2ed575e65288d8511","messageTitle":"Update DeveloperGuide","messageBody":"Included parts that were accidentally removed. Made changes to the edit command as well.\n","fileTypesAndContributionMap":{"docs":{"insertions":23,"deletions":23}}}]},{"date":"2022-03-05","commitResults":[{"hash":"15a5765ef24da00ec5ce24629be0003299473bb2","messageTitle":"Update DeveloperGuide.md","messageBody":"Updated target user profile and value proposition to be based on ReadyBakey instead.\n","fileTypesAndContributionMap":{"docs":{"insertions":12,"deletions":7}}}]},{"date":"2022-03-06","commitResults":[{"hash":"d13f5edeade496ee4f48ecc186d993ba3bc0a674","messageTitle":"Refactor ListCommand to ListPersonCommand","messageBody":"Passed both gradle checkstyle and tests.\n\nWill work on ExitCommand next.\n","fileTypesAndContributionMap":{"functional-code":{"insertions":26,"deletions":3},"test-code":{"insertions":47,"deletions":8}}},{"hash":"688695d0aa9d060d377d40888eaff6b1268bb1b8","messageTitle":"Update UserGuide.md","messageBody":"Remove excess column in Command Summary.\n","fileTypesAndContributionMap":{"docs":{"insertions":15,"deletions":15}}}]},{"date":"2022-03-11","commitResults":[{"hash":"ee5ba4d56b55f31256dfd7a208073214ef0240a0","messageTitle":"Update ExitCommand","messageBody":"ExitCommand now pauses for two seconds before closing the entire application. The text field for ReadyBakey also does not accept anymore commands upon Exit command input.\n","fileTypesAndContributionMap":{"functional-code":{"insertions":5,"deletions":2}}}]}]},"authorFileTypeContributionMap":{"darshan152":{"docs":80,"functional-code":245,"test-code":56},"Geralddtan":{"docs":171,"functional-code":986,"test-code":359},"onefangg":{"docs":90,"functional-code":36,"test-code":433},"declanleeler":{"docs":86,"functional-code":16,"test-code":29,"other":1},"punnyhuimin":{"docs":184,"functional-code":29,"test-code":47}},"authorContributionVariance":{"darshan152":4109.762,"Geralddtan":47649.047,"onefangg":12552.944,"declanleeler":750.36365,"punnyhuimin":1502.5145},"authorDisplayNameMap":{"darshan152":"CS2103-F09-4 DARS..DAVE","Geralddtan":"CS2103-F09-4 GERA.. WEI","onefangg":"CS2103-F09-4 CHUA..FANG","declanleeler":"CS2103-F09-4 DECL.. LER","punnyhuimin":"CS2103-F09-4 PUN .. MIN"}}
