{"authorDailyContributionsMap":{"darshan152":[{"date":"2022-02-24","commitResults":[{"hash":"da5068a002c9d7c96092751bdf4fecb07fedb3fc","messageTitle":"Update AboutUs.md","messageBody":"Adding info and image into AboutUs page\n","fileTypesAndContributionMap":{"docs":{"insertions":4,"deletions":3}}},{"hash":"e0c0d4b9215687759ab40a8cef751e193d506ea9","messageTitle":"Update UserGuide.md","messageBody":"Update user guide with addp, deletep, and listp commands\n","fileTypesAndContributionMap":{"docs":{"insertions":19,"deletions":24}}},{"hash":"b560a14741768c669eb0fb3b39a62ccc2ce74276","messageTitle":"Add PPP for Darshan","messageBody":"Adding PPP Skeleton for Darshan\n","fileTypesAndContributionMap":{"docs":{"insertions":29,"deletions":0}}},{"hash":"53739a75af9fa1dbf5ee99cabff1c07bba8dc798","messageTitle":"Update AboutUs.md","messageBody":"Adding link to PPP\n","fileTypesAndContributionMap":{"docs":{"insertions":1,"deletions":1}}}]}],"Geralddtan":[{"date":"2022-02-18","commitResults":[{"hash":"2f50e6adfe1469220994c666a234e37b0316a2e3","messageTitle":"Change javaFX Version","messageBody":"","fileTypesAndContributionMap":{"other":{"insertions":1,"deletions":1}}}]},{"date":"2022-02-25","commitResults":[{"hash":"b0dcd484c2d2cd8ad7f24a4e17470434694bef0c","messageTitle":"Update AboutUs Page","messageBody":"","fileTypesAndContributionMap":{"docs":{"insertions":30,"deletions":6}}}]},{"date":"2022-02-26","commitResults":[{"hash":"89c783edde0d3c4af58c8f2fc1370c5b7652e277","messageTitle":"Update UserGuide","messageBody":"","fileTypesAndContributionMap":{"docs":{"insertions":79,"deletions":32}}},{"hash":"b2152a7e04f44c01d7058d8057d68433202690a8","messageTitle":"Fix Table of Contents for UserGuide","messageBody":"","fileTypesAndContributionMap":{"docs":{"insertions":1,"deletions":1}}},{"hash":"ea984f71d4ad354e89bb114d3e692106b6ee6476","messageTitle":"Edit clear order feature (feature coming soon) on UserGuide","messageBody":"","fileTypesAndContributionMap":{"docs":{"insertions":1,"deletions":0}}}]},{"date":"2022-02-28","commitResults":[{"hash":"4f22e448d066ca3390134ca5fd9620ea60b090aa","messageTitle":"Update developer guide non functional requirements","messageBody":"","fileTypesAndContributionMap":{"docs":{"insertions":8,"deletions":3}}},{"hash":"f2f8c1f054fc936b1b1103f0b2361be3a78f0af5","messageTitle":"Remove incorrect image (previous AB3 UI)","messageBody":"","fileTypesAndContributionMap":{"docs":{"insertions":0,"deletions":1}}},{"hash":"3bd47adc2464a2e41432f31f7431b592e4fd3980","messageTitle":"Add user story and use case to developer guide * Mark order * Unmark order * Clear customers","messageBody":"","fileTypesAndContributionMap":{"other":{"insertions":1,"deletions":1},"docs":{"insertions":87,"deletions":9}}},{"hash":"6f5c60e126bf50b5c562ac7a75c20526d6d4916c","messageTitle":"Update javaFxVersion","messageBody":"","fileTypesAndContributionMap":{"other":{"insertions":1,"deletions":1}}}]}],"onefangg":[{"date":"2022-02-25","commitResults":[{"hash":"f83e71bd7efb887dc7cfa3e07ea12d5b04548108","messageTitle":"Add Yi Fang\u0027s profile to AboutUs.md and PPP","messageBody":"","fileTypesAndContributionMap":{"docs":{"insertions":34,"deletions":4}}},{"hash":"65188ac792e050456183df8d5dc8a85a965bbdc6","messageTitle":"Revert \"Add Yi Fang\u0027s profile to AboutUs.md and PPP\"","messageBody":"This reverts commit f83e71bd7efb887dc7cfa3e07ea12d5b04548108.\n","fileTypesAndContributionMap":{"docs":{"insertions":4,"deletions":34}}},{"hash":"c66261ec38902951e0705f1ac90a33e37b6e7ade","messageTitle":"Add Yi Fang\u0027s profile to AboutUs.md","messageBody":"","fileTypesAndContributionMap":{"docs":{"insertions":5,"deletions":3}}},{"hash":"e121499459c448e42a99bf48290b89e3329c8bcc","messageTitle":"Add Yi Fang\u0027s PPP","messageBody":"","fileTypesAndContributionMap":{"docs":{"insertions":30,"deletions":0}}}]}],"declanleeler":[{"date":"2022-02-24","commitResults":[{"hash":"f17eedb7ccfee6693e049615610a3b5423b2d573","messageTitle":"Update AboutUs.md","messageBody":"","fileTypesAndContributionMap":{"docs":{"insertions":32,"deletions":4}}},{"hash":"86c5a4425b8d5eb17619f1a68cf35725be5da153","messageTitle":"Fix checkstyle error","messageBody":"","fileTypesAndContributionMap":{"docs":{"insertions":1,"deletions":1}}},{"hash":"7ef4177eb8a3aa674a7c3159eb0811caad533e31","messageTitle":"Delete declanleeler.md","messageBody":"","fileTypesAndContributionMap":{"docs":{"insertions":0,"deletions":28}}},{"hash":"cbec4828bfa6d93cb3957805cff420fb01abb086","messageTitle":"Add Declan\u0027s ppp","messageBody":"","fileTypesAndContributionMap":{"docs":{"insertions":28,"deletions":0}}}]},{"date":"2022-02-25","commitResults":[{"hash":"b655c9fa42070775b51c9aebec60540f24882710","messageTitle":"Update UserGuide","messageBody":"3 features were updated:\n- addo\n- listo\n- deleteo\n","fileTypesAndContributionMap":{"docs":{"insertions":33,"deletions":0}}},{"hash":"26fbb35bdd7b85d45871c6a405dc42abfc9f3a40","messageTitle":"Fix UG description error","messageBody":"","fileTypesAndContributionMap":{"docs":{"insertions":1,"deletions":1}}},{"hash":"271e76b0844edadb0d0944392a2eef8c17958d41","messageTitle":"Update UG addO description","messageBody":"","fileTypesAndContributionMap":{"docs":{"insertions":1,"deletions":1}}}]}],"punnyhuimin":[{"date":"2022-02-24","commitResults":[{"hash":"8821c26edc99b77aee6b634ec45f8cab7eea80bc","messageTitle":"Update AboutUs.md","messageBody":"Added information about me in the aboutme.md and my image.\n","fileTypesAndContributionMap":{"docs":{"insertions":6,"deletions":6}}},{"hash":"434ddf56a7d0188615d0ec1b6a05a3ac288b1e34","messageTitle":"Create skeletal PPP for Hui Min","messageBody":"Added Project Portfolio Page (PPP) as huimin.md. Part of #10.\n","fileTypesAndContributionMap":{"docs":{"insertions":34,"deletions":0}}},{"hash":"35b7a09c6fc6310cd5b4c0f7b3d0b542a45f6ad3","messageTitle":"Update UserGuide","messageBody":"Updated user guide for three functionalities: findp, clear, and editp.\n\nFurther updates required on functions below the findp method. Additional\nfeatures should also be added here.\n","fileTypesAndContributionMap":{"docs":{"insertions":10,"deletions":13}}}]},{"date":"2022-02-25","commitResults":[{"hash":"c6b6882a6d7fe73123a220d289318ee7fa3a55e2","messageTitle":"Update AboutUs and PPP","messageBody":"Naming changes for the image and PPP to align with required standards.\nUpdated relevant changes within AboutUs.md.\n","fileTypesAndContributionMap":{"docs":{"insertions":4,"deletions":4}}}]}]},"authorFileTypeContributionMap":{"darshan152":{"docs":51,"functional-code":0,"test-code":0},"Geralddtan":{"docs":194,"functional-code":0,"test-code":0},"onefangg":{"docs":34,"functional-code":0,"test-code":0},"declanleeler":{"docs":58,"functional-code":0,"test-code":0},"punnyhuimin":{"docs":49,"functional-code":0,"test-code":0}},"authorContributionVariance":{"darshan152":542.2314,"Geralddtan":1864.0,"onefangg":1074.0497,"declanleeler":785.90076,"punnyhuimin":389.63635},"authorDisplayNameMap":{"darshan152":"CS2103-F09-4 DARS..DAVE","Geralddtan":"CS2103-F09-4 GERA.. WEI","onefangg":"CS2103-F09-4 CHUA..FANG","declanleeler":"CS2103-F09-4 DECL.. LER","punnyhuimin":"CS2103-F09-4 PUN .. MIN"}}
