{"authorDailyContributionsMap":{"darshan152":[{"date":"2022-02-24","commitResults":[{"hash":"da5068a002c9d7c96092751bdf4fecb07fedb3fc","messageTitle":"Update AboutUs.md","messageBody":"Adding info and image into AboutUs page\n","fileTypesAndContributionMap":{"docs":{"insertions":4,"deletions":3}}},{"hash":"e0c0d4b9215687759ab40a8cef751e193d506ea9","messageTitle":"Update UserGuide.md","messageBody":"Update user guide with addp, deletep, and listp commands\n","fileTypesAndContributionMap":{"docs":{"insertions":19,"deletions":24}}},{"hash":"b560a14741768c669eb0fb3b39a62ccc2ce74276","messageTitle":"Add PPP for Darshan","messageBody":"Adding PPP Skeleton for Darshan\n","fileTypesAndContributionMap":{"docs":{"insertions":29,"deletions":0}}},{"hash":"53739a75af9fa1dbf5ee99cabff1c07bba8dc798","messageTitle":"Update AboutUs.md","messageBody":"Adding link to PPP\n","fileTypesAndContributionMap":{"docs":{"insertions":1,"deletions":1}}}]},{"date":"2022-03-02","commitResults":[{"hash":"01c007d66690d5e53492290a009da28e2e0db9e5","messageTitle":"Update DeveloperGuide.md","messageBody":"Add use cases for delete a order and customer\n","fileTypesAndContributionMap":{"docs":{"insertions":29,"deletions":6}}},{"hash":"eccf00008e9531db0204bb9acc97b03300d5e4d3","messageTitle":"Change edit command to editp","messageBody":"Changing the edit command to editp.\nIdentifying other instances of EditCommand and changing it to EditPersonCommand\n","fileTypesAndContributionMap":{"functional-code":{"insertions":3,"deletions":3},"other":{"insertions":55,"deletions":55},"test-code":{"insertions":9,"deletions":9}}},{"hash":"d2fd71b925c2aee351ac4545b9d5c8ca68406ac7","messageTitle":"Fix checkstyle error","messageBody":"","fileTypesAndContributionMap":{"functional-code":{"insertions":4,"deletions":1}}}]},{"date":"2022-03-05","commitResults":[{"hash":"5aefc0baf063df8562dd4a0b8c6c57608f04a9d1","messageTitle":"Update README.md","messageBody":"","fileTypesAndContributionMap":{"docs":{"insertions":1,"deletions":1}}}]},{"date":"2022-03-10","commitResults":[{"hash":"aea6cef8bd9d0d37e1f778d4ab30816c7f28fcac","messageTitle":"Add functionality to mark orders","messageBody":"","fileTypesAndContributionMap":{"functional-code":{"insertions":182,"deletions":3},"test-code":{"insertions":5,"deletions":0}}},{"hash":"a89263a048ca2284e82e3a941b8389c60fdc66ec","messageTitle":"Add UI to display completion","messageBody":"","fileTypesAndContributionMap":{"functional-code":{"insertions":14,"deletions":7}}},{"hash":"c8ee735e815cca1268d869b2c2dcd9503d051538","messageTitle":"Add saving to storage functionality","messageBody":"","fileTypesAndContributionMap":{"functional-code":{"insertions":40,"deletions":3}}},{"hash":"3374b100a429b42ffc2b7670c1bfe9b1a826b13a","messageTitle":"Fix checkstyle issue","messageBody":"","fileTypesAndContributionMap":{"functional-code":{"insertions":1,"deletions":1}}}]},{"date":"2022-03-12","commitResults":[{"hash":"44c42ddccea103610efaffe0db5b4a33b0fc2954","messageTitle":"Add unmark command","messageBody":"","fileTypesAndContributionMap":{"functional-code":{"insertions":108,"deletions":2}}}]},{"date":"2022-03-15","commitResults":[{"hash":"069378769bba58161781aa5d0a4bf11e87bec162","messageTitle":"Rename Complete class method","messageBody":"Renaming method to make it easier to understand\n","fileTypesAndContributionMap":{"functional-code":{"insertions":2,"deletions":2}}}]},{"date":"2022-03-17","commitResults":[{"hash":"0d9c1b2f144bfe21d869571139731235e0d7e14e","messageTitle":"Link orders with person","messageBody":"","fileTypesAndContributionMap":{"functional-code":{"insertions":66,"deletions":4}}}]},{"date":"2022-03-19","commitResults":[{"hash":"0aa7458d63934cd58cfad0875f1e33e4a9baf158","messageTitle":"Link person and order together","messageBody":"","fileTypesAndContributionMap":{"functional-code":{"insertions":120,"deletions":194},"test-code":{"insertions":22,"deletions":88}}}]},{"date":"2022-03-22","commitResults":[{"hash":"eeb59446da7685997ca0563b54893f2e30e5dad1","messageTitle":"Update EditOrderCommand.java","messageBody":"Add missing index parameter in message usage\n","fileTypesAndContributionMap":{"functional-code":{"insertions":2,"deletions":2}}},{"hash":"245fc588fabff7b2b4a9d066ce068724ef69494b","messageTitle":"Update FindOrderNameCommand.java","messageBody":"Rename nameKeywords variable to make it more understandable\n","fileTypesAndContributionMap":{"functional-code":{"insertions":2,"deletions":2}}},{"hash":"64162c20863bbd02a7a5ffa2b939767e9f1e688f","messageTitle":"Update FindOrder*Command.java","messageBody":"Update Javadoc comments to better reflect class description\n","fileTypesAndContributionMap":{"functional-code":{"insertions":2,"deletions":5}}},{"hash":"f38c4c0faeb0e99667e74cf796b8b0b4bc51b54b","messageTitle":"Add uuid to person and order","messageBody":"","fileTypesAndContributionMap":{"functional-code":{"insertions":96,"deletions":18}}},{"hash":"a5b6fe88edbd3550ef240d8fef32b860c53594fa","messageTitle":"Update display of order to use uuid","messageBody":"","fileTypesAndContributionMap":{"functional-code":{"insertions":38,"deletions":8}}},{"hash":"09f3d4a0b4b194321bc08c8bd08f94a9320c7595","messageTitle":"Remove phone from order","messageBody":"","fileTypesAndContributionMap":{"functional-code":{"insertions":54,"deletions":60},"other":{"insertions":5,"deletions":5},"test-code":{"insertions":71,"deletions":48}}},{"hash":"25c5912097478dd10ee082d02578df930fc9a100","messageTitle":"Fix checkstyle errors","messageBody":"","fileTypesAndContributionMap":{"functional-code":{"insertions":18,"deletions":22},"test-code":{"insertions":13,"deletions":14}}},{"hash":"84ce8bde995fea73bdcd5dc0231d65368ca821bd","messageTitle":"Fix some test cases","messageBody":"","fileTypesAndContributionMap":{"functional-code":{"insertions":4,"deletions":21},"test-code":{"insertions":1,"deletions":1}}},{"hash":"e9ee4bd04a07b4e98808645aa6c78ca8986f4504","messageTitle":"Fix remaining testcases","messageBody":"","fileTypesAndContributionMap":{"functional-code":{"insertions":2,"deletions":4},"test-code":{"insertions":40,"deletions":6}}},{"hash":"abf934a6fef7b1fb21f6650f6279e0d32db12c21","messageTitle":"Fix additional tests","messageBody":"","fileTypesAndContributionMap":{"test-code":{"insertions":10,"deletions":41}}}]},{"date":"2022-03-23","commitResults":[{"hash":"21c3ec7f38a8218853d0342f57493e634228861b","messageTitle":"Update DG with mark order implementation","messageBody":"","fileTypesAndContributionMap":{"docs":{"insertions":93,"deletions":0}}},{"hash":"656618168e101fb7bc86841bdf58720e57b5bec1","messageTitle":"Update DG with mark order design considerations","messageBody":"","fileTypesAndContributionMap":{"docs":{"insertions":14,"deletions":0}}},{"hash":"8323b0fb70fa17234bffe7beab2e3edd4470fd83","messageTitle":"Update build.gradle","messageBody":"","fileTypesAndContributionMap":{"other":{"insertions":4,"deletions":0}}},{"hash":"bee4af372791ed727ccff566f9acf7d1c8625346","messageTitle":"Fixed merge issues","messageBody":"","fileTypesAndContributionMap":{"functional-code":{"insertions":8,"deletions":14},"test-code":{"insertions":27,"deletions":20}}}]},{"date":"2022-03-24","commitResults":[{"hash":"c602c88976d07c839efddc641ccb503cdf2ef7e5","messageTitle":"Update mark sequence diagram","messageBody":"","fileTypesAndContributionMap":{"docs":{"insertions":1,"deletions":1}}}]},{"date":"2022-03-28","commitResults":[{"hash":"50954bfa16d1176bd5bb11d123c6566a996140d7","messageTitle":"Update SampleDataUtil.java","messageBody":"","fileTypesAndContributionMap":{"functional-code":{"insertions":24,"deletions":2}}},{"hash":"bf4b25e337c59077f2e6fba1506863c2ec391aac","messageTitle":"Update DeletePersonCommand.java","messageBody":"","fileTypesAndContributionMap":{"functional-code":{"insertions":14,"deletions":0}}},{"hash":"33e687901267e8de08b1c9c72d54ba37fc43a994","messageTitle":"Impose unique phone number constraint on person","messageBody":"Removes unique constraint for name.\n","fileTypesAndContributionMap":{"functional-code":{"insertions":2,"deletions":2},"test-code":{"insertions":4,"deletions":12}}},{"hash":"53ddbd834fe4517aed5a93902bf9a5c3f116506e","messageTitle":"Update SampleDataUtil.java","messageBody":"Change Details to be more realistic\n","fileTypesAndContributionMap":{"functional-code":{"insertions":3,"deletions":3}}},{"hash":"cd4419dc6fc9841a24a98ab4b20619dad03b6e26","messageTitle":"Fix checkstyle issues","messageBody":"","fileTypesAndContributionMap":{"functional-code":{"insertions":9,"deletions":9}}}]},{"date":"2022-03-29","commitResults":[{"hash":"73a643211fcc635ce2ab86ea89ef323661bb6eae","messageTitle":"Add tests for deletion of person","messageBody":"","fileTypesAndContributionMap":{"test-code":{"insertions":75,"deletions":29}}},{"hash":"f892433a3a5c7dcad4be80bc1482459ffd968aa2","messageTitle":"Fix checkstyle error","messageBody":"","fileTypesAndContributionMap":{"test-code":{"insertions":0,"deletions":1}}},{"hash":"68a1ea6db38ac3849130d7a0f30649937765aaf9","messageTitle":"Create UnmarkOrderCommandTest.java","messageBody":"","fileTypesAndContributionMap":{"test-code":{"insertions":123,"deletions":0}}},{"hash":"5c67cbd45ef6f2b42f1331a73ba15e6cd1d94bcf","messageTitle":"Fix bug of null order details","messageBody":"","fileTypesAndContributionMap":{"functional-code":{"insertions":1,"deletions":1}}}]},{"date":"2022-03-30","commitResults":[{"hash":"b8c89225f7ebf245fefd1da71ebd896943edde5c","messageTitle":"Fix bugs of null appearing","messageBody":"","fileTypesAndContributionMap":{"functional-code":{"insertions":59,"deletions":5},"test-code":{"insertions":12,"deletions":2}}},{"hash":"cc545af92c85bc7aef692ea77ebb2b68cf34e128","messageTitle":"Update DeletePersonCommand.java","messageBody":"","fileTypesAndContributionMap":{"functional-code":{"insertions":2,"deletions":1}}},{"hash":"9364643ca7d64c7bfe550a931ba4a9ed7c4919a8","messageTitle":"Update DeletePersonCommand.java","messageBody":"","fileTypesAndContributionMap":{"functional-code":{"insertions":1,"deletions":2}}},{"hash":"aaf8c4091b20b0b0ea23b2c98cf1c73f1b273aa6","messageTitle":"Add tests for new methods","messageBody":"","fileTypesAndContributionMap":{"test-code":{"insertions":30,"deletions":0}}}]},{"date":"2022-03-31","commitResults":[{"hash":"186379957b25692b89fe182249758778c74897f4","messageTitle":"Fix merge error","messageBody":"","fileTypesAndContributionMap":{"functional-code":{"insertions":1,"deletions":1}}},{"hash":"2d3316e13a01b69c9633bff27c4a409a4c13dcf3","messageTitle":"Update UG","messageBody":"","fileTypesAndContributionMap":{"docs":{"insertions":18,"deletions":27}}}]},{"date":"2022-04-05","commitResults":[{"hash":"3e5203efcb8ff3ca37a31d6a39256b1e161497a0","messageTitle":"Update UserGuide.md","messageBody":"","fileTypesAndContributionMap":{"docs":{"insertions":16,"deletions":16}}},{"hash":"4889ff22fa04fa2207bc988594b3adda60fb94e8","messageTitle":"Update SampleDataUtil.java","messageBody":"","fileTypesAndContributionMap":{"functional-code":{"insertions":6,"deletions":6}}},{"hash":"458c11a8ef23a920817fc8c7ed4ce3ba6d5b8b01","messageTitle":"Update DG with addo","messageBody":"","fileTypesAndContributionMap":{"docs":{"insertions":63,"deletions":50}}},{"hash":"ff47661a04742b995acfbe63d44c33d81429b320","messageTitle":"Update darshan152.md","messageBody":"","fileTypesAndContributionMap":{"docs":{"insertions":42,"deletions":14}}}]}],"Geralddtan":[{"date":"2022-02-18","commitResults":[{"hash":"2f50e6adfe1469220994c666a234e37b0316a2e3","messageTitle":"Change javaFX Version","messageBody":"","fileTypesAndContributionMap":{"other":{"insertions":1,"deletions":1}}}]},{"date":"2022-02-25","commitResults":[{"hash":"b0dcd484c2d2cd8ad7f24a4e17470434694bef0c","messageTitle":"Update AboutUs Page","messageBody":"","fileTypesAndContributionMap":{"docs":{"insertions":30,"deletions":6}}},{"hash":"a0e16e00ae53820c9878b08e0900c4636be0bfb4","messageTitle":"Update Readme","messageBody":"","fileTypesAndContributionMap":{"docs":{"insertions":9,"deletions":9}}},{"hash":"08201c064cf69e564da56db44672ac8676f509c4","messageTitle":"Fix CheckStyle Errors","messageBody":"","fileTypesAndContributionMap":{"docs":{"insertions":16,"deletions":16}}}]},{"date":"2022-02-26","commitResults":[{"hash":"89c783edde0d3c4af58c8f2fc1370c5b7652e277","messageTitle":"Update UserGuide","messageBody":"","fileTypesAndContributionMap":{"docs":{"insertions":79,"deletions":32}}},{"hash":"b2152a7e04f44c01d7058d8057d68433202690a8","messageTitle":"Fix Table of Contents for UserGuide","messageBody":"","fileTypesAndContributionMap":{"docs":{"insertions":1,"deletions":1}}},{"hash":"ea984f71d4ad354e89bb114d3e692106b6ee6476","messageTitle":"Edit clear order feature (feature coming soon) on UserGuide","messageBody":"","fileTypesAndContributionMap":{"docs":{"insertions":1,"deletions":0}}}]},{"date":"2022-02-28","commitResults":[{"hash":"4f22e448d066ca3390134ca5fd9620ea60b090aa","messageTitle":"Update developer guide non functional requirements","messageBody":"","fileTypesAndContributionMap":{"docs":{"insertions":8,"deletions":3}}},{"hash":"f2f8c1f054fc936b1b1103f0b2361be3a78f0af5","messageTitle":"Remove incorrect image (previous AB3 UI)","messageBody":"","fileTypesAndContributionMap":{"docs":{"insertions":0,"deletions":1}}},{"hash":"3bd47adc2464a2e41432f31f7431b592e4fd3980","messageTitle":"Add user story and use case to developer guide * Mark order * Unmark order * Clear customers","messageBody":"","fileTypesAndContributionMap":{"other":{"insertions":1,"deletions":1},"docs":{"insertions":87,"deletions":9}}},{"hash":"6f5c60e126bf50b5c562ac7a75c20526d6d4916c","messageTitle":"Update javaFxVersion","messageBody":"","fileTypesAndContributionMap":{"other":{"insertions":1,"deletions":1}}},{"hash":"06ba9ba946869d21366bddb262e875c534d1f4d3","messageTitle":"Update javaFxVersion","messageBody":"","fileTypesAndContributionMap":{"other":{"insertions":1,"deletions":1}}}]},{"date":"2022-03-03","commitResults":[{"hash":"b243f96517c0e493eeaeb60b5a2f77c446ea8313","messageTitle":"Add Order functionality to ReadyBakey * AddOrderCommand functionality * ListOrderCommand functionality * DeleteOrderCommand functionality","messageBody":"","fileTypesAndContributionMap":{"functional-code":{"insertions":995,"deletions":4}}}]},{"date":"2022-03-07","commitResults":[{"hash":"1020619b12d70e3389ff1a5ff967b2338075bceb","messageTitle":"Refactor AddCommand to AddPersonCommand and change relavent comments","messageBody":"","fileTypesAndContributionMap":{"functional-code":{"insertions":6,"deletions":6},"other":{"insertions":41,"deletions":40},"docs":{"insertions":3,"deletions":3},"test-code":{"insertions":10,"deletions":10}}}]},{"date":"2022-03-11","commitResults":[{"hash":"a2923581dc7c82d47337d3151cf249ebdaf2c401","messageTitle":"Create test for delete order command","messageBody":"","fileTypesAndContributionMap":{"functional-code":{"insertions":2,"deletions":0},"test-code":{"insertions":2,"deletions":0}}},{"hash":"6206db92e885b8e53bc5cb8979fd57dd3b276e6f","messageTitle":"create test for delete order command add files","messageBody":"","fileTypesAndContributionMap":{"functional-code":{"insertions":32,"deletions":2},"test-code":{"insertions":152,"deletions":1}}},{"hash":"069ce2bd591012676491540dedcffc0a46f8cbf6","messageTitle":"Create list order command test","messageBody":"","fileTypesAndContributionMap":{"test-code":{"insertions":39,"deletions":0}}},{"hash":"550d78f725c044b20a3d7b8716169474d569830b","messageTitle":"create mark order test","messageBody":"","fileTypesAndContributionMap":{"functional-code":{"insertions":3,"deletions":7},"test-code":{"insertions":133,"deletions":8}}},{"hash":"d77ea787d73f934b25c1b93ea773bc829cac3711","messageTitle":"Resolve addo message usage bug","messageBody":"","fileTypesAndContributionMap":{"functional-code":{"insertions":2,"deletions":5}}},{"hash":"f75566edc9c0a46e6e1e3704ea72ea5fb21503fc","messageTitle":"Resolve Checkstyle unused import issue","messageBody":"","fileTypesAndContributionMap":{"functional-code":{"insertions":0,"deletions":1}}},{"hash":"1a80190c5ac2770af04e638230ff10ba5e791800","messageTitle":"Edit default order builder complete value","messageBody":"","fileTypesAndContributionMap":{"test-code":{"insertions":1,"deletions":1}}},{"hash":"dd5fe43998bb1b674c8241aabdb3c613db46f29a","messageTitle":"Edit Comments","messageBody":"","fileTypesAndContributionMap":{"functional-code":{"insertions":1,"deletions":1}}}]},{"date":"2022-03-14","commitResults":[{"hash":"b852b7cd771ec08a9934fcb3cbca37398b4c189b","messageTitle":"Add remark to person and additional tests for remark attribute","messageBody":"","fileTypesAndContributionMap":{"functional-code":{"insertions":132,"deletions":22},"test-code":{"insertions":105,"deletions":63}}},{"hash":"91a4ea8215a45eee5bffbbced0a02a0ded7db1dc","messageTitle":"Edit RemarkTest","messageBody":"","fileTypesAndContributionMap":{"test-code":{"insertions":4,"deletions":6}}},{"hash":"2c7a81afb575961350ef86f5bedd1e825bd1307a","messageTitle":"Edit long remark in RemarkTest","messageBody":"","fileTypesAndContributionMap":{"test-code":{"insertions":1,"deletions":1}}},{"hash":"4c725c89ca386c9c174638dd6a8303c74be79605","messageTitle":"Add remark to order","messageBody":"","fileTypesAndContributionMap":{"functional-code":{"insertions":43,"deletions":19},"test-code":{"insertions":15,"deletions":2}}},{"hash":"910c4152653196559af3e83cb29e33a5bf93fcc2","messageTitle":"edit list order command comments","messageBody":"","fileTypesAndContributionMap":{"functional-code":{"insertions":1,"deletions":1}}}]},{"date":"2022-03-16","commitResults":[{"hash":"991190c60be80ec1de851d7bd86ca122bddab5f7","messageTitle":"Add DeliveryDateTime to order and relevant tests","messageBody":"","fileTypesAndContributionMap":{"functional-code":{"insertions":148,"deletions":15},"test-code":{"insertions":70,"deletions":5}}}]},{"date":"2022-03-17","commitResults":[{"hash":"bd18dc4d54e844761435753accf244778225e4f6","messageTitle":"Fix edit order command to include remark \u0026 deliverydatetime","messageBody":"","fileTypesAndContributionMap":{"functional-code":{"insertions":38,"deletions":8}}}]},{"date":"2022-03-22","commitResults":[{"hash":"8b8c04f8db824df7c9047f7b665867d9a661ef7f","messageTitle":"Change editorderdescriptorbuilder to include deliverydatetime and remarks","messageBody":"","fileTypesAndContributionMap":{"test-code":{"insertions":22,"deletions":0}}},{"hash":"0439631efe58494d4b997c599e4ea6dbaaf6774b","messageTitle":"Add CollectionType enum to order and corresponding tests","messageBody":"","fileTypesAndContributionMap":{"functional-code":{"insertions":233,"deletions":50},"test-code":{"insertions":227,"deletions":32}}}]},{"date":"2022-03-24","commitResults":[{"hash":"b7ba126095d82b98bb5ee865570429a9b9827d61","messageTitle":"Update Developer Guide for AddOrderCommand","messageBody":"","fileTypesAndContributionMap":{"functional-code":{"insertions":0,"deletions":1},"docs":{"insertions":148,"deletions":22}}},{"hash":"f64ac16ea389f526d47033b8d3afc52f7f1d4319","messageTitle":"Update Developer Guide for checkstyle Update UserGuide for AddOrderCommand Edit AddOrderCommand example to include white space for better formatting","messageBody":"","fileTypesAndContributionMap":{"functional-code":{"insertions":2,"deletions":2},"docs":{"insertions":14,"deletions":6}}},{"hash":"8ce5a996de05552028f49778a5d6df49b0ba340f","messageTitle":"Update Developer Guide for CheckStyle","messageBody":"","fileTypesAndContributionMap":{"docs":{"insertions":9,"deletions":9}}},{"hash":"c3134ba83722459c480e26f5ce8ba90cc08c1374","messageTitle":"Edit Sequence Diagram PUML file for checkstyle","messageBody":"","fileTypesAndContributionMap":{"docs":{"insertions":1,"deletions":1}}}]},{"date":"2022-03-29","commitResults":[{"hash":"c505d3a8ea4e05b2ce10f20e46da7d893b948897","messageTitle":"Change PREFIX of deliverydatetime \u0026 details Edit Order equals checker to only include details and deliverydatetime","messageBody":"","fileTypesAndContributionMap":{"functional-code":{"insertions":3,"deletions":7}}},{"hash":"33392025c36b5c36776d538214cbee96f988024a","messageTitle":"Change PREFIX for deliverydatetime to be \"c\" - representing collection time Change PREFIX for Collectiontype to be \"m\" - representing method of collection","messageBody":"","fileTypesAndContributionMap":{"functional-code":{"insertions":2,"deletions":2}}},{"hash":"ce29e3fc28e8588ed380ee5b9bd5ff76cce6aa1a","messageTitle":"Edit Details to be case sensitive when performing equality check","messageBody":"","fileTypesAndContributionMap":{"functional-code":{"insertions":1,"deletions":1}}}]},{"date":"2022-03-30","commitResults":[{"hash":"824ddbd952a87b2b898f1d7ff018605897ef60dd","messageTitle":"Implement findorder command for details and collectiontype. Create test case for findordercommand for name, phone, details and collectiontype","messageBody":"","fileTypesAndContributionMap":{"functional-code":{"insertions":202,"deletions":7},"docs":{"insertions":1,"deletions":0},"test-code":{"insertions":352,"deletions":1}}},{"hash":"2a677e698db6fa7fdf9b1afb404a09fb95fdfd70","messageTitle":"Implement DeliveryDateTime leap year checker","messageBody":"","fileTypesAndContributionMap":{"functional-code":{"insertions":36,"deletions":1}}},{"hash":"82ee3deb6c9dfb9028e0e1729d067fa4196b4587","messageTitle":"Implement DeliveryDateTime tests for leap year Edit OrderTest for new order equality definition Implement limit on the number of characters found in a remark","messageBody":"","fileTypesAndContributionMap":{"functional-code":{"insertions":3,"deletions":3},"test-code":{"insertions":17,"deletions":7}}},{"hash":"c31089611a15e88d57f9c7a8c36566ac3dfb5e03","messageTitle":"Edit remark message constraints","messageBody":"","fileTypesAndContributionMap":{"functional-code":{"insertions":1,"deletions":1}}},{"hash":"1825b4e12c490a63fd644c09fca6edfa2cf0eb1c","messageTitle":"Edit Order equality condition to take into account details orders by using a hashset","messageBody":"","fileTypesAndContributionMap":{"functional-code":{"insertions":2,"deletions":1}}},{"hash":"743cc8decee42c934ea238a83fcd314708c73d07","messageTitle":"Implement find order for remark and implemented test Edit code for checkstyle","messageBody":"","fileTypesAndContributionMap":{"functional-code":{"insertions":85,"deletions":41},"test-code":{"insertions":81,"deletions":31}}},{"hash":"badc2e408527e67ec5f815d47f58645168d3222b","messageTitle":"Edit for checkstyle","messageBody":"","fileTypesAndContributionMap":{"functional-code":{"insertions":1,"deletions":1}}},{"hash":"e02b6ce3d264861777389357deab95a27b1c9b98","messageTitle":"Update User Guide for `findo`","messageBody":"","fileTypesAndContributionMap":{"docs":{"insertions":29,"deletions":3}}},{"hash":"e06f5814aa19fa063f203522c0ec2095398d38dc","messageTitle":"Fix failing remarks test due to new 70 character length limit set","messageBody":"","fileTypesAndContributionMap":{"test-code":{"insertions":5,"deletions":2}}},{"hash":"07b17725d76f328120288fe16a1673cce8a42515","messageTitle":"Change some comments as per PR feedback","messageBody":"","fileTypesAndContributionMap":{"functional-code":{"insertions":3,"deletions":3}}}]},{"date":"2022-03-31","commitResults":[{"hash":"ff4aec7b886a502e9eb33b44a158c35350eaaa97","messageTitle":"Change variable name for natural date parsing","messageBody":"","fileTypesAndContributionMap":{"functional-code":{"insertions":1,"deletions":1}}},{"hash":"61b75863f0aaa2e3bc56833108c89d17ccaefd4e","messageTitle":"Update UG to include findo in the command summary (Was previously removed)","messageBody":"","fileTypesAndContributionMap":{"docs":{"insertions":16,"deletions":16}}},{"hash":"2f017f4dbdb3531569285295614950edda2500b4","messageTitle":"Edit deliveryDateTime to accept dates before current date for record keeping purposes Edit test for deliveryDateTime to account for new change listed above Add more description to UserGuide for addOrderCommand and addPersonCommand Add in remark for addPerson message usage Edit message usage for findorder","messageBody":"","fileTypesAndContributionMap":{"functional-code":{"insertions":6,"deletions":7},"docs":{"insertions":11,"deletions":8},"test-code":{"insertions":1,"deletions":1}}},{"hash":"6077a5e109c42bd8cee409dddd10395e875ef77d","messageTitle":"Change Remark to being an optional argument for addOrder Change Remark to being an optional argument for addPerson Edit Message Usage for findo","messageBody":"","fileTypesAndContributionMap":{"functional-code":{"insertions":7,"deletions":7}}},{"hash":"4f127dea6b6b747184cb72c31520ca7fce8874bf","messageTitle":"Edit parsing condition for details","messageBody":"Now, a user is able to parse in findo details in the format \"quantity: item\".\nHowever, a user should only be allowed to parse details item and not quantity.\n\nAs long as the user parses \"[+ve int]:\" at the start of a `findo d/` command, it should not be allowed.\n\nIf this case was allowed, it could be confusing to the user:\nFor example the user parses `findo d/2: cake`: This could cause return values such as:\n- 1: cake\n- 3: cake\n\nwhich can confuse the user due to differing quantity names. As a result, solely for findo d/, we prevent this from happening by checking if\n`[quantity]:` is at the start of a findo d/ parse and return an error to the user\n","fileTypesAndContributionMap":{"functional-code":{"insertions":21,"deletions":0}}},{"hash":"f3c852358b4117f480addefbcdd6f5ad5ffdd68c","messageTitle":"Change details toString to ensure no whitespace is shown","messageBody":"","fileTypesAndContributionMap":{"functional-code":{"insertions":1,"deletions":1}}}]}],"onefangg":[{"date":"2022-02-25","commitResults":[{"hash":"f83e71bd7efb887dc7cfa3e07ea12d5b04548108","messageTitle":"Add Yi Fang\u0027s profile to AboutUs.md and PPP","messageBody":"","fileTypesAndContributionMap":{"docs":{"insertions":34,"deletions":4}}},{"hash":"65188ac792e050456183df8d5dc8a85a965bbdc6","messageTitle":"Revert \"Add Yi Fang\u0027s profile to AboutUs.md and PPP\"","messageBody":"This reverts commit f83e71bd7efb887dc7cfa3e07ea12d5b04548108.\n","fileTypesAndContributionMap":{"docs":{"insertions":4,"deletions":34}}},{"hash":"c66261ec38902951e0705f1ac90a33e37b6e7ade","messageTitle":"Add Yi Fang\u0027s profile to AboutUs.md","messageBody":"","fileTypesAndContributionMap":{"docs":{"insertions":5,"deletions":3}}},{"hash":"e121499459c448e42a99bf48290b89e3329c8bcc","messageTitle":"Add Yi Fang\u0027s PPP","messageBody":"","fileTypesAndContributionMap":{"docs":{"insertions":30,"deletions":0}}}]},{"date":"2022-03-03","commitResults":[{"hash":"052f63889d1460d8633d7c35478b43d0996723be","messageTitle":"Add test cases to Order and Details","messageBody":"Add and update relevant util classes (CommandTestUtil, TypicalOrders, OrderBuilder) to maintain testing consistency.\n\nUpdates to relevant stubs also done (AddressBookTest, CommandTestUtil, AddCommandTest).\n","fileTypesAndContributionMap":{"test-code":{"insertions":240,"deletions":0}}}]},{"date":"2022-03-04","commitResults":[{"hash":"4fe4d240c1ea935545c31cfe328bdb5cf0a130de","messageTitle":"Add tests for AddOrderCommand","messageBody":"Refactoring of ModelStub to be used as a public class for reuse in both Order and Person class\n","fileTypesAndContributionMap":{"test-code":{"insertions":219,"deletions":100}}},{"hash":"34fe67335afb8731928febb8ecc22f476b9a8fa2","messageTitle":"Refactor changes in testcases for consistency with checkstyleTest","messageBody":"","fileTypesAndContributionMap":{"test-code":{"insertions":27,"deletions":29}}},{"hash":"9082ad354a29b74568d8605a498c54ea84b5255d","messageTitle":"Update use cases for adding a customer and an order","messageBody":"","fileTypesAndContributionMap":{"docs":{"insertions":48,"deletions":1}}}]},{"date":"2022-03-05","commitResults":[{"hash":"91719c3cd1650b0a5067159ca87f93790e5e614f","messageTitle":"Update DG with user stories","messageBody":"","fileTypesAndContributionMap":{"docs":{"insertions":21,"deletions":14}}},{"hash":"65d961c3ece6600300de9cac2ccede88d2f2c928","messageTitle":"Add CompleteStatus attribute to Order","messageBody":"Currently, Orders have no pending status related to it.\n\nCompleteStatus is related to enum CompleteStatusType in order to limit the statuses an order has. (ie. an order is complete, incomplete, cancelled etc.)\n","fileTypesAndContributionMap":{"functional-code":{"insertions":117,"deletions":8}}},{"hash":"7c9e05da8a52301f03e028a934d4693240039b7b","messageTitle":"Revert \"Add CompleteStatus attribute to Order\"","messageBody":"This reverts commit 65d961c3ece6600300de9cac2ccede88d2f2c928.\n","fileTypesAndContributionMap":{"functional-code":{"insertions":8,"deletions":117}}}]},{"date":"2022-03-07","commitResults":[{"hash":"0bf06e17e3f27e24118b2eef631d7f0b2e87c054","messageTitle":"Add amendments to `isSameOrder` method in `Order` class * Update relevant test cases * Replace occurrences of \"Address Book\" with \"ReadyBakey\" except for code and comments with reference to code","messageBody":"","fileTypesAndContributionMap":{"functional-code":{"insertions":12,"deletions":13},"test-code":{"insertions":3,"deletions":6}}},{"hash":"79fc3b3abeddf5747d8cee0c68658cb9db2f6e99","messageTitle":"Revert merge conflict errors with AddressBookParser","messageBody":"","fileTypesAndContributionMap":{"functional-code":{"insertions":3,"deletions":3}}},{"hash":"a5b153cceb859499cc1948a2f085ea7fafdf0514","messageTitle":"Fix import error with AddressBookParser","messageBody":"","fileTypesAndContributionMap":{"functional-code":{"insertions":1,"deletions":1}}},{"hash":"f017c28881e0f2fed26964e2f761c2db7747e713","messageTitle":"Remove isSameOrder method and references * Replaced with equals method * Method removed as it has duplicate logic with equals method, and no strong duplication checks are required for Order class","messageBody":"","fileTypesAndContributionMap":{"functional-code":{"insertions":3,"deletions":15},"test-code":{"insertions":2,"deletions":19}}}]},{"date":"2022-03-11","commitResults":[{"hash":"6021401575c7c50cf3558e3608d87a0596944756","messageTitle":"Refactor FindCommand to FindPersonCommand","messageBody":"","fileTypesAndContributionMap":{"functional-code":{"insertions":10,"deletions":10},"other":{"insertions":19,"deletions":18},"test-code":{"insertions":4,"deletions":4}}},{"hash":"a8312cca6c863c912fb802d86fb152827a76e2db","messageTitle":"Refactor FindCommandParser to FindPersonCommandParser * Refactor command keyword for `find` to `findp`","messageBody":"","fileTypesAndContributionMap":{"functional-code":{"insertions":2,"deletions":2},"other":{"insertions":1,"deletions":1},"test-code":{"insertions":1,"deletions":1}}}]},{"date":"2022-03-16","commitResults":[{"hash":"98a0b61aef1da039c5b8232035ef848ce1b83a63","messageTitle":"Add findo functionality to find orders in ReadyBakey application","messageBody":"","fileTypesAndContributionMap":{"functional-code":{"insertions":56,"deletions":0},"test-code":{"insertions":26,"deletions":0}}}]},{"date":"2022-03-17","commitResults":[{"hash":"84aa22d6bac5e9b5b30139ae9b23ce31ba476b4e","messageTitle":"Implement functionality to find Order based on attributes (either name or phone)","messageBody":"","fileTypesAndContributionMap":{"functional-code":{"insertions":123,"deletions":18}}},{"hash":"f6dbd8673acfbcd77f5edc53fa412068efe87fba","messageTitle":"Fix checkstyle issues with AddOrderCommandParserTest * Accidental Commit of file - will resolve separately in another issue","messageBody":"","fileTypesAndContributionMap":{"test-code":{"insertions":9,"deletions":8}}},{"hash":"f96d20fda30150791fb26bf3ffc479603243005e","messageTitle":"Add tests for find orders","messageBody":"","fileTypesAndContributionMap":{"functional-code":{"insertions":7,"deletions":0},"test-code":{"insertions":26,"deletions":0}}},{"hash":"619f380f3087d1939bbb5a709f3bc3442e656e11","messageTitle":"Remove accidental file commit to branch","messageBody":"","fileTypesAndContributionMap":{"test-code":{"insertions":0,"deletions":27}}}]},{"date":"2022-03-18","commitResults":[{"hash":"c3e7b885f3bdaa6d5eb26af6e3be59558fdaec1a","messageTitle":"Remove superfluous commit of arePrefixesPresent method","messageBody":"","fileTypesAndContributionMap":{"functional-code":{"insertions":0,"deletions":7}}},{"hash":"16de2ece3a9111a5eb7112f073a86241ede36b66","messageTitle":"Removed unused import residual from removal of arePrefixesPresent method","messageBody":"","fileTypesAndContributionMap":{"functional-code":{"insertions":0,"deletions":1}}}]},{"date":"2022-03-20","commitResults":[{"hash":"d66983109a0773d60a99b3be4b2d58b6a6c8d92b","messageTitle":"Add tests for AddOrderCommandParser","messageBody":"","fileTypesAndContributionMap":{"test-code":{"insertions":136,"deletions":0}}},{"hash":"0d11444f486da85bf092f882a069424a785a3445","messageTitle":"Fix checkstyle issues with test","messageBody":"","fileTypesAndContributionMap":{"test-code":{"insertions":36,"deletions":45}}},{"hash":"5b3393236be0cd8dd5451c042ade26c3460a69a0","messageTitle":"Remove references to invalid details in tests","messageBody":"","fileTypesAndContributionMap":{"test-code":{"insertions":2,"deletions":4}}}]},{"date":"2022-03-24","commitResults":[{"hash":"dd84aa470fdca1e6a442f5e7ac62f1f46feba409","messageTitle":"Update DG with FindOrderCommand Implementation","messageBody":"","fileTypesAndContributionMap":{"docs":{"insertions":99,"deletions":1}}},{"hash":"a209e5bddea6d797d6c8b5a1096758effd9c11dd","messageTitle":"Add newline to .puml file for repository tests","messageBody":"","fileTypesAndContributionMap":{"docs":{"insertions":1,"deletions":1}}},{"hash":"158cd35e20051a50143080c4092b0ba7424fa980","messageTitle":"Removed extra tab space","messageBody":"","fileTypesAndContributionMap":{"docs":{"insertions":0,"deletions":1}}}]},{"date":"2022-03-25","commitResults":[{"hash":"5c284c8d998a36e1e92575aa1fb4af68a2e639b8","messageTitle":"Add method to parse Details into an order quantiy and order item. * No limit on number of Details that can be added to a single order * UI for displaying Details is temporary stand-in","messageBody":"","fileTypesAndContributionMap":{"functional-code":{"insertions":145,"deletions":43},"test-code":{"insertions":7,"deletions":2}}}]},{"date":"2022-03-26","commitResults":[{"hash":"262c8c2ff735e19b964b8d18d02f52abaa5fcb78","messageTitle":"Add a limit of number of details an order can have * Replace set structure with list","messageBody":"","fileTypesAndContributionMap":{"functional-code":{"insertions":36,"deletions":23},"test-code":{"insertions":3,"deletions":2}}},{"hash":"59d7b29893bbd3b9287084cfaa3d0a8da06e46c9","messageTitle":"Add tests for parsing Details * Updated other missing tests for attributes in Order * Updated validation regex for Details","messageBody":"","fileTypesAndContributionMap":{"functional-code":{"insertions":9,"deletions":1},"test-code":{"insertions":94,"deletions":36}}},{"hash":"c993cfe69ace0601fc5b63d83a18fec3de64cfd1","messageTitle":"Fix checkstyle issues in main and tests","messageBody":"","fileTypesAndContributionMap":{"functional-code":{"insertions":51,"deletions":35},"test-code":{"insertions":13,"deletions":17}}}]},{"date":"2022-03-27","commitResults":[{"hash":"91c8835417287323bdbb9a732459c1b2c78bab62","messageTitle":"Add validation checks for quantity and length of item for parsing Details","messageBody":"","fileTypesAndContributionMap":{"functional-code":{"insertions":74,"deletions":26},"test-code":{"insertions":21,"deletions":4}}},{"hash":"a82a5c3727abc5a90db6bcb7d25fa7ccbbd68c2e","messageTitle":"Fix checkstyle issues","messageBody":"","fileTypesAndContributionMap":{"functional-code":{"insertions":0,"deletions":3},"test-code":{"insertions":2,"deletions":1}}},{"hash":"f4ab738fc06e252588ea41fca50f2b6a42434e0b","messageTitle":"Fix checkstyle issues due to merge conflict","messageBody":"","fileTypesAndContributionMap":{"functional-code":{"insertions":1,"deletions":1}}}]},{"date":"2022-03-28","commitResults":[{"hash":"fc731df3df3168b5b9f96c13158187a609bc968b","messageTitle":"Fix merge conflict issues from recent PRs","messageBody":"","fileTypesAndContributionMap":{"functional-code":{"insertions":3,"deletions":3}}},{"hash":"9522fd916f8ea6d55407b3bb247e307c8e50af1a","messageTitle":"Fix merge conflicts due to recent PRs","messageBody":"","fileTypesAndContributionMap":{"functional-code":{"insertions":3,"deletions":3}}}]},{"date":"2022-03-29","commitResults":[{"hash":"e7e44be8bb617e8d92a7baeb6c8dc8ac81ea5863","messageTitle":"Refactor `findp` command to search based on attribute passed * All attributes are available to find with - search is based on single word matching keyword * Search based on email (that is consistent with other attribute) is intuintive as email is a single word.","messageBody":"","fileTypesAndContributionMap":{"functional-code":{"insertions":218,"deletions":13},"other":{"insertions":6,"deletions":6},"test-code":{"insertions":62,"deletions":5}}}]},{"date":"2022-03-30","commitResults":[{"hash":"3b624683bd612f3bf9f0dd089aa3d41abeebaa53","messageTitle":"Update findp search based on email attribute","messageBody":"","fileTypesAndContributionMap":{"functional-code":{"insertions":26,"deletions":4},"other":{"insertions":5,"deletions":5},"test-code":{"insertions":2,"deletions":5}}},{"hash":"46a3f5465ae9d57e558f8ff0cee7488ad42da87b","messageTitle":"Add clearer results in window from successful findp command","messageBody":"","fileTypesAndContributionMap":{"functional-code":{"insertions":147,"deletions":57}}},{"hash":"6a04d36c98c3df34f5f6a0a0e31ae70769d54e0d","messageTitle":"Add clearer results in window from successful findo command * Updated relevant tests","messageBody":"","fileTypesAndContributionMap":{"functional-code":{"insertions":99,"deletions":87},"test-code":{"insertions":19,"deletions":23}}}]},{"date":"2022-03-31","commitResults":[{"hash":"06d1b6afcb312745874e519e793e964bdc96a18a","messageTitle":"Add message usage","messageBody":"","fileTypesAndContributionMap":{"functional-code":{"insertions":1,"deletions":0}}},{"hash":"2a27a923126613d9c046142fffde20068da1ce16","messageTitle":"Update UG with update findp command * Update clear usage * Align between findo and findp description","messageBody":"","fileTypesAndContributionMap":{"docs":{"insertions":42,"deletions":32}}},{"hash":"e616eddf49525b9f460438a16313cd1c517f48a8","messageTitle":"Update EditOrderCommand Usage with new detalis format","messageBody":"","fileTypesAndContributionMap":{"functional-code":{"insertions":2,"deletions":1}}},{"hash":"e872adacaad1bcbbc9103d655d101beaef78a065","messageTitle":"Update UG * Update Details parameters limitation * Update command summary","messageBody":"","fileTypesAndContributionMap":{"docs":{"insertions":19,"deletions":16}}}]},{"date":"2022-04-06","commitResults":[{"hash":"5d441eaa42004f98847ccb020f941a116a51ce9a","messageTitle":"Fix PE-D documentation bugs","messageBody":"","fileTypesAndContributionMap":{"docs":{"insertions":18,"deletions":11}}}]}],"declanleeler":[{"date":"2022-02-24","commitResults":[{"hash":"f17eedb7ccfee6693e049615610a3b5423b2d573","messageTitle":"Update AboutUs.md","messageBody":"","fileTypesAndContributionMap":{"docs":{"insertions":32,"deletions":4}}},{"hash":"86c5a4425b8d5eb17619f1a68cf35725be5da153","messageTitle":"Fix checkstyle error","messageBody":"","fileTypesAndContributionMap":{"docs":{"insertions":1,"deletions":1}}},{"hash":"7ef4177eb8a3aa674a7c3159eb0811caad533e31","messageTitle":"Delete declanleeler.md","messageBody":"","fileTypesAndContributionMap":{"docs":{"insertions":0,"deletions":28}}},{"hash":"cbec4828bfa6d93cb3957805cff420fb01abb086","messageTitle":"Add Declan\u0027s ppp","messageBody":"","fileTypesAndContributionMap":{"docs":{"insertions":28,"deletions":0}}}]},{"date":"2022-02-25","commitResults":[{"hash":"b655c9fa42070775b51c9aebec60540f24882710","messageTitle":"Update UserGuide","messageBody":"3 features were updated:\n- addo\n- listo\n- deleteo\n","fileTypesAndContributionMap":{"docs":{"insertions":33,"deletions":0}}},{"hash":"26fbb35bdd7b85d45871c6a405dc42abfc9f3a40","messageTitle":"Fix UG description error","messageBody":"","fileTypesAndContributionMap":{"docs":{"insertions":1,"deletions":1}}},{"hash":"271e76b0844edadb0d0944392a2eef8c17958d41","messageTitle":"Update UG addO description","messageBody":"","fileTypesAndContributionMap":{"docs":{"insertions":1,"deletions":1}}}]},{"date":"2022-03-01","commitResults":[{"hash":"fa6db1c6aad373616ce62ee9dde3f23b4f0177b2","messageTitle":"Add user stories and use cases to DG","messageBody":"","fileTypesAndContributionMap":{"docs":{"insertions":30,"deletions":10}}}]},{"date":"2022-03-02","commitResults":[{"hash":"24baa495716849b5f06c0fc50a9d7385c2aeb2f8","messageTitle":"Refactor the DeleteCommand to DeletePersonCommand.","messageBody":"Search for and change all instances of DeleteCommand to DeletePersonCommand including in tests\n","fileTypesAndContributionMap":{"functional-code":{"insertions":3,"deletions":3},"other":{"insertions":36,"deletions":35},"test-code":{"insertions":4,"deletions":4}}},{"hash":"4cfe39d9829825b8ce745a818eaf570a5a0269f1","messageTitle":"Fix test error","messageBody":"","fileTypesAndContributionMap":{"test-code":{"insertions":2,"deletions":2}}}]},{"date":"2022-03-05","commitResults":[{"hash":"cc7da3a13633b759659329ef921cf4e934b809b1","messageTitle":"Update User Guide","messageBody":"","fileTypesAndContributionMap":{"other":{"insertions":1,"deletions":1},"docs":{"insertions":10,"deletions":10}}}]},{"date":"2022-03-06","commitResults":[{"hash":"f62216b8ba57b75450d424bd1cf9086b5041b5a4","messageTitle":"Update User Guide","messageBody":"","fileTypesAndContributionMap":{"docs":{"insertions":2,"deletions":2}}}]},{"date":"2022-03-12","commitResults":[{"hash":"2080b4d2aa34c6da70c4c40b2f324f5449846bf2","messageTitle":"Separate Order and Person information","messageBody":"To create a tidier display, order or person information should only be shown when an order or person command is executed respectively.\nLet\u0027s separate the information being displayed in ReadyBakey depending on what command type the user is requesting for.\n\nThis means CommandResult needs to have an additional input parameters to establish the command type. Thereafter, this will be used to determine what information is to be displayed.\n","fileTypesAndContributionMap":{"functional-code":{"insertions":66,"deletions":37},"test-code":{"insertions":61,"deletions":49}}},{"hash":"113d307873673aab6445ce2f86593354aedd8aa3","messageTitle":"Fix checkstyle errors","messageBody":"","fileTypesAndContributionMap":{"functional-code":{"insertions":3,"deletions":3}}}]},{"date":"2022-03-16","commitResults":[{"hash":"d0a9c60838d01318f106daf60a9de3406a092c82","messageTitle":"Update UI aesthetics","messageBody":"Let\u0027s:\n* improve color theme\n* improve aesthetics of the results list\n* change the title\n* reposition command box and response display\n","fileTypesAndContributionMap":{"functional-code":{"insertions":384,"deletions":19}}}]},{"date":"2022-03-17","commitResults":[{"hash":"93e611a8c5b465a2e7264dc9d3582059afe047a3","messageTitle":"Fix javafx version inconsistency","messageBody":"","fileTypesAndContributionMap":{"functional-code":{"insertions":2,"deletions":3}}},{"hash":"868a10c481c4f2b60f4357a82e90517d27dd3523","messageTitle":"Touch Up UI","messageBody":"","fileTypesAndContributionMap":{"functional-code":{"insertions":4,"deletions":4},"other":{"insertions":1,"deletions":1}}}]},{"date":"2022-03-23","commitResults":[{"hash":"c4d6ddfa61d4bb8b74462741b90f0bf2a982c1d6","messageTitle":"Update DG\u0027s feature implementation","messageBody":"Add details for Dynamic toggling between application\u0027s data implementation\n","fileTypesAndContributionMap":{"docs":{"insertions":37,"deletions":0}}},{"hash":"9af87a446334b40d5e4878df786fbc034cd4e086","messageTitle":"Update naming convention - clearer boolean attribute and method names - more appropriate variable naming","messageBody":"","fileTypesAndContributionMap":{"functional-code":{"insertions":20,"deletions":24}}},{"hash":"07fdc4ade9727cf14de29e7351f63ab60415e1a3","messageTitle":"Fix checkstyle error","messageBody":"","fileTypesAndContributionMap":{"docs":{"insertions":1,"deletions":1}}},{"hash":"6233f1aff8c9ccb63828e5a3611670feb5884f02","messageTitle":"Update UI naming convention","messageBody":"","fileTypesAndContributionMap":{"functional-code":{"insertions":6,"deletions":6},"other":{"insertions":6,"deletions":6}}}]},{"date":"2022-03-24","commitResults":[{"hash":"d26cb874948d8f5a22e224f8b2bc389051a4829e","messageTitle":"Add feature to find incomplete orders before a date","messageBody":"It would be helpful to allow users to specify a date and find orders that are still incomplete before it.\n\nLet\u0027s\n- create a new command type for this purpose\n- add tests\n","fileTypesAndContributionMap":{"functional-code":{"insertions":119,"deletions":2},"test-code":{"insertions":67,"deletions":1}}},{"hash":"45a7cd101f77a20a802d12b79206a3605833c62f","messageTitle":"Update to adhere to law of Demeter","messageBody":"- add method to get Order\u0027s LocalDateTime value\n","fileTypesAndContributionMap":{"functional-code":{"insertions":6,"deletions":1}}},{"hash":"74181434f60ddde3c4de535fdca7f1324a2a1e94","messageTitle":"Improve code quality - add more defensive coding - rename predicate to be more accurate - closer adherence to law of Demeter","messageBody":"","fileTypesAndContributionMap":{"functional-code":{"insertions":7,"deletions":3},"other":{"insertions":5,"deletions":5},"test-code":{"insertions":7,"deletions":7}}}]},{"date":"2022-03-27","commitResults":[{"hash":"10f7d82e1f3e35e0812e0054ef3c7ca0e09dfa3d","messageTitle":"Update Javadocs","messageBody":"","fileTypesAndContributionMap":{"functional-code":{"insertions":10,"deletions":3}}}]},{"date":"2022-03-28","commitResults":[{"hash":"d90bf9b76d4943c6d42eafe4e2a059810847b552","messageTitle":"Add sort orders feature","messageBody":"Let\u0027s create feature to sort orders by delivery date to improve user\u0027s ability to prioritise orders\n\nBecause ModelManager handles the output of orders that are being shown in the frontend, this is where the changes begin.\nThe order list that is returned out must be generalised to a ObservableList as it no longer can only be FilteredList, as it could be a SortedList.\n\nAny method that requires a sorting command can call the new updatedSortedFilteredOrderList. Such is the case for FindIncompleteOrdersCommand.\n","fileTypesAndContributionMap":{"functional-code":{"insertions":57,"deletions":14},"test-code":{"insertions":32,"deletions":21}}}]},{"date":"2022-03-29","commitResults":[{"hash":"564384cb42837510dc5f546f1f48ddf9c958936c","messageTitle":"Update UG","messageBody":"","fileTypesAndContributionMap":{"docs":{"insertions":26,"deletions":14}}}]},{"date":"2022-03-30","commitResults":[{"hash":"14dbb69bb7b7d61cad5b284a753660d02b596877","messageTitle":"Fix checkstyle error","messageBody":"","fileTypesAndContributionMap":{"test-code":{"insertions":1,"deletions":1}}}]},{"date":"2022-03-31","commitResults":[{"hash":"b7ec8b7594dcf4227db998a0a597314b9ee86a1b","messageTitle":"Update UG","messageBody":"","fileTypesAndContributionMap":{"docs":{"insertions":8,"deletions":8}}},{"hash":"2060679aa93a83244b753134e945a362ea0beee7","messageTitle":"Fix UG bug","messageBody":"","fileTypesAndContributionMap":{"docs":{"insertions":1,"deletions":1}}},{"hash":"d1059f78fd64f6abb8712e13d5ac04c2086d002a","messageTitle":"Update addp in quickstart and summary","messageBody":"","fileTypesAndContributionMap":{"docs":{"insertions":3,"deletions":3}}},{"hash":"cdd9cf26f4d052b664fe92661278cb349d54a4ce","messageTitle":"Update UG to include multiplicity indicator","messageBody":"","fileTypesAndContributionMap":{"docs":{"insertions":20,"deletions":20}}}]},{"date":"2022-04-01","commitResults":[{"hash":"1b40907595c6f02921781817077b7598a8ee68b8","messageTitle":"Fix bug in summary table","messageBody":"","fileTypesAndContributionMap":{"docs":{"insertions":17,"deletions":17}}},{"hash":"e448d6242cb4f0f5bc94b9c5cd55564355d2e0fb","messageTitle":"Change specification of multiplicity symbol","messageBody":"","fileTypesAndContributionMap":{"docs":{"insertions":4,"deletions":4}}},{"hash":"f6f7c954e41047c80626303e2a5bbf223efd4426","messageTitle":"Update UG","messageBody":"","fileTypesAndContributionMap":{"docs":{"insertions":3,"deletions":3}}},{"hash":"93876ff95ab44fa88ee03150b187ec528d73d5c5","messageTitle":"Update character length limits for input","messageBody":"","fileTypesAndContributionMap":{"docs":{"insertions":4,"deletions":0}}},{"hash":"f435fc06c70b89d3d7c50a375bddc86bbcb007ba","messageTitle":"Update UG feature field requirements","messageBody":"","fileTypesAndContributionMap":{"docs":{"insertions":10,"deletions":4}}}]},{"date":"2022-04-06","commitResults":[{"hash":"7b051a40dd5d5a26eb703c8a1fa2391f92020049","messageTitle":"Update DG to include incomplete order sequence diagram","messageBody":"","fileTypesAndContributionMap":{"docs":{"insertions":76,"deletions":3}}},{"hash":"e3c6e4e75386da0df02a23b889de6acf59a3778c","messageTitle":"Fix checkstyle error in diagram","messageBody":"","fileTypesAndContributionMap":{"docs":{"insertions":1,"deletions":1}}}]}],"punnyhuimin":[{"date":"2022-02-24","commitResults":[{"hash":"8821c26edc99b77aee6b634ec45f8cab7eea80bc","messageTitle":"Update AboutUs.md","messageBody":"Added information about me in the aboutme.md and my image.\n","fileTypesAndContributionMap":{"docs":{"insertions":6,"deletions":6}}},{"hash":"434ddf56a7d0188615d0ec1b6a05a3ac288b1e34","messageTitle":"Create skeletal PPP for Hui Min","messageBody":"Added Project Portfolio Page (PPP) as huimin.md. Part of #10.\n","fileTypesAndContributionMap":{"docs":{"insertions":34,"deletions":0}}},{"hash":"35b7a09c6fc6310cd5b4c0f7b3d0b542a45f6ad3","messageTitle":"Update UserGuide","messageBody":"Updated user guide for three functionalities: findp, clear, and editp.\n\nFurther updates required on functions below the findp method. Additional\nfeatures should also be added here.\n","fileTypesAndContributionMap":{"docs":{"insertions":10,"deletions":13}}}]},{"date":"2022-02-25","commitResults":[{"hash":"c6b6882a6d7fe73123a220d289318ee7fa3a55e2","messageTitle":"Update AboutUs and PPP","messageBody":"Naming changes for the image and PPP to align with required standards.\nUpdated relevant changes within AboutUs.md.\n","fileTypesAndContributionMap":{"docs":{"insertions":4,"deletions":4}}}]},{"date":"2022-03-01","commitResults":[{"hash":"3d4f667b8a548e307c76ea575035bed2929c723e","messageTitle":"Updated DeveloperGuide.md","messageBody":"Added more use cases to the DeveloperGuide for editing customers,\nexiting the application, and finding customers. Added user stories to\nthe table as well.\n","fileTypesAndContributionMap":{"docs":{"insertions":124,"deletions":18}}}]},{"date":"2022-03-02","commitResults":[{"hash":"393b8a30ae0bb45686a56aa2ed575e65288d8511","messageTitle":"Update DeveloperGuide","messageBody":"Included parts that were accidentally removed. Made changes to the edit command as well.\n","fileTypesAndContributionMap":{"docs":{"insertions":23,"deletions":23}}}]},{"date":"2022-03-05","commitResults":[{"hash":"15a5765ef24da00ec5ce24629be0003299473bb2","messageTitle":"Update DeveloperGuide.md","messageBody":"Updated target user profile and value proposition to be based on ReadyBakey instead.\n","fileTypesAndContributionMap":{"docs":{"insertions":12,"deletions":7}}}]},{"date":"2022-03-06","commitResults":[{"hash":"d13f5edeade496ee4f48ecc186d993ba3bc0a674","messageTitle":"Refactor ListCommand to ListPersonCommand","messageBody":"Passed both gradle checkstyle and tests.\n\nWill work on ExitCommand next.\n","fileTypesAndContributionMap":{"functional-code":{"insertions":26,"deletions":3},"test-code":{"insertions":47,"deletions":8}}},{"hash":"688695d0aa9d060d377d40888eaff6b1268bb1b8","messageTitle":"Update UserGuide.md","messageBody":"Remove excess column in Command Summary.\n","fileTypesAndContributionMap":{"docs":{"insertions":15,"deletions":15}}}]},{"date":"2022-03-11","commitResults":[{"hash":"ee5ba4d56b55f31256dfd7a208073214ef0240a0","messageTitle":"Update ExitCommand","messageBody":"ExitCommand now pauses for two seconds before closing the entire application. The text field for ReadyBakey also does not accept anymore commands upon Exit command input.\n","fileTypesAndContributionMap":{"functional-code":{"insertions":5,"deletions":2}}}]},{"date":"2022-03-13","commitResults":[{"hash":"315ad20f0ac30cf2d586344e2d286eb87f89ae44","messageTitle":"Update UserGuide.md","messageBody":"Issue with Command Summary table being poorly formatted in the markdown. Added `edito` command for v1.2. Edit editp command\u0027s example as it was not updated.","fileTypesAndContributionMap":{"docs":{"insertions":21,"deletions":5}}}]},{"date":"2022-03-14","commitResults":[{"hash":"df1e153d06dcf1de0ea62f077c8da377c9038889","messageTitle":"Add EditOrderCommand","messageBody":"EditOrderCommand does not check for duplicated orders as one person may order the same thing time and time again. Can edit name, phone, address, and details of order.\n\nTest cases are incomplete as of now. Still having errors with the test cases (IndexOutofBounds).\n","fileTypesAndContributionMap":{"functional-code":{"insertions":260,"deletions":0}}},{"hash":"3926de0c66bc675bd03e14bc064590476856d2a0","messageTitle":"Update EditOrderCommand","messageBody":"Checkstyle issues fixed.\n","fileTypesAndContributionMap":{"functional-code":{"insertions":8,"deletions":6}}},{"hash":"a84df62a6095980f0e6523302c00e0d160323e5f","messageTitle":"Build test cases for EditOrderCommand","messageBody":"Incomplete test cases. Committing to get the latest code in master to resolve heavy merge conflicts.\n","fileTypesAndContributionMap":{"test-code":{"insertions":278,"deletions":5}}}]},{"date":"2022-03-15","commitResults":[{"hash":"c92879c35894c669900770aacf60b2f304fe48fb","messageTitle":"Update EditOrderCommand","messageBody":"EditOrderCommand can now edit the order\u0027s address, customer name, phone number, order details. Switches to order tab.\n\nTest cases not completed. Will resolve later.\n","fileTypesAndContributionMap":{"functional-code":{"insertions":1,"deletions":1}}},{"hash":"be4f1116bc6c3cbefa057dae26fd55d714a03e8f","messageTitle":"Update EditOrderCommandTest","messageBody":"Change assertCommandSuccess to assertOrderCommandSuccess due to new flags being passed for GUI purposes.\n","fileTypesAndContributionMap":{"test-code":{"insertions":4,"deletions":4}}}]},{"date":"2022-03-16","commitResults":[{"hash":"5cf286563c6f0a7003725049d720da44b5d08c48","messageTitle":"Update EditOrderCommand test","messageBody":"EditOrderCommand tests are now all passing. Error pointed out by Gerald with regards to usage of TypicalPersons instead of TypicalOrders, resulting in failures of test cases. Errors with checkstyle have also been fixed.\n","fileTypesAndContributionMap":{"test-code":{"insertions":20,"deletions":9}}},{"hash":"4c3bd7df2e1ab57f7549748fda4e92e929b3e835","messageTitle":"Update EditOrderDescriptorTest","messageBody":"Missed out checkstyle error. It is now fixed.\n","fileTypesAndContributionMap":{"test-code":{"insertions":1,"deletions":1}}},{"hash":"1a8c1761e94739086a2a0b67af24818b8d85319e","messageTitle":"Update UserGuide for EditOrder","messageBody":"User guide now consists of updated EditOrder command. Updated FAQ to note that customer\u0027s order will be tied to their ID instead of phone number.\n\nFormatted add order command\u0027s documentation.\n\nMight need to change the `addo` command documentation due to the difference in prefixes. Current `addo` is not the same as what is given in the UG.\n","fileTypesAndContributionMap":{"docs":{"insertions":19,"deletions":19}}}]},{"date":"2022-03-20","commitResults":[{"hash":"88f35f46a6112db315f3160d6956616a3c0da4d4","messageTitle":"Fix bug in UI","messageBody":"Remove select option in the UI. Not 100% complete as there is still option to select in fxml code. Result list is not changing the background as expected. Need to find a way to change it. Add borders to set as the distance between each card. This is the fastest way to get spacing between the cards, but is not consistent between the first card\u0027s top portion vs between other cards. Weird border outside supposed border as well.\n\nWill attempt to fix spacing issue again and change the background of the listing of both orders and persons to be white.\n","fileTypesAndContributionMap":{"functional-code":{"insertions":41,"deletions":26}}},{"hash":"6285fc2c0f5641c3e13baf6bd27a5004f7f1e6dd","messageTitle":"Update HelpWindow link","messageBody":"HelpWindow link is now pointing to ReadyBakey\u0027s UG instead of SE-EDU UG.\n\nWill beautify HelpWindow in the next PR.\n","fileTypesAndContributionMap":{"functional-code":{"insertions":1,"deletions":1}}},{"hash":"27342525d2af93919f5fb12b286b1b1a19b4095e","messageTitle":"Update HelpWindow CSS","messageBody":"Colors of HelpWindow and CopyURL button is now consistent with ReadyBakey\u0027s theme.\n\nNo further changes for help window.\n","fileTypesAndContributionMap":{"functional-code":{"insertions":6,"deletions":5}}}]},{"date":"2022-03-23","commitResults":[{"hash":"abf62a2571ac1ddf16a7226c83ce0b4321cc9317","messageTitle":"Fix blue box bug in UI","messageBody":"Set the boxes unfilled with `transparent` instead of `white` to remove it from sight of the application. No more border radius to keep things simple.\n\nPotentially remove borders in the resultpane in the future and add avatar next.\n","fileTypesAndContributionMap":{"functional-code":{"insertions":1,"deletions":7}}}]},{"date":"2022-03-24","commitResults":[{"hash":"ef46b8a265159491dfbe2aac96549630d1c37711","messageTitle":"Update DeveloperGuide for EditOrderCommand","messageBody":"Included sequence diagram of the Edit Order feature, with the write up for EditOrder as well. Write up is for the intended implementation, hence it is still [In progress].\n","fileTypesAndContributionMap":{"docs":{"insertions":141,"deletions":11}}},{"hash":"f523054abc0886a718e7a4f32a547f490829bbe9","messageTitle":"Update Developer Guide","messageBody":"Address issue with the wrong term used.\n","fileTypesAndContributionMap":{"docs":{"insertions":1,"deletions":2}}},{"hash":"e992f79d9b05899f23e32f3669a02bbcedf90a1d","messageTitle":"Update DG","messageBody":"Errors in understanding of how order class was implemented. Reflected the changes in the DG.\n","fileTypesAndContributionMap":{"docs":{"insertions":5,"deletions":5}}},{"hash":"4aa423f143df8c0ba068bca6f9bda543515e5d83","messageTitle":"Edit DG","messageBody":"Edit phrasing.\n","fileTypesAndContributionMap":{"docs":{"insertions":1,"deletions":2}}}]},{"date":"2022-03-25","commitResults":[{"hash":"d5206b0bb430c03b0d213f838feee49074304bb8","messageTitle":"Revert \"Update DeveloperGuide for EditOrderCommand\"","messageBody":"","fileTypesAndContributionMap":{"docs":{"insertions":9,"deletions":136}}},{"hash":"5a0b50c4030f17b63aed3a34e8207a1bb93ad083","messageTitle":"Update DG for EditOrderCommand","messageBody":"Added relevant details for EditOrderCommand.\n","fileTypesAndContributionMap":{"docs":{"insertions":1,"deletions":1}}},{"hash":"93a57de92b6c86b250df69cc4294082d58d2185f","messageTitle":"Update DG for EditOrderCommand","messageBody":"EditOrderCommand previously committed but had issues with the codecov test. Creating new PR to address issues.\n","fileTypesAndContributionMap":{"docs":{"insertions":126,"deletions":0}}},{"hash":"5b1fa917ab26f546c4f3062c6b848dfe023b3663","messageTitle":"Remove trailing whitespace","messageBody":"Extra tabs or spaces behind several lines of code. Deleted the trailing whitespace.\n","fileTypesAndContributionMap":{"docs":{"insertions":8,"deletions":8}}}]},{"date":"2022-03-27","commitResults":[{"hash":"2429a1cbf99a65df725d6d30e0506a2001f69e1f","messageTitle":"Add Natural Date capability","messageBody":"Natural Date allows for user to input any date that they want (i.e. Mon, Monday, Wed, Weds, Wednesday). Time still needs to be in the same format as the usual dates.\n\nNoted that the `addo` does not allow for multiple orders by the same person.\n\nWill add in test cases later.\n","fileTypesAndContributionMap":{"functional-code":{"insertions":181,"deletions":2}}},{"hash":"f6736bad28c1ddcc42ec3a57af16913be3dc2e92","messageTitle":"Update javadoc in DateChecker","messageBody":"","fileTypesAndContributionMap":{"functional-code":{"insertions":2,"deletions":2}}}]},{"date":"2022-03-28","commitResults":[{"hash":"2bfd5e20a28156ac50238beb82606ef64873b37f","messageTitle":"Update natural dates","messageBody":"Natural dates now functioning correctly. Added test cases for the NaturalDates as well in ParserUtilTest.\n\nWill work on a test case for DateCheckerTest in the future.\n","fileTypesAndContributionMap":{"functional-code":{"insertions":42,"deletions":28}}},{"hash":"b1c2b28ec07a59aa565eb5a37c4b3b0122fc5c90","messageTitle":"Update DateChecker","messageBody":"DateChecker can now work with all natural dates.\n\nTests need to be refined further and will not be pushed. Need a method in test to get the current date + the date for the next few days.\n","fileTypesAndContributionMap":{"functional-code":{"insertions":5,"deletions":5}}},{"hash":"da203616c19fab8c6a16e8a1e270fc4418840b48","messageTitle":"Add test for DeliveryDateTime","messageBody":"Tests to ParserUtilTest were added to test the capability of the parser to handle natural dates and non-natural dates. Might need extra work to clean up the dates that I provided in the test.\n","fileTypesAndContributionMap":{"functional-code":{"insertions":1,"deletions":1},"test-code":{"insertions":140,"deletions":0}}}]},{"date":"2022-03-30","commitResults":[{"hash":"54da747bb64b82df6cb3e764a0d54cec93fe3e00","messageTitle":"Update EditOrderCommand","messageBody":"EditOrderCommand\u0027s response message now provides details on using all potential prefixes available to the users. This includes the details, remarks, delivery datetime, and collection type.\n\nAdded one test to catch when all prefixes are provided to readybakey.\n","fileTypesAndContributionMap":{"functional-code":{"insertions":8,"deletions":2},"test-code":{"insertions":30,"deletions":0}}},{"hash":"13ad6f148b6a54797a2cbafd3b1c34ab0904d250","messageTitle":"Resolve checkstyle errors","messageBody":"","fileTypesAndContributionMap":{"functional-code":{"insertions":4,"deletions":1},"test-code":{"insertions":2,"deletions":2}}},{"hash":"b4145410dd02b25353c9aa4a4c33fe5613485e35","messageTitle":"Update index.md","messageBody":"Update index.md to include all of ReadyBakey\u0027s link and no longer point to AddressBook.\n","fileTypesAndContributionMap":{"docs":{"insertions":6,"deletions":5}}},{"hash":"75cc295230d0f7063af5938e378f8438f61a4050","messageTitle":"Update UserGuide for EditOrder","messageBody":"Include more examples into the user guide for edito. It can now edit remarks, details, delivery datetime, and collection type.\n","fileTypesAndContributionMap":{"docs":{"insertions":11,"deletions":6}}},{"hash":"56964c3214fa4c9d4c29206f06b9676421ac4303","messageTitle":"Update Ui","messageBody":"Fixed issue with the response box not wrapping the text.\n\nLet\u0027s remove the avatar from the final product. Attempted to add avatar into the response box but failed to do so due to the nature of the response box (text box). Will require a revamp of the response box in order to include the image, which is not wise as it is not time well-spent.\n","fileTypesAndContributionMap":{"functional-code":{"insertions":3,"deletions":4}}},{"hash":"a44c54b0bafc5c4095b042572723ec1eb7d793eb","messageTitle":"Resolve checkstyle error","messageBody":"","fileTypesAndContributionMap":{"functional-code":{"insertions":1,"deletions":2}}}]},{"date":"2022-03-31","commitResults":[{"hash":"f68c8eef8c2923955a09a747a47747620f932872","messageTitle":"Update UserGuide for EditOrder and AddPerson command","messageBody":"Added more explanations for EditOrderCommand\u0027s usage for better guide to the multiple functions that it can take on. Also edited edito in the Command Summary.\n\nEdited the addp functionality in Command Summary as it was not reflective of the capabilities.\n","fileTypesAndContributionMap":{"docs":{"insertions":34,"deletions":23}}},{"hash":"db3aa0c2d8c0b3ab506e4842cde8e2503e65471b","messageTitle":"Edit DateChecker","messageBody":"DateChecker had one line of code that did not adhere to checkstyle standards. I have edited the line but am not sure how it managed to slip through the checkstyle previously.\n","fileTypesAndContributionMap":{"functional-code":{"insertions":1,"deletions":1}}},{"hash":"2e0de4f13875930652c53ac0335f62c84987abd3","messageTitle":"Fix Ui bug","messageBody":"UI for orders had issues with the details \"tag\". Found the error to have been in the CSS instead. Issue was purely due to naming and is now fixed.\n\nChanged the color of the details to orange for better differentiation between orders and customers.\n","fileTypesAndContributionMap":{"functional-code":{"insertions":1,"deletions":1}}},{"hash":"8d91992338c629447cbff1e3bde95d26b5037d01","messageTitle":"Change color of order detail","messageBody":"Order detail is now orange instead or being the same as tags.\n","fileTypesAndContributionMap":{"functional-code":{"insertions":11,"deletions":2}}},{"hash":"b7fb6dfbd465c2d817a69afb6f840eb12b84aede","messageTitle":"Update ReadyBakeyTheme.css","messageBody":"","fileTypesAndContributionMap":{"functional-code":{"insertions":1,"deletions":1}}},{"hash":"6d61487ac3289d7aeb2a025a84d725daede50286","messageTitle":"Update UserGuide","messageBody":"Includes more info on the usage of naturaldates for delivery date time. Fixed up various formatting errors and phrasings as well.\n","fileTypesAndContributionMap":{"docs":{"insertions":43,"deletions":20}}}]},{"date":"2022-04-01","commitResults":[{"hash":"5aa10455df70b4d5344ed3ab94ac9bf95f313ab0","messageTitle":"Update prefix defense","messageBody":"Add restrictions to the character length of address at 6-100 chars. Rationale for 6 is to ensure that users can put purely postal code if they have no time to key the full address.\n\nAdded restrictions to the name as well. It cannot go over 50 chars and below 2 chars.\n\nEmails are restricted to 6-50 chars.\n\nTesting of char limits should be done with ParserUtil. It is where all the exceptions are thrown and would be a better way to consolidate all exceptions.\n\nRemoved phone char limit validation in Phone to provide better error messages. Moved this to ParserUtil instead.\n\nWill work on adding tests for these restrictions in the following milestone.\n","fileTypesAndContributionMap":{"functional-code":{"insertions":10,"deletions":3}}},{"hash":"12ad07af9a5f5b780304543f850eaa7ec7b6b8d0","messageTitle":"Update checkstyle","messageBody":"Something went wrong with my SourceTree and it did not capture the changes I made to the checkstyle.\n","fileTypesAndContributionMap":{"functional-code":{"insertions":44,"deletions":7},"test-code":{"insertions":2,"deletions":2}}},{"hash":"91535aea176588d5524e69d6ff0cb433e77b1677","messageTitle":"Update app version","messageBody":"App version updated to v1.3.1\n","fileTypesAndContributionMap":{"functional-code":{"insertions":1,"deletions":1}}},{"hash":"57640adb4683209b7fa852e0dae75e1acadb306d","messageTitle":"Update UG for defense","messageBody":"UG now contains information regarding the character restrictions for the person prefix inputs.\n","fileTypesAndContributionMap":{"docs":{"insertions":55,"deletions":45}}},{"hash":"512667ae36ce68cd3a4585fb3191b251838333c0","messageTitle":"Remove typo","messageBody":"Not sure what happened that caused the \u003c\u003e to appear in the commit.\n","fileTypesAndContributionMap":{"functional-code":{"insertions":1,"deletions":1}}},{"hash":"433a46130878f9b7efff99fe8fac7c8f9097e884","messageTitle":"Add more detail to phone number","messageBody":"Phone number does not allow for spaces or dashes.\n","fileTypesAndContributionMap":{"docs":{"insertions":1,"deletions":0}}},{"hash":"22a876ccc721db622bd74704f079a7c9bf3ee2ca","messageTitle":"Update address max","messageBody":"Updated to 70.\n","fileTypesAndContributionMap":{"functional-code":{"insertions":1,"deletions":1}}},{"hash":"a2d655795b9044b306dde69929511630a5177a45","messageTitle":"Update UserGuide","messageBody":"UserGuide now mentions 70 char limit instead of 100 for address.\n","fileTypesAndContributionMap":{"docs":{"insertions":1,"deletions":1}}},{"hash":"8254f1df081d1ab953f4b21502718be7a14a2f72","messageTitle":"Update version","messageBody":"","fileTypesAndContributionMap":{"functional-code":{"insertions":1,"deletions":1}}},{"hash":"31211e7f6538e2d8bdec4fbc524eabe1294b1d6a","messageTitle":"Update ug","messageBody":"","fileTypesAndContributionMap":{"docs":{"insertions":11,"deletions":2}}}]},{"date":"2022-04-05","commitResults":[{"hash":"eb14f6791aa38e90a0a465a59d6b8f7195a962c7","messageTitle":"Update code reuse for DateChecker","messageBody":"Reused the calculation from the specified website. Website only listed one calculation and the rest are created by me based on my understanding of the code snippet provided. Everything in the switch case statement was created by me.\n","fileTypesAndContributionMap":{"functional-code":{"insertions":3,"deletions":0}}},{"hash":"dbfa8e64e8613e85678e4c38080b5ecab80f1064","messageTitle":"Update code reuse reference","messageBody":"Code reuse for scrollbar CSS. Added the reference.\n","fileTypesAndContributionMap":{"functional-code":{"insertions":6,"deletions":0}}}]},{"date":"2022-04-06","commitResults":[{"hash":"c40b0ca1585cc7cf5b0cbbf1522c70b6592d0d32","messageTitle":"Update json file name","messageBody":"JSON file name is now updated from AddressBook to ReadyBakey.\n","fileTypesAndContributionMap":{"functional-code":{"insertions":1,"deletions":1},"docs":{"insertions":2,"deletions":1},"test-code":{"insertions":2,"deletions":2}}},{"hash":"811a1eb1f7e4893ce5556dc01f3391c3c5a30fc8","messageTitle":"Update DeveloperGuide for Storage Component","messageBody":"Update API link to point towards our own Storage.java instead of AddressBook. Renamed a few other things.\n","fileTypesAndContributionMap":{"docs":{"insertions":104,"deletions":105}}},{"hash":"6d0f4e703e3775f7dcfbf536e3dc1b03a06c011a","messageTitle":"Update format of DG","messageBody":"Formatting errors with respect to the spacing before bullet points.\n","fileTypesAndContributionMap":{"docs":{"insertions":53,"deletions":53}}},{"hash":"05f640ee6eb6b845a5fd27e758b4108c663e5cbe","messageTitle":"Update StorageClassDiagram","messageBody":"Addition of JsonAdaptedOrder to the Storage diagram.\n","fileTypesAndContributionMap":{"docs":{"insertions":4,"deletions":0}}},{"hash":"6b03d5e8063a8b5600ef16fd69e283a9acf1a66f","messageTitle":"Update AddressBook to ReadyBakey","messageBody":"","fileTypesAndContributionMap":{"docs":{"insertions":3,"deletions":2}}}]}]},"authorFileTypeContributionMap":{"darshan152":{"docs":260,"functional-code":760,"test-code":474,"other":4},"Geralddtan":{"docs":306,"functional-code":1515,"test-code":1076},"onefangg":{"docs":199,"functional-code":802,"test-code":653},"declanleeler":{"docs":200,"functional-code":613,"test-code":163,"other":1},"punnyhuimin":{"docs":439,"functional-code":543,"test-code":441}},"authorContributionVariance":{"darshan152":14350.91,"Geralddtan":47072.816,"onefangg":14775.4795,"declanleeler":5637.775,"punnyhuimin":11924.141},"authorDisplayNameMap":{"darshan152":"CS2103-F09-4 DARS..DAVE","Geralddtan":"CS2103-F09-4 GERA.. WEI","onefangg":"CS2103-F09-4 CHUA..FANG","declanleeler":"CS2103-F09-4 DECL.. LER","punnyhuimin":"CS2103-F09-4 PUN .. MIN"}}
