{"authorDailyContributionsMap":{"arcornior":[{"date":"2022-02-27","commitResults":[{"hash":"ebaa86d9f70cead7ef3223c817652eb5d9dd80f6","messageTitle":"Edit AboutUs for Shao Cong","messageBody":"","fileTypesAndContributionMap":{"docs":{"insertions":7,"deletions":6}}},{"hash":"53c7a3a7173dbb4db67c0b9cdacb4f9b16b75ede","messageTitle":"Add skeletal PPP for Shao Cong","messageBody":"","fileTypesAndContributionMap":{"docs":{"insertions":39,"deletions":0}}},{"hash":"2e5840565c3d5e724e81cc635bbaa339f8c95fd8","messageTitle":"Edit README to suit Trackermon","messageBody":"","fileTypesAndContributionMap":{"docs":{"insertions":9,"deletions":10}}},{"hash":"a5dd6a702b363d3bfbc9d83fc92ca0bbc4dfa388","messageTitle":"Edit ReadMe","messageBody":"","fileTypesAndContributionMap":{"docs":{"insertions":2,"deletions":2}}},{"hash":"1d644c281bcd801001ced652166396b6cb65c89e","messageTitle":"Edit UserGuide\u0027s list section","messageBody":"","fileTypesAndContributionMap":{"docs":{"insertions":1,"deletions":1}}},{"hash":"d3b1d8ebf56e9f7206284e58e768781cce1c6e00","messageTitle":"Fix description in UserGuide","messageBody":"","fileTypesAndContributionMap":{"docs":{"insertions":1,"deletions":1}}},{"hash":"93e254225b73177d8dc59117baaac862e6b8a2d6","messageTitle":"Update DevGuide\u0027s user profile, value proposition, and user stories","messageBody":"","fileTypesAndContributionMap":{"docs":{"insertions":11,"deletions":12}}},{"hash":"09a57212177c327ae62d5377b76fb8f81f08901f","messageTitle":"Update Shao Cong\u0027s responsibilities","messageBody":"","fileTypesAndContributionMap":{"docs":{"insertions":3,"deletions":2}}},{"hash":"b162a2a6189605abdbe2d067e1f3c09f31a54577","messageTitle":"Fix UserGuide to suit Trackermon","messageBody":"","fileTypesAndContributionMap":{"docs":{"insertions":1,"deletions":1}}}]},{"date":"2022-03-10","commitResults":[{"hash":"59de6f2b1272008f75671a62b9c747c3eceb808d","messageTitle":"Modify Storage components and Status to fit Trackermon","messageBody":"","fileTypesAndContributionMap":{"functional-code":{"insertions":281,"deletions":0}}},{"hash":"7bb27076a67d54ce070804863a4b8b9cd27739b2","messageTitle":"Fix lexicographical order for import","messageBody":"","fileTypesAndContributionMap":{"functional-code":{"insertions":1,"deletions":1}}},{"hash":"0b81eb0fca711b56922d4d500e7f2a7b036c4073","messageTitle":"Modify Storage and StorageManager to fit Trackermon","messageBody":"","fileTypesAndContributionMap":{"functional-code":{"insertions":110,"deletions":0}}}]},{"date":"2022-03-14","commitResults":[{"hash":"7dcb254b1d6596909ef1b51d81c09e77080b2a81","messageTitle":"Modify DG\u0027s Storage section to fit Trackermon","messageBody":"","fileTypesAndContributionMap":{"docs":{"insertions":3,"deletions":3}}},{"hash":"436d18188febe9eba8637f841a1658626bac9f53","messageTitle":"Fix merge conflict","messageBody":"","fileTypesAndContributionMap":{"docs":{"insertions":0,"deletions":19}}},{"hash":"2f4a35538342b75c2fcafdb7da1fcf8d93ed3552","messageTitle":"Remove unnecessary detail in AboutUs","messageBody":"","fileTypesAndContributionMap":{"docs":{"insertions":0,"deletions":2}}}]},{"date":"2022-03-15","commitResults":[{"hash":"aa68edce570c10dae214619b006643e6bc9048f4","messageTitle":"Add ToC for DG Add lines to break different sections of DG to improve readability","messageBody":"","fileTypesAndContributionMap":{"docs":{"insertions":33,"deletions":5}}},{"hash":"c2a3cbce1f26fabbb5e301a2c799a6681f0f22d1","messageTitle":"Fix font size issue in ToC","messageBody":"","fileTypesAndContributionMap":{"docs":{"insertions":1,"deletions":0}}},{"hash":"0c7d960e036f40182ae4b5523f34a90d511b657a","messageTitle":"Add return to top button","messageBody":"","fileTypesAndContributionMap":{"docs":{"insertions":36,"deletions":8}}},{"hash":"16452d873df95ba807504be48968a1b6f68e11bf","messageTitle":"Fix font size issue","messageBody":"","fileTypesAndContributionMap":{"docs":{"insertions":24,"deletions":1}}},{"hash":"b8e0ab8929606b728baa490a8c3b595efdc661ad","messageTitle":"Remove redundant return to top buttons","messageBody":"","fileTypesAndContributionMap":{"docs":{"insertions":14,"deletions":12}}},{"hash":"95ffbab9d1a59fafcbe3d7e4f1cb2d0b3c7a47d5","messageTitle":"Fix bug","messageBody":"","fileTypesAndContributionMap":{"docs":{"insertions":1,"deletions":1}}},{"hash":"2306476f8ccc161ccb9b49728564b0ddcc42b8b2","messageTitle":"Update roles of developers","messageBody":"","fileTypesAndContributionMap":{"docs":{"insertions":12,"deletions":12}}}]},{"date":"2022-03-16","commitResults":[{"hash":"9d4787d75e5777df727aea7ea6490a6b839cf8af","messageTitle":"Change Trackermon\u0027s data file to trackermon.json","messageBody":"","fileTypesAndContributionMap":{"functional-code":{"insertions":1,"deletions":1}}},{"hash":"7143e82a91ef5e0031232f93c0aa5d01c2e3d049","messageTitle":"Edit UI to display title as Trackermon Remove redundant classes from AddressBook","messageBody":"","fileTypesAndContributionMap":{"functional-code":{"insertions":4,"deletions":108}}}]},{"date":"2022-03-17","commitResults":[{"hash":"9c36d349fd53f198d3540d437d0e1aab0cd418a8","messageTitle":"Fix typo in DG","messageBody":"","fileTypesAndContributionMap":{"docs":{"insertions":1,"deletions":1}}}]}],"aweijun":[{"date":"2022-02-26","commitResults":[{"hash":"b1304b60c87086c3a601954e5dc682fe4241f937","messageTitle":"Update AboutUs.md","messageBody":"Update the AboutUs.md with personal information. Uploaded a personal\nphoto to docs/images as aweijun.png.\n\nThis is done to introduce the developers working on the product.\n","fileTypesAndContributionMap":{"docs":{"insertions":56,"deletions":7}}}]},{"date":"2022-02-27","commitResults":[{"hash":"c11ce18b65c8452c7596c801ec6446e34f56d09a","messageTitle":"Update Developer Guide","messageBody":"Update the target user profile, user stories, value proposition and\nuser stories to fit Trackermon instead.\n\nMore user stories would be added in future iterations of the project.\n","fileTypesAndContributionMap":{"docs":{"insertions":17,"deletions":13}}},{"hash":"909bcade75f47dbd75fee418d5f824ffa3b3f75a","messageTitle":"Update AboutUs","messageBody":"Update users responsibilities in the AboutUs page.\n\nResponsibility might be updated in the future.","fileTypesAndContributionMap":{"docs":{"insertions":2,"deletions":1}}}]},{"date":"2022-02-28","commitResults":[{"hash":"950d4d834f72a70f62d0d4d88c565b0f151aa47c","messageTitle":"Update User Guide","messageBody":"Update user guide\u0027s exit command with additional details relating to\nTrackermon.\n","fileTypesAndContributionMap":{"docs":{"insertions":3,"deletions":1}}},{"hash":"9b02463bbd94b1174c897c6fde15175612e1eb59","messageTitle":"Update index.md","messageBody":"Update index.md with Trackermon details instead.\n","fileTypesAndContributionMap":{"docs":{"insertions":6,"deletions":6}}}]},{"date":"2022-03-03","commitResults":[{"hash":"6332a543f561b88eafa226d4d5304602663a3ee8","messageTitle":"Update User Guide Formatting and Content","messageBody":"Modified original Address Book user guide to fit Trackermon.\n","fileTypesAndContributionMap":{"docs":{"insertions":20,"deletions":76}}}]},{"date":"2022-03-04","commitResults":[{"hash":"319fb91ab185ad2eddc16de8d849a52199e22c9e","messageTitle":"Add Name class, Show class, and Tag class","messageBody":"Modify the original address book class to fit Trackermon.\n\n1. Create Name class to represent name of show.\n2. Create Show class to represent shows within Trackermon\n3. Create Tag class to represent tags of the show.\n\nThis provides a layer of abstraction allowing us to abstract away lower\nlevel details. For example, the toString method of Show case would\nreturn the string representation of the Show class.\n\nGoing to add a status component into the Show class in the future\niteration.\n","fileTypesAndContributionMap":{"functional-code":{"insertions":203,"deletions":0}}}]},{"date":"2022-03-05","commitResults":[{"hash":"565590f77a6ec6ac949ab337c4787b1f750597f1","messageTitle":"Add DuplicatedShowException and ShowNotFoundException","messageBody":"This will help us to catch certain runtime errors that may occur.\n1. DuplicatedShowException is thrown when there is a duplicated shows.\n2. ShowNotFoundException is thrown when no show can be found.\n","fileTypesAndContributionMap":{"functional-code":{"insertions":12,"deletions":0}}}]},{"date":"2022-03-06","commitResults":[{"hash":"364ce5eaeeb7de48de51a2342d9f8e7357570b1d","messageTitle":"Move exception to under show package","messageBody":"Move both exceptions into their a new package under exceptions\n","fileTypesAndContributionMap":{"functional-code":{"insertions":3,"deletions":59},"other":{"insertions":2,"deletions":2}}},{"hash":"113ce7aeca93677ae992f80b33365e6ddcb8e77c","messageTitle":"Modify AB3 class to fit trackermon","messageBody":"1. Add ReadOnlyShowList\n2. Add ShowList\n3. Add UniqueShowList\n","fileTypesAndContributionMap":{"functional-code":{"insertions":249,"deletions":0}}},{"hash":"97fd414d0a2208090ed8ffa8ca74d9ac30bc57cc","messageTitle":"Modify AB3 Components to fit Trackermon","messageBody":"1. Add ModelManagerTrackermon\n2. Add ModelTrackermon\n3. Add ReadOnlyUserPrefsTrackermon\n4. Add UserPrefsTrackermon\n","fileTypesAndContributionMap":{"functional-code":{"insertions":331,"deletions":0}}},{"hash":"543fc2a68d52628c1c34b9f5b2bf946d99a64042","messageTitle":"Add Show and Status class","messageBody":"Add Show class represents Show objects within Trackermon. Show object\ncontains Name, Status and a set of Tags.\n\nAdd Status class which represents the watch status of the Show.\n","fileTypesAndContributionMap":{"functional-code":{"insertions":41,"deletions":3}}}]},{"date":"2022-03-07","commitResults":[{"hash":"4b1083dee43bfac200f36a7da33ad4ba4be6beac","messageTitle":"Fix checkstyle error","messageBody":"","fileTypesAndContributionMap":{"functional-code":{"insertions":16,"deletions":20}}}]},{"date":"2022-03-13","commitResults":[{"hash":"50d8f2c023e86508f0302ad7440b70df09c82ea3","messageTitle":"Add ShowBuilder, TypicalShows and Modified CommandTestUtil Class","messageBody":"ShowBuilder, TypicalShows and CommandTestUtil is used to aid in the testing of other class.\nTempCommandTestUtil is added for further reference.\n","fileTypesAndContributionMap":{"test-code":{"insertions":251,"deletions":5}}},{"hash":"030713e8b7997c81bc5020d33bec573ed3b87885","messageTitle":"Modify Status Class","messageBody":"Add static method that which returns the appropriate status depending on the input string.\n","fileTypesAndContributionMap":{"functional-code":{"insertions":6,"deletions":0}}},{"hash":"0c52b0407da9e1aca6f0c660fdfef67991410522","messageTitle":"Refactor to fix checkstyle issues","messageBody":"","fileTypesAndContributionMap":{"functional-code":{"insertions":1,"deletions":3},"test-code":{"insertions":15,"deletions":109}}}]},{"date":"2022-03-14","commitResults":[{"hash":"7abeae367b6e2a34d74a86463d7f1ad83be5a7bb","messageTitle":"Refractor CommandTestUtil Class","messageBody":"","fileTypesAndContributionMap":{"test-code":{"insertions":3,"deletions":4}}},{"hash":"c195cec66d0a604fd9964cfe4cd8755e5234fb3b","messageTitle":"Refractor CommandTestUtil","messageBody":"Deleted unnecessary commented out import statements\n","fileTypesAndContributionMap":{"test-code":{"insertions":4,"deletions":15}}},{"hash":"88dc3b23d4e9c7828cd58ca6e09f1fd74e2fc215","messageTitle":"Fix Show","messageBody":"Fix a debug in Show class equals method such that it accounts for the\nstatus within the Show.\n","fileTypesAndContributionMap":{"functional-code":{"insertions":2,"deletions":3}}},{"hash":"6b14e2beb9b99683995dfce2de9222b5d8a29947","messageTitle":"Update NameTest","messageBody":"Update NameTest to fit the theme of Trackermon.\n","fileTypesAndContributionMap":{"test-code":{"insertions":40,"deletions":0}}},{"hash":"2055e657711c55d9a0d2629b7b949e38ee701432","messageTitle":"Add ShowTest and UniqueShowListTest","messageBody":"Add ShowTest and UniqueShowListTest to test the functionality of Show\nand UniqueShowList class.\n\nTesting is essential to allow us to discover unintended effects and\ndiscover potential bugs\n","fileTypesAndContributionMap":{"test-code":{"insertions":256,"deletions":0}}},{"hash":"e6771cd44ca0590188b81277e26e49559e930137","messageTitle":"Modify ModelClassDiagram.puml, ModelClassDiagram.png and DeveloperGuide","messageBody":"Modified the relevant files such as ModelClassDiagram.puml,\n ModelClassDiagram.png and DeveloperGuide to fit Trackermon.\n","fileTypesAndContributionMap":{"docs":{"insertions":19,"deletions":24}}}]},{"date":"2022-03-15","commitResults":[{"hash":"e647eb6f9e436cf91fbc4b9699d1a242e04af8f7","messageTitle":"Modify BetterModelClassDiagram.puml and BetterModelClassDiagram.png","messageBody":"Modify the BetterModelClassDiagram.puml and BetterModelClassDiagram.png\nto better fit developer guide.\n","fileTypesAndContributionMap":{"docs":{"insertions":9,"deletions":9}}},{"hash":"c5684d1bcb98edaac58700da597925d2587ee3d4","messageTitle":"Fix Bug in BetterModelClassDiagram.puml and BetterModelClassDiagram.png","messageBody":"Fix minor error found in BetterModelClassDiagram.puml and\nBetterModelClassDiagram.png\n","fileTypesAndContributionMap":{"docs":{"insertions":2,"deletions":2}}}]},{"date":"2022-03-16","commitResults":[{"hash":"c6e87af9122090ea925a31af876e9dec16732f19","messageTitle":"Refractor the package name to trackermon","messageBody":"Refractor the package name in order to better suit trackermon\n\nThere are files such addressbook.json file has yet to be edited and\nwould be modified in the future.\n","fileTypesAndContributionMap":{"other":{"insertions":709,"deletions":709},"docs":{"insertions":15,"deletions":17},"test-code":{"insertions":3,"deletions":3}}},{"hash":"56e4deb6312d7277f6d1e9d70539760ea20f2f5e","messageTitle":"Update Developer Guide (User Stories, Saving Data)","messageBody":"1. Minor edits to user stories.\n2. Added test scenarios for the saving data segment.\n","fileTypesAndContributionMap":{"docs":{"insertions":14,"deletions":6}}}]}],"lowkaiwei98":[{"date":"2022-02-22","commitResults":[{"hash":"394d83bb491fd907be14c2c5cf6b0a5048ce89e5","messageTitle":"Update AboutUs information for Kaiwei","messageBody":"","fileTypesAndContributionMap":{"docs":{"insertions":3,"deletions":3}}},{"hash":"ffd6458857bb3c220d1a54e865bd0a249570bf80","messageTitle":"Update kaiwei\u0027s Project Portfolio Page","messageBody":"","fileTypesAndContributionMap":{"docs":{"insertions":31,"deletions":0}}},{"hash":"3bea01fae808d47b0dcd3a1dfa77df7fcdc0efec","messageTitle":"Update user guide for delete","messageBody":"","fileTypesAndContributionMap":{"docs":{"insertions":8,"deletions":170}}},{"hash":"5dc7b3a60a0203e34f427ef83f79389c09c72f4a","messageTitle":"Update developer guide for non-functional requirements","messageBody":"","fileTypesAndContributionMap":{"docs":{"insertions":3,"deletions":368}}}]},{"date":"2022-02-27","commitResults":[{"hash":"8e80b9530777c088e6bb0267fc975fc5eeaf7329","messageTitle":"Update responsibilities in about-me","messageBody":"","fileTypesAndContributionMap":{"docs":{"insertions":1,"deletions":1}}}]},{"date":"2022-02-28","commitResults":[{"hash":"1aabc2f60e04d5f589eb618fed3e143d680fc051","messageTitle":"Resolve merge conflict for UserGuide","messageBody":"","fileTypesAndContributionMap":{"docs":{"insertions":39,"deletions":11}}},{"hash":"3f09b82b3d94f6b20c2f082bc478b6beca903736","messageTitle":"Resolve merge conflict for Developer Guide","messageBody":"","fileTypesAndContributionMap":{"docs":{"insertions":80,"deletions":12}}}]},{"date":"2022-03-09","commitResults":[{"hash":"b662b311bb21d5e5bd03bb0b5a72a4e97b5f5312","messageTitle":"Modify the original address book parser and logic classes to fit Trackermon List of modified classes: 1. AddCommandParser 2. DeleteCommandParser 3. Parser 4. ParserUtil 5. LogicManager 6. Logic 7. Status (change from enum to actual class for easiler ref for Parser classes)","messageBody":"","fileTypesAndContributionMap":{"functional-code":{"insertions":397,"deletions":8}}},{"hash":"b4e0a0e339f64ef1c0b6d999cb2a74c42b3b2bf7","messageTitle":"Fix checkstyle issue with lexicographical order of imports","messageBody":"","fileTypesAndContributionMap":{"functional-code":{"insertions":41,"deletions":33}}},{"hash":"74d137a6e220c1f9f68e1e259ede9fad7ffd9d6f","messageTitle":"Update javadoc typo","messageBody":"","fileTypesAndContributionMap":{"functional-code":{"insertions":1,"deletions":1}}}]},{"date":"2022-03-10","commitResults":[{"hash":"3e4696dfb5919ef178697ae35ef7af4e1de1b0ef","messageTitle":"Modify storage dependencies","messageBody":"","fileTypesAndContributionMap":{"functional-code":{"insertions":6,"deletions":8}}},{"hash":"ca049f3d825d37f5d7c171abfcee7d8d40a71c94","messageTitle":"Delete unused classes and Comment out future pontential but currently unused classes","messageBody":"","fileTypesAndContributionMap":{"functional-code":{"insertions":420,"deletions":2310},"other":{"insertions":11,"deletions":11},"test-code":{"insertions":0,"deletions":127}}},{"hash":"238c45b9a383d8e5acbc8b1f9e0e63199b224da3","messageTitle":"Refactor more","messageBody":"","fileTypesAndContributionMap":{"functional-code":{"insertions":5,"deletions":1074},"other":{"insertions":2,"deletions":2}}},{"hash":"a4ac821a3d162bde7157ffe882b0fb12dd39840b","messageTitle":"Refactor more","messageBody":"","fileTypesAndContributionMap":{"functional-code":{"insertions":36,"deletions":52},"other":{"insertions":28,"deletions":28}}}]},{"date":"2022-03-11","commitResults":[{"hash":"25e9de1e8b91236e59661ef4f2d4062c5a2c39fb","messageTitle":"Refactor more","messageBody":"","fileTypesAndContributionMap":{"functional-code":{"insertions":75,"deletions":87},"other":{"insertions":100,"deletions":99},"test-code":{"insertions":1,"deletions":0}}},{"hash":"f6e45704d13659b9b947e6034dbd24a46f06c3a1","messageTitle":"Refactor the rest and comment out currently unused test","messageBody":"","fileTypesAndContributionMap":{"functional-code":{"insertions":5,"deletions":5},"test-code":{"insertions":3372,"deletions":3378}}},{"hash":"3a94c778a1e9818aa2ccdef50bd06faee97900bd","messageTitle":"Refactor more","messageBody":"","fileTypesAndContributionMap":{"functional-code":{"insertions":18,"deletions":7}}},{"hash":"578f503b0222a6508469f06c958771d09805a06c","messageTitle":"Refactor more","messageBody":"","fileTypesAndContributionMap":{"functional-code":{"insertions":1,"deletions":1}}}]},{"date":"2022-03-12","commitResults":[{"hash":"d7b0e8eb99548f553ef0ab6cafc14afd4f3418a1","messageTitle":"Fix help and add commands (tag)","messageBody":"","fileTypesAndContributionMap":{"functional-code":{"insertions":7,"deletions":4}}}]},{"date":"2022-03-15","commitResults":[{"hash":"3a93479943f79a1840ae8548fb90eac7c13d4f80","messageTitle":"Test Logic Parser","messageBody":"","fileTypesAndContributionMap":{"test-code":{"insertions":709,"deletions":750}}}]},{"date":"2022-03-16","commitResults":[{"hash":"7db3d2611192338f0a2702883ea5124457dcd732","messageTitle":"Implement edit feature Update DG and UG","messageBody":"","fileTypesAndContributionMap":{"functional-code":{"insertions":276,"deletions":309},"docs":{"insertions":88,"deletions":19}}},{"hash":"d8d364205394a627a56969829961fb95a760eea8","messageTitle":"Fix typo","messageBody":"","fileTypesAndContributionMap":{"docs":{"insertions":1,"deletions":1}}},{"hash":"6cbc94dc07bfb900846d250783bd5e86791be26f","messageTitle":"Fix UG","messageBody":"","fileTypesAndContributionMap":{"docs":{"insertions":3,"deletions":3}}},{"hash":"0124323590f5d8bb1e66d2a7149cadb7d31f7c98","messageTitle":"Test logic parser","messageBody":"","fileTypesAndContributionMap":{"test-code":{"insertions":349,"deletions":373}}},{"hash":"1eddd9f417876ce72531429f00e79f435dcb796b","messageTitle":"Fix typo","messageBody":"","fileTypesAndContributionMap":{"test-code":{"insertions":39,"deletions":4}}},{"hash":"cd4a0ee275f64e7ff55ec0bc8ec7a781f1a57837","messageTitle":"Remove unused Test Class","messageBody":"","fileTypesAndContributionMap":{"test-code":{"insertions":0,"deletions":233}}}]},{"date":"2022-03-18","commitResults":[{"hash":"8655b9c0ffcf4b1fe6378460cfbdb61b5f6101d8","messageTitle":"Update name","messageBody":"","fileTypesAndContributionMap":{"test-code":{"insertions":25,"deletions":25}}},{"hash":"0e0fcd39fd099b3b91b166b6e41900793d8b6845","messageTitle":"Fix merge conflict","messageBody":"","fileTypesAndContributionMap":{"test-code":{"insertions":147,"deletions":1031}}}]}],"Ardentsoul":[{"date":"2022-02-21","commitResults":[{"hash":"93b9a240a22f6b21fdd46abbc0b8a1821bbc4e6e","messageTitle":"Update AboutUs \u0026 PPP","messageBody":"Updated AboutUs with image and github link. Also added a\nskeleton PPP.\n","fileTypesAndContributionMap":{"docs":{"insertions":50,"deletions":4}}}]},{"date":"2022-02-25","commitResults":[{"hash":"8e8a8b0e0465345f789127f5ea6216478252ca4e","messageTitle":"Update AboutUs Responsibility","messageBody":"","fileTypesAndContributionMap":{"docs":{"insertions":1,"deletions":1}}},{"hash":"45b39debb625f734012c0699ba11e781014e99ea","messageTitle":"Update PPP","messageBody":"","fileTypesAndContributionMap":{"docs":{"insertions":19,"deletions":17}}},{"hash":"2296c0949b4e8ba3a46e08c7e7df874adb0bf883","messageTitle":"Update PPP","messageBody":"Updated the project title and striked the AB3 description.\n","fileTypesAndContributionMap":{"docs":{"insertions":7,"deletions":9}}},{"hash":"293d83be6bd14f603aea4ad09045370882f36f50","messageTitle":"Update UserGuide for Add","messageBody":"Updated the user guide description for add.\n","fileTypesAndContributionMap":{"docs":{"insertions":5,"deletions":5}}}]},{"date":"2022-02-26","commitResults":[{"hash":"a734ed27a09f57160198f0e0241fd89ace2c97dc","messageTitle":"Update Use Cases in DG","messageBody":"Updated and added use cases for Trackermon.\n","fileTypesAndContributionMap":{"docs":{"insertions":68,"deletions":7}}},{"hash":"fba4b79bc9f578112cfabc6767bcc9c358434b40","messageTitle":"Update PPP","messageBody":"Updated the user guide and developer guide contributions in PPP.\n","fileTypesAndContributionMap":{"docs":{"insertions":4,"deletions":2}}},{"hash":"ecaf6d5fd06d755f406710507ee3803f0bf50266","messageTitle":"Update developer guide use cases","messageBody":"Added four more use cases in the developer guide. UC04-UC07\n","fileTypesAndContributionMap":{"docs":{"insertions":118,"deletions":6}}}]},{"date":"2022-02-27","commitResults":[{"hash":"b4514290fd2189c385b1f97e442c7363c817b653","messageTitle":"Update UserGuide for add","messageBody":"Updated UserGuide to include watch status of shows.\n","fileTypesAndContributionMap":{"docs":{"insertions":2,"deletions":1}}},{"hash":"a125ba3bcfeab2361ef979d5dfbf69e7776ebd08","messageTitle":"Update Aboutus","messageBody":"Updated the links to be icons instead.\n","fileTypesAndContributionMap":{"docs":{"insertions":3,"deletions":2}}},{"hash":"19b916073e5449265cb8e2c88163c7ac08d8be8e","messageTitle":"Update AboutUs responsibility","messageBody":"Updated AboutUs responsibility.\n","fileTypesAndContributionMap":{"docs":{"insertions":1,"deletions":2}}}]},{"date":"2022-02-28","commitResults":[{"hash":"d7cee9f3a9e71f0247d05f40e1626a8489fbba6b","messageTitle":"Update AboutUs design","messageBody":"Replaced the github and PPP hyperlinks with images and put roles\nand responsibilities into a table using github-markdown.\n","fileTypesAndContributionMap":{"docs":{"insertions":24,"deletions":24}}},{"hash":"e8070bba472fb448652c85664883d17ca638d69c","messageTitle":"Update AboutUs positioning","messageBody":"Updated team lead responsibility to be at the top of the page.\n","fileTypesAndContributionMap":{"docs":{"insertions":11,"deletions":11}}}]},{"date":"2022-03-03","commitResults":[{"hash":"5b41e34a115715a2eaad2bf32f481c93d83864cd","messageTitle":"Rename AboutUs information","messageBody":"","fileTypesAndContributionMap":{"docs":{"insertions":1,"deletions":1}}},{"hash":"4486577373ea4a890494fa017691360911994b01","messageTitle":"Update DG Use cases","messageBody":"Removed UI specific details in use cases.\n","fileTypesAndContributionMap":{"docs":{"insertions":9,"deletions":23}}}]},{"date":"2022-03-08","commitResults":[{"hash":"6f69b58462965e6602e356a02b00c82344829c6c","messageTitle":"Modify Add \u0026 Delete Commands","messageBody":"Modified AB3 commands by duplicating them and renaming the\nduplicates to have \"Trackermon\" postfix.\n","fileTypesAndContributionMap":{"functional-code":{"insertions":244,"deletions":0}}},{"hash":"84b16fb504d5cd1af956129736eafdf142254c96","messageTitle":"Modify Exit, Help, and List Commands","messageBody":"Modified AB3 commands by duplicating them and renaming the\nduplicates to have \"Trackermon\" postfix.\n","fileTypesAndContributionMap":{"functional-code":{"insertions":58,"deletions":4}}}]},{"date":"2022-03-13","commitResults":[{"hash":"96cbb9b46c5007236a5ba05979201a25de34ca5a","messageTitle":"Modify Find Command","messageBody":"Modified find command to be able to find shows in Trackermon\u0027s list\nbased on what the user inputs.\n","fileTypesAndContributionMap":{"functional-code":{"insertions":110,"deletions":75}}},{"hash":"b38ebe9df75cf7b6f465632053891967dc7319b5","messageTitle":"Update Developer Guide","messageBody":"Updated the UML diagrams for architecture and Logic in the\nDeveloper Guide so that it represents Trackermon instead of AB3.\nIn addition, a use case for the help command has been added.\n","fileTypesAndContributionMap":{"docs":{"insertions":90,"deletions":45}}},{"hash":"b51fda2f7192bd1af1129193d0e7745d2895892e","messageTitle":"Update Developer Guide and Image Extensions","messageBody":"Removed Mark and Unmark use cases as they are not needed in our\napplication. In addition, the image extension is renamed to .png\n","fileTypesAndContributionMap":{"docs":{"insertions":0,"deletions":87}}},{"hash":"22847cdd9fb0190cc578c34d8930481e7cafcdd0","messageTitle":"Modify Javadocs","messageBody":"Modified the Javadocs for NameContainsKeywordsPredicate.\n","fileTypesAndContributionMap":{"functional-code":{"insertions":1,"deletions":1}}},{"hash":"111912f1fdde981f0cd4834f4252932cf6a7afb2","messageTitle":"Update User Guide to include Find Command","messageBody":"Updated the user guide to include the find command.\n","fileTypesAndContributionMap":{"docs":{"insertions":19,"deletions":7}}},{"hash":"5334590652b689905afc46df9b1eeb69d0283050","messageTitle":"Update Developer Guide Images","messageBody":"Updated the naming conventions for the images.\n","fileTypesAndContributionMap":{"docs":{"insertions":4,"deletions":4}}},{"hash":"0ce083b7ce2a251bea5e7217934959cb2a243df7","messageTitle":"Update User Guide","messageBody":"Updated a grammatical error.\n","fileTypesAndContributionMap":{"docs":{"insertions":1,"deletions":1}}},{"hash":"7db6074c1e1aab005d5c9434b6e454ed73a8e027","messageTitle":"Update User Guide","messageBody":"Updated user guide to include help feature.\n","fileTypesAndContributionMap":{"docs":{"insertions":6,"deletions":0}}}]},{"date":"2022-03-14","commitResults":[{"hash":"aeb8503f82d8d1a9cdcd3df5ec8c628a33b2e28a","messageTitle":"Update UML diagrams for Architecture, Logic and UI","messageBody":"Updated UML diagrams to be consistent by editing .puml extension\nfiles.\n","fileTypesAndContributionMap":{"docs":{"insertions":28,"deletions":28}}},{"hash":"c810ad011c2b1bbe9eca55907560cd74b6f06f5d","messageTitle":"Fix Developer Guide Dsiplay","messageBody":"","fileTypesAndContributionMap":{"docs":{"insertions":2,"deletions":2}}}]},{"date":"2022-03-15","commitResults":[{"hash":"75cf38ba93991b569bd3509d52b8d5719d5e03fb","messageTitle":"Update Developer Guide","messageBody":"Updated developer Guide by removing the proposed implementation and\nUndoRedoState.puml.\n","fileTypesAndContributionMap":{"docs":{"insertions":0,"deletions":261}}}]},{"date":"2022-03-16","commitResults":[{"hash":"c977220317d0ce098aff3d5edee9846c601d5b78","messageTitle":"Update DG, UG, and EditCommand","messageBody":"Updated DG to include find user story and use case. Updated UG to\ninclude find in command summary. Fixed a typo in EditCommand.\n","fileTypesAndContributionMap":{"functional-code":{"insertions":1,"deletions":1},"docs":{"insertions":35,"deletions":9}}},{"hash":"1d961ecae625a79199df8834e6c67d1b0ae8e45a","messageTitle":"Update Build Gradle Name","messageBody":"Updated name from addressbook3.jar to Trackermon.jar.\n","fileTypesAndContributionMap":{"other":{"insertions":1,"deletions":1}}},{"hash":"45a1087778c8b931aa7218f9e42f61b7c3a23c19","messageTitle":"Update UG","messageBody":"Updated the add feature in the UG to have the status be optional.\n","fileTypesAndContributionMap":{"docs":{"insertions":3,"deletions":3}}}]}],"JonathanHoshi":[{"date":"2022-02-26","commitResults":[{"hash":"87f166cbaa8747ed6581be9909394e70527c055b","messageTitle":"Update UserGuide - General Information","messageBody":"Update Trackermon basic information and quick start.","fileTypesAndContributionMap":{"docs":{"insertions":13,"deletions":12}}},{"hash":"690761008cf01239c297e56095caab72a6cb587f","messageTitle":"Update AboutUs - Jon information","messageBody":"Update GitHub, PPP, image and name information","fileTypesAndContributionMap":{"docs":{"insertions":6,"deletions":5}}},{"hash":"7e4882bf6a6cb7a5bc847a4538c8fab82d0056b7","messageTitle":"Add Jonathan PPP information","messageBody":"Add a skeletal version of my PPP.","fileTypesAndContributionMap":{"docs":{"insertions":37,"deletions":0}}}]},{"date":"2022-02-27","commitResults":[{"hash":"be7de83f7c8b83501fa597311198c67e9eb49a44","messageTitle":"Update roles and responsibilities","messageBody":"Update my role and responsibilities.","fileTypesAndContributionMap":{"docs":{"insertions":4,"deletions":2}}}]},{"date":"2022-03-03","commitResults":[{"hash":"d778eaeb688b6ff66c7a7131f741f09c5a89dd57","messageTitle":"Update Developer Guide - Formatting","messageBody":"Fix minor visual header bugs of text formatting","fileTypesAndContributionMap":{"docs":{"insertions":10,"deletions":0}}}]},{"date":"2022-03-10","commitResults":[{"hash":"7d0994207661b5bbc3cce71d5e2d64ab186483cf","messageTitle":"Add ShowListPanel and ShowCard","messageBody":"Add new classes which is a clone of PersonListPanel and PersonCard that fits Trackermon shows.\n\nOther info\n- Fix checkstyle issues\n- Modify JavaDocs and names of methods/variables","fileTypesAndContributionMap":{"functional-code":{"insertions":124,"deletions":0}}},{"hash":"545aad48dd1c9d7d248ba9cdaf8faed013221770","messageTitle":"Add MainWindowTrackermon","messageBody":"Add new class which is a clone of MainWindow that fits Trackermon shows.\n\nOther info\n- Fix checkstyle issues\n- Modify JavaDocs and names of methods/variables","fileTypesAndContributionMap":{"functional-code":{"insertions":197,"deletions":0}}},{"hash":"cd358e97b825c22740e7a80ba51a2f5a5aea34f4","messageTitle":"Modify UI components - Fix","messageBody":"Add CommandBoxTrackermon and fix error conflicts with integration.","fileTypesAndContributionMap":{"functional-code":{"insertions":92,"deletions":6}}},{"hash":"ce0d652954eb81dfcd4ffdc08adaf437be8c0755","messageTitle":"Modify UI components - Fix 2","messageBody":"Fix JavaDocs references and extra Logic import","fileTypesAndContributionMap":{"functional-code":{"insertions":2,"deletions":3}}},{"hash":"701f08ab82b47f67c6d7d3d416290a7622fc5f8a","messageTitle":"Integrate UI, Model, Storage and Logic","messageBody":"Integrated the different components to create a working application that can handle the command intended for v1.2. \n\nOther info\n- Fix Checkstyle issues","fileTypesAndContributionMap":{"functional-code":{"insertions":513,"deletions":13}}}]},{"date":"2022-03-13","commitResults":[{"hash":"edd6ce316fe03c86b022b7cce85570fa204ec49b","messageTitle":"Update DG - UI diagram and information","messageBody":"Update developer guide model diagram for UI and information to fit Trackermon\u0027s classes.","fileTypesAndContributionMap":{"docs":{"insertions":4,"deletions":4}}},{"hash":"fdfe1ad9c92d32636f28eb4f2b51c83a576a4413","messageTitle":"Update Help UI","messageBody":"Updated help url to Trackermon\u0027s user guide url.","fileTypesAndContributionMap":{"functional-code":{"insertions":1,"deletions":1}}}]},{"date":"2022-03-14","commitResults":[{"hash":"2066e374a6504320647732d56205f2ad6c1bfd6f","messageTitle":"Update UG - Table of Content and minor issues","messageBody":"Fix formatting and content issues and Add table of content","fileTypesAndContributionMap":{"docs":{"insertions":62,"deletions":18}}},{"hash":"4c3b9334ebe4fb5ebfb9c11d8ff744d8a052d502","messageTitle":"Update UG - Test","messageBody":"Test return to top icon","fileTypesAndContributionMap":{"docs":{"insertions":15,"deletions":13}}},{"hash":"8e66ed90efaf6f8b6fab6adfcb14f3e7ae089079","messageTitle":"Update UG - Icon","messageBody":"Update return to top icon","fileTypesAndContributionMap":{"docs":{"insertions":12,"deletions":12}}},{"hash":"d73e5ee66c9c9b7ff51e93136b63cc6f8dbd3c0c","messageTitle":"Update UG - Icon 2","messageBody":"","fileTypesAndContributionMap":{"docs":{"insertions":12,"deletions":12}}},{"hash":"4ab53c78927a4b762b377cc57ce178f6cada3aef","messageTitle":"Update UG - Icon + Text","messageBody":"","fileTypesAndContributionMap":{"docs":{"insertions":1,"deletions":1}}},{"hash":"9318225a2c2257b9f14c3f822e27f83a7123bcbc","messageTitle":"Update UG - Final Icon","messageBody":"Finalize user guide changes","fileTypesAndContributionMap":{"docs":{"insertions":10,"deletions":10}}},{"hash":"99e338ad21add96f09ec170b97c9cc4679e3f7df","messageTitle":"Quickfix - UG minor fix","messageBody":"Fix missing one return to top at the end of UG","fileTypesAndContributionMap":{"docs":{"insertions":1,"deletions":1}}},{"hash":"c565fa08336338a9c4107c0f3f2ff6ddf7363626","messageTitle":"QuickFix - checkstyle","messageBody":"","fileTypesAndContributionMap":{"docs":{"insertions":1,"deletions":1}}},{"hash":"e7fa61eacb26c8faa72dd052485d2208908c1bd3","messageTitle":"Update UG - Table of Contents","messageBody":"Fix table of contents FAQ and Command Summary indentation level.","fileTypesAndContributionMap":{"docs":{"insertions":4,"deletions":4}}}]},{"date":"2022-03-15","commitResults":[{"hash":"20968b08889899de7a5cbfd6874dbfc277964668","messageTitle":"UG - Undo changes","messageBody":"","fileTypesAndContributionMap":{"docs":{"insertions":4,"deletions":4}}},{"hash":"a72b6690dd919000c6ab1d2bd042313dead0c984","messageTitle":"Update UG - Table of Contents","messageBody":"Update UG","fileTypesAndContributionMap":{"docs":{"insertions":6,"deletions":6}}}]}]},"authorFileTypeContributionMap":{"arcornior":{"docs":162,"functional-code":344,"test-code":0},"aweijun":{"docs":127,"functional-code":819,"test-code":774,"other":1},"lowkaiwei98":{"docs":102,"functional-code":309,"test-code":2847},"Ardentsoul":{"docs":258,"functional-code":85,"test-code":0,"other":1},"JonathanHoshi":{"docs":105,"functional-code":128,"test-code":0}},"authorContributionVariance":{"arcornior":6321.15,"aweijun":89692.25,"lowkaiwei98":2254373.8,"Ardentsoul":11789.36,"JonathanHoshi":30686.445},"authorDisplayNameMap":{"arcornior":"CS2103T-T09-3 LIM ..CONG","aweijun":"CS2103T-T09-3 ANG .. JUN","lowkaiwei98":"CS2103T-T09-3 LOW ..IWEI","Ardentsoul":"CS2103T-T09-3 ZACH..CHAN","JonathanHoshi":"CS2103T-T09-3 JONA..G YU"}}
