{"authorDailyContributionsMap":{"honganhcs":[{"date":"2022-02-25","commitResults":[{"hash":"2a75e800b9ea1267a0d2831a7ad9bfccb3d1efde","messageTitle":"Update AboutUs page Add a skeletal PPP with photo","messageBody":"","fileTypesAndContributionMap":{"docs":{"insertions":43,"deletions":6}}}]},{"date":"2022-02-26","commitResults":[{"hash":"7e88c606857ce4fb6c78d7f931c4ac78177680fd","messageTitle":"Update Developer Guide","messageBody":"- Add a Use Case: Edit a person.\n- Change \"user\" to \"TA\" in third NFR.\n","fileTypesAndContributionMap":{"docs":{"insertions":36,"deletions":4}}}]},{"date":"2022-03-03","commitResults":[{"hash":"ce2a865feec5cbdce32a006a0cd4f4c149ca512a","messageTitle":"Add Student, NusNetId, UniqueSudentInTutorialList classes to seedu.address.person package","messageBody":"The Student class represents a Person with an NusNetId and a TutorialName. All fields are present and not null in a Student object, i.e. every Student must be within a Tutorial and a non-Student Person should not be within a Tutorial.\n","fileTypesAndContributionMap":{"functional-code":{"insertions":199,"deletions":0}}},{"hash":"a6aa3d027993bf35e3b4a0450bc10750268a1e82","messageTitle":"Add Assessment and relevant data field classes to seedu.address.model.assessment package","messageBody":"An Assessment contains AssessmentName, Weightage and FullMark fields. It does not contain the student\u0027s results. The reason for this is because a non-Tutorial-specific Assessment class is helpful if the team chooses to implement commands like `list assessments` or `edit assessment`.\n\nEach Assessment is associated with an AssessmentResults (present in a later commit).\n","fileTypesAndContributionMap":{"functional-code":{"insertions":231,"deletions":0}}},{"hash":"4d83db98195944ce2528ca611efc38e6ade2c919","messageTitle":"Add UniqueAssessmentList and related exceptions to seedu.address.model.assessment package","messageBody":"UniqueAssessmentList is a list containing all the Assessment objects in the address book. It enforces uniqueness among the elements using the AssessmentName as the identifier.\n\nThis class is useful for listing assessments or editing an assessment.\n\nIts backing list is an ObservableList which has the benefit of allowing listeners to track changes to the list (so that the UI can update the list of assessments automatically when there is a change in the UniqueAssessmentList).\n\nSee UniquePersonList in the model.person package and PersonListPanel in the ui package for reference.\n","fileTypesAndContributionMap":{"functional-code":{"insertions":115,"deletions":0}}},{"hash":"be5aa3556070108aa54124fe44aa7e3cf8d252e5","messageTitle":"Add AssessmentResultsList, AssessmentResults and StudentResult classes to seedu.address.model.assessment package","messageBody":"StudenResult represents the result of a single student for an assessment and contains an NusNetId and Score.\nAssessmentResults contains a list of StudentResults and has an AssessmentName (is associated with an Assessment).\nAssessmentResultsList contains a list of AssessmentResults and has a TutorialName (inside a Tutorial).\n\nAn AssessmentResultsList is associated with a Tutorial while the UniqueAssessmentList is associated with the ModelManager or AddresBook.\n\nAssessmentResults and AssessmentResultsList both contain ObservableLists for the same reason as in the previous commit.\n\nNote: the AssessmentNotFoundException is meant for the previous commit but DuplicateStudentResultException is added in the previous commit by accident.\n","fileTypesAndContributionMap":{"functional-code":{"insertions":260,"deletions":0}}},{"hash":"4d93820b31f8f9bb1d9020104210c4c87c599f3c","messageTitle":"Minor style changes to the two files","messageBody":"","fileTypesAndContributionMap":{"functional-code":{"insertions":4,"deletions":4}}},{"hash":"ec7c86758cf385d539e09d3d5699aa62c07e30a0","messageTitle":"Add a Tutorial and related data field classes to seedu.address.model.tutorial","messageBody":"A Tutorial represents a class managed by the TA (it is named Tutorial to avoid confusion and errors with Java Class).\nA Tutorial contains a TutorialName, Day, Time, UniqueStudentsInTutorialList and AssessmentResultsList.\n","fileTypesAndContributionMap":{"functional-code":{"insertions":253,"deletions":0}}},{"hash":"d8d2b16bf05cc9318db549eb2932e27cc783f382","messageTitle":"Add a field called allStudents, which contains all students in the address book to ModelManager class","messageBody":"allStudents is declared as a FilteredList\u003cPerson\u003e, which takes in the address book\u0027s persons list and a predicate to filter the students.\n\nallStudents is automatically updated when the address book\u0027s person list is updated (this has been manually tested on a smaller scale) so there is no need to manually update allStudents.\n\nMore changes need to be done to ModelManager and/or AddressBook to include new data classes.\n","fileTypesAndContributionMap":{"functional-code":{"insertions":16,"deletions":0}}}]},{"date":"2022-03-07","commitResults":[{"hash":"9c653aef12f1e6d624e40d8b93b5f33b1ec8d844","messageTitle":"Change the implementation of AssessmentResultsList class","messageBody":"Change the internal list of AssessmentResultsList class from ObservableList\u003cPerson\u003e to List\u003cPerson\u003e. ObservableList is not needed as the AssessmentResultsList is not a backing list to any UI components.\n","fileTypesAndContributionMap":{"functional-code":{"insertions":12,"deletions":5}}},{"hash":"643761838ae40534a75f403b808c7c2370ba0139","messageTitle":"Minor fixes to the classes in model","messageBody":"","fileTypesAndContributionMap":{"functional-code":{"insertions":6,"deletions":6}}},{"hash":"6b63ed7a4bb44f37573e211f32c5693685227112","messageTitle":"Add a UniqueTutorialList class and related exception class to tutorial package","messageBody":"The UniqueTutorialList class represents a list of Tutorials in the address book that enforces uniqueness between its elements. It is useful for operations such as adding or removing tutorials from the model.\n","fileTypesAndContributionMap":{"functional-code":{"insertions":61,"deletions":2}}},{"hash":"2cdb44b4959b3ffbe8a3155a353cf33a7a8a9214","messageTitle":"Add a tutorial list and assessment list to AddressBook class to integrate new data classes into model","messageBody":"AddressBook wraps all the data at the address-book level, including the persons, tutorials and assessments. It provides methods for updating the lists of persons, tutorials and assessments which are used by the ModelManager to update the model components after a command is executed.\n\nTodo: add methods for updating the tutorial list and assessment list in the AddressBook and ModelManager classes (update the Model interface as well).\n","fileTypesAndContributionMap":{"functional-code":{"insertions":103,"deletions":2}}},{"hash":"4a0ef57a00fad073f34ce068f18e34e60ad61afe","messageTitle":"Update AddressBookTest to pass test case after changing the ReadOnlyAddressBook interface","messageBody":"","fileTypesAndContributionMap":{"test-code":{"insertions":14,"deletions":0}}},{"hash":"27849cc9468b0a801841c6e17469d7394052a9e2","messageTitle":"Change the logic and model components to support adding an assessment to the address book","messageBody":"Add 2 new classes to the logic component: AddAssessmentCommand and AddAssessmentCommandParser to support the execution and parsing of add assessment commands respectively. Update AddressBookParser to handle add assessment commands. Add the prefixes of add assessment command to CliSyntax class.\n\nUpdate ModelManager, Assessment, UniqueTutorialList, Tutorial to support the adding of an assessment to the addressbook. Apart from adding an Assessment object to the UniqueAssessmentList in the AddressBook, the AssessmentResultsList of every Tutorial in the UniqueTutorialList needs to be updated with a new AssessmentResults object.\n","fileTypesAndContributionMap":{"functional-code":{"insertions":196,"deletions":1}}}]},{"date":"2022-03-09","commitResults":[{"hash":"bed9599e9d537ebbb07c6b1992f339eae094dc41","messageTitle":"Change the implementation of addAssessment in UniqueTutorialList to update the tutorials, rather than replacing them","messageBody":"","fileTypesAndContributionMap":{"functional-code":{"insertions":4,"deletions":5}}},{"hash":"281d9e5c621796ca02247d5acc379adff94b5c0f","messageTitle":"Update the logic and model components to support deleting an assessment","messageBody":"- Add 2 new classes to the logic component: DeleteAssessmentCommand and DeleteAssessmentCommandParser.\n- Update classes in the model to support removing an assessment by its AssessmentName from the address book.\n","fileTypesAndContributionMap":{"functional-code":{"insertions":151,"deletions":6}}},{"hash":"2a7bc67dd3a4242b21d25c938ec29546758147eb","messageTitle":"Fix AddCommandTest in response to changes to the Model and ModelManager classes","messageBody":"","fileTypesAndContributionMap":{"test-code":{"insertions":22,"deletions":0}}},{"hash":"cbadc2eb52459cd9d88d5be50d864699cd094f8d","messageTitle":"Update the removeAssessmentByName method in the AddressBook to remove AssessmentResults corresponding to the assessment being removed from tutorials in the address book","messageBody":"Related methods in lower-level classes are updated as well.\n","fileTypesAndContributionMap":{"functional-code":{"insertions":55,"deletions":3}}}]},{"date":"2022-03-10","commitResults":[{"hash":"82eafafecc6b65cb9137e22d05cb69cfbe88a5f3","messageTitle":"Fix mistake in parsing the assessment name, weightage and full mark","messageBody":"Add parse methods to ParserUtil to check the validity of the inputted fields and throw a ParseException if the field is invalid.\nUpdate AddAssessmentCommandParser and DeleteAssessmentCommandParser to use these new parse methods.\n","fileTypesAndContributionMap":{"functional-code":{"insertions":35,"deletions":5}}},{"hash":"006c66b582f3a9ba3086d1a464a2959a6d71e809","messageTitle":"Fix Checkstyle mistakes and add in new prefixes to CliSyntax file","messageBody":"","fileTypesAndContributionMap":{"functional-code":{"insertions":38,"deletions":22}}}]},{"date":"2022-03-13","commitResults":[{"hash":"3d5aaef51bad95b6663fd5062909682b144e38a2","messageTitle":"Add comment to ModelManager for accessors to Assessments","messageBody":"","fileTypesAndContributionMap":{"functional-code":{"insertions":2,"deletions":0}}},{"hash":"8996483a38028a8040fa82fa884e41416e9a7ea2","messageTitle":"Change the input prefix for date to dt/ in CliSyntax","messageBody":"","fileTypesAndContributionMap":{"functional-code":{"insertions":1,"deletions":1}}},{"hash":"ce2ca6e53b11225ecd02f13db7a11fd2feb91391","messageTitle":"Resolve conflicts between master branch and assessments branch","messageBody":"","fileTypesAndContributionMap":{"functional-code":{"insertions":6,"deletions":17}}}]}],"zixin448":[{"date":"2022-02-24","commitResults":[{"hash":"c599f1d6923f5be8871d88bb9818eeed21271c7e","messageTitle":"Update AboutUs and PPP","messageBody":"1. Add personal details in AboutUs\n2. Add skeletal version of the Project Portfolio Page (PPP)\n","fileTypesAndContributionMap":{"docs":{"insertions":43,"deletions":5}}},{"hash":"ec81ae00af2ee097362079c54ca992a502d6f925","messageTitle":"Update project name","messageBody":"","fileTypesAndContributionMap":{"docs":{"insertions":1,"deletions":1}}},{"hash":"6c800e969f5a889d0d916ddc9262292b472be8ff","messageTitle":"Remove trailing white spaces","messageBody":"","fileTypesAndContributionMap":{"docs":{"insertions":2,"deletions":2}}},{"hash":"bc948799fefceefeb0ba668b0b814eff844e31ac","messageTitle":"Add newline to EOF","messageBody":"","fileTypesAndContributionMap":{"docs":{"insertions":1,"deletions":1}}}]},{"date":"2022-02-25","commitResults":[{"hash":"cad1848c531533cdd7a3f09878c6eb85ab603148","messageTitle":"Update AboutUs image filetype","messageBody":"profile image was named as zixin.png.JPG\n\nChange image filetype to png and replace the current image file in the porject docs/images\n\nTo ensure proper naming of images\n","fileTypesAndContributionMap":{"docs":{"insertions":1,"deletions":1}}},{"hash":"7d433665c028e1be58ccaa9e37ac122f9eaa4f34","messageTitle":"Add use case 1","messageBody":"","fileTypesAndContributionMap":{"docs":{"insertions":26,"deletions":0}}}]},{"date":"2022-03-03","commitResults":[{"hash":"7e0b35f99237843a53f86ae1b8e64343bfdc2f07","messageTitle":"Update User Guide","messageBody":"Original remove student from class command was using \u0027delete\u0027 keyword which may confuse users as there is another delete command used to remove user from AddressBook\nNow changed to \u0027remove student\u0027\nBetter clarity, avoid confusion\n\nimport Todo.java;\nimport Deadline.java;\nimport Task.java;\n","fileTypesAndContributionMap":{"docs":{"insertions":9,"deletions":6}}}]},{"date":"2022-03-08","commitResults":[{"hash":"2ffc7141c3d22a5470405f0a0a4e6c98d50d5122","messageTitle":"add new prefixes for v1.2","messageBody":"","fileTypesAndContributionMap":{"functional-code":{"insertions":9,"deletions":1}}},{"hash":"f3d981020c93e478221a457084bf37a2cc269e29","messageTitle":"update User Guide with latest prefix","messageBody":"","fileTypesAndContributionMap":{"docs":{"insertions":33,"deletions":28}}},{"hash":"d97c41dac74bc4b896e88eff01c273f2b15a9f37","messageTitle":"update User Guide","messageBody":"","fileTypesAndContributionMap":{"docs":{"insertions":2,"deletions":2}}}]},{"date":"2022-03-09","commitResults":[{"hash":"3db3927fa2e69bbb84d91854ed8e5e4713e6dce8","messageTitle":"add new command AddStudentCommand","messageBody":"","fileTypesAndContributionMap":{"functional-code":{"insertions":395,"deletions":4},"test-code":{"insertions":99,"deletions":0}}}]},{"date":"2022-03-10","commitResults":[{"hash":"fa92a60d6e9fc7a8c3ce1fd2499ea4b9f276f76c","messageTitle":"update command word","messageBody":"","fileTypesAndContributionMap":{"functional-code":{"insertions":1,"deletions":1}}},{"hash":"1150fe4e75504dac4c4a7afcdbe72d968586753f","messageTitle":"add student fields to ui PersonCard","messageBody":"","fileTypesAndContributionMap":{"functional-code":{"insertions":18,"deletions":0}}},{"hash":"dabaee7f6f7fd9a538ad6a00ab1e7a566a8c0320","messageTitle":"resolve conflicts and checkstyle errors","messageBody":"","fileTypesAndContributionMap":{"functional-code":{"insertions":12,"deletions":27},"test-code":{"insertions":15,"deletions":47}}}]},{"date":"2022-03-13","commitResults":[{"hash":"2e035572c7e17d952bd3df84baec34763ba3ecd5","messageTitle":"Revert \"Merge branch \u0027master\u0027 into master\"","messageBody":"This reverts commit 48a9125812f9d45a77fc8b01893b8135d29f6d86, reversing\nchanges made to 5928e29b2b2fa614aca98151e2073dfbacab02da.\n","fileTypesAndContributionMap":{"functional-code":{"insertions":36,"deletions":373},"test-code":{"insertions":11,"deletions":55}}},{"hash":"a9a98a89d340be08468d7ceb944bb29a30205ee6","messageTitle":"fix checkstyle error","messageBody":"","fileTypesAndContributionMap":{"functional-code":{"insertions":36,"deletions":36},"test-code":{"insertions":9,"deletions":10}}}]}],"kev-intq":[{"date":"2022-02-24","commitResults":[{"hash":"40a85b39fe41822004205aa346119095eff883a5","messageTitle":"Update AboutUs and PPP","messageBody":"Updated AboutUs and added skeletal version of PPP.","fileTypesAndContributionMap":{"docs":{"insertions":39,"deletions":3}}}]},{"date":"2022-02-27","commitResults":[{"hash":"62be3ae32a43aa4dcc15b058c970005047ec17d3","messageTitle":"Update AboutUs.md","messageBody":"","fileTypesAndContributionMap":{"docs":{"insertions":1,"deletions":1}}}]},{"date":"2022-03-02","commitResults":[{"hash":"5caab46471e86afc3d7a99b75373a4cc231dc64f","messageTitle":"Update DeveloperGuide.md","messageBody":"Updated use cases to remove AddressBook","fileTypesAndContributionMap":{"docs":{"insertions":8,"deletions":8}}}]},{"date":"2022-03-10","commitResults":[{"hash":"f67dfc886c3c6ef24213b87c96c8cd31de3524f3","messageTitle":"Add_Class Command","messageBody":"","fileTypesAndContributionMap":{"functional-code":{"insertions":610,"deletions":15},"test-code":{"insertions":26,"deletions":0}}},{"hash":"e783da384174c76142031102372d3c6b710916a2","messageTitle":"Add Delete_Class Command","messageBody":"","fileTypesAndContributionMap":{"functional-code":{"insertions":39,"deletions":50}}},{"hash":"dd30067d92268ec8af89c10bf42997784a63e881","messageTitle":"Remove print lines statements","messageBody":"","fileTypesAndContributionMap":{"functional-code":{"insertions":0,"deletions":1}}},{"hash":"d89c42572637e9b0381839d5ebbe7be96a42ac34","messageTitle":"Add auto-generation of assessment list for new classes","messageBody":"An AssessmentResultsList containing entries for all current assessments in the camNUS is created when a new class is added by the user.\n\nFixed redundant methods and javadocs.","fileTypesAndContributionMap":{"functional-code":{"insertions":45,"deletions":7},"test-code":{"insertions":5,"deletions":0}}},{"hash":"c77a67bfa47144232d6465b4863854836d1fc37c","messageTitle":"Abstracted methods in DeleteClassCommand","messageBody":"Assumption for DeleteClassCommand: \n  -When index is specified, it takes priority over tutorial name, even if the index is invalid.\n\nFixed bugs related to AddCommandTest stubs\n","fileTypesAndContributionMap":{"functional-code":{"insertions":27,"deletions":18},"test-code":{"insertions":6,"deletions":0}}}]}],"seanlaiys":[{"date":"2022-02-24","commitResults":[{"hash":"87d690c76fa6f279fe891ee9bb33e946fe197a73","messageTitle":"Update AboutUs and PPP","messageBody":"","fileTypesAndContributionMap":{"docs":{"insertions":41,"deletions":5}}},{"hash":"5bdee71a1edb7da300d7b0ebb376d45012a7ffee","messageTitle":"Update README","messageBody":"","fileTypesAndContributionMap":{"docs":{"insertions":19,"deletions":11}}}]},{"date":"2022-02-25","commitResults":[{"hash":"e17307c34b6175bfd9fe0ce6797ecddff21acb45","messageTitle":"Update User Guide","messageBody":"Updated User Guide with features for v1.2 and relevant mock UIs. Edited\nproject description to increase its clarity, as reflected in README,\nindex and User Guide.\n","fileTypesAndContributionMap":{"docs":{"insertions":141,"deletions":29}}}]},{"date":"2022-02-27","commitResults":[{"hash":"9a768125159ea5a264f73c4a83b2349e1c9c6a66","messageTitle":"Adapt Website to camNUS","messageBody":"","fileTypesAndContributionMap":{"docs":{"insertions":1,"deletions":11}}}]},{"date":"2022-03-02","commitResults":[{"hash":"979b11a8ac9b7cdf41538e755508d3cb222fe556","messageTitle":"Update User Guide","messageBody":"Adding a new feature to view list of students in a class and updating\nrelevant add, delete and list commands accordingly.\n","fileTypesAndContributionMap":{"docs":{"insertions":51,"deletions":27}}}]},{"date":"2022-03-10","commitResults":[{"hash":"9d74e3dacbbf619bfaa9024921af2f5a79a508ac","messageTitle":"Add List_Class Command","messageBody":"","fileTypesAndContributionMap":{"functional-code":{"insertions":299,"deletions":22},"test-code":{"insertions":7,"deletions":7}}},{"hash":"d7248d21c55f1619cef7a16893b4a5db27a96945","messageTitle":"Removing Trailing Whitespace","messageBody":"...and update user guide commands and add new line to end of file.\n","fileTypesAndContributionMap":{"functional-code":{"insertions":3,"deletions":3},"docs":{"insertions":51,"deletions":51}}}]},{"date":"2022-03-13","commitResults":[{"hash":"8e5b9e41fb2ae609076a2658c971a4b371c3fe69","messageTitle":"Fix UI and Refactor ListTutorialCommand to ListClassCommand","messageBody":"","fileTypesAndContributionMap":{"functional-code":{"insertions":87,"deletions":159},"other":{"insertions":4,"deletions":3}}},{"hash":"d6b5d4633b586016302a8baa7fc57ee591709579","messageTitle":"Add Commented Out Methods from Previous","messageBody":"","fileTypesAndContributionMap":{"functional-code":{"insertions":23,"deletions":0}}},{"hash":"6952c8560b1d7e7ef56ef43d479a34898d16c9b5","messageTitle":"Resolve Conflict with Method Placement","messageBody":"","fileTypesAndContributionMap":{"functional-code":{"insertions":6,"deletions":17}}}]}],"garethkoh":[{"date":"2022-02-26","commitResults":[{"hash":"25a7a3c61282753a441a6f9ad72942787bcdeff0","messageTitle":"Update AboutUs and PPP","messageBody":"","fileTypesAndContributionMap":{"docs":{"insertions":47,"deletions":0}}},{"hash":"981cb8d8ac4f16923b92c1519569033c6db5ec35","messageTitle":"Update AboutUs","messageBody":"","fileTypesAndContributionMap":{"docs":{"insertions":1,"deletions":1}}},{"hash":"9d201a7a59f729d29375b675d7a458cae6c38b83","messageTitle":"Update Developer Guide","messageBody":"","fileTypesAndContributionMap":{"docs":{"insertions":40,"deletions":1}}}]},{"date":"2022-02-27","commitResults":[{"hash":"52558a43ff9924b83a4e1c08cc0e14bc54047638","messageTitle":"Update developer guide","messageBody":"","fileTypesAndContributionMap":{"docs":{"insertions":42,"deletions":41}}},{"hash":"ef43d2d147ea2a4a5d9c04ae9dbec7767e5d4aea","messageTitle":"Update Developer Guide","messageBody":"","fileTypesAndContributionMap":{"docs":{"insertions":0,"deletions":9}}}]},{"date":"2022-03-02","commitResults":[{"hash":"e89dfa65a1f48e56cca80913eeeb21698a0735b3","messageTitle":"Update Developer Guide","messageBody":"","fileTypesAndContributionMap":{"docs":{"insertions":29,"deletions":27}}}]},{"date":"2022-03-04","commitResults":[{"hash":"f3fd4bd3fdf765783be09efbb79e41d236c05a74","messageTitle":"Update Developer Guide","messageBody":"","fileTypesAndContributionMap":{"docs":{"insertions":22,"deletions":0}}}]}]},"authorFileTypeContributionMap":{"honganhcs":{"docs":72,"functional-code":1654,"test-code":38},"zixin448":{"docs":84,"functional-code":64,"test-code":22},"kev-intq":{"docs":48,"functional-code":618,"test-code":34},"seanlaiys":{"docs":213,"functional-code":284,"test-code":7},"garethkoh":{"docs":106,"functional-code":0,"test-code":0}},"authorContributionVariance":{"honganhcs":52236.316,"zixin448":21492.4,"kev-intq":28683.19,"seanlaiys":11588.91,"garethkoh":723.639},"authorDisplayNameMap":{"honganhcs":"CS2103T-W13-2 NGUY.. ANH","zixin448":"CS2103T-W13-2 YONG.. XIN","kev-intq":"CS2103T-W13-2 QUEK..EVIN","seanlaiys":"CS2103T-W13-2 LAI ..HENG","garethkoh":"CS2103T-W13-2 GARE..HENG"}}
