{"authorDailyContributionsMap":{"honganhcs":[{"date":"2022-02-25","commitResults":[{"hash":"2a75e800b9ea1267a0d2831a7ad9bfccb3d1efde","messageTitle":"Update AboutUs page Add a skeletal PPP with photo","messageBody":"","fileTypesAndContributionMap":{"docs":{"insertions":43,"deletions":6}}}]},{"date":"2022-02-26","commitResults":[{"hash":"7e88c606857ce4fb6c78d7f931c4ac78177680fd","messageTitle":"Update Developer Guide","messageBody":"- Add a Use Case: Edit a person.\n- Change \"user\" to \"TA\" in third NFR.\n","fileTypesAndContributionMap":{"docs":{"insertions":36,"deletions":4}}}]},{"date":"2022-03-03","commitResults":[{"hash":"ce2a865feec5cbdce32a006a0cd4f4c149ca512a","messageTitle":"Add Student, NusNetId, UniqueSudentInTutorialList classes to seedu.address.person package","messageBody":"The Student class represents a Person with an NusNetId and a TutorialName. All fields are present and not null in a Student object, i.e. every Student must be within a Tutorial and a non-Student Person should not be within a Tutorial.\n","fileTypesAndContributionMap":{"functional-code":{"insertions":199,"deletions":0}}},{"hash":"a6aa3d027993bf35e3b4a0450bc10750268a1e82","messageTitle":"Add Assessment and relevant data field classes to seedu.address.model.assessment package","messageBody":"An Assessment contains AssessmentName, Weightage and FullMark fields. It does not contain the student\u0027s results. The reason for this is because a non-Tutorial-specific Assessment class is helpful if the team chooses to implement commands like `list assessments` or `edit assessment`.\n\nEach Assessment is associated with an AssessmentResults (present in a later commit).\n","fileTypesAndContributionMap":{"functional-code":{"insertions":231,"deletions":0}}},{"hash":"4d83db98195944ce2528ca611efc38e6ade2c919","messageTitle":"Add UniqueAssessmentList and related exceptions to seedu.address.model.assessment package","messageBody":"UniqueAssessmentList is a list containing all the Assessment objects in the address book. It enforces uniqueness among the elements using the AssessmentName as the identifier.\n\nThis class is useful for listing assessments or editing an assessment.\n\nIts backing list is an ObservableList which has the benefit of allowing listeners to track changes to the list (so that the UI can update the list of assessments automatically when there is a change in the UniqueAssessmentList).\n\nSee UniquePersonList in the model.person package and PersonListPanel in the ui package for reference.\n","fileTypesAndContributionMap":{"functional-code":{"insertions":115,"deletions":0}}},{"hash":"be5aa3556070108aa54124fe44aa7e3cf8d252e5","messageTitle":"Add AssessmentResultsList, AssessmentResults and StudentResult classes to seedu.address.model.assessment package","messageBody":"StudenResult represents the result of a single student for an assessment and contains an NusNetId and Score.\nAssessmentResults contains a list of StudentResults and has an AssessmentName (is associated with an Assessment).\nAssessmentResultsList contains a list of AssessmentResults and has a TutorialName (inside a Tutorial).\n\nAn AssessmentResultsList is associated with a Tutorial while the UniqueAssessmentList is associated with the ModelManager or AddresBook.\n\nAssessmentResults and AssessmentResultsList both contain ObservableLists for the same reason as in the previous commit.\n\nNote: the AssessmentNotFoundException is meant for the previous commit but DuplicateStudentResultException is added in the previous commit by accident.\n","fileTypesAndContributionMap":{"functional-code":{"insertions":260,"deletions":0}}},{"hash":"4d93820b31f8f9bb1d9020104210c4c87c599f3c","messageTitle":"Minor style changes to the two files","messageBody":"","fileTypesAndContributionMap":{"functional-code":{"insertions":4,"deletions":4}}},{"hash":"ec7c86758cf385d539e09d3d5699aa62c07e30a0","messageTitle":"Add a Tutorial and related data field classes to seedu.address.model.tutorial","messageBody":"A Tutorial represents a class managed by the TA (it is named Tutorial to avoid confusion and errors with Java Class).\nA Tutorial contains a TutorialName, Day, Time, UniqueStudentsInTutorialList and AssessmentResultsList.\n","fileTypesAndContributionMap":{"functional-code":{"insertions":253,"deletions":0}}},{"hash":"d8d2b16bf05cc9318db549eb2932e27cc783f382","messageTitle":"Add a field called allStudents, which contains all students in the address book to ModelManager class","messageBody":"allStudents is declared as a FilteredList\u003cPerson\u003e, which takes in the address book\u0027s persons list and a predicate to filter the students.\n\nallStudents is automatically updated when the address book\u0027s person list is updated (this has been manually tested on a smaller scale) so there is no need to manually update allStudents.\n\nMore changes need to be done to ModelManager and/or AddressBook to include new data classes.\n","fileTypesAndContributionMap":{"functional-code":{"insertions":16,"deletions":0}}}]},{"date":"2022-03-07","commitResults":[{"hash":"9c653aef12f1e6d624e40d8b93b5f33b1ec8d844","messageTitle":"Change the implementation of AssessmentResultsList class","messageBody":"Change the internal list of AssessmentResultsList class from ObservableList\u003cPerson\u003e to List\u003cPerson\u003e. ObservableList is not needed as the AssessmentResultsList is not a backing list to any UI components.\n","fileTypesAndContributionMap":{"functional-code":{"insertions":12,"deletions":5}}},{"hash":"643761838ae40534a75f403b808c7c2370ba0139","messageTitle":"Minor fixes to the classes in model","messageBody":"","fileTypesAndContributionMap":{"functional-code":{"insertions":6,"deletions":6}}},{"hash":"6b63ed7a4bb44f37573e211f32c5693685227112","messageTitle":"Add a UniqueTutorialList class and related exception class to tutorial package","messageBody":"The UniqueTutorialList class represents a list of Tutorials in the address book that enforces uniqueness between its elements. It is useful for operations such as adding or removing tutorials from the model.\n","fileTypesAndContributionMap":{"functional-code":{"insertions":61,"deletions":2}}},{"hash":"2cdb44b4959b3ffbe8a3155a353cf33a7a8a9214","messageTitle":"Add a tutorial list and assessment list to AddressBook class to integrate new data classes into model","messageBody":"AddressBook wraps all the data at the address-book level, including the persons, tutorials and assessments. It provides methods for updating the lists of persons, tutorials and assessments which are used by the ModelManager to update the model components after a command is executed.\n\nTodo: add methods for updating the tutorial list and assessment list in the AddressBook and ModelManager classes (update the Model interface as well).\n","fileTypesAndContributionMap":{"functional-code":{"insertions":103,"deletions":2}}},{"hash":"4a0ef57a00fad073f34ce068f18e34e60ad61afe","messageTitle":"Update AddressBookTest to pass test case after changing the ReadOnlyAddressBook interface","messageBody":"","fileTypesAndContributionMap":{"test-code":{"insertions":14,"deletions":0}}},{"hash":"27849cc9468b0a801841c6e17469d7394052a9e2","messageTitle":"Change the logic and model components to support adding an assessment to the address book","messageBody":"Add 2 new classes to the logic component: AddAssessmentCommand and AddAssessmentCommandParser to support the execution and parsing of add assessment commands respectively. Update AddressBookParser to handle add assessment commands. Add the prefixes of add assessment command to CliSyntax class.\n\nUpdate ModelManager, Assessment, UniqueTutorialList, Tutorial to support the adding of an assessment to the addressbook. Apart from adding an Assessment object to the UniqueAssessmentList in the AddressBook, the AssessmentResultsList of every Tutorial in the UniqueTutorialList needs to be updated with a new AssessmentResults object.\n","fileTypesAndContributionMap":{"functional-code":{"insertions":196,"deletions":1}}}]},{"date":"2022-03-09","commitResults":[{"hash":"bed9599e9d537ebbb07c6b1992f339eae094dc41","messageTitle":"Change the implementation of addAssessment in UniqueTutorialList to update the tutorials, rather than replacing them","messageBody":"","fileTypesAndContributionMap":{"functional-code":{"insertions":4,"deletions":5}}},{"hash":"281d9e5c621796ca02247d5acc379adff94b5c0f","messageTitle":"Update the logic and model components to support deleting an assessment","messageBody":"- Add 2 new classes to the logic component: DeleteAssessmentCommand and DeleteAssessmentCommandParser.\n- Update classes in the model to support removing an assessment by its AssessmentName from the address book.\n","fileTypesAndContributionMap":{"functional-code":{"insertions":151,"deletions":6}}},{"hash":"2a7bc67dd3a4242b21d25c938ec29546758147eb","messageTitle":"Fix AddCommandTest in response to changes to the Model and ModelManager classes","messageBody":"","fileTypesAndContributionMap":{"test-code":{"insertions":22,"deletions":0}}},{"hash":"cbadc2eb52459cd9d88d5be50d864699cd094f8d","messageTitle":"Update the removeAssessmentByName method in the AddressBook to remove AssessmentResults corresponding to the assessment being removed from tutorials in the address book","messageBody":"Related methods in lower-level classes are updated as well.\n","fileTypesAndContributionMap":{"functional-code":{"insertions":55,"deletions":3}}}]},{"date":"2022-03-10","commitResults":[{"hash":"82eafafecc6b65cb9137e22d05cb69cfbe88a5f3","messageTitle":"Fix mistake in parsing the assessment name, weightage and full mark","messageBody":"Add parse methods to ParserUtil to check the validity of the inputted fields and throw a ParseException if the field is invalid.\nUpdate AddAssessmentCommandParser and DeleteAssessmentCommandParser to use these new parse methods.\n","fileTypesAndContributionMap":{"functional-code":{"insertions":35,"deletions":5}}},{"hash":"006c66b582f3a9ba3086d1a464a2959a6d71e809","messageTitle":"Fix Checkstyle mistakes and add in new prefixes to CliSyntax file","messageBody":"","fileTypesAndContributionMap":{"functional-code":{"insertions":38,"deletions":22}}}]},{"date":"2022-03-13","commitResults":[{"hash":"3d5aaef51bad95b6663fd5062909682b144e38a2","messageTitle":"Add comment to ModelManager for accessors to Assessments","messageBody":"","fileTypesAndContributionMap":{"functional-code":{"insertions":2,"deletions":0}}},{"hash":"8996483a38028a8040fa82fa884e41416e9a7ea2","messageTitle":"Change the input prefix for date to dt/ in CliSyntax","messageBody":"","fileTypesAndContributionMap":{"functional-code":{"insertions":1,"deletions":1}}},{"hash":"ce2ca6e53b11225ecd02f13db7a11fd2feb91391","messageTitle":"Resolve conflicts between master branch and assessments branch","messageBody":"","fileTypesAndContributionMap":{"functional-code":{"insertions":6,"deletions":17}}}]},{"date":"2022-03-14","commitResults":[{"hash":"936c7c42c1a8c2d23b8d5428a0808963a7209c8b","messageTitle":"Change some method names to reflect what the method does and remove redundant Predicates and statements","messageBody":"","fileTypesAndContributionMap":{"functional-code":{"insertions":53,"deletions":63},"test-code":{"insertions":2,"deletions":2}}},{"hash":"cab4a01acdde5a832e2f2df417a7b1b373509af5","messageTitle":"Change the getStudentList method in the Model and ModelManager classes","messageBody":"","fileTypesAndContributionMap":{"functional-code":{"insertions":4,"deletions":5},"test-code":{"insertions":2,"deletions":1}}},{"hash":"e2ca8b94d2cc04eb74268629044a6c032c58e5bc","messageTitle":"Update GUI component for add and delete assessment commands","messageBody":"The app now displays the list of assessments when the user calls the add or delete assessment command.\nAdd AssessmentCard class which represents the UI component that displays the information about an Assessment.\n","fileTypesAndContributionMap":{"functional-code":{"insertions":186,"deletions":32},"test-code":{"insertions":17,"deletions":2}}},{"hash":"4f7d057f7e79a12a6abb6593c189e0afb3c0eb71","messageTitle":"Fix checkstyle mistakes","messageBody":"","fileTypesAndContributionMap":{"functional-code":{"insertions":6,"deletions":7}}}]},{"date":"2022-03-15","commitResults":[{"hash":"3d9a15fdd90d19d07fc5aa1743f07baec4d8d698","messageTitle":"Change parameter type of UniqueStudentsInTutoriaList\u0027s constructor to ObservableList\u003cPerson\u003e to allow more flexibility","messageBody":"","fileTypesAndContributionMap":{"functional-code":{"insertions":1,"deletions":1}}},{"hash":"747fd598ca371bf0c29006d90eaef3f10ba1a344","messageTitle":"Change return type of getFilteredAssessmentList in Logic and LogicManager classes","messageBody":"","fileTypesAndContributionMap":{"functional-code":{"insertions":4,"deletions":4}}}]},{"date":"2022-03-16","commitResults":[{"hash":"0569a3da08ab44f1eee58ee167758112f5313130","messageTitle":"Fix bug in delete_assessment:","messageBody":"Fix removeByName method in AssessmentResultsList class to not throw an AssessmentNotFoundException when the AssessmentResult is found.\n","fileTypesAndContributionMap":{"functional-code":{"insertions":1,"deletions":0}}}]},{"date":"2022-03-21","commitResults":[{"hash":"2a2df8b39714e2e9f480b86db895c9921dffeb6e","messageTitle":"Add add_score command","messageBody":"- Add 2 new classes in logic package for handling add_score commands: AddScoreCommand and AddScoreCommandParser.\n- Add new class and view in ui package for displaying student results: StudentResultCard and StudentResultListCard.\n- Add new exception class in model package: StudentNotFoundException for methods that find a student in the address book.\n- Add the value Score to DisplayType, for displaying student results.\n\n- Add a method to access to-be-displayed student results list in Logic and LogicManager.\n- Update classes in the model package to support adding a student result to the address book and updating the displayed student results list.\n","fileTypesAndContributionMap":{"functional-code":{"insertions":542,"deletions":55},"test-code":{"insertions":33,"deletions":1}}}]},{"date":"2022-03-22","commitResults":[{"hash":"d1c3378cde77cf9ec207d1c05ebbdeb0be429e63","messageTitle":"Add list_score command - Add 2 new classes to logic package: ListScoreCommand and ListScoreCommandParser. - Update AddressBookParser to handle the list_score command. - Abstract out arePrefixesPresent method into ParserUtils class as this method is used by many Parser classes.","messageBody":"","fileTypesAndContributionMap":{"functional-code":{"insertions":104,"deletions":43}}},{"hash":"54c4001f4c5bd11c460a01f2b3057e81ad88bfed","messageTitle":"Fix checkstyle mistakes (missing Javadoc comments, unused imports)","messageBody":"","fileTypesAndContributionMap":{"functional-code":{"insertions":6,"deletions":16}}},{"hash":"843f8d078a01f899854ba967631caf3d787aad89","messageTitle":"Update the AddScoreCommand class to support both adding and editing a student\u0027s score - Change the name of AddScoreCommand and AddScoreCommandParser to GradeCommand and GradeCommandParser. - Update the model to support editing a student\u0027s score in an assessment.","messageBody":"","fileTypesAndContributionMap":{"functional-code":{"insertions":76,"deletions":4},"other":{"insertions":46,"deletions":28}}},{"hash":"b7ed5ed4148543a5f457359766f712a2cdd6d930","messageTitle":"Fix checkstyle mistakes (wrong order of imports)","messageBody":"","fileTypesAndContributionMap":{"functional-code":{"insertions":1,"deletions":1},"test-code":{"insertions":5,"deletions":0}}},{"hash":"f39eec512fa5fd7ee436dcd4d097924868558f7e","messageTitle":"Abstract out some common messages in the command classes into the Messages class in commons.core package","messageBody":"","fileTypesAndContributionMap":{"functional-code":{"insertions":13,"deletions":10}}}]},{"date":"2022-03-25","commitResults":[{"hash":"ad38de234bb1fe80c873001fd1247cf32f72d20f","messageTitle":"Add description of add assessment feature to developer guide","messageBody":"","fileTypesAndContributionMap":{"functional-code":{"insertions":17,"deletions":17},"docs":{"insertions":149,"deletions":6},"test-code":{"insertions":3,"deletions":3}}},{"hash":"2047807fd4f206cc3f5409661edde2cb08db2f37","messageTitle":"Fix checkstyle mistakes in puml files","messageBody":"","fileTypesAndContributionMap":{"docs":{"insertions":2,"deletions":2}}},{"hash":"aea30ac98e13605c2a15a7fd0f152a75902caba8","messageTitle":"Update storage component to store student results - Add JsonAdaptedAssessmentResults and JsonAdaptedStudentResult classes. - Update JsonAdaptedTutorial to include a List\u003cJsonAdaptedAssessmentResults\u003e for storage. - Fix bug in add_student (unable to add a student with the exact same student id as someone else).","messageBody":"","fileTypesAndContributionMap":{"functional-code":{"insertions":226,"deletions":15},"test-code":{"insertions":6,"deletions":0}}},{"hash":"bb014360795d5494bbc74c1330450d9832825986","messageTitle":"Fix trailing whitespace problem","messageBody":"","fileTypesAndContributionMap":{"functional-code":{"insertions":1,"deletions":1}}}]},{"date":"2022-03-26","commitResults":[{"hash":"880cd778b1244f82910fe08430f87952d9ff9454","messageTitle":"Add comment to explain a line of code in JsonAdaptedTutorial + enabled assertions in build.gradle","messageBody":"","fileTypesAndContributionMap":{"functional-code":{"insertions":2,"deletions":0},"other":{"insertions":4,"deletions":0}}}]},{"date":"2022-03-31","commitResults":[{"hash":"cb33a7db48a4bc15f259522339f77767afbb7d35","messageTitle":"Update UG for grade and list_score","messageBody":"","fileTypesAndContributionMap":{"docs":{"insertions":6,"deletions":1}}}]},{"date":"2022-04-05","commitResults":[{"hash":"ba0688f3387d191e238581fc0a29901f0660bac0","messageTitle":"Fix bugs detected during PE dry-run: - Add line in \"Notes about command format\" in UG to specify that all parameters are case-sensitive. - Fix error message for add_assessment to specify that the input for full mark should be an integer, instead of a number. - Fix examples provided for add_assessment and add_student in the UG. - Fix message constraint of Day and Score. - Add an upper limit for full mark and score.","messageBody":"","fileTypesAndContributionMap":{"functional-code":{"insertions":5,"deletions":5},"docs":{"insertions":7,"deletions":4}}}]},{"date":"2022-04-08","commitResults":[{"hash":"f87e80955f70c1ba60594397153e453f84f78863","messageTitle":"Add Test classes for Assessment-related classes","messageBody":"","fileTypesAndContributionMap":{"test-code":{"insertions":171,"deletions":0}}},{"hash":"eb0046535c89b32e2f05c7738d318cd06042490a","messageTitle":"Update PPP","messageBody":"","fileTypesAndContributionMap":{"docs":{"insertions":25,"deletions":12}}},{"hash":"129f4cc1b87ac4c671a6fec947d466c7e15fa6a9","messageTitle":"Add Tests for Assessment-related classes in model","messageBody":"","fileTypesAndContributionMap":{"functional-code":{"insertions":24,"deletions":15},"test-code":{"insertions":600,"deletions":1}}}]},{"date":"2022-04-09","commitResults":[{"hash":"e7f87183696bacf501cf5c5507fec33e7b30e2d5","messageTitle":"Add tests for add assessment, remove assessment and grade commands","messageBody":"","fileTypesAndContributionMap":{"functional-code":{"insertions":28,"deletions":2},"test-code":{"insertions":1075,"deletions":4}}},{"hash":"8bf619a044c12571939636e3a2ecb4d39ba71f39","messageTitle":"Add tests for AddAssessmentCommandParser, DeleteAssessmentCommandParser, GradeCommandParser","messageBody":"","fileTypesAndContributionMap":{"test-code":{"insertions":189,"deletions":0}}},{"hash":"040e85b8af0cf740cf8d76a569cecec74dbc4bd1","messageTitle":"Resolve merge conflict","messageBody":"","fileTypesAndContributionMap":{"test-code":{"insertions":1,"deletions":1}}}]},{"date":"2022-04-10","commitResults":[{"hash":"8a67974e52626abf284591203405e9ebb7a392f0","messageTitle":"Update the Developer Guide for Model component","messageBody":"","fileTypesAndContributionMap":{"docs":{"insertions":31,"deletions":15}}}]},{"date":"2022-04-11","commitResults":[{"hash":"f8e46806e718a9c052f4426ff6b8e8418b049566","messageTitle":"Update UG","messageBody":"","fileTypesAndContributionMap":{"docs":{"insertions":34,"deletions":30}}},{"hash":"d546affc82b0bed6a4f72319a0bfbcefe9ad1ab7","messageTitle":"Delete johndoe.md","messageBody":"","fileTypesAndContributionMap":{"docs":{"insertions":0,"deletions":46}}},{"hash":"48f379aa79d653baa3153238102024fef6620017","messageTitle":"Refine UG + add a note for add_assessment regarding weightage","messageBody":"","fileTypesAndContributionMap":{"docs":{"insertions":49,"deletions":38}}},{"hash":"08e7759d787f43eeb57593db841d0f69ceed6589","messageTitle":"Finalize PPP and update DG (feature implementations, use cases, model component, etc.)","messageBody":"","fileTypesAndContributionMap":{"docs":{"insertions":89,"deletions":79}}}]}],"zixin448":[{"date":"2022-02-24","commitResults":[{"hash":"c599f1d6923f5be8871d88bb9818eeed21271c7e","messageTitle":"Update AboutUs and PPP","messageBody":"1. Add personal details in AboutUs\n2. Add skeletal version of the Project Portfolio Page (PPP)\n","fileTypesAndContributionMap":{"docs":{"insertions":43,"deletions":5}}},{"hash":"ec81ae00af2ee097362079c54ca992a502d6f925","messageTitle":"Update project name","messageBody":"","fileTypesAndContributionMap":{"docs":{"insertions":1,"deletions":1}}},{"hash":"6c800e969f5a889d0d916ddc9262292b472be8ff","messageTitle":"Remove trailing white spaces","messageBody":"","fileTypesAndContributionMap":{"docs":{"insertions":2,"deletions":2}}},{"hash":"bc948799fefceefeb0ba668b0b814eff844e31ac","messageTitle":"Add newline to EOF","messageBody":"","fileTypesAndContributionMap":{"docs":{"insertions":1,"deletions":1}}}]},{"date":"2022-02-25","commitResults":[{"hash":"cad1848c531533cdd7a3f09878c6eb85ab603148","messageTitle":"Update AboutUs image filetype","messageBody":"profile image was named as zixin.png.JPG\n\nChange image filetype to png and replace the current image file in the porject docs/images\n\nTo ensure proper naming of images\n","fileTypesAndContributionMap":{"docs":{"insertions":1,"deletions":1}}},{"hash":"7d433665c028e1be58ccaa9e37ac122f9eaa4f34","messageTitle":"Add use case 1","messageBody":"","fileTypesAndContributionMap":{"docs":{"insertions":26,"deletions":0}}}]},{"date":"2022-03-03","commitResults":[{"hash":"7e0b35f99237843a53f86ae1b8e64343bfdc2f07","messageTitle":"Update User Guide","messageBody":"Original remove student from class command was using \u0027delete\u0027 keyword which may confuse users as there is another delete command used to remove user from AddressBook\nNow changed to \u0027remove student\u0027\nBetter clarity, avoid confusion\n\nimport Todo.java;\nimport Deadline.java;\nimport Task.java;\n","fileTypesAndContributionMap":{"docs":{"insertions":9,"deletions":6}}}]},{"date":"2022-03-08","commitResults":[{"hash":"2ffc7141c3d22a5470405f0a0a4e6c98d50d5122","messageTitle":"add new prefixes for v1.2","messageBody":"","fileTypesAndContributionMap":{"functional-code":{"insertions":9,"deletions":1}}},{"hash":"f3d981020c93e478221a457084bf37a2cc269e29","messageTitle":"update User Guide with latest prefix","messageBody":"","fileTypesAndContributionMap":{"docs":{"insertions":33,"deletions":28}}},{"hash":"d97c41dac74bc4b896e88eff01c273f2b15a9f37","messageTitle":"update User Guide","messageBody":"","fileTypesAndContributionMap":{"docs":{"insertions":2,"deletions":2}}}]},{"date":"2022-03-09","commitResults":[{"hash":"3db3927fa2e69bbb84d91854ed8e5e4713e6dce8","messageTitle":"add new command AddStudentCommand","messageBody":"","fileTypesAndContributionMap":{"functional-code":{"insertions":395,"deletions":4},"test-code":{"insertions":99,"deletions":0}}}]},{"date":"2022-03-10","commitResults":[{"hash":"fa92a60d6e9fc7a8c3ce1fd2499ea4b9f276f76c","messageTitle":"update command word","messageBody":"","fileTypesAndContributionMap":{"functional-code":{"insertions":1,"deletions":1}}},{"hash":"1150fe4e75504dac4c4a7afcdbe72d968586753f","messageTitle":"add student fields to ui PersonCard","messageBody":"","fileTypesAndContributionMap":{"functional-code":{"insertions":18,"deletions":0}}},{"hash":"dabaee7f6f7fd9a538ad6a00ab1e7a566a8c0320","messageTitle":"resolve conflicts and checkstyle errors","messageBody":"","fileTypesAndContributionMap":{"functional-code":{"insertions":12,"deletions":27},"test-code":{"insertions":15,"deletions":47}}}]},{"date":"2022-03-13","commitResults":[{"hash":"2e035572c7e17d952bd3df84baec34763ba3ecd5","messageTitle":"Revert \"Merge branch \u0027master\u0027 into master\"","messageBody":"This reverts commit 48a9125812f9d45a77fc8b01893b8135d29f6d86, reversing\nchanges made to 5928e29b2b2fa614aca98151e2073dfbacab02da.\n","fileTypesAndContributionMap":{"functional-code":{"insertions":36,"deletions":373},"test-code":{"insertions":11,"deletions":55}}},{"hash":"a9a98a89d340be08468d7ceb944bb29a30205ee6","messageTitle":"fix checkstyle error","messageBody":"","fileTypesAndContributionMap":{"functional-code":{"insertions":36,"deletions":36},"test-code":{"insertions":9,"deletions":10}}},{"hash":"f4057e1e2392c27c7229bcbc6110e91c1a012687","messageTitle":"Add addStudent command","messageBody":"","fileTypesAndContributionMap":{"functional-code":{"insertions":392,"deletions":32},"test-code":{"insertions":59,"deletions":9}}},{"hash":"13ef967356fc01c8a454cda70b92288f0fd841de","messageTitle":"update addressBookParser to include add student case","messageBody":"","fileTypesAndContributionMap":{"functional-code":{"insertions":4,"deletions":0}}}]},{"date":"2022-03-14","commitResults":[{"hash":"b08e748d900b363fd166fe02446e4779585d8ab8","messageTitle":"resolve checkstyle conflict","messageBody":"","fileTypesAndContributionMap":{"functional-code":{"insertions":3,"deletions":2}}},{"hash":"0af4797a6a85fc880c3d6feacda6a959448bf16c","messageTitle":"change checkExists() to hasPersonWithName()","messageBody":"","fileTypesAndContributionMap":{"functional-code":{"insertions":2,"deletions":2}}}]},{"date":"2022-03-15","commitResults":[{"hash":"bf6ec23063bdcabf198e137e943acdd5f17051ce","messageTitle":"Add storage for assessments and students","messageBody":"","fileTypesAndContributionMap":{"functional-code":{"insertions":130,"deletions":7},"test-code":{"insertions":20,"deletions":9}}},{"hash":"efa9fa1be385cd689c8eddaaf33b1cf3b580c746","messageTitle":"update relevant changes to test and remove print statements","messageBody":"","fileTypesAndContributionMap":{"functional-code":{"insertions":1,"deletions":2}}}]},{"date":"2022-03-21","commitResults":[{"hash":"919a250cf798bab85837706d660335d3e8eb0a25","messageTitle":"Add findByPrefix parser","messageBody":"","fileTypesAndContributionMap":{"functional-code":{"insertions":168,"deletions":1}}}]},{"date":"2022-03-22","commitResults":[{"hash":"25430304bbbad7839effcb1cdae41809bf79721e","messageTitle":"add new findByPrefixCommand","messageBody":"","fileTypesAndContributionMap":{"functional-code":{"insertions":290,"deletions":22}}}]},{"date":"2022-03-24","commitResults":[{"hash":"e8a79d09076ff32a9b848bdd4cb8f082324af7ce","messageTitle":"add partial keyword logic (tbc)","messageBody":"","fileTypesAndContributionMap":{"functional-code":{"insertions":161,"deletions":7}}},{"hash":"f0119044e7b01b74ab8ce88ba11e238d2087ddf5","messageTitle":"Add partial find logic and resolved CI check","messageBody":"","fileTypesAndContributionMap":{"functional-code":{"insertions":77,"deletions":59},"test-code":{"insertions":17,"deletions":0}}}]},{"date":"2022-03-25","commitResults":[{"hash":"741777311278b38da569148de6ff0bc3b1eafda6","messageTitle":"Update dev guide find student implementation","messageBody":"","fileTypesAndContributionMap":{"docs":{"insertions":146,"deletions":1}}},{"hash":"24f34bc0332f230d074e98459d95af209841330e","messageTitle":"Add ui","messageBody":"","fileTypesAndContributionMap":{"functional-code":{"insertions":26,"deletions":4}}},{"hash":"172dc525e3ff306c958971e3ee814aca052a3d70","messageTitle":"fix bug for display usual find","messageBody":"","fileTypesAndContributionMap":{"functional-code":{"insertions":13,"deletions":1}}},{"hash":"70f754a2d628c2ea0d08735bd60ef668aa945996","messageTitle":"solve checkstyle bugs","messageBody":"","fileTypesAndContributionMap":{"functional-code":{"insertions":8,"deletions":8}}}]},{"date":"2022-03-26","commitResults":[{"hash":"395eca39e4bf0d391061ce67e246b56b41aaeb35","messageTitle":"Update find and findbyprefix to be full and partial find respectively","messageBody":"","fileTypesAndContributionMap":{"functional-code":{"insertions":37,"deletions":27},"test-code":{"insertions":23,"deletions":17}}},{"hash":"2b5b45b08d8dbb63331c6a2a936261b3fecc36cf","messageTitle":"resolve check","messageBody":"","fileTypesAndContributionMap":{"functional-code":{"insertions":3,"deletions":3},"test-code":{"insertions":2,"deletions":2}}}]},{"date":"2022-03-31","commitResults":[{"hash":"b58d44bd1c20d6eb77408b5c5352797a1793b8eb","messageTitle":"Update user guide for findbyprefix command","messageBody":"","fileTypesAndContributionMap":{"docs":{"insertions":41,"deletions":23}}},{"hash":"6e6b08e3d736fcf0711590576fd1e134baa3a7c9","messageTitle":"add test for AddClassCommand","messageBody":"","fileTypesAndContributionMap":{"test-code":{"insertions":2,"deletions":0}}},{"hash":"d7128ce18aae9d1d54926d70ee6f27769b4c9006","messageTitle":"Add test for AddClassCommand","messageBody":"","fileTypesAndContributionMap":{"test-code":{"insertions":397,"deletions":1}}}]},{"date":"2022-04-01","commitResults":[{"hash":"347b0585acd61b9cba5439d5d97c4fd0465f2a5e","messageTitle":"update addClassCommandTest","messageBody":"","fileTypesAndContributionMap":{"functional-code":{"insertions":5,"deletions":1},"test-code":{"insertions":77,"deletions":25}}},{"hash":"148abcbcaa0885754b46a4bb2ff00496605e61e5","messageTitle":"resolve check error","messageBody":"","fileTypesAndContributionMap":{"test-code":{"insertions":12,"deletions":0}}}]},{"date":"2022-04-05","commitResults":[{"hash":"0ee0c49cdac8672c845135ff6d64186378900bb3","messageTitle":"Fix bug PE-DRY-RUN issue 197","messageBody":"","fileTypesAndContributionMap":{"functional-code":{"insertions":20,"deletions":0}}}]},{"date":"2022-04-06","commitResults":[{"hash":"fa1119287781e003733ebcb9a7da040af988bf8e","messageTitle":"Resolve issues 184, 171, 172, 163","messageBody":"","fileTypesAndContributionMap":{"functional-code":{"insertions":8,"deletions":0},"docs":{"insertions":47,"deletions":20}}},{"hash":"6ffd0481875956efa463113a42e33d03441425f6","messageTitle":"remove date prefix","messageBody":"","fileTypesAndContributionMap":{"functional-code":{"insertions":0,"deletions":1},"docs":{"insertions":11,"deletions":12}}},{"hash":"468792cf6687a5207a9d71fceaa405d9aaa6e30e","messageTitle":"Update","messageBody":"","fileTypesAndContributionMap":{"docs":{"insertions":4,"deletions":4}}},{"hash":"de914b339c6f0ca1cd7c9ec3b3a07afc0e86677d","messageTitle":"remove print statement","messageBody":"","fileTypesAndContributionMap":{"functional-code":{"insertions":0,"deletions":1}}},{"hash":"5f9ada8d9801e35354b5ce475ffff932485d0a5a","messageTitle":"remove brackets","messageBody":"","fileTypesAndContributionMap":{"docs":{"insertions":2,"deletions":2}}},{"hash":"9543e1c9515b2cea88e87c66df72d078cb61e4f2","messageTitle":"resolve issue 132, 138","messageBody":"","fileTypesAndContributionMap":{"docs":{"insertions":3,"deletions":2}}}]},{"date":"2022-04-07","commitResults":[{"hash":"7ada2a6c6989817215e917a163ea35d43ba3d762","messageTitle":" add test deleteClassCommandTest","messageBody":"","fileTypesAndContributionMap":{"functional-code":{"insertions":32,"deletions":3},"test-code":{"insertions":217,"deletions":0}}},{"hash":"3c6c88e84529e753e17431dfb4f98ef8a332c6b5","messageTitle":"Add test NusNetIdTest and CommentTest","messageBody":"","fileTypesAndContributionMap":{"functional-code":{"insertions":9,"deletions":1},"test-code":{"insertions":75,"deletions":0}}},{"hash":"97367e5c9fd29bbe3da3badd23a75361e5d6a4c7","messageTitle":"remove empty file","messageBody":"","fileTypesAndContributionMap":{"test-code":{"insertions":0,"deletions":4}}}]},{"date":"2022-04-08","commitResults":[{"hash":"77ce98634d91007d35b3fef4b60e924cd7198e06","messageTitle":"Add test AttendanceTest","messageBody":"","fileTypesAndContributionMap":{"test-code":{"insertions":84,"deletions":0}}},{"hash":"84604158d8da8942a7f7da31811049c2e5e3d7e2","messageTitle":"Add test AddClassCommandParserTest","messageBody":"","fileTypesAndContributionMap":{"functional-code":{"insertions":8,"deletions":5},"test-code":{"insertions":149,"deletions":3}}},{"hash":"01999594617add7f04d8c7e3133270eac68dabd4","messageTitle":"Update PPP","messageBody":"","fileTypesAndContributionMap":{"docs":{"insertions":34,"deletions":10}}},{"hash":"1fcfa36485f3f3818a35ee3a704f5049d9d5f6cc","messageTitle":"Add check for attendance in tutorial class","messageBody":"","fileTypesAndContributionMap":{"functional-code":{"insertions":2,"deletions":2}}},{"hash":"fa57b45ff5ccbf9a933c30e4a3374f9d3efbe384","messageTitle":"Small changes to coordinate","messageBody":"","fileTypesAndContributionMap":{"docs":{"insertions":3,"deletions":2}}},{"hash":"bd9604c2e7875bac8d6d8caa4bdb0e03bacfcc3f","messageTitle":"Add coverage update","messageBody":"","fileTypesAndContributionMap":{"docs":{"insertions":1,"deletions":1}}},{"hash":"a472748ed5ecb6821f944f7c93765d1678c55633","messageTitle":"update dev guide section in PPP","messageBody":"","fileTypesAndContributionMap":{"docs":{"insertions":1,"deletions":0}}},{"hash":"404086b2ea0b3ceb2127828d507fcb97e8cbc57a","messageTitle":"Move tutorial test util to tutorialtestutil file","messageBody":"","fileTypesAndContributionMap":{"test-code":{"insertions":47,"deletions":44}}},{"hash":"81739560997e41d9e1e22b0bf493fbef67fc5935","messageTitle":"Update Attendance Test","messageBody":"","fileTypesAndContributionMap":{"test-code":{"insertions":30,"deletions":20}}},{"hash":"be91d90541e2c229571af2c3218e576095501fd3","messageTitle":"update commentTest","messageBody":"","fileTypesAndContributionMap":{"test-code":{"insertions":15,"deletions":2}}},{"hash":"5414d2dc5fbadd6c282c77dbd2a7c12327c3eb85","messageTitle":"Add test AttendanceListTest","messageBody":"","fileTypesAndContributionMap":{"functional-code":{"insertions":11,"deletions":3},"test-code":{"insertions":115,"deletions":3}}},{"hash":"10f6a2eae011e8af40ac67f0f3acd8cb5098b828","messageTitle":"edit naming of test methods","messageBody":"","fileTypesAndContributionMap":{"test-code":{"insertions":3,"deletions":3}}},{"hash":"a9aa8d4e21227512b88f96c0109573de90e52ee0","messageTitle":"add removeTag to deleteStudent","messageBody":"","fileTypesAndContributionMap":{"functional-code":{"insertions":22,"deletions":2}}}]},{"date":"2022-04-09","commitResults":[{"hash":"543968cef44bd548cd7177b82005b5bb7a2a8b0d","messageTitle":"add test to attendanceListTest","messageBody":"","fileTypesAndContributionMap":{"functional-code":{"insertions":0,"deletions":1},"test-code":{"insertions":21,"deletions":0}}},{"hash":"6d4eaf5e42b7f28240aeba1f180226bcce1323d0","messageTitle":"update attendancetest and attendanceList test","messageBody":"","fileTypesAndContributionMap":{"functional-code":{"insertions":1,"deletions":0},"test-code":{"insertions":99,"deletions":14}}},{"hash":"e5518fcece95377eb369165554d065c111f60efa","messageTitle":"Add test deleteclasscommandparsertest","messageBody":"","fileTypesAndContributionMap":{"functional-code":{"insertions":5,"deletions":0},"test-code":{"insertions":61,"deletions":15}}},{"hash":"e0f20fe038187f9f2394faeeca4cdf266931ba79","messageTitle":"add test FindByPrefixCommandTest","messageBody":"","fileTypesAndContributionMap":{"functional-code":{"insertions":14,"deletions":3},"test-code":{"insertions":185,"deletions":15}}},{"hash":"ce4e658c2c572da8d613b331b086a06caf014c3b","messageTitle":"add test","messageBody":"","fileTypesAndContributionMap":{"test-code":{"insertions":47,"deletions":0}}},{"hash":"6a02c74a6bf04016cd9323b484069c4ede542784","messageTitle":"add test ListClassCommandParserTest","messageBody":"","fileTypesAndContributionMap":{"test-code":{"insertions":15,"deletions":3}}},{"hash":"ccf7a967e48194a200d3285c46af78d1cc9ca826","messageTitle":"fix checkstyle error","messageBody":"","fileTypesAndContributionMap":{"test-code":{"insertions":17,"deletions":8}}},{"hash":"49c3b11d98e7339c7e8265f7ea32bad69c752b60","messageTitle":" add test listStudentCommandParserTest","messageBody":"","fileTypesAndContributionMap":{"functional-code":{"insertions":14,"deletions":0},"test-code":{"insertions":59,"deletions":2}}},{"hash":"6a0574497b7201b715239c6555fd71941aa881cf","messageTitle":"update typical students","messageBody":"","fileTypesAndContributionMap":{"test-code":{"insertions":1,"deletions":1}}}]},{"date":"2022-04-10","commitResults":[{"hash":"495fc201e0bc2c1a59aa45f695c86457847d37df","messageTitle":"Rearrange user guide content","messageBody":"","fileTypesAndContributionMap":{"docs":{"insertions":184,"deletions":186}}},{"hash":"878dff9f8fea9d97b31d39bd517a390f6a45276b","messageTitle":"fix error","messageBody":"","fileTypesAndContributionMap":{"docs":{"insertions":1,"deletions":1}}},{"hash":"c1b10cb4e8d55a54db17eb0df1e9edb4f2943613","messageTitle":"elaborate on feature section","messageBody":"","fileTypesAndContributionMap":{"docs":{"insertions":2,"deletions":1}}},{"hash":"7c00c768d30283b0efe0b7abecc98e2c2d34d85b","messageTitle":"update edit command","messageBody":"","fileTypesAndContributionMap":{"docs":{"insertions":1,"deletions":2}}}]},{"date":"2022-04-11","commitResults":[{"hash":"0278508e24bd00894305ca97271aba2379e4ba5e","messageTitle":"add tests","messageBody":"","fileTypesAndContributionMap":{"test-code":{"insertions":98,"deletions":0}}},{"hash":"e6db0ea400b48c1d1225cdbbbc80f204db67a9dd","messageTitle":"update delete command","messageBody":"","fileTypesAndContributionMap":{"functional-code":{"insertions":12,"deletions":4},"test-code":{"insertions":0,"deletions":6}}},{"hash":"0069dc88731c2198b9466c24c106899c9f5823c4","messageTitle":"add test TutorialNameIsEqualPredicateTest","messageBody":"","fileTypesAndContributionMap":{"test-code":{"insertions":29,"deletions":0}}},{"hash":"726fc34e0003cb9c7684512dccfddfb847a98d43","messageTitle":"fix checkstyle","messageBody":"","fileTypesAndContributionMap":{"test-code":{"insertions":3,"deletions":2}}}]}],"kev-intq":[{"date":"2022-02-24","commitResults":[{"hash":"40a85b39fe41822004205aa346119095eff883a5","messageTitle":"Update AboutUs and PPP","messageBody":"Updated AboutUs and added skeletal version of PPP.","fileTypesAndContributionMap":{"docs":{"insertions":39,"deletions":3}}}]},{"date":"2022-02-27","commitResults":[{"hash":"62be3ae32a43aa4dcc15b058c970005047ec17d3","messageTitle":"Update AboutUs.md","messageBody":"","fileTypesAndContributionMap":{"docs":{"insertions":1,"deletions":1}}}]},{"date":"2022-03-01","commitResults":[{"hash":"d3b4d04d11103faaf6fc3cc16670a8e9a8ea686b","messageTitle":"Add HelpWindow feature","messageBody":"","fileTypesAndContributionMap":{"functional-code":{"insertions":543,"deletions":6}}},{"hash":"09be47acaa4d7320b1bb75db0e4062ff4769cab5","messageTitle":"Update line endings","messageBody":"","fileTypesAndContributionMap":{"functional-code":{"insertions":314,"deletions":319}}},{"hash":"d0296b44475dccbb15cb96372172bdf8132ed9f7","messageTitle":"Update coding standard","messageBody":"Fixed trailing whitespaces.","fileTypesAndContributionMap":{"functional-code":{"insertions":14,"deletions":25}}},{"hash":"f9957e77e4c970a402ae26376f8128814b244d96","messageTitle":"Update coding standard","messageBody":"Removed more trailing whitespaces","fileTypesAndContributionMap":{"functional-code":{"insertions":8,"deletions":10}}},{"hash":"fee70085e914c75ae0244f2c7f13e4e14acb1454","messageTitle":"Update coding standard","messageBody":"Remove trailing whitespaces","fileTypesAndContributionMap":{"functional-code":{"insertions":8,"deletions":9}}},{"hash":"a79d760da60de3e0c017877828712236f7920dcb","messageTitle":"Update coding standard","messageBody":"","fileTypesAndContributionMap":{"functional-code":{"insertions":1,"deletions":1}}}]},{"date":"2022-03-02","commitResults":[{"hash":"5caab46471e86afc3d7a99b75373a4cc231dc64f","messageTitle":"Update DeveloperGuide.md","messageBody":"Updated use cases to remove AddressBook","fileTypesAndContributionMap":{"docs":{"insertions":8,"deletions":8}}}]},{"date":"2022-03-10","commitResults":[{"hash":"f67dfc886c3c6ef24213b87c96c8cd31de3524f3","messageTitle":"Add_Class Command","messageBody":"","fileTypesAndContributionMap":{"functional-code":{"insertions":610,"deletions":15},"test-code":{"insertions":26,"deletions":0}}},{"hash":"e783da384174c76142031102372d3c6b710916a2","messageTitle":"Add Delete_Class Command","messageBody":"","fileTypesAndContributionMap":{"functional-code":{"insertions":39,"deletions":50}}},{"hash":"dd30067d92268ec8af89c10bf42997784a63e881","messageTitle":"Remove print lines statements","messageBody":"","fileTypesAndContributionMap":{"functional-code":{"insertions":0,"deletions":1}}},{"hash":"d89c42572637e9b0381839d5ebbe7be96a42ac34","messageTitle":"Add auto-generation of assessment list for new classes","messageBody":"An AssessmentResultsList containing entries for all current assessments in the camNUS is created when a new class is added by the user.\n\nFixed redundant methods and javadocs.","fileTypesAndContributionMap":{"functional-code":{"insertions":45,"deletions":7},"test-code":{"insertions":5,"deletions":0}}},{"hash":"c77a67bfa47144232d6465b4863854836d1fc37c","messageTitle":"Abstracted methods in DeleteClassCommand","messageBody":"Assumption for DeleteClassCommand: \n  -When index is specified, it takes priority over tutorial name, even if the index is invalid.\n\nFixed bugs related to AddCommandTest stubs\n","fileTypesAndContributionMap":{"functional-code":{"insertions":27,"deletions":18},"test-code":{"insertions":6,"deletions":0}}}]},{"date":"2022-03-15","commitResults":[{"hash":"e694d1bcd0d92b99ad63764feea2b31cf323dd31","messageTitle":"Add HelpWindow feature","messageBody":"The help window now has the following features:\n\nDisplays 3 navigable tabs:\n- Introduction\n- Command List\n- Dev Guide Link\n\nThe command list is able to be searched for a specific command.","fileTypesAndContributionMap":{"functional-code":{"insertions":229,"deletions":12}}},{"hash":"1b91dd1229dcd55d845dad032a6788fc71703d03","messageTitle":"Fix resizing bug for HelpCommandBox","messageBody":"","fileTypesAndContributionMap":{"functional-code":{"insertions":2,"deletions":2}}},{"hash":"64d557c45b51343a6541f6a44c73e1b555354132","messageTitle":"Fix name of files","messageBody":"Removed redundant fxml and css files, and renamed relevant ones,","fileTypesAndContributionMap":{"functional-code":{"insertions":57,"deletions":120}}},{"hash":"e9a03236d5067b43fbd224f8e9b4b95577f47022","messageTitle":"Fix tests and add TutorialBuilder test utility","messageBody":"Fix tests and add TutorialBuilder test utility\n\n","fileTypesAndContributionMap":{"functional-code":{"insertions":108,"deletions":2},"test-code":{"insertions":84,"deletions":0}}},{"hash":"ac266b0796f498bc5db8357e676b8af9fb981fb9","messageTitle":"Fix bugs related to object equality.","messageBody":"Fix method in AssessmentResults to check if two AssessmentResults are similar.","fileTypesAndContributionMap":{"functional-code":{"insertions":1,"deletions":5}}},{"hash":"29974fe592650934ee0d31678a0d0737517ac536","messageTitle":"Remove animations for TitledPanes","messageBody":"Collapsible animations removed due to bugs.","fileTypesAndContributionMap":{"functional-code":{"insertions":1,"deletions":1}}},{"hash":"894b744f1abf2e1b690b3ab76b04bbee159d11fb","messageTitle":"Update Json deserialization to set correct tutorial fields","messageBody":"","fileTypesAndContributionMap":{"functional-code":{"insertions":8,"deletions":3}}},{"hash":"8682ce4298c0bcdbd4f0a8109a35d4bed76d62af","messageTitle":"Fix resizing bugs present in HelpCommandBox","messageBody":"","fileTypesAndContributionMap":{"functional-code":{"insertions":9,"deletions":5}}},{"hash":"ce23552eb2c503e69e2d2ff434ab6210125e5747","messageTitle":"Remove unused imports","messageBody":"","fileTypesAndContributionMap":{"functional-code":{"insertions":0,"deletions":2}}}]},{"date":"2022-03-24","commitResults":[{"hash":"a16c4dd0120afb6718f04e34b8e9b04720d1bccc","messageTitle":"Update Developer Guide","messageBody":"Added HelpWindow feature documentation","fileTypesAndContributionMap":{"docs":{"insertions":163,"deletions":0}}},{"hash":"705fe8ad9ee1b551ac51f412061f5a1ebe628df6","messageTitle":"Update puml files with EOF","messageBody":"","fileTypesAndContributionMap":{"docs":{"insertions":1,"deletions":1}}}]},{"date":"2022-03-26","commitResults":[{"hash":"33a1430bebb39f08f6ce64b4913d2dbd7479c213","messageTitle":"Add mark_attendance feature","messageBody":"","fileTypesAndContributionMap":{"functional-code":{"insertions":597,"deletions":9},"test-code":{"insertions":25,"deletions":2}}}]},{"date":"2022-03-27","commitResults":[{"hash":"a1fc01f27e258fd86400663ea3d82bbcc2fb1f06","messageTitle":"Fix bugs and incorrect javadoc descriptions","messageBody":"Fixed bugs with incorrect result messages displayed when marking attendance for students not in a tutorial class.","fileTypesAndContributionMap":{"functional-code":{"insertions":17,"deletions":13}}},{"hash":"d83d70afc59ff67e1d7764c26f52e5b2c4426d88","messageTitle":"Fixed spelling error for Json format","messageBody":"","fileTypesAndContributionMap":{"functional-code":{"insertions":1,"deletions":1}}},{"hash":"674ef60752cd30edc54c6207490103f8a10a48de","messageTitle":"Remove print statements","messageBody":"","fileTypesAndContributionMap":{"functional-code":{"insertions":0,"deletions":6}}}]},{"date":"2022-03-29","commitResults":[{"hash":"905d5de334073c6b5e47d95748fd174abc59c64e","messageTitle":"Add unmark attendance command","messageBody":"Added support to unmark attendance.\n\nModified remove_student command to remove attendance of the removed student.\n","fileTypesAndContributionMap":{"functional-code":{"insertions":4,"deletions":0}}},{"hash":"f43142c48bfc38c8fdf7f9034b0e1ec52235e892","messageTitle":"Add unmark attendance command","messageBody":"Added support to unmark attendance.\n\nModified remove_student command to remove attendance of the removed student.\n","fileTypesAndContributionMap":{"functional-code":{"insertions":214,"deletions":5},"test-code":{"insertions":11,"deletions":0}}}]},{"date":"2022-03-30","commitResults":[{"hash":"5165f3107bccbef50340a85d937b4375885e081c","messageTitle":"Add comments feature","messageBody":"Implemented feature to add, remove and view comments for students.","fileTypesAndContributionMap":{"functional-code":{"insertions":444,"deletions":10},"test-code":{"insertions":16,"deletions":0}}},{"hash":"9cf532c5e6eddcf490d66e7eb3cad018822e1633","messageTitle":"Merge remote-tracking branch \u0027AY2122S2-CS2103T-W13-2/master\u0027 into branch-commentFeature","messageBody":"","fileTypesAndContributionMap":{"functional-code":{"insertions":0,"deletions":6}}}]},{"date":"2022-03-31","commitResults":[{"hash":"a5f73d286d80a1d3c931057139bffe312b6394ba","messageTitle":"Update Help Window with new commands","messageBody":"","fileTypesAndContributionMap":{"functional-code":{"insertions":29,"deletions":15}}},{"hash":"de707e7dd619a123eaa7843017511d40aba22bda","messageTitle":"Update import statements","messageBody":"","fileTypesAndContributionMap":{"functional-code":{"insertions":24,"deletions":3}}}]},{"date":"2022-04-01","commitResults":[{"hash":"3425d5e4ca4dda1ee0f26f71c66c683bf7ad3a85","messageTitle":"Update UG and fix usage message","messageBody":"Updated UG with:\n- add, remove and view comment commands.\n- unmark attendance command\n\nChanged the student id displayed in AddStudentCommand usage message from uppercasel `E` to lowercase `e`.\n","fileTypesAndContributionMap":{"functional-code":{"insertions":1,"deletions":1},"docs":{"insertions":48,"deletions":0}}},{"hash":"9b7e6fbca21c8ff6fb2c67168fd5ad2cd078925a","messageTitle":"Update formatting of command messages","messageBody":"","fileTypesAndContributionMap":{"functional-code":{"insertions":25,"deletions":23}}},{"hash":"71ff292f6703925daf6ee408a4a3664a8cdb7de9","messageTitle":"Update formatting of command messages","messageBody":"","fileTypesAndContributionMap":{"functional-code":{"insertions":2,"deletions":2}}}]},{"date":"2022-04-06","commitResults":[{"hash":"9d3b0e7d61c9bd49e1147267dc5d5421b7c0a2e7","messageTitle":"Fix bug issues","messageBody":"Fixed bugs for issues #133, #135, #139, #140, #145, #146, #148, #169, #170, #181, #185","fileTypesAndContributionMap":{"functional-code":{"insertions":26,"deletions":45},"docs":{"insertions":8,"deletions":13}}},{"hash":"17bb3fc736c704212996f66dd5332e95367c0f51","messageTitle":"Resolve checkstyle errors","messageBody":"","fileTypesAndContributionMap":{"functional-code":{"insertions":3,"deletions":11}}},{"hash":"48a41f182630aaf273d7b71040e76c702d85baed","messageTitle":"Fix bug in parseWeek","messageBody":"","fileTypesAndContributionMap":{"functional-code":{"insertions":1,"deletions":1}}},{"hash":"79a3259c0d31db3b4cfbf0c605c49c389be30de7","messageTitle":"Revert delete class changes","messageBody":"","fileTypesAndContributionMap":{"functional-code":{"insertions":44,"deletions":10},"docs":{"insertions":7,"deletions":2}}},{"hash":"c0ecab364400c80681d7142dbbee0d283a3be96d","messageTitle":"Fix changes","messageBody":"","fileTypesAndContributionMap":{"functional-code":{"insertions":0,"deletions":1},"docs":{"insertions":7,"deletions":7}}}]},{"date":"2022-04-07","commitResults":[{"hash":"5568d860dfdb85d001b775b9553587600638c2fe","messageTitle":"Add tests and validity check for attendance list","messageBody":"Added tests for storage components:\n- JsonAdaptedTutorial\n- JsonAdaptedStudentResult\n- JsonAdaptedAttendance\n- JsonAdaptedAssessment\n\nAdded validity check for attendance list storage.","fileTypesAndContributionMap":{"functional-code":{"insertions":40,"deletions":2},"test-code":{"insertions":615,"deletions":6}}},{"hash":"1c36786fa4fd425395deb89acd5bf46a345b906d","messageTitle":"Change mark/unmark attendance commands to use Name","messageBody":"","fileTypesAndContributionMap":{"functional-code":{"insertions":139,"deletions":103},"test-code":{"insertions":134,"deletions":52}}},{"hash":"bc612f990412a3658a3917f1275683629c503940","messageTitle":"Fix checkstyle","messageBody":"","fileTypesAndContributionMap":{"functional-code":{"insertions":29,"deletions":18},"test-code":{"insertions":3,"deletions":85}}}]},{"date":"2022-04-08","commitResults":[{"hash":"c5bc6817fbbeb3d16f686e419c1bc42c6aebbcfd","messageTitle":"Update PPP","messageBody":"","fileTypesAndContributionMap":{"docs":{"insertions":21,"deletions":12}}},{"hash":"54a3d542eacbb3500372f92b89e78d895939b222","messageTitle":"Revert changes to command format","messageBody":"","fileTypesAndContributionMap":{"functional-code":{"insertions":93,"deletions":139},"test-code":{"insertions":53,"deletions":53}}}]},{"date":"2022-04-09","commitResults":[{"hash":"c702e3dcc634163146f14a77fb7e767e097a8b55","messageTitle":"Add tests and fix bugs","messageBody":"Added tests for:\n- Tutorial\n- MarkAttendanceCommand + Parser\n- UnmarkAttendanceCommand + Parser\n\nFix bugs in:\n- Comment: Try to remove or add a comment  for a fresh student edited into the save file manually resulted in an error. Fixed by generating attendance records on every comment command call.\n\n- Attendance: IndexOutOfBounds exception due to incorrect handling of loop variable. Fixed.","fileTypesAndContributionMap":{"functional-code":{"insertions":47,"deletions":2},"test-code":{"insertions":1540,"deletions":0}}},{"hash":"5a3d7a6d9d917c6278c4997d31ece56172d744f4","messageTitle":"Add tests and fix typo","messageBody":"Added tests for ViewCommentComment and its parser.\n\nFixed minor typo in ViewCommentCommand message usage.\n\nRemoved print statements.","fileTypesAndContributionMap":{"functional-code":{"insertions":10,"deletions":3},"test-code":{"insertions":508,"deletions":0}}},{"hash":"f3fb6edfabc9b329a288f7608eab3dd792f9309b","messageTitle":"Removed print statements","messageBody":"","fileTypesAndContributionMap":{"functional-code":{"insertions":0,"deletions":1}}}]},{"date":"2022-04-10","commitResults":[{"hash":"a5f9f6c47a93f045d7ca86cbc75ffdbdd7d19d8d","messageTitle":"Update UI diagram","messageBody":"","fileTypesAndContributionMap":{"docs":{"insertions":6,"deletions":0}}},{"hash":"f60dc1b7dd6d7a642f143b622fe3a64dd6077eb0","messageTitle":"Update DG diagrams","messageBody":"","fileTypesAndContributionMap":{"docs":{"insertions":1,"deletions":1}}}]},{"date":"2022-04-11","commitResults":[{"hash":"99c10126babb0f4f9387fdb35fbadafe4ca978ae","messageTitle":"Update UG","messageBody":"","fileTypesAndContributionMap":{"docs":{"insertions":14,"deletions":10}}},{"hash":"77966155ffa3f63c947eeef71493b958a3bce61a","messageTitle":"Update UserGuide.md","messageBody":"","fileTypesAndContributionMap":{"docs":{"insertions":8,"deletions":4}}},{"hash":"a77fb79afa24179c8f2dcb864e5b9630f6ea90e2","messageTitle":"Update PPP","messageBody":"","fileTypesAndContributionMap":{"docs":{"insertions":9,"deletions":10}}}]}],"seanlaiys":[{"date":"2022-02-24","commitResults":[{"hash":"87d690c76fa6f279fe891ee9bb33e946fe197a73","messageTitle":"Update AboutUs and PPP","messageBody":"","fileTypesAndContributionMap":{"docs":{"insertions":41,"deletions":5}}},{"hash":"5bdee71a1edb7da300d7b0ebb376d45012a7ffee","messageTitle":"Update README","messageBody":"","fileTypesAndContributionMap":{"docs":{"insertions":19,"deletions":11}}}]},{"date":"2022-02-25","commitResults":[{"hash":"e17307c34b6175bfd9fe0ce6797ecddff21acb45","messageTitle":"Update User Guide","messageBody":"Updated User Guide with features for v1.2 and relevant mock UIs. Edited\nproject description to increase its clarity, as reflected in README,\nindex and User Guide.\n","fileTypesAndContributionMap":{"docs":{"insertions":141,"deletions":29}}}]},{"date":"2022-02-27","commitResults":[{"hash":"9a768125159ea5a264f73c4a83b2349e1c9c6a66","messageTitle":"Adapt Website to camNUS","messageBody":"","fileTypesAndContributionMap":{"docs":{"insertions":1,"deletions":11}}}]},{"date":"2022-03-02","commitResults":[{"hash":"979b11a8ac9b7cdf41538e755508d3cb222fe556","messageTitle":"Update User Guide","messageBody":"Adding a new feature to view list of students in a class and updating\nrelevant add, delete and list commands accordingly.\n","fileTypesAndContributionMap":{"docs":{"insertions":51,"deletions":27}}}]},{"date":"2022-03-10","commitResults":[{"hash":"9d74e3dacbbf619bfaa9024921af2f5a79a508ac","messageTitle":"Add List_Class Command","messageBody":"","fileTypesAndContributionMap":{"functional-code":{"insertions":299,"deletions":22},"test-code":{"insertions":7,"deletions":7}}},{"hash":"d7248d21c55f1619cef7a16893b4a5db27a96945","messageTitle":"Removing Trailing Whitespace","messageBody":"...and update user guide commands and add new line to end of file.\n","fileTypesAndContributionMap":{"functional-code":{"insertions":3,"deletions":3},"docs":{"insertions":51,"deletions":51}}}]},{"date":"2022-03-13","commitResults":[{"hash":"8e5b9e41fb2ae609076a2658c971a4b371c3fe69","messageTitle":"Fix UI and Refactor ListTutorialCommand to ListClassCommand","messageBody":"","fileTypesAndContributionMap":{"functional-code":{"insertions":87,"deletions":159},"other":{"insertions":4,"deletions":3}}},{"hash":"d6b5d4633b586016302a8baa7fc57ee591709579","messageTitle":"Add Commented Out Methods from Previous","messageBody":"","fileTypesAndContributionMap":{"functional-code":{"insertions":23,"deletions":0}}},{"hash":"6952c8560b1d7e7ef56ef43d479a34898d16c9b5","messageTitle":"Resolve Conflict with Method Placement","messageBody":"","fileTypesAndContributionMap":{"functional-code":{"insertions":6,"deletions":17}}}]},{"date":"2022-03-14","commitResults":[{"hash":"9ef8769a44b314f0e922cb3c2e739c5de52a1d7c","messageTitle":"Add interface displayable and enumeration for display type","messageBody":"","fileTypesAndContributionMap":{"functional-code":{"insertions":125,"deletions":20}}},{"hash":"e01035f6fcf7eaa51fb046ec1d290b0144460bf0","messageTitle":"Fix Style Related Errors","messageBody":"","fileTypesAndContributionMap":{"functional-code":{"insertions":18,"deletions":21},"test-code":{"insertions":14,"deletions":7}}},{"hash":"7890064a7c86c33adc76585e88eaec0b411b5ad6","messageTitle":"Add List_Student Command","messageBody":"","fileTypesAndContributionMap":{"functional-code":{"insertions":25,"deletions":7}}},{"hash":"63f30e5b50f4398db8a7e8ee37a4d240bb8f3b78","messageTitle":"Remove redundant statement","messageBody":"","fileTypesAndContributionMap":{"functional-code":{"insertions":0,"deletions":1}}}]},{"date":"2022-03-15","commitResults":[{"hash":"ea6d74392bf6532d59e9ac662f9892e58d81c460","messageTitle":"Change UI theme","messageBody":"","fileTypesAndContributionMap":{"functional-code":{"insertions":361,"deletions":3}}}]},{"date":"2022-03-18","commitResults":[{"hash":"d347b27de9949b254b8d8ec0080d4d6d306378ef","messageTitle":"Add Optional Day Field to List_Class Command","messageBody":"","fileTypesAndContributionMap":{"functional-code":{"insertions":82,"deletions":5},"docs":{"insertions":4,"deletions":6}}},{"hash":"f3fd09c8be1299b79ab190f8a12a22f643c7aab2","messageTitle":"Format Success Message for List_Class Command","messageBody":"","fileTypesAndContributionMap":{"functional-code":{"insertions":9,"deletions":2}}},{"hash":"b9d44f569031dd9984e8a4611c6d90b2be5fde0f","messageTitle":"Add List_Students Comamnd with Optional Field Class","messageBody":"","fileTypesAndContributionMap":{"functional-code":{"insertions":144,"deletions":6}}},{"hash":"5c50bb2a8453756542ebaa856cc22a27a2ab1089","messageTitle":"Add List_Assessment Command","messageBody":"","fileTypesAndContributionMap":{"functional-code":{"insertions":28,"deletions":0}}},{"hash":"17b4d31cd318c94555737e8d5ebd1d5f336947bb","messageTitle":"Update User Guide with New Features","messageBody":"","fileTypesAndContributionMap":{"docs":{"insertions":22,"deletions":15}}},{"hash":"3562f6d6b448e6db525ad8f14e72d67b93dcadf7","messageTitle":"Add Tests for List_Assessment Command","messageBody":"","fileTypesAndContributionMap":{"functional-code":{"insertions":23,"deletions":0},"test-code":{"insertions":214,"deletions":55}}}]},{"date":"2022-03-19","commitResults":[{"hash":"8dbcec24d41c8e7f89e02775354fb594b8e28ec4","messageTitle":"Update src/main/java/seedu/address/logic/commands/ListClassCommand.java","messageBody":"Co-authored-by: garethkoh \u003c77238736+garethkoh@users.noreply.github.com\u003e","fileTypesAndContributionMap":{"functional-code":{"insertions":1,"deletions":1}}},{"hash":"1d04fdff5bf1725e7bdc60c2f315ab5a9b2603f3","messageTitle":"Rename Message Success for List_Class CommandResult.","messageBody":"","fileTypesAndContributionMap":{"functional-code":{"insertions":3,"deletions":3}}},{"hash":"38cf8f676a79be7a3e2f732199ee74440edce523","messageTitle":"Rename Success Message for List_Student CommandResult","messageBody":"","fileTypesAndContributionMap":{"functional-code":{"insertions":5,"deletions":5}}},{"hash":"aad574784b72732b6107c5d67e5eb4b95530690d","messageTitle":"Resolve typo and Change Default Assessment Name","messageBody":"","fileTypesAndContributionMap":{"docs":{"insertions":1,"deletions":1},"test-code":{"insertions":3,"deletions":4}}}]},{"date":"2022-03-21","commitResults":[{"hash":"7d03f54023749e0fc70c846d2cb4a2f1694d3167","messageTitle":"Add Test Builders","messageBody":"","fileTypesAndContributionMap":{"functional-code":{"insertions":9,"deletions":1},"test-code":{"insertions":665,"deletions":1}}},{"hash":"ac8bf077a81a3cbe0c1a450ae5c0ed1bfa02725b","messageTitle":"Update Typical Students and Typical Assessments","messageBody":"","fileTypesAndContributionMap":{"test-code":{"insertions":64,"deletions":0}}}]},{"date":"2022-03-24","commitResults":[{"hash":"ef7c28036511fb198d2e3dc547a77e3b88e583a5","messageTitle":"Rectify typos","messageBody":"","fileTypesAndContributionMap":{"test-code":{"insertions":3,"deletions":3}}}]},{"date":"2022-03-25","commitResults":[{"hash":"adb29c9ec6540241cc83d08cd855eb02b57e9b86","messageTitle":"Update Web Documents with More Features","messageBody":"","fileTypesAndContributionMap":{"docs":{"insertions":182,"deletions":9}}},{"hash":"0a56b3e6f5914623ba6a6b34989e5640bf8831db","messageTitle":"Rectify Web Document Formatting","messageBody":"","fileTypesAndContributionMap":{"docs":{"insertions":4,"deletions":4}}}]},{"date":"2022-03-28","commitResults":[{"hash":"907a926091448b4a7b43c9ee463fdb6956c88556","messageTitle":"Add List_Attendance Command","messageBody":"...with User Guide updated\n","fileTypesAndContributionMap":{"functional-code":{"insertions":303,"deletions":5},"docs":{"insertions":38,"deletions":1},"test-code":{"insertions":11,"deletions":0}}},{"hash":"034d0361c027c6f0422dba140972a0b56ae9df20","messageTitle":"Add List_Attendance by Student Feature","messageBody":"","fileTypesAndContributionMap":{"functional-code":{"insertions":186,"deletions":11},"docs":{"insertions":18,"deletions":10},"test-code":{"insertions":1,"deletions":1}}}]},{"date":"2022-03-29","commitResults":[{"hash":"70a194001097731e648ac2d8a5ac6cbb202b0008","messageTitle":"Remove List_Attendance Bugs for Students with no Attendance Records","messageBody":"...with additional println codes removed\n","fileTypesAndContributionMap":{"functional-code":{"insertions":1,"deletions":2}}}]},{"date":"2022-03-30","commitResults":[{"hash":"83295cdfeee5ad10a6ede84bf0e2df52b22b7b15","messageTitle":"Add Comment Card for View_Comment","messageBody":"...and handle out of bound weeks for attendance related commands.\n","fileTypesAndContributionMap":{"functional-code":{"insertions":161,"deletions":10},"test-code":{"insertions":6,"deletions":1}}},{"hash":"6527723d700e27d2249aa4e01ddbf80183eec227","messageTitle":"Remove whitespaces and rectify formatting errors","messageBody":"","fileTypesAndContributionMap":{"functional-code":{"insertions":1,"deletions":1},"docs":{"insertions":6,"deletions":4}}}]},{"date":"2022-03-31","commitResults":[{"hash":"9edb467a04ff9fb61f9b5da29f4aa03492b7e5b2","messageTitle":"Rename methods for better understandability","messageBody":"","fileTypesAndContributionMap":{"functional-code":{"insertions":20,"deletions":16},"test-code":{"insertions":2,"deletions":2}}}]},{"date":"2022-04-07","commitResults":[{"hash":"1ad1a08758b883c511f6fed1c1d7023642890882","messageTitle":"Fix PE-D Bugs related to issue #159, #161, #164, #174, #182, #191","messageBody":"Important bugs fixed:\n1. Indexing problems such that index can now only be used if the\ncommands match the currently displayed list\n2. Switching of display to comment when comment is added or removed\n3. Removing comment fields in attendance\n","fileTypesAndContributionMap":{"functional-code":{"insertions":141,"deletions":33},"test-code":{"insertions":23,"deletions":0}}},{"hash":"097b74e3488dbfd6562be4039c4eafc591899db8","messageTitle":"Fix UG Related Bugs","messageBody":"","fileTypesAndContributionMap":{"docs":{"insertions":56,"deletions":44}}}]},{"date":"2022-04-08","commitResults":[{"hash":"62f3f50ff57c92810bbb3714a984ed098310a833","messageTitle":"Resolved issue with saving of comments to Address Book","messageBody":"","fileTypesAndContributionMap":{"functional-code":{"insertions":33,"deletions":36},"test-code":{"insertions":2,"deletions":2}}},{"hash":"e93f51237df4e9baf3255027b30381221b6df1a8","messageTitle":"Replace outdated screenshots","messageBody":"","fileTypesAndContributionMap":{"docs":{"insertions":5,"deletions":5}}},{"hash":"3efa060d925cf8f29db3ead878b003617aa3d300","messageTitle":"Update PPP","messageBody":"","fileTypesAndContributionMap":{"docs":{"insertions":19,"deletions":10}}},{"hash":"8bef16ec7ef9fbc1138dd0e2a1ebc160329de98f","messageTitle":"Rectify Message Usage","messageBody":"","fileTypesAndContributionMap":{"functional-code":{"insertions":3,"deletions":3}}},{"hash":"4a80c5af13a36e6c50f46bbca2d35d2a98e276cd","messageTitle":"Update UG according to latest commit","messageBody":"","fileTypesAndContributionMap":{"docs":{"insertions":33,"deletions":32}}},{"hash":"1c70faa65c9e169b7089e56f23ea73b018b577a1","messageTitle":"Remove extra semi colon","messageBody":"","fileTypesAndContributionMap":{"functional-code":{"insertions":1,"deletions":1}}},{"hash":"9a34f03761d8220bab9d439b3cda83215d2d5dc4","messageTitle":"Rectify Typos","messageBody":"","fileTypesAndContributionMap":{"docs":{"insertions":3,"deletions":3}}},{"hash":"d1afbb6535e9de24ac0e77cd939fea088b905295","messageTitle":"Add example in Command Summary for Remove_Student","messageBody":"","fileTypesAndContributionMap":{"docs":{"insertions":1,"deletions":1}}}]},{"date":"2022-04-09","commitResults":[{"hash":"1c603a0d5e8473b658ca58c656eca34be6a17d10","messageTitle":"Add ListClassCommand Test","messageBody":"","fileTypesAndContributionMap":{"functional-code":{"insertions":9,"deletions":1},"docs":{"insertions":3,"deletions":0},"test-code":{"insertions":71,"deletions":0}}},{"hash":"32d561ad60bcfb119c961c7064ea31b00ac7e1bc","messageTitle":"Update TypicalStudents.java","messageBody":"","fileTypesAndContributionMap":{"test-code":{"insertions":1,"deletions":1}}}]},{"date":"2022-04-10","commitResults":[{"hash":"30fa9f625c694f251db849316b06ab702ead44f9","messageTitle":"Add Tests for List Commands and Command Result","messageBody":"...with bug fixed for last shown list when converting sample address\nbook after having addressbook.json deleted\n","fileTypesAndContributionMap":{"functional-code":{"insertions":52,"deletions":20},"test-code":{"insertions":1739,"deletions":4}}},{"hash":"24266cd0ff9a29287a87ae49c770be34bbc27367","messageTitle":"Update Storage Class Diagram","messageBody":"","fileTypesAndContributionMap":{"docs":{"insertions":12,"deletions":0}}},{"hash":"95e8e004c2aff1e0916fcd0cbe16957e51958073","messageTitle":"Fix image resolution size","messageBody":"","fileTypesAndContributionMap":{"docs":{"insertions":1,"deletions":1}}},{"hash":"b9033b3d3fdfe887c968b55c31915d0f8c01576d","messageTitle":"Fix Image size for UiClassDiagram","messageBody":"","fileTypesAndContributionMap":{"docs":{"insertions":16,"deletions":14}}},{"hash":"97fcf04bd181fb143c67a9a94bde19de4d44a927","messageTitle":"Improve Visibility of Image Content","messageBody":"","fileTypesAndContributionMap":{"docs":{"insertions":2,"deletions":0}}}]},{"date":"2022-04-11","commitResults":[{"hash":"8f4a4a5b3010da41df2a9d614d7ad3be64a15985","messageTitle":"Fix Bugs and Add Tests","messageBody":"","fileTypesAndContributionMap":{"functional-code":{"insertions":16,"deletions":0},"test-code":{"insertions":1001,"deletions":0}}},{"hash":"0c813532c0b395542ea4888fe612f5e54f68ea8a","messageTitle":"Update seanlaiys.md","messageBody":"","fileTypesAndContributionMap":{"docs":{"insertions":1,"deletions":1}}},{"hash":"86cadba8c49eb951821d27a43a4f5842ea80b2cf","messageTitle":"Update seanlaiys.md","messageBody":"Add more descriptions","fileTypesAndContributionMap":{"docs":{"insertions":10,"deletions":6}}},{"hash":"b91e479d5755687d68129bd62164f6068c255665","messageTitle":"Update seanlaiys.md","messageBody":"add in descriptions","fileTypesAndContributionMap":{"docs":{"insertions":42,"deletions":23}}},{"hash":"80c5cc1934167905c514b7cf220827bea34e5399","messageTitle":"Update seanlaiys.md","messageBody":"","fileTypesAndContributionMap":{"docs":{"insertions":1,"deletions":1}}}]}],"garethkoh":[{"date":"2022-02-26","commitResults":[{"hash":"25a7a3c61282753a441a6f9ad72942787bcdeff0","messageTitle":"Update AboutUs and PPP","messageBody":"","fileTypesAndContributionMap":{"docs":{"insertions":47,"deletions":0}}},{"hash":"981cb8d8ac4f16923b92c1519569033c6db5ec35","messageTitle":"Update AboutUs","messageBody":"","fileTypesAndContributionMap":{"docs":{"insertions":1,"deletions":1}}},{"hash":"9d201a7a59f729d29375b675d7a458cae6c38b83","messageTitle":"Update Developer Guide","messageBody":"","fileTypesAndContributionMap":{"docs":{"insertions":40,"deletions":1}}}]},{"date":"2022-02-27","commitResults":[{"hash":"52558a43ff9924b83a4e1c08cc0e14bc54047638","messageTitle":"Update developer guide","messageBody":"","fileTypesAndContributionMap":{"docs":{"insertions":42,"deletions":41}}},{"hash":"ef43d2d147ea2a4a5d9c04ae9dbec7767e5d4aea","messageTitle":"Update Developer Guide","messageBody":"","fileTypesAndContributionMap":{"docs":{"insertions":0,"deletions":9}}}]},{"date":"2022-03-02","commitResults":[{"hash":"e89dfa65a1f48e56cca80913eeeb21698a0735b3","messageTitle":"Update Developer Guide","messageBody":"","fileTypesAndContributionMap":{"docs":{"insertions":29,"deletions":27}}}]},{"date":"2022-03-04","commitResults":[{"hash":"f3fd4bd3fdf765783be09efbb79e41d236c05a74","messageTitle":"Update Developer Guide","messageBody":"","fileTypesAndContributionMap":{"docs":{"insertions":22,"deletions":0}}}]},{"date":"2022-03-15","commitResults":[{"hash":"189219f684be95e4a24b86e8f9303f87221a592b","messageTitle":"Add remove_student command","messageBody":"","fileTypesAndContributionMap":{"functional-code":{"insertions":289,"deletions":6}}},{"hash":"281d6ff33ad2bf5ffcf63b689a3c7998d9ca1c7e","messageTitle":"Fix bugs in add_student command","messageBody":"","fileTypesAndContributionMap":{"functional-code":{"insertions":30,"deletions":17},"test-code":{"insertions":17,"deletions":1}}}]},{"date":"2022-03-16","commitResults":[{"hash":"490be93c9aaec6e3391bf7f2521beedc83b38c92","messageTitle":"Fix checkstyle errors","messageBody":"","fileTypesAndContributionMap":{"functional-code":{"insertions":50,"deletions":23}}},{"hash":"fbb8e5eaa36a99f2d21ccd72bd7b2a534e196010","messageTitle":"fix checkstyle errors","messageBody":"","fileTypesAndContributionMap":{"functional-code":{"insertions":2,"deletions":2}}},{"hash":"51bca44a505e2f62aeb6695a548e659ae0b119b5","messageTitle":"fix checkstyle error","messageBody":"","fileTypesAndContributionMap":{"functional-code":{"insertions":0,"deletions":1}}},{"hash":"3b9649cb0c3753bed36e8764a3aaed7d17fb78fc","messageTitle":"minor changes based on review","messageBody":"","fileTypesAndContributionMap":{"functional-code":{"insertions":1,"deletions":9}}}]},{"date":"2022-03-25","commitResults":[{"hash":"7cc327edd065ae64b7e5d49c6bff9d83d989c417","messageTitle":"Update developer guide","messageBody":"","fileTypesAndContributionMap":{"docs":{"insertions":26,"deletions":6}}},{"hash":"1c23a8706b6ddec7cb661f39781552bd46119cba","messageTitle":"Improve code quality of removeStudentCommand","messageBody":"","fileTypesAndContributionMap":{"functional-code":{"insertions":72,"deletions":10},"test-code":{"insertions":11,"deletions":0}}},{"hash":"55c91f9e6714a056369c3f212a712555dac97669","messageTitle":"Change based on review","messageBody":"","fileTypesAndContributionMap":{"functional-code":{"insertions":2,"deletions":2}}}]},{"date":"2022-03-27","commitResults":[{"hash":"09c019804607079a554a0d4267b4bc1239ed74aa","messageTitle":"Update developer guide with remove student section","messageBody":"","fileTypesAndContributionMap":{"docs":{"insertions":118,"deletions":5}}},{"hash":"188de3562705845736ccb39931f52111e7fdc86e","messageTitle":"Fix checkstyle error","messageBody":"","fileTypesAndContributionMap":{"docs":{"insertions":14,"deletions":14}}},{"hash":"c8611226d4a464a71739b0f01a284be4ffa0433f","messageTitle":"Checkstyle","messageBody":"","fileTypesAndContributionMap":{"docs":{"insertions":1,"deletions":1}}}]},{"date":"2022-03-29","commitResults":[{"hash":"3ee3aa424b0dd1c4395725a79cfbb6d02388d1ca","messageTitle":"Add edit_student command","messageBody":"","fileTypesAndContributionMap":{"functional-code":{"insertions":189,"deletions":11}}},{"hash":"2e5a11f7a1cab26284562fab2c78887d4c65f73d","messageTitle":"Fix message usage syntax","messageBody":"","fileTypesAndContributionMap":{"functional-code":{"insertions":4,"deletions":4}}},{"hash":"f2dca5d7cf02880b525d878a138173c29e668b9c","messageTitle":"Update remove_student command to remove assessment results","messageBody":"","fileTypesAndContributionMap":{"functional-code":{"insertions":65,"deletions":7},"docs":{"insertions":3,"deletions":2},"test-code":{"insertions":4,"deletions":0}}},{"hash":"12d5326acfeeaf1b6166271ae54fcde599eefaee","messageTitle":"Fix syntax error in AddClassCommand","messageBody":"","fileTypesAndContributionMap":{"functional-code":{"insertions":1,"deletions":1}}}]},{"date":"2022-03-30","commitResults":[{"hash":"471bf78431352af50bf8bd1d6e2d723282545e8b","messageTitle":"Fix bug in removeStudentCommand","messageBody":"","fileTypesAndContributionMap":{"functional-code":{"insertions":8,"deletions":0}}},{"hash":"0a8171827ffaa68914f82f3df975430cdf3433ba","messageTitle":"Fix bug in AddStudentCommand","messageBody":"","fileTypesAndContributionMap":{"functional-code":{"insertions":6,"deletions":0}}},{"hash":"c0320f960ad8a0ba7d2b69dec8f37d7b6c8d31a3","messageTitle":"Make changes based on review","messageBody":"","fileTypesAndContributionMap":{"functional-code":{"insertions":39,"deletions":33}}},{"hash":"e0b87738cf438ee77f6dfb5da1edf9742dd5e41d","messageTitle":"Add uniqueness checks for student id, email and phone","messageBody":"","fileTypesAndContributionMap":{"functional-code":{"insertions":105,"deletions":0},"test-code":{"insertions":22,"deletions":0}}}]},{"date":"2022-03-31","commitResults":[{"hash":"91d26bc6eae0a3f22ea77dd24864ea24e4a0175b","messageTitle":"Update AddressBook.java","messageBody":"","fileTypesAndContributionMap":{"functional-code":{"insertions":1,"deletions":1}}},{"hash":"821d37170f6c85eccabda538c2d9b72cd9320af8","messageTitle":"Update Model.java","messageBody":"","fileTypesAndContributionMap":{"functional-code":{"insertions":1,"deletions":1}}},{"hash":"7dd5293bd5756fe7e7f2cd7e9fc444398d877bec","messageTitle":"Update ModelManager.java","messageBody":"","fileTypesAndContributionMap":{"functional-code":{"insertions":1,"deletions":1}}},{"hash":"8b61eec28e06b4a649d0b60ef8a9fe67e32a9abc","messageTitle":"Update AddCommandTest.java","messageBody":"","fileTypesAndContributionMap":{"test-code":{"insertions":1,"deletions":1}}},{"hash":"1e0162ddd9df68e107c8ef91e8414693fc4ab20b","messageTitle":"Update user guide","messageBody":"","fileTypesAndContributionMap":{"docs":{"insertions":9,"deletions":7}}}]},{"date":"2022-04-01","commitResults":[{"hash":"5e2f6904c6722e465b242a026161fa3f4bc0f182","messageTitle":"Fix edit command message usage text","messageBody":"","fileTypesAndContributionMap":{"functional-code":{"insertions":1,"deletions":1}}},{"hash":"452174209663997c195f03387596b84ab1e73415","messageTitle":"Update user guide and removeStudentCommand","messageBody":"","fileTypesAndContributionMap":{"functional-code":{"insertions":2,"deletions":0},"docs":{"insertions":1,"deletions":0}}}]},{"date":"2022-04-08","commitResults":[{"hash":"59c8f35708c0fc7e41f1fc67c07362b12480218a","messageTitle":"Update PPP","messageBody":"","fileTypesAndContributionMap":{"docs":{"insertions":11,"deletions":7}}},{"hash":"bf1775a2ee81c81a74cace80fc53c0d11aa9920b","messageTitle":"Update user guide to make it clear that camNUS keeps track of both students and personal contacts","messageBody":"","fileTypesAndContributionMap":{"docs":{"insertions":1,"deletions":1}}},{"hash":"64f0540517b65ac13ae96a98a7286bc85845a8ab","messageTitle":"Update user guide intro","messageBody":"","fileTypesAndContributionMap":{"docs":{"insertions":6,"deletions":2}}}]},{"date":"2022-04-09","commitResults":[{"hash":"cc297565b22b26f8500023220141c9ee15bc7855","messageTitle":"Update user guide to clarify camNUS usage","messageBody":"","fileTypesAndContributionMap":{"docs":{"insertions":7,"deletions":4}}}]},{"date":"2022-04-10","commitResults":[{"hash":"85c02ed87d51cd53aa5484630e0e5ee1ede04a6b","messageTitle":"Update edit and add commands to check for student tag. edit command now auto adds or removes student tag","messageBody":"","fileTypesAndContributionMap":{"functional-code":{"insertions":64,"deletions":6}}},{"hash":"4f60e230e7595ed4f549cde097a11145eb79c8dd","messageTitle":"Update add command, now auto removes student tag","messageBody":"","fileTypesAndContributionMap":{"functional-code":{"insertions":5,"deletions":2}}},{"hash":"454f881bb32f18489a34e7fefce8e698aec7dc0a","messageTitle":"Checkstyle error","messageBody":"","fileTypesAndContributionMap":{"functional-code":{"insertions":2,"deletions":2}}},{"hash":"cdef72d1d6fff03089728ed2c32d5ced5b34021a","messageTitle":"Update edit command, now removes assessment results if id or tutorial name has changed","messageBody":"","fileTypesAndContributionMap":{"functional-code":{"insertions":5,"deletions":0}}},{"hash":"d949122f458a2523358acab3495abc48966c7b71","messageTitle":"Fix checkstyle error","messageBody":"","fileTypesAndContributionMap":{"functional-code":{"insertions":1,"deletions":1}}},{"hash":"8af6e77bd5e934ef82f93c523070c79a77f37d9d","messageTitle":"Add tests for AddStudentCommand and AddStudentCommandParser","messageBody":"","fileTypesAndContributionMap":{"functional-code":{"insertions":16,"deletions":2},"test-code":{"insertions":236,"deletions":0}}},{"hash":"a9e157a3dd8a0cc9ac0ee523209f0bc7c4caf776","messageTitle":"Fix checkstyle","messageBody":"","fileTypesAndContributionMap":{"functional-code":{"insertions":2,"deletions":3}}}]},{"date":"2022-04-11","commitResults":[{"hash":"1e29fbedbae847005837d3c29914ecc0703bb527","messageTitle":"Revert edit command, no more editing students","messageBody":"","fileTypesAndContributionMap":{"functional-code":{"insertions":19,"deletions":103}}},{"hash":"1483184de70abbefebc1256556690c951f4cf9ff","messageTitle":"Fix checkstyle","messageBody":"","fileTypesAndContributionMap":{"functional-code":{"insertions":7,"deletions":4}}},{"hash":"0e5bdb27c6d7a6e5b2551dcbf1d41265642c64cd","messageTitle":"Update EditCommand.java","messageBody":"","fileTypesAndContributionMap":{"functional-code":{"insertions":1,"deletions":1}}},{"hash":"d9479100536c94f7c42ad27bdd5cbd727824d1d2","messageTitle":"Add tests for RemoveStudentCommand and parser","messageBody":"","fileTypesAndContributionMap":{"functional-code":{"insertions":20,"deletions":0},"test-code":{"insertions":208,"deletions":1}}},{"hash":"48ccf18db234d113c2abd19327f41aba175ef66f","messageTitle":"Update PPP","messageBody":"","fileTypesAndContributionMap":{"docs":{"insertions":35,"deletions":16}}},{"hash":"7e8f5eb014b38bc96f7cf2f0c46ce574b768c10f","messageTitle":"Update PPP","messageBody":"","fileTypesAndContributionMap":{"docs":{"insertions":4,"deletions":1}}},{"hash":"bd55a23fcd867c3719dfd619b1790ba4b5a502c1","messageTitle":"Update AboutUs and PPP","messageBody":"","fileTypesAndContributionMap":{"docs":{"insertions":0,"deletions":4}}}]}]},"authorFileTypeContributionMap":{"honganhcs":{"docs":405,"functional-code":2797,"test-code":2117,"other":4},"zixin448":{"docs":360,"functional-code":1273,"test-code":1813},"kev-intq":{"docs":255,"functional-code":2656,"test-code":2769},"seanlaiys":{"docs":406,"functional-code":1946,"test-code":3894,"other":1},"garethkoh":{"docs":268,"functional-code":718,"test-code":495}},"authorContributionVariance":{"honganhcs":76628.36,"zixin448":43742.668,"kev-intq":155259.67,"seanlaiys":105201.734,"garethkoh":9936.282},"authorDisplayNameMap":{"honganhcs":"CS2103T-W13-2 NGUY.. ANH","zixin448":"CS2103T-W13-2 YONG.. XIN","kev-intq":"CS2103T-W13-2 QUEK..EVIN","seanlaiys":"CS2103T-W13-2 LAI ..HENG","garethkoh":"CS2103T-W13-2 GARE..HENG"}}
