{"authorDailyContributionsMap":{"honganhcs":[{"date":"2022-02-25","commitResults":[{"hash":"2a75e800b9ea1267a0d2831a7ad9bfccb3d1efde","messageTitle":"Update AboutUs page Add a skeletal PPP with photo","messageBody":"","fileTypesAndContributionMap":{"docs":{"insertions":43,"deletions":6}}}]},{"date":"2022-02-26","commitResults":[{"hash":"7e88c606857ce4fb6c78d7f931c4ac78177680fd","messageTitle":"Update Developer Guide","messageBody":"- Add a Use Case: Edit a person.\n- Change \"user\" to \"TA\" in third NFR.\n","fileTypesAndContributionMap":{"docs":{"insertions":36,"deletions":4}}}]}],"zixin448":[{"date":"2022-02-24","commitResults":[{"hash":"c599f1d6923f5be8871d88bb9818eeed21271c7e","messageTitle":"Update AboutUs and PPP","messageBody":"1. Add personal details in AboutUs\n2. Add skeletal version of the Project Portfolio Page (PPP)\n","fileTypesAndContributionMap":{"docs":{"insertions":43,"deletions":5}}},{"hash":"ec81ae00af2ee097362079c54ca992a502d6f925","messageTitle":"Update project name","messageBody":"","fileTypesAndContributionMap":{"docs":{"insertions":1,"deletions":1}}},{"hash":"6c800e969f5a889d0d916ddc9262292b472be8ff","messageTitle":"Remove trailing white spaces","messageBody":"","fileTypesAndContributionMap":{"docs":{"insertions":2,"deletions":2}}},{"hash":"bc948799fefceefeb0ba668b0b814eff844e31ac","messageTitle":"Add newline to EOF","messageBody":"","fileTypesAndContributionMap":{"docs":{"insertions":1,"deletions":1}}}]},{"date":"2022-02-25","commitResults":[{"hash":"cad1848c531533cdd7a3f09878c6eb85ab603148","messageTitle":"Update AboutUs image filetype","messageBody":"profile image was named as zixin.png.JPG\n\nChange image filetype to png and replace the current image file in the porject docs/images\n\nTo ensure proper naming of images\n","fileTypesAndContributionMap":{"docs":{"insertions":1,"deletions":1}}},{"hash":"7d433665c028e1be58ccaa9e37ac122f9eaa4f34","messageTitle":"Add use case 1","messageBody":"","fileTypesAndContributionMap":{"docs":{"insertions":26,"deletions":0}}}]}],"kev-intq":[{"date":"2022-02-24","commitResults":[{"hash":"40a85b39fe41822004205aa346119095eff883a5","messageTitle":"Update AboutUs and PPP","messageBody":"Updated AboutUs and added skeletal version of PPP.","fileTypesAndContributionMap":{"docs":{"insertions":39,"deletions":3}}}]},{"date":"2022-02-27","commitResults":[{"hash":"62be3ae32a43aa4dcc15b058c970005047ec17d3","messageTitle":"Update AboutUs.md","messageBody":"","fileTypesAndContributionMap":{"docs":{"insertions":1,"deletions":1}}}]}],"seanlaiys":[{"date":"2022-02-24","commitResults":[{"hash":"87d690c76fa6f279fe891ee9bb33e946fe197a73","messageTitle":"Update AboutUs and PPP","messageBody":"","fileTypesAndContributionMap":{"docs":{"insertions":41,"deletions":5}}},{"hash":"5bdee71a1edb7da300d7b0ebb376d45012a7ffee","messageTitle":"Update README","messageBody":"","fileTypesAndContributionMap":{"docs":{"insertions":19,"deletions":11}}}]},{"date":"2022-02-25","commitResults":[{"hash":"e17307c34b6175bfd9fe0ce6797ecddff21acb45","messageTitle":"Update User Guide","messageBody":"Updated User Guide with features for v1.2 and relevant mock UIs. Edited\nproject description to increase its clarity, as reflected in README,\nindex and User Guide.\n","fileTypesAndContributionMap":{"docs":{"insertions":141,"deletions":29}}}]},{"date":"2022-02-27","commitResults":[{"hash":"9a768125159ea5a264f73c4a83b2349e1c9c6a66","messageTitle":"Adapt Website to camNUS","messageBody":"","fileTypesAndContributionMap":{"docs":{"insertions":1,"deletions":11}}}]}],"garethkoh":[{"date":"2022-02-26","commitResults":[{"hash":"25a7a3c61282753a441a6f9ad72942787bcdeff0","messageTitle":"Update AboutUs and PPP","messageBody":"","fileTypesAndContributionMap":{"docs":{"insertions":47,"deletions":0}}},{"hash":"981cb8d8ac4f16923b92c1519569033c6db5ec35","messageTitle":"Update AboutUs","messageBody":"","fileTypesAndContributionMap":{"docs":{"insertions":1,"deletions":1}}},{"hash":"9d201a7a59f729d29375b675d7a458cae6c38b83","messageTitle":"Update Developer Guide","messageBody":"","fileTypesAndContributionMap":{"docs":{"insertions":40,"deletions":1}}}]},{"date":"2022-02-27","commitResults":[{"hash":"52558a43ff9924b83a4e1c08cc0e14bc54047638","messageTitle":"Update developer guide","messageBody":"","fileTypesAndContributionMap":{"docs":{"insertions":42,"deletions":41}}},{"hash":"ef43d2d147ea2a4a5d9c04ae9dbec7767e5d4aea","messageTitle":"Update Developer Guide","messageBody":"","fileTypesAndContributionMap":{"docs":{"insertions":0,"deletions":9}}}]}]},"authorFileTypeContributionMap":{"honganhcs":{"docs":77,"functional-code":0,"test-code":0},"zixin448":{"docs":68,"functional-code":0,"test-code":0},"kev-intq":{"docs":40,"functional-code":0,"test-code":0},"seanlaiys":{"docs":200,"functional-code":0,"test-code":0},"garethkoh":{"docs":82,"functional-code":0,"test-code":0}},"authorContributionVariance":{"honganhcs":320.88995,"zixin448":321.44,"kev-intq":157.43999,"seanlaiys":2816.3599,"garethkoh":1325.1602},"authorDisplayNameMap":{"honganhcs":"CS2103T-W13-2 NGUY.. ANH","zixin448":"CS2103T-W13-2 YONG.. XIN","kev-intq":"CS2103T-W13-2 QUEK..EVIN","seanlaiys":"CS2103T-W13-2 LAI ..HENG","garethkoh":"CS2103T-W13-2 GARE..HENG"}}
