{"authorDailyContributionsMap":{"hieunm1821":[{"date":"2022-02-26","commitResults":[{"hash":"169c5a098cb270c2b770a143a3291596515f826e","messageTitle":"Update document","messageBody":"","fileTypesAndContributionMap":{"docs":{"insertions":69,"deletions":52}}}]},{"date":"2022-03-03","commitResults":[{"hash":"7ec33b54d9814adebfed9d1aa7e6d434b61f7134","messageTitle":"Update build status badge link","messageBody":"","fileTypesAndContributionMap":{"docs":{"insertions":1,"deletions":1}}}]},{"date":"2022-03-10","commitResults":[{"hash":"30fce2733b9f8d29cf14925c71a554bfbafcb7a0","messageTitle":"Add driver command","messageBody":"","fileTypesAndContributionMap":{"functional-code":{"insertions":598,"deletions":1}}},{"hash":"06396a1c00f92552403e1860ec55a30017fec324","messageTitle":"Add Delete driver command","messageBody":"","fileTypesAndContributionMap":{"functional-code":{"insertions":89,"deletions":2}}},{"hash":"f7a7ba48dd97c3c6b620b11768493ca56f6ec66e","messageTitle":"add command listdriver + status","messageBody":"","fileTypesAndContributionMap":{"functional-code":{"insertions":96,"deletions":0}}},{"hash":"c76e28fc776a6975c9246628643bb1ec1722f907","messageTitle":"Add method isFree in Drvier class","messageBody":"","fileTypesAndContributionMap":{"functional-code":{"insertions":4,"deletions":0}}}]},{"date":"2022-03-11","commitResults":[{"hash":"2c67340bad16d12415ee30e3c6f76c611e5ef315","messageTitle":"Fix stubs and errors","messageBody":"","fileTypesAndContributionMap":{"functional-code":{"insertions":3,"deletions":2},"test-code":{"insertions":32,"deletions":0}}},{"hash":"646d94288716342ddfa48ad58168683fce9b60e2","messageTitle":"Fix checkstyle errors","messageBody":"","fileTypesAndContributionMap":{"functional-code":{"insertions":97,"deletions":18}}}]},{"date":"2022-03-14","commitResults":[{"hash":"1d3547a905b6d4282bcfbf6e9d86d7424c8a222e","messageTitle":"Add UI support for driver","messageBody":"","fileTypesAndContributionMap":{"functional-code":{"insertions":24,"deletions":19}}},{"hash":"ba9beaac5d36c9070b7fd16c0deadee677d767d4","messageTitle":"Add load/save feature for driver","messageBody":"","fileTypesAndContributionMap":{"functional-code":{"insertions":97,"deletions":7}}},{"hash":"c801ed51c109d86fce488a34ae4541a13133f23f","messageTitle":"Update UserGuide with Driver command format","messageBody":"","fileTypesAndContributionMap":{"docs":{"insertions":18,"deletions":9}}},{"hash":"c47cde9bff19c25b09dc6fa4d3f5c62f83fc9b10","messageTitle":"Fix compileTestJava error","messageBody":"","fileTypesAndContributionMap":{"test-code":{"insertions":8,"deletions":21}}},{"hash":"97a98aaf5a1c6b68789420ea6192584f033521d1","messageTitle":"Add minor edit in Message","messageBody":"","fileTypesAndContributionMap":{"functional-code":{"insertions":1,"deletions":1}}}]},{"date":"2022-03-22","commitResults":[{"hash":"a9784a581f6cbd2c7e5f8aa0514e9dc9779cdac4","messageTitle":"Enable assertion in gradle","messageBody":"","fileTypesAndContributionMap":{"other":{"insertions":4,"deletions":0}}}]},{"date":"2022-03-24","commitResults":[{"hash":"a6c34d65104a020da6ebf1eb4b79f632abb59dae","messageTitle":"Update DeveloperGuide.md","messageBody":"","fileTypesAndContributionMap":{"docs":{"insertions":24,"deletions":0}}}]},{"date":"2022-03-27","commitResults":[{"hash":"0801221d2f169cd0b3e558a86fca9a1f48907cc1","messageTitle":"Add DriverStatus","messageBody":"","fileTypesAndContributionMap":{"functional-code":{"insertions":19,"deletions":12}}},{"hash":"0dae16f427ca2eb6a8c1ba11a91bcde71440d62c","messageTitle":"Add Exception for DeleteDriverCommand","messageBody":"","fileTypesAndContributionMap":{"functional-code":{"insertions":8,"deletions":1}}},{"hash":"967e7e6ddbc0c305fa12ea5a88412dd175fea4f8","messageTitle":"Add EditDriverCommand","messageBody":"","fileTypesAndContributionMap":{"functional-code":{"insertions":285,"deletions":2}}},{"hash":"db0312fe2ee65f187674ace8ef92a516e6338a18","messageTitle":"Edit ListDriverCommand: can list all","messageBody":"","fileTypesAndContributionMap":{"functional-code":{"insertions":19,"deletions":6}}},{"hash":"d523b23a2639293b9fa9ad475039e74cfc2125e3","messageTitle":"Fix build error","messageBody":"","fileTypesAndContributionMap":{"test-code":{"insertions":5,"deletions":0}}}]},{"date":"2022-03-28","commitResults":[{"hash":"d71c37f66eef978904b83e7fd319e17ea6d1810f","messageTitle":"Fix minor errors","messageBody":"","fileTypesAndContributionMap":{"functional-code":{"insertions":3,"deletions":4}}},{"hash":"34d582040c3e7bf2d9d41875d72605f468c4f22b","messageTitle":"Fix checkstyle errors","messageBody":"","fileTypesAndContributionMap":{"functional-code":{"insertions":1,"deletions":1}}}]}],"xzzz3":[{"date":"2022-02-24","commitResults":[{"hash":"ea0248ba38c73b855b6ca88fc92cd72fd7b7da9b","messageTitle":"Update AboutUs.md for individual introduction:","messageBody":"The AboutUs.md is populated with dummy data. As part of the evolution\nprocess of the project, it needs to be updated.\n\nLet\u0027s:\n* Update the relevant files.\n","fileTypesAndContributionMap":{"docs":{"insertions":28,"deletions":3}}},{"hash":"4d1826dd75622496c28ec279064d983fc09c3ddd","messageTitle":"Update README.md:","messageBody":"The README markdown file is filled with dummy data for general use\nand possibility of evolution. With a decided evolution direction,\nit needs to be updated.\n\nLet\u0027s:\n* Update the README.md file with FoodOnWheel\u0027s information\n\nNote:\n* The README.md file is yet to be complete. Other documents like\nUser Guide and Developer Guide need to be updated later on.\n","fileTypesAndContributionMap":{"docs":{"insertions":4,"deletions":4}}},{"hash":"a8252c1a56cb0ab94b38213eec886c87ca8990fb","messageTitle":"Update UserGuide for Order features:","messageBody":"The UserGuide has dummy data from the AB3 base project.\n\nLet\u0027s:\n* Update it with the features that are to be implemented in the\nnext iteration\n","fileTypesAndContributionMap":{"docs":{"insertions":18,"deletions":47}}},{"hash":"4e9345a1712b4caa1ea600cea08ec417408115a0","messageTitle":"Update personal PPP","messageBody":"","fileTypesAndContributionMap":{"docs":{"insertions":15,"deletions":1}}},{"hash":"a3cc5e59ca27f54fcc1c1904549516fa31dea49f","messageTitle":"Update designated part of the Developer Guide:","messageBody":"The DG is filled with dummy data from the AB3 project.\n\nLet\u0027s:\n* Update the DG to fit our new project FoodOnWheels\n","fileTypesAndContributionMap":{"docs":{"insertions":24,"deletions":5}}}]},{"date":"2022-03-10","commitResults":[{"hash":"c6b722ff0050df45a20708a68b0ada722b79dc24","messageTitle":"Add Order Class","messageBody":"To evolve the app into a delivery tracking app, it is necessary to\nadd an Order class to represent the order objects.\n\nLet\u0027s:\n* Create the order class and supporting classes\n","fileTypesAndContributionMap":{"functional-code":{"insertions":112,"deletions":0}}},{"hash":"3fad85953b2218f04a87ae1384088ad49e0b2861","messageTitle":"Narrow down Order class to only accept Strings (temporary)","messageBody":"For v1.1, the other classes have not been implemented so the\ndependencies cannot be immediately implemented. Therefore, string\nsubstitution will be the current implementation and it will be\nimproved in a future commit.\n","fileTypesAndContributionMap":{"functional-code":{"insertions":21,"deletions":15}}},{"hash":"6d121e9f5f6bff2f18baa1c5f2a4242a3672a2c6","messageTitle":"Order classes: Add addOrder features","messageBody":"One of the features to be implemented in v1.1 is the add order\nfeature. To do so, it is necessary to update all relevant classes.\n\nNote:\n* This commit is not finalized as UI changes may need to be discussed\nfirst.\n","fileTypesAndContributionMap":{"functional-code":{"insertions":314,"deletions":9}}},{"hash":"c9fe58eac9e218aa797e9f30ff8011e42ff70e55","messageTitle":"Update order class for checkstyle","messageBody":"","fileTypesAndContributionMap":{"functional-code":{"insertions":8,"deletions":12}}}]},{"date":"2022-03-11","commitResults":[{"hash":"db4c5c7467d8303910b162151e684fcd91533098","messageTitle":"Order-related classes: Add editing of order status","messageBody":"For the delivery system to work, one important feature is to be able\nto update the delivery status.\n\nLet\u0027s:\n* Add appropriate functionalities to edit order status\n\nNote:\n* This is merely to edit the order status, not any other info about\nthe order. The two features are deliberately separated as they have\ndifferent purposes and different usage frequencies, for instance\nediting the status will be used a lot more frequently and the other\nwill only be used in case of errors.\n","fileTypesAndContributionMap":{"functional-code":{"insertions":155,"deletions":2}}},{"hash":"36e4e542799ebf43746773a3c37cf4feddf1e4fd","messageTitle":"Order-related classes: Add Find Order by Phone feature","messageBody":"Add a find order with phone number feature with reference to the\npreviously implemented find command in AB3.\n","fileTypesAndContributionMap":{"functional-code":{"insertions":119,"deletions":0}}}]},{"date":"2022-03-12","commitResults":[{"hash":"95e71b4c5d7b2516ea32cfcf1cb8e9fafbbd8999","messageTitle":"Order related classes: Add FindOrder feature","messageBody":"Add find order features and correct some checkstyle comments\n","fileTypesAndContributionMap":{"functional-code":{"insertions":48,"deletions":33}}},{"hash":"bc4b5eb09f4de3909de53b1360613516e8342794","messageTitle":"AddressBookParser: Fix checkstyle changes","messageBody":"","fileTypesAndContributionMap":{"functional-code":{"insertions":12,"deletions":1}}},{"hash":"4fbc5cd6969dfcd46cd1932b96abb2a281f45463","messageTitle":"Test classes: Fix checkstyle","messageBody":"","fileTypesAndContributionMap":{"test-code":{"insertions":28,"deletions":0}}},{"hash":"5d1b418ce6782eca91ca0b59ddd62fd1f3887a9e","messageTitle":"Fix checkstyle","messageBody":"","fileTypesAndContributionMap":{"functional-code":{"insertions":63,"deletions":32},"test-code":{"insertions":23,"deletions":0}}},{"hash":"73285547afb7c6e504421b4a9fe0575dcf577a8e","messageTitle":"Fix checkstyle","messageBody":"","fileTypesAndContributionMap":{"functional-code":{"insertions":31,"deletions":20}}},{"hash":"09eb88f4e56d2355e4e97afa0d3c95b74f2d0e8a","messageTitle":"Fix checkstyle","messageBody":"","fileTypesAndContributionMap":{"test-code":{"insertions":6,"deletions":0}}}]},{"date":"2022-03-14","commitResults":[{"hash":"184248e1cba711a0a374f1b9cf0eb42d0ffa92c8","messageTitle":"AddOrderCommand classes: Fix parser bugs","messageBody":"","fileTypesAndContributionMap":{"functional-code":{"insertions":14,"deletions":9}}},{"hash":"192c1b5e57dc6f660b89d15a07d74fe3399d5346","messageTitle":"EditOrderStatus class: Minor checkstyle fix","messageBody":"","fileTypesAndContributionMap":{"functional-code":{"insertions":1,"deletions":1}}},{"hash":"d18126b1726f3b261f7cdb5d5ed175a8aefa3982","messageTitle":"Fix checkstyle for FindOrder branch","messageBody":"","fileTypesAndContributionMap":{"functional-code":{"insertions":11,"deletions":11}}},{"hash":"71d76d43ae8ae87107accede7bd6e6aadb3f063d","messageTitle":"Fix checkstyle","messageBody":"","fileTypesAndContributionMap":{"test-code":{"insertions":3,"deletions":3}}},{"hash":"6f4bb01f8eb6c95c61f8c4a4ec217d905779bc1a","messageTitle":"Fix checkstyle","messageBody":"","fileTypesAndContributionMap":{"test-code":{"insertions":4,"deletions":2}}},{"hash":"31ff54f802afaf059eef5405dd632d7bf81e1fb7","messageTitle":"Fix checkstyle with merged classes","messageBody":"","fileTypesAndContributionMap":{"functional-code":{"insertions":13,"deletions":10},"test-code":{"insertions":6,"deletions":5}}},{"hash":"d8c65da37992a9afc9cfc086eb47c50fa6f4567c","messageTitle":"Fix checkstyle","messageBody":"","fileTypesAndContributionMap":{"functional-code":{"insertions":10,"deletions":8},"test-code":{"insertions":1,"deletions":1}}},{"hash":"12e9b84fbdffed7223c55020df92748820b8c9eb","messageTitle":"Minor style fixes","messageBody":"","fileTypesAndContributionMap":{"functional-code":{"insertions":9,"deletions":14}}},{"hash":"421b926480e3cd339f45c3c32a8b1b0b676ef831","messageTitle":"Order class: Add UI elements","messageBody":"","fileTypesAndContributionMap":{"functional-code":{"insertions":136,"deletions":15}}},{"hash":"362670cfba7f27bd93d5d0789e393c4979b37275","messageTitle":"Fix minor bug","messageBody":"","fileTypesAndContributionMap":{"functional-code":{"insertions":1,"deletions":1}}}]},{"date":"2022-03-15","commitResults":[{"hash":"da24b36e50352d23110bff79fa85d408b9e8433a","messageTitle":"Minor checkstyle fix","messageBody":"","fileTypesAndContributionMap":{"functional-code":{"insertions":1,"deletions":1}}},{"hash":"6177881868760a829ea84906a3c684228da70337","messageTitle":"Json and Storage classes: Update Order storage","messageBody":"The order storage was not working as expected - some methods were not\nin place. This commit adds these missing methods.\n","fileTypesAndContributionMap":{"functional-code":{"insertions":90,"deletions":5}}},{"hash":"2731bf024502038e976f376b3dc0f49b6bed9c24","messageTitle":"Minor fix on javadoc","messageBody":"","fileTypesAndContributionMap":{"functional-code":{"insertions":1,"deletions":1}}},{"hash":"f8a2c4bc7f402f87c3953b7790a679cabaf76120","messageTitle":"Minor Fix on javadoc","messageBody":"","fileTypesAndContributionMap":{"functional-code":{"insertions":1,"deletions":1}}},{"hash":"099e9d7152cccc2eed7c98df6743f47030d9ce1b","messageTitle":"Minor bug fix","messageBody":"","fileTypesAndContributionMap":{"functional-code":{"insertions":1,"deletions":1}}},{"hash":"da3de6c41c3386c69fcc25b1b428965b99b96438","messageTitle":"Update UI for FoodOnWheels","messageBody":"","fileTypesAndContributionMap":{"functional-code":{"insertions":3,"deletions":3}}}]},{"date":"2022-03-17","commitResults":[{"hash":"e5b7c56a01a03372a2e40e8c0f5e83a38f7ad3a5","messageTitle":"Order class: Update driver dependency","messageBody":"","fileTypesAndContributionMap":{"functional-code":{"insertions":75,"deletions":9}}},{"hash":"a116bdcf2d13d58e88b8741ef1ad0f285ed80584","messageTitle":"Order classes: Add Customer dependency","messageBody":"","fileTypesAndContributionMap":{"functional-code":{"insertions":41,"deletions":19}}},{"hash":"cb227ec47a72c9a33435bb068ae0c8cdd4079492","messageTitle":"Order classes: Dish dependency update","messageBody":"","fileTypesAndContributionMap":{"functional-code":{"insertions":33,"deletions":11}}},{"hash":"66aa545d086b5a12ac3c9a77ff822f2adc3cc3c7","messageTitle":"Fix checkstyle","messageBody":"","fileTypesAndContributionMap":{"functional-code":{"insertions":4,"deletions":6}}},{"hash":"6b5cded81d201e8b4f55bd67d953194998ee718b","messageTitle":"Fix Storage of updated classes","messageBody":"The storage is not working as expected. Turns out this is because\nonly Strings should be passed in.\n\nLet\u0027s:\n* Update the relevant methods to take in Strings\n","fileTypesAndContributionMap":{"functional-code":{"insertions":78,"deletions":22}}},{"hash":"b9564bff19bb1d38fadc727dc591d4f5da425194","messageTitle":"Order class Update driver status","messageBody":"The driver of the order should be free once the delivery ends.\nLet\u0027s add that.\n","fileTypesAndContributionMap":{"functional-code":{"insertions":1,"deletions":0}}},{"hash":"d681c7923c30d63874ebdef5d4bbce33c04b8bd8","messageTitle":"Fix checkstyle","messageBody":"","fileTypesAndContributionMap":{"functional-code":{"insertions":14,"deletions":7}}}]},{"date":"2022-03-23","commitResults":[{"hash":"f4f6a17e0e21860ef47ec867fc35007bd1741dcf","messageTitle":"Order class: Add DateTime attribute","messageBody":"DateTime attribute is required for the order class to filter orders in\na particular period. Let\u0027s implement it.\n","fileTypesAndContributionMap":{"functional-code":{"insertions":34,"deletions":5}}}]},{"date":"2022-03-24","commitResults":[{"hash":"b76a5d5c5754e99bff291a01a1a67388a7c74303","messageTitle":"Developer Guide: Update Developer Guide with Order features","messageBody":"","fileTypesAndContributionMap":{"docs":{"insertions":139,"deletions":0}}},{"hash":"04823f0bf84abf4fc611334e50c6f8b4459c4f7e","messageTitle":"Fix checkstyle","messageBody":"","fileTypesAndContributionMap":{"docs":{"insertions":1,"deletions":1}}},{"hash":"ab0424934a02f641dd85069d6f632a1d49a7692a","messageTitle":"Update version number to 1.2.1","messageBody":"","fileTypesAndContributionMap":{"functional-code":{"insertions":1,"deletions":1}}}]},{"date":"2022-03-28","commitResults":[{"hash":"b5b136f8903981ec5f140716e7fe4ac61da953f2","messageTitle":"Order Classes: Add edit order functionalities","messageBody":"Allow the editing of the customer and dish details of the order.\n","fileTypesAndContributionMap":{"functional-code":{"insertions":356,"deletions":8}}},{"hash":"0d0cc937b3f9e46710a315c8e24c31a942b335af","messageTitle":"Update comma delimiter for multiple dishes","messageBody":"","fileTypesAndContributionMap":{"functional-code":{"insertions":3,"deletions":3}}},{"hash":"666aa325be474474ca4dda5aea28c23267078224","messageTitle":"Fix check style","messageBody":"","fileTypesAndContributionMap":{"functional-code":{"insertions":7,"deletions":10},"test-code":{"insertions":5,"deletions":0}}},{"hash":"695fb307fc0fa343db7b6ebf695a6738f23abd6d","messageTitle":"Fix checkstyle for new dish package","messageBody":"","fileTypesAndContributionMap":{"functional-code":{"insertions":1,"deletions":1}}},{"hash":"9e600d0956c50a893b3e74ae507a019a6fd8c7da","messageTitle":"Fix checkstyle","messageBody":"","fileTypesAndContributionMap":{"functional-code":{"insertions":1,"deletions":1}}},{"hash":"3b8fda818a778ebc259e18da406d40e1f76e634c","messageTitle":"Link the help command to FoodOnWheels user guide url","messageBody":"","fileTypesAndContributionMap":{"functional-code":{"insertions":2,"deletions":1}}}]}],"jaegarpoon":[{"date":"2022-02-24","commitResults":[{"hash":"8387fe2895db61d0bb93a0919c7c5967a27d7e9a","messageTitle":"Update AboutUs.md","messageBody":"","fileTypesAndContributionMap":{"docs":{"insertions":19,"deletions":3}}},{"hash":"07997339a235512894fba1a139d3ba0ff07640d1","messageTitle":"Update skeletal PPP","messageBody":"","fileTypesAndContributionMap":{"docs":{"insertions":2,"deletions":2}}},{"hash":"0d6e87c9b15d789e96b10a38583c64af9b6126ad","messageTitle":"Update UG","messageBody":"","fileTypesAndContributionMap":{"docs":{"insertions":81,"deletions":24}}}]},{"date":"2022-03-02","commitResults":[{"hash":"a2df593c300a533f9be15a5e881a32c580d2f41a","messageTitle":"Update DG","messageBody":"","fileTypesAndContributionMap":{"docs":{"insertions":37,"deletions":27}}},{"hash":"43e58187dd100c2525a018a5da095f43d0e75fbf","messageTitle":"Sort user stories in DG by priority","messageBody":"","fileTypesAndContributionMap":{"docs":{"insertions":36,"deletions":36}}}]},{"date":"2022-03-04","commitResults":[{"hash":"1509ecca8cec13425ed43115b5165298a5190c3c","messageTitle":"Edit PPP filename","messageBody":"","fileTypesAndContributionMap":{"docs":{"insertions":1,"deletions":1}}},{"hash":"8fdfefed50e3862cdb2b0fd747f11d97957cf10c","messageTitle":"Edit image to github username","messageBody":"","fileTypesAndContributionMap":{"docs":{"insertions":1,"deletions":1}}}]},{"date":"2022-03-10","commitResults":[{"hash":"5363e7e6f0fac0d256db4819a4dde8b75ef843be","messageTitle":"Implement add dish feature","messageBody":"","fileTypesAndContributionMap":{"functional-code":{"insertions":619,"deletions":1}}},{"hash":"8e91c03ebf93e5a5ec6512dabba3cf334d079108","messageTitle":"Edit to fix checkstyle and stubs","messageBody":"","fileTypesAndContributionMap":{"functional-code":{"insertions":0,"deletions":52},"test-code":{"insertions":33,"deletions":0}}}]},{"date":"2022-03-11","commitResults":[{"hash":"0322d1fe55ff0d809b9ca0793d0ad471f442bbf5","messageTitle":"Refactor seedu.address.model.person to seedu.address.model.item","messageBody":"","fileTypesAndContributionMap":{"functional-code":{"insertions":50,"deletions":50},"other":{"insertions":26,"deletions":26},"docs":{"insertions":2,"deletions":2},"test-code":{"insertions":47,"deletions":47}}},{"hash":"4fdf061a1515e2aaf144835f30320bda24afef16","messageTitle":"Add UI support for dish","messageBody":"","fileTypesAndContributionMap":{"functional-code":{"insertions":112,"deletions":16}}},{"hash":"0f57213c72ad92f0e9e4d98cb3c070145f93ab0a","messageTitle":"Fix checkstyle","messageBody":"","fileTypesAndContributionMap":{"functional-code":{"insertions":13,"deletions":6}}},{"hash":"f3a417cd3e553c8169a5025d172af317cf03d6d8","messageTitle":"Add load/save feature for dish","messageBody":"","fileTypesAndContributionMap":{"functional-code":{"insertions":69,"deletions":1}}},{"hash":"ea8ec120c20123a9e8ea96e42492c6fd6224d7f9","messageTitle":"Add delete function to dish","messageBody":"","fileTypesAndContributionMap":{"functional-code":{"insertions":89,"deletions":0}}}]},{"date":"2022-03-12","commitResults":[{"hash":"fcc86e03e865e5c28b4627d8211e1ac97768db58","messageTitle":"Add list dish functionality","messageBody":"","fileTypesAndContributionMap":{"functional-code":{"insertions":10,"deletions":3}}}]},{"date":"2022-03-13","commitResults":[{"hash":"85b974f69d24abeb6b2aa6c2ef713f7700005975","messageTitle":"Add tabs for selection of order/driver/dish/person","messageBody":"","fileTypesAndContributionMap":{"functional-code":{"insertions":95,"deletions":0}}},{"hash":"d2e63fa92a5343c78eb7a1a71f47a6676abae196","messageTitle":"Fix checkstyle","messageBody":"","fileTypesAndContributionMap":{"functional-code":{"insertions":14,"deletions":14}}}]},{"date":"2022-03-24","commitResults":[{"hash":"3479ce71a828dff19e925d71eb51b70e8cdf58c1","messageTitle":"Add price to dish","messageBody":"","fileTypesAndContributionMap":{"functional-code":{"insertions":129,"deletions":17},"other":{"insertions":7,"deletions":5},"test-code":{"insertions":2,"deletions":2}}},{"hash":"689072ed80bc6f31d00b5a94c22f1a70bae68611","messageTitle":"Update UI class diagram","messageBody":"","fileTypesAndContributionMap":{"docs":{"insertions":30,"deletions":10}}},{"hash":"348bfa8c377e10bd3233b4d7126ee0d0385f1e59","messageTitle":"Add todos for diagrams and slight modification","messageBody":"","fileTypesAndContributionMap":{"docs":{"insertions":5,"deletions":2}}},{"hash":"fe795db545995ca78900b7ed65cf8fe74ffdba1c","messageTitle":"Update DG with features implemented","messageBody":"","fileTypesAndContributionMap":{"docs":{"insertions":76,"deletions":0}}}]},{"date":"2022-03-27","commitResults":[{"hash":"9e78f968db739ab1c1bb7a6d6c8e5c49434e0aae","messageTitle":"Add price field for dishes","messageBody":"","fileTypesAndContributionMap":{"functional-code":{"insertions":88,"deletions":29}}},{"hash":"23161d267b0cc4325dafdb4a5e074215b6a01a3c","messageTitle":"Edit checkstyle","messageBody":"","fileTypesAndContributionMap":{"functional-code":{"insertions":15,"deletions":19},"test-code":{"insertions":2,"deletions":2}}},{"hash":"0bf6411efdb128a068b913f5d3eb29ca6dbb7dbf","messageTitle":"Update UG with current Dish settings","messageBody":"","fileTypesAndContributionMap":{"docs":{"insertions":22,"deletions":17}}},{"hash":"55bb3b8e2df3b1c11eff3fb0010b6951bd89fe6a","messageTitle":"Update formatting of UG","messageBody":"","fileTypesAndContributionMap":{"docs":{"insertions":4,"deletions":0}}},{"hash":"1302dfe4d690f92af7f46b04d729931f87ec62fa","messageTitle":"Update JavaDoc comment","messageBody":"","fileTypesAndContributionMap":{"functional-code":{"insertions":1,"deletions":1}}},{"hash":"683914b66dfc1bc41e273fd2b90225e76ebffc7c","messageTitle":"Add edit dish functionality","messageBody":"","fileTypesAndContributionMap":{"functional-code":{"insertions":268,"deletions":0},"test-code":{"insertions":5,"deletions":0}}},{"hash":"a94916dba69cfe504194b4b0b95dc7d5251db788","messageTitle":"Update condition for isSameDish()","messageBody":"","fileTypesAndContributionMap":{"functional-code":{"insertions":9,"deletions":5},"docs":{"insertions":1,"deletions":1}}}]},{"date":"2022-03-28","commitResults":[{"hash":"34ca284f366cac42cc07bbba47fe3eb08bd07b25","messageTitle":"Update UI for dish tab","messageBody":"","fileTypesAndContributionMap":{"functional-code":{"insertions":28,"deletions":4}}}]},{"date":"2022-03-29","commitResults":[{"hash":"a87b9bc3378f20985d88f5645c35181cbfa996c4","messageTitle":"Edit comment","messageBody":"","fileTypesAndContributionMap":{"functional-code":{"insertions":1,"deletions":1}}}]}],"zxgoh":[{"date":"2022-02-23","commitResults":[{"hash":"85ad9b255d5fce125d2764aa21ce5074e85310db","messageTitle":"Create zxgoh.md as portfolio file","messageBody":"","fileTypesAndContributionMap":{"docs":{"insertions":38,"deletions":0}}},{"hash":"fbe474c8b519c027e2ae70252e01a7fcf473f950","messageTitle":"Update AboutUs.md","messageBody":"","fileTypesAndContributionMap":{"docs":{"insertions":15,"deletions":24}}}]},{"date":"2022-02-24","commitResults":[{"hash":"83897defd7b27b79d8df08283e92152808a5edfa","messageTitle":"Add UI mockup into README","messageBody":"","fileTypesAndContributionMap":{"docs":{"insertions":1,"deletions":1}}}]},{"date":"2022-02-25","commitResults":[{"hash":"c08b13d6e682120620ca7105dd1e7f163a5a3c66","messageTitle":"Update Customer and Order portion of UserGuide.md","messageBody":"","fileTypesAndContributionMap":{"docs":{"insertions":41,"deletions":1}}},{"hash":"f5d264bd17b34a250d7617ec426c76cf293c2b1a","messageTitle":"Update UI display image","messageBody":"","fileTypesAndContributionMap":{"docs":{"insertions":3,"deletions":3}}},{"hash":"e12b7b0cf82e15f5af8597ef3b50b9a4c49ec791","messageTitle":"Fix minor bugs","messageBody":"","fileTypesAndContributionMap":{"docs":{"insertions":1,"deletions":1}}},{"hash":"d5102d020337b27169056f7e56e9b45221402921","messageTitle":"Add relevant user stories and use cases","messageBody":"","fileTypesAndContributionMap":{"docs":{"insertions":49,"deletions":14}}}]},{"date":"2022-03-04","commitResults":[{"hash":"2fa14f7cb897072667f05a7c0d7e8eadcfb1ee6f","messageTitle":"Dummy commit for merge pull request","messageBody":"","fileTypesAndContributionMap":{"docs":{"insertions":1,"deletions":0}}},{"hash":"11ff8c4b318df1b0c5a745d2d8c4ec8b68666bbe","messageTitle":"Update AboutUs.md","messageBody":"","fileTypesAndContributionMap":{"docs":{"insertions":1,"deletions":1}}}]},{"date":"2022-03-06","commitResults":[{"hash":"2681e91205e08fab4961c0092711a90bce67fd2a","messageTitle":"Update AboutUs.md","messageBody":"","fileTypesAndContributionMap":{"docs":{"insertions":1,"deletions":1}}}]},{"date":"2022-03-14","commitResults":[{"hash":"b9ddb33cef2e86bc0224ef2457c1fc7f1d0fa3cb","messageTitle":"Include Add Customer and Delete Customer feature Update CustomerCard format","messageBody":"","fileTypesAndContributionMap":{"test-code":{"insertions":82,"deletions":87}}},{"hash":"0ba428a6b54da991d6aea71b3fc78cd12981e23b","messageTitle":"Fix minor errors","messageBody":"","fileTypesAndContributionMap":{"functional-code":{"insertions":197,"deletions":1253},"test-code":{"insertions":257,"deletions":1447}}},{"hash":"d833baf4d87f1f071431c5fbae8bf06ce9e3c93e","messageTitle":"no message","messageBody":"","fileTypesAndContributionMap":{"other":{"insertions":14,"deletions":14}}},{"hash":"50dcc38e9302e6a62da25d6d2250b16da3cec883","messageTitle":"no message","messageBody":"","fileTypesAndContributionMap":{"functional-code":{"insertions":956,"deletions":0},"test-code":{"insertions":1091,"deletions":1}}}]},{"date":"2022-03-15","commitResults":[{"hash":"6133b91b05dbf693a9ce86b5a70de5d1943cdefa","messageTitle":"Change class names","messageBody":"","fileTypesAndContributionMap":{"functional-code":{"insertions":74,"deletions":74},"other":{"insertions":142,"deletions":142},"docs":{"insertions":28,"deletions":28},"test-code":{"insertions":127,"deletions":127}}},{"hash":"a856887ed709a787fb562ebc43c9e273184d25b1","messageTitle":"Change variable name","messageBody":"","fileTypesAndContributionMap":{"functional-code":{"insertions":68,"deletions":68},"other":{"insertions":23,"deletions":23},"docs":{"insertions":61,"deletions":61},"test-code":{"insertions":133,"deletions":133}}}]},{"date":"2022-03-16","commitResults":[{"hash":"d47ea3436589448e5e43123c2eeafdd6d51144cd","messageTitle":"Fix conflicts between branches","messageBody":"","fileTypesAndContributionMap":{"functional-code":{"insertions":674,"deletions":55},"other":{"insertions":138,"deletions":137},"test-code":{"insertions":202,"deletions":233}}},{"hash":"08e4ff23dc90c9012d72c9082025ef499f40e990","messageTitle":"Fix minor bugs","messageBody":"","fileTypesAndContributionMap":{"functional-code":{"insertions":0,"deletions":4},"test-code":{"insertions":294,"deletions":47}}},{"hash":"f3aadbc5b7f649cf4b8f8a5f0635acbc342520eb","messageTitle":"Fix minor bugs","messageBody":"","fileTypesAndContributionMap":{"functional-code":{"insertions":3154,"deletions":0},"test-code":{"insertions":354,"deletions":0}}},{"hash":"8e48bb64b0e88dd6b5b8bc0bc28f0721ea04af4f","messageTitle":"Make minor changes","messageBody":"","fileTypesAndContributionMap":{"functional-code":{"insertions":8,"deletions":8},"test-code":{"insertions":0,"deletions":354}}},{"hash":"f219426509eb3932bc12bc9eecf431bce50df7ae","messageTitle":"Revert some changes","messageBody":"","fileTypesAndContributionMap":{"docs":{"insertions":33,"deletions":33}}},{"hash":"9a1c5a277aa844f6bb23a34ea62d2c89cf160297","messageTitle":"Fix minor bugs","messageBody":"","fileTypesAndContributionMap":{"functional-code":{"insertions":10,"deletions":10}}}]},{"date":"2022-03-25","commitResults":[{"hash":"a24d75407eb86be9b696ccd04f51a627f423576e","messageTitle":"Update Customer features on Developer Guide, add UML diagrams","messageBody":"","fileTypesAndContributionMap":{"docs":{"insertions":205,"deletions":0}}},{"hash":"a45263d8e35ed43f179693fc2773c5ffb241ef0c","messageTitle":"Add missing files","messageBody":"","fileTypesAndContributionMap":{"docs":{"insertions":0,"deletions":1}}}]}]},"authorFileTypeContributionMap":{"hieunm1821":{"docs":102,"functional-code":1122,"test-code":4,"other":4},"xzzz3":{"docs":247,"functional-code":1204,"test-code":5,"other":2},"jaegarpoon":{"docs":232,"functional-code":1105,"test-code":17},"zxgoh":{"docs":338,"functional-code":1855,"test-code":1526,"other":2}},"authorContributionVariance":{"hieunm1821":19069.34,"xzzz3":16222.159,"jaegarpoon":25631.043,"zxgoh":1495886.2},"authorDisplayNameMap":{"hieunm1821":"CS2103-F10-2 NGUY..HIEU","xzzz3":"CS2103-F10-2 XING..HENG","jaegarpoon":"CS2103-F10-2 JAEG.. YAO","zxgoh":"CS2103-F10-2 GOH ..XUAN"}}
