{"authorDailyContributionsMap":{"prgJ":[{"date":"2022-02-25","commitResults":[{"hash":"10a7d7c5dafaf0ed1c0db458300dfe5b74acb243","messageTitle":"Update project user guide with contents of the draft user guide","messageBody":"","fileTypesAndContributionMap":{"docs":{"insertions":68,"deletions":72}}}]},{"date":"2022-03-02","commitResults":[{"hash":"348a1683fff0237d4e59f4d32d6d2a24b5634266","messageTitle":"1. Removed remaining references to \u0027Addressbook\u0027 2. Modified \u0027Find\u0027 command         2.1 Initially was going to edit it as Abdul had suggested, but upon rereading the \u0027notes about command format\u0027 section I think this version follows those guidelines better","messageBody":"","fileTypesAndContributionMap":{"docs":{"insertions":8,"deletions":5}}},{"hash":"20f23e4c25d495b28d102fa69788b5cdf7ebcbae","messageTitle":"Update AboutUs.md and add skeletal PPP for Pragya Jha","messageBody":"","fileTypesAndContributionMap":{"docs":{"insertions":27,"deletions":6}}},{"hash":"3243ac137119a142df488a1eb960138f12f86d8c","messageTitle":"Update AboutUs.md and add skeletal PPP page for Pragya Jha","messageBody":"","fileTypesAndContributionMap":{"docs":{"insertions":28,"deletions":6}}}]},{"date":"2022-03-03","commitResults":[{"hash":"79f04145c7fb57ac6aaab077dc2d75faf8313e5f","messageTitle":"1. Delete tag from person use-case is added     1.1 formatted to ensure consistency with the other use-cases","messageBody":"","fileTypesAndContributionMap":{"docs":{"insertions":31,"deletions":0}}},{"hash":"98e10e11c8f86532f69f55322a947fa9096a0001","messageTitle":"made changes to a use-case extension","messageBody":"","fileTypesAndContributionMap":{"docs":{"insertions":1,"deletions":4}}}]},{"date":"2022-03-14","commitResults":[{"hash":"e761d97eedad896c8dfba0fd44b9db044cd408fc","messageTitle":"add task functionality","messageBody":"","fileTypesAndContributionMap":{"functional-code":{"insertions":178,"deletions":0}}},{"hash":"19fed58e9a8f3a899466700a3b565510450f2fa7","messageTitle":"delete task functionality","messageBody":"","fileTypesAndContributionMap":{"functional-code":{"insertions":87,"deletions":0}}},{"hash":"b5d88d34c7a51be59069c4808746521c0cb60ea6","messageTitle":"checkstyle edits","messageBody":"","fileTypesAndContributionMap":{"functional-code":{"insertions":20,"deletions":14}}},{"hash":"d03e54398d3b4b9e1c266589ac231d44b747e59b","messageTitle":"no message","messageBody":"","fileTypesAndContributionMap":{"functional-code":{"insertions":1,"deletions":1}}}]},{"date":"2022-03-15","commitResults":[{"hash":"8a175b551321e0443deac729b8bd741140350d8f","messageTitle":"time display bug fix","messageBody":"","fileTypesAndContributionMap":{"functional-code":{"insertions":10,"deletions":0}}},{"hash":"a1e3e75cf96da2af9cf5cb55f1d3358a53c44c25","messageTitle":"no message","messageBody":"","fileTypesAndContributionMap":{"functional-code":{"insertions":6,"deletions":2}}},{"hash":"7a24eb7c4b75657893b40e6b4dab5c20af2cb9e5","messageTitle":"resolve conflict","messageBody":"","fileTypesAndContributionMap":{"functional-code":{"insertions":1,"deletions":0}}},{"hash":"88fa43357ce59ff24f880854c29aa0de7b351bef","messageTitle":"no message","messageBody":"","fileTypesAndContributionMap":{"functional-code":{"insertions":0,"deletions":1}}},{"hash":"e2fff848370955451996991990a59cae07ee8d43","messageTitle":"no message","messageBody":"","fileTypesAndContributionMap":{"functional-code":{"insertions":2,"deletions":6}}}]},{"date":"2022-03-17","commitResults":[{"hash":"78e04172ced861b4fa34fe1945f4c1becbda7301","messageTitle":"Add tests for add-task and delete-task commands","messageBody":"","fileTypesAndContributionMap":{"functional-code":{"insertions":1,"deletions":1},"test-code":{"insertions":502,"deletions":2}}}]},{"date":"2022-03-18","commitResults":[{"hash":"d53060858ff0024ebbcdc10739939414ad6e4bed","messageTitle":"bug fixes and additional test case added","messageBody":"","fileTypesAndContributionMap":{"functional-code":{"insertions":3,"deletions":3},"test-code":{"insertions":51,"deletions":1}}}]},{"date":"2022-03-24","commitResults":[{"hash":"1b167265ee74876c0ac38e63a81da402ef58d508","messageTitle":"update UG with specific task command details","messageBody":"","fileTypesAndContributionMap":{"docs":{"insertions":44,"deletions":16}}},{"hash":"c737ded2c8ce0abb571a54a3b5d621a3259a2d22","messageTitle":"DG use cases and user stories","messageBody":"","fileTypesAndContributionMap":{"docs":{"insertions":67,"deletions":2}}},{"hash":"c839362b53f4d8f912ff75b94add5bd99fe1855a","messageTitle":"no message","messageBody":"","fileTypesAndContributionMap":{"docs":{"insertions":99,"deletions":0}}},{"hash":"5be27a0d88234e3b47e927b2a99c6a84c98589da","messageTitle":"no message","messageBody":"","fileTypesAndContributionMap":{"docs":{"insertions":1,"deletions":1}}},{"hash":"f46fb4677375470ab1517b26ec3cc273437084ef","messageTitle":"no message","messageBody":"","fileTypesAndContributionMap":{"docs":{"insertions":1,"deletions":1}}}]},{"date":"2022-03-25","commitResults":[{"hash":"80fbe6c710f946f08df6d02539ac177365037dca","messageTitle":"Added edit task functionality","messageBody":"","fileTypesAndContributionMap":{"functional-code":{"insertions":227,"deletions":3},"test-code":{"insertions":324,"deletions":0}}},{"hash":"8632eabd567aa6d0cacd5a97948af3eecf4e4527","messageTitle":"no message","messageBody":"","fileTypesAndContributionMap":{"test-code":{"insertions":2,"deletions":4}}}]},{"date":"2022-03-27","commitResults":[{"hash":"ea1b00009440fed7d1ff959252a2a25b8c8e5c50","messageTitle":"uml bug","messageBody":"","fileTypesAndContributionMap":{"docs":{"insertions":1,"deletions":2}}},{"hash":"f7fb10a8b9d23e9803de55eba3ca9dc9d1f31e60","messageTitle":"no message","messageBody":"","fileTypesAndContributionMap":{"docs":{"insertions":11,"deletions":10}}},{"hash":"0ac55fdedfe7eb333bc2c65a283136e5df9dc63e","messageTitle":"no message","messageBody":"","fileTypesAndContributionMap":{"docs":{"insertions":1,"deletions":2}}}]},{"date":"2022-03-30","commitResults":[{"hash":"c8adc3fa069ccd5948f52d8c7c3afe7f97f53c92","messageTitle":"edit task contact check and description bug fixes","messageBody":"","fileTypesAndContributionMap":{"functional-code":{"insertions":26,"deletions":3}}},{"hash":"83efca78848c698866181d0ca939c50a2fec6a6b","messageTitle":"edit task command","messageBody":"","fileTypesAndContributionMap":{"functional-code":{"insertions":2,"deletions":2}}},{"hash":"6fcbfdbc10b0974995292af6d07b6b0c210549cd","messageTitle":"gradle build check","messageBody":"","fileTypesAndContributionMap":{"test-code":{"insertions":6,"deletions":4}}},{"hash":"89cf14466e4dfef0f569d60456a88bb1948aa270","messageTitle":"added testcase to check for person validity","messageBody":"","fileTypesAndContributionMap":{"functional-code":{"insertions":1,"deletions":1},"test-code":{"insertions":30,"deletions":2}}},{"hash":"d61b55747530c92a90109b2fe1ef1f20d8378a23","messageTitle":"checkstyle","messageBody":"","fileTypesAndContributionMap":{"test-code":{"insertions":2,"deletions":2}}},{"hash":"444ed24f77bc04c4bbb886018a7a3be0347495ac","messageTitle":"export functionality with disappear bug","messageBody":"","fileTypesAndContributionMap":{"functional-code":{"insertions":123,"deletions":31},"other":{"insertions":6,"deletions":0}}},{"hash":"baf866fc44417e822209af95bc8d417dbf466ed1","messageTitle":"bug fix B^)","messageBody":"","fileTypesAndContributionMap":{"functional-code":{"insertions":1,"deletions":1}}}]},{"date":"2022-03-31","commitResults":[{"hash":"dca4308bdd94a31f705422df00f10a1f7dff1159","messageTitle":"checkstyle and snapshot parameter fix","messageBody":"","fileTypesAndContributionMap":{"functional-code":{"insertions":50,"deletions":42},"other":{"insertions":0,"deletions":3},"test-code":{"insertions":13,"deletions":13}}},{"hash":"0662695a60c6d9cf80e564f6ed0a160df4db06d8","messageTitle":"parameter changes","messageBody":"","fileTypesAndContributionMap":{"functional-code":{"insertions":1,"deletions":1}}}]},{"date":"2022-04-10","commitResults":[{"hash":"7854b31c8c415abf0e7d0a84ec71cb805519abdc","messageTitle":"add-task bug fix","messageBody":"","fileTypesAndContributionMap":{"functional-code":{"insertions":14,"deletions":0}}},{"hash":"d58938d0a245f0cf9c38c1cb7da413e99ab80b0f","messageTitle":"export-command testcase","messageBody":"","fileTypesAndContributionMap":{"test-code":{"insertions":24,"deletions":0}}}]},{"date":"2022-04-11","commitResults":[{"hash":"890b936c7f034002d992d50761b1538c83968998","messageTitle":"edit-t functionality","messageBody":"","fileTypesAndContributionMap":{"functional-code":{"insertions":24,"deletions":0},"test-code":{"insertions":20,"deletions":7}}},{"hash":"88ea053fb4e5288b158dcef94ec50b43aea823d6","messageTitle":"edit-task unintended behaviour fix","messageBody":"","fileTypesAndContributionMap":{"functional-code":{"insertions":12,"deletions":10},"test-code":{"insertions":0,"deletions":12}}},{"hash":"e39363317699c06307575d2ad3b9fd53709dd014","messageTitle":"no message","messageBody":"","fileTypesAndContributionMap":{"test-code":{"insertions":0,"deletions":1}}},{"hash":"5449d38d4f7d2407203b0e8be2eab8015b156fe9","messageTitle":"add CLI tutorial","messageBody":"","fileTypesAndContributionMap":{"docs":{"insertions":20,"deletions":0}}},{"hash":"a415fe6f73333a42da204998a62124bf68c350c8","messageTitle":"ppp updates","messageBody":"","fileTypesAndContributionMap":{"docs":{"insertions":13,"deletions":7}}},{"hash":"03d8b9abb104664cc19b64c8e50e3f4a55d908f3","messageTitle":"redo","messageBody":"","fileTypesAndContributionMap":{"docs":{"insertions":102,"deletions":3}}},{"hash":"22ef0b2b9f446404e38306e8d75a9186f8d25f17","messageTitle":"additions","messageBody":"","fileTypesAndContributionMap":{"docs":{"insertions":108,"deletions":1}}},{"hash":"04209107e588ae0205bff17ea6a155c3bdabceca","messageTitle":"trailing whitespace","messageBody":"","fileTypesAndContributionMap":{"docs":{"insertions":1,"deletions":3}}},{"hash":"538cb2e2246a4950f371b561a1d3b0f1d4154253","messageTitle":"update PR","messageBody":"","fileTypesAndContributionMap":{"docs":{"insertions":1,"deletions":1}}},{"hash":"9701cf846229db04f908f761d8ac83e70c15475f","messageTitle":"no message","messageBody":"","fileTypesAndContributionMap":{"docs":{"insertions":5,"deletions":2}}},{"hash":"715736c4184aa6e38068662f5f7611d720a37369","messageTitle":"pgbreaks","messageBody":"","fileTypesAndContributionMap":{"docs":{"insertions":196,"deletions":10}}}]}],"AAlghrairy":[{"date":"2022-02-22","commitResults":[{"hash":"959ef3f5da469ad24fedf99f3d08de8d8fc77b3e","messageTitle":"Update Product Scope and Glossary of Developer Guide for V1.1","messageBody":"","fileTypesAndContributionMap":{"docs":{"insertions":12,"deletions":3}}},{"hash":"4c99736395a7af26ad947cf77b07e66024251048","messageTitle":"Update AboutUs.md and add skeletal PPP for AAlghrairy","messageBody":"","fileTypesAndContributionMap":{"docs":{"insertions":30,"deletions":5}}}]},{"date":"2022-02-25","commitResults":[{"hash":"b7cad15796440f1b02c0f2c738e0759f7f4fd66b","messageTitle":"Add use cases for note function and replace references to AB3","messageBody":"","fileTypesAndContributionMap":{"docs":{"insertions":71,"deletions":8}}}]},{"date":"2022-03-14","commitResults":[{"hash":"21c4763d09fcc1b0adf352aa432807f3b669451c","messageTitle":"Implement note-del feature","messageBody":"","fileTypesAndContributionMap":{"functional-code":{"insertions":143,"deletions":0},"test-code":{"insertions":95,"deletions":0}}},{"hash":"9a3ba2884819070d8e31faa176c98afc2c1495d9","messageTitle":"Implements fxml files for TaskCard and TaskPanel","messageBody":"","fileTypesAndContributionMap":{"functional-code":{"insertions":47,"deletions":0}}},{"hash":"4d5f1e337fe9f5cbb3739e957d711ec48854192f","messageTitle":"Modify name of TaskPanel.fxml to TaskListPanel.fxml","messageBody":"","fileTypesAndContributionMap":{"other":{"insertions":0,"deletions":0}}},{"hash":"75fab96543e28fd99d7c825f31e9fb5c1fe2e9da","messageTitle":"Add classes for TaskCard and TaskListPanel","messageBody":"","fileTypesAndContributionMap":{"functional-code":{"insertions":123,"deletions":0}}},{"hash":"8cff3771a13fc4b84e1b8797a44a91edb3770f18","messageTitle":"Add more test methods for DeleteNoteCommand and DeleteNoteCommandParser","messageBody":"","fileTypesAndContributionMap":{"test-code":{"insertions":38,"deletions":6}}},{"hash":"5871e0fa5f42257961988b1e193c9f50261b8795","messageTitle":"Implement TaskCard and TaskListPanel into Logic","messageBody":"","fileTypesAndContributionMap":{"functional-code":{"insertions":26,"deletions":3}}},{"hash":"26a49816075e459eecc5760cc65abc1394ca75f1","messageTitle":"Add additional test case for DeleteNoteCommand class","messageBody":"","fileTypesAndContributionMap":{"test-code":{"insertions":8,"deletions":0}}},{"hash":"b1be4b8ebda7e4813d38e60834e476913fc0fbd1","messageTitle":"Modify JavaDoc of ParserUtil class to be more explicit","messageBody":"","fileTypesAndContributionMap":{"functional-code":{"insertions":6,"deletions":6}}},{"hash":"685df466b11c5d27a5f7a2d072f5846742ecb668","messageTitle":"Add more test methods to increase coverage of note-del related classees","messageBody":"","fileTypesAndContributionMap":{"functional-code":{"insertions":4,"deletions":4},"test-code":{"insertions":33,"deletions":0}}},{"hash":"5775d2ba28a1500fdef09ffda141bd950a24c2be","messageTitle":"Revert \"Implement the note-del feature\"","messageBody":"","fileTypesAndContributionMap":{"functional-code":{"insertions":0,"deletions":143},"test-code":{"insertions":0,"deletions":168}}}]},{"date":"2022-03-15","commitResults":[{"hash":"b6b76134b11d27c03c64e3b965eb57e9b1715402","messageTitle":"Reimplement note-del feature","messageBody":"","fileTypesAndContributionMap":{"functional-code":{"insertions":143,"deletions":0},"test-code":{"insertions":168,"deletions":0}}}]},{"date":"2022-03-18","commitResults":[{"hash":"8baf05109e7f8d42d5fa6c73aebe9e6e5c61d1f0","messageTitle":"Add additional classes for enhancement of note feature","messageBody":"","fileTypesAndContributionMap":{"functional-code":{"insertions":969,"deletions":65},"other":{"insertions":53,"deletions":52},"test-code":{"insertions":589,"deletions":60}}},{"hash":"407f2a169479f3e55850cd92406db9f7b35dbb8a","messageTitle":"Add toString to EditCommand class","messageBody":"","fileTypesAndContributionMap":{"functional-code":{"insertions":22,"deletions":0}}},{"hash":"6ae354c9eda9f03d1bfa6f3d2ea668327ff1aaff","messageTitle":"Fix bugs","messageBody":"","fileTypesAndContributionMap":{"functional-code":{"insertions":12,"deletions":22},"test-code":{"insertions":1,"deletions":6}}},{"hash":"d4471d4ac4dda2db94c7fe24e4024e8227aeac2e","messageTitle":"Modify GUI","messageBody":"","fileTypesAndContributionMap":{"functional-code":{"insertions":23,"deletions":7}}},{"hash":"a23b9551f9890485c693c23e4c572cbb01f4fc19","messageTitle":"Fix checkstyle violation","messageBody":"","fileTypesAndContributionMap":{"test-code":{"insertions":0,"deletions":1}}},{"hash":"1fd20badc34c96326cf6cebfe11e524bf3ae878d","messageTitle":"Add test cases for DeleteNoteCommandParser related classes","messageBody":"","fileTypesAndContributionMap":{"test-code":{"insertions":108,"deletions":0}}},{"hash":"d212acc9fb4b224f9868febbc14a6be149747321","messageTitle":"Add margin between each list of notes","messageBody":"","fileTypesAndContributionMap":{"functional-code":{"insertions":6,"deletions":0}}},{"hash":"03f579064a29152277b7053d183b41e036f0aa7f","messageTitle":"Add additional test cases","messageBody":"","fileTypesAndContributionMap":{"functional-code":{"insertions":0,"deletions":22},"test-code":{"insertions":37,"deletions":0}}},{"hash":"abbd7d7baf9e6cfb2e06d47da7d5cf96551dce45","messageTitle":"Delete old Note classes","messageBody":"","fileTypesAndContributionMap":{"functional-code":{"insertions":0,"deletions":124}}},{"hash":"945f53b96501d81c851fa86b028b3ddf5602af34","messageTitle":"Fix java coding standard violation","messageBody":"","fileTypesAndContributionMap":{"test-code":{"insertions":7,"deletions":7}}},{"hash":"1bf396671c27c6e329aac6e20ab6f45fe3d1cf64","messageTitle":"Delete references to old Note classes","messageBody":"","fileTypesAndContributionMap":{"functional-code":{"insertions":3,"deletions":123},"test-code":{"insertions":1,"deletions":1}}}]},{"date":"2022-03-19","commitResults":[{"hash":"dbc59c5fb9d34a898525d662f5fa8b3f9de768c9","messageTitle":"Fix incorrect references in EditCommand class","messageBody":"","fileTypesAndContributionMap":{"functional-code":{"insertions":6,"deletions":6}}}]},{"date":"2022-03-20","commitResults":[{"hash":"5258aafbfffa0746df2f784ee25eb8a8eca4ad33","messageTitle":"Add separate .css file for note-related text and package note classes","messageBody":"","fileTypesAndContributionMap":{"functional-code":{"insertions":51,"deletions":12},"other":{"insertions":42,"deletions":18},"test-code":{"insertions":24,"deletions":12}}},{"hash":"e43b1b99cc335a74eae77e43c6ab0f097180f385","messageTitle":"Fix checkstyle violations","messageBody":"","fileTypesAndContributionMap":{"functional-code":{"insertions":6,"deletions":6},"test-code":{"insertions":6,"deletions":6}}}]},{"date":"2022-03-21","commitResults":[{"hash":"2f9642bb47b897120c771c051e49911d5661a6d5","messageTitle":"Implement clear tasks function","messageBody":"","fileTypesAndContributionMap":{"functional-code":{"insertions":148,"deletions":0},"test-code":{"insertions":160,"deletions":0}}},{"hash":"d601eabafea54b0d37035aa200782dd027a7ab7e","messageTitle":"Fix checkstyle violation","messageBody":"","fileTypesAndContributionMap":{"test-code":{"insertions":0,"deletions":1}}},{"hash":"74c0cb888ab5788cf7dc03b3b2b78c3619d5ecf2","messageTitle":"Add more test cases for ClearTaskCommand class","messageBody":"","fileTypesAndContributionMap":{"test-code":{"insertions":8,"deletions":0}}},{"hash":"3c4af0068a67f9635392f3a53f4b58036f9d4c5a","messageTitle":"Improve readability of code and add more descriptive comments","messageBody":"","fileTypesAndContributionMap":{"functional-code":{"insertions":11,"deletions":4}}},{"hash":"f0878194c63723d68764c4c521bfc5f7ba2471b4","messageTitle":"Fix typo in comments","messageBody":"","fileTypesAndContributionMap":{"functional-code":{"insertions":1,"deletions":1}}}]},{"date":"2022-03-22","commitResults":[{"hash":"fe692374d139b887003d4258194ca81d7d5bcc6b","messageTitle":"Add implemented function definitions for v1.3 to UserGuide.md","messageBody":"","fileTypesAndContributionMap":{"docs":{"insertions":86,"deletions":10}}},{"hash":"784d1eb295e9a01e338c152f1c04f73247da2fd2","messageTitle":"Add additional user stories","messageBody":"","fileTypesAndContributionMap":{"docs":{"insertions":12,"deletions":11}}},{"hash":"93d67dcf1f91344ab42c2a9f7028ea8e768d1082","messageTitle":"Add use cases for new functions to be implemented for v1.3","messageBody":"","fileTypesAndContributionMap":{"docs":{"insertions":230,"deletions":25}}},{"hash":"99338eed7c03878c8eb92e0a9c8f3894afc8e9c9","messageTitle":"Modify Model component of DG and replace ModelClassDiagram.png","messageBody":"","fileTypesAndContributionMap":{"docs":{"insertions":1,"deletions":7}}},{"hash":"429ffcf4efc54e225d3b019a8720bdda0bd4fe69","messageTitle":"Modify individual PPP skeleton and modify Command Summary of UserGuide","messageBody":"","fileTypesAndContributionMap":{"docs":{"insertions":50,"deletions":18}}},{"hash":"89a3617ac5d895ae13afede9f1478f1690f2eb54","messageTitle":"Add additional field in PPP","messageBody":"","fileTypesAndContributionMap":{"docs":{"insertions":2,"deletions":1}}},{"hash":"480ab6aa6299bd4839c0f461b3d56d978de8fd5b","messageTitle":"Add additional field in individual PPP","messageBody":"","fileTypesAndContributionMap":{"docs":{"insertions":1,"deletions":0}}},{"hash":"755be23f53440e16e1b572652fd9e7dce4244c2d","messageTitle":"Modify fields in documentation","messageBody":"","fileTypesAndContributionMap":{"docs":{"insertions":0,"deletions":1}}}]},{"date":"2022-03-23","commitResults":[{"hash":"00b4200b6a8d3edbd055262b963a8b5da01260f1","messageTitle":"Implement Image and LoadCourtCommand classes","messageBody":"","fileTypesAndContributionMap":{"functional-code":{"insertions":129,"deletions":2}}},{"hash":"a010a312b403dc5fe600231c266f65d07cebf7ea","messageTitle":"Modify implementation to load external folder","messageBody":"","fileTypesAndContributionMap":{"functional-code":{"insertions":3,"deletions":2}}},{"hash":"81da6bf0c31ca70365d3d11ac78acc6c416edda1","messageTitle":"Modify load-court function definitions and use cases","messageBody":"","fileTypesAndContributionMap":{"docs":{"insertions":7,"deletions":11}}},{"hash":"463368ad00a1c43fd30ec056bfef5719633ad85b","messageTitle":"Fix reference to load-court function in command summary of UG","messageBody":"","fileTypesAndContributionMap":{"docs":{"insertions":1,"deletions":1}}},{"hash":"060c246a90a67a2e4726dc80a1787574e8d7ac3b","messageTitle":"Modify other command classes to remove unused variables","messageBody":"","fileTypesAndContributionMap":{"functional-code":{"insertions":12,"deletions":29}}},{"hash":"4c9ee2793544a642ad8194d1c525a91b20aeeb80","messageTitle":"Modify use cases to remove repitition","messageBody":"","fileTypesAndContributionMap":{"docs":{"insertions":9,"deletions":125}}},{"hash":"0aaa00c99bae07cf34c12f23d285817cd86c6207","messageTitle":"Revert \"Modify use cases to remove repitition\"","messageBody":"This reverts commit 4c9ee2793544a642ad8194d1c525a91b20aeeb80.\n","fileTypesAndContributionMap":{"docs":{"insertions":125,"deletions":9}}},{"hash":"d6fba7dc40f74b54a87d19ae16b5b13c2a394feb","messageTitle":"Modify use cases to remove repetition","messageBody":"","fileTypesAndContributionMap":{"docs":{"insertions":9,"deletions":125}}},{"hash":"dc3501e119ff63dfe7956045300fd7ac0e847f6e","messageTitle":"Implement Parser class for Load-Court function","messageBody":"","fileTypesAndContributionMap":{"functional-code":{"insertions":64,"deletions":7}}},{"hash":"26cc7d62b372258624e9e9363dd25e5a5add3ffd","messageTitle":"Add parse exception check","messageBody":"","fileTypesAndContributionMap":{"functional-code":{"insertions":5,"deletions":0}}},{"hash":"56a009ffc70651488313d7019aa5799943a267c4","messageTitle":"Implement load-court and include sample courts for testing purposes","messageBody":"","fileTypesAndContributionMap":{"functional-code":{"insertions":94,"deletions":13}}}]},{"date":"2022-03-24","commitResults":[{"hash":"30d664070cd6e7743604cb42bb95d06e373cfbcc","messageTitle":"Remove commented-out code","messageBody":"","fileTypesAndContributionMap":{"functional-code":{"insertions":0,"deletions":1}}},{"hash":"4ee828d547557cb8dd0c7c3f5db9646ff1d04f7b","messageTitle":"Add implementation of Clear Task in DeveloperGuide.md","messageBody":"","fileTypesAndContributionMap":{"docs":{"insertions":23,"deletions":0}}},{"hash":"eb9f59d2be4431c6ef520240aaf1693fe8f5253b","messageTitle":"Add ClearTaskSequenceDiagrams","messageBody":"","fileTypesAndContributionMap":{"docs":{"insertions":75,"deletions":0}}},{"hash":"f309cfc1b6b6be38b3bb1294c0388812ed8b141c","messageTitle":"Add Design Consideration for Clear Task command","messageBody":"","fileTypesAndContributionMap":{"docs":{"insertions":14,"deletions":0}}},{"hash":"b564b9cff0875e5b9dda657b203cc4daa7ed0e2d","messageTitle":"Replace ModelClassDiagram.png","messageBody":"","fileTypesAndContributionMap":{"docs":{"insertions":15,"deletions":0}}},{"hash":"820d2b1dac57ce09922635f93f7e106d8fb4ae21","messageTitle":"Replace ModelClassDiagram","messageBody":"","fileTypesAndContributionMap":{"docs":{"insertions":1,"deletions":1}}},{"hash":"62cefcb697539f4464d81dfc0bc879a23423ab39","messageTitle":"Replace ModelClassDiagram.png","messageBody":"","fileTypesAndContributionMap":{"docs":{"insertions":1,"deletions":0}}},{"hash":"abf8b72f9a45f28320aad72460259b799d6397a3","messageTitle":"Fix error in image name","messageBody":"","fileTypesAndContributionMap":{"docs":{"insertions":1,"deletions":1}}},{"hash":"b56ab9af9915583631699d42573cd8a778df7b7b","messageTitle":"Modify load-court function to remove dependency on LogicManager","messageBody":"","fileTypesAndContributionMap":{"functional-code":{"insertions":33,"deletions":55}}},{"hash":"307ad4d73b91f82d9cd3fa52a7bea4741168cb6c","messageTitle":"Undo merge of Rye-Catcher\u0027s PR","messageBody":"","fileTypesAndContributionMap":{"functional-code":{"insertions":31,"deletions":633},"test-code":{"insertions":120,"deletions":343}}},{"hash":"28b5a514799cc92f0453a32c5409a617ed8372cb","messageTitle":"Fix checkstyle violations","messageBody":"","fileTypesAndContributionMap":{"functional-code":{"insertions":0,"deletions":4}}},{"hash":"a5abffd509b6d185f9480ed6f948c8bbdb2d450e","messageTitle":"Modify code for readability","messageBody":"","fileTypesAndContributionMap":{"functional-code":{"insertions":2,"deletions":1}}},{"hash":"812fb0ca9c73cfb32345e5a44964a9e1ee6beb27","messageTitle":"Add exception checks for Image","messageBody":"","fileTypesAndContributionMap":{"functional-code":{"insertions":23,"deletions":4}}},{"hash":"c48246757209aec35ab3f8316318553f93b6bf4f","messageTitle":"Fix checkstyle violations","messageBody":"","fileTypesAndContributionMap":{"functional-code":{"insertions":1,"deletions":0}}},{"hash":"4d2ec1da555ccc0a1f648acdc946207c9af5b99c","messageTitle":"Modify background image to resize automatically with window","messageBody":"","fileTypesAndContributionMap":{"functional-code":{"insertions":8,"deletions":7},"test-code":{"insertions":22,"deletions":0}}},{"hash":"94a77884a3484679a2844c274c0c356a36a0a073","messageTitle":"Add test for Image.java and fix checkstyle violations","messageBody":"","fileTypesAndContributionMap":{"functional-code":{"insertions":3,"deletions":2},"test-code":{"insertions":34,"deletions":2}}},{"hash":"b739a9ca97ba87a4d8c4bcc2103b4565d983c63d","messageTitle":"Add test cases for load-court related classes","messageBody":"","fileTypesAndContributionMap":{"functional-code":{"insertions":11,"deletions":11},"test-code":{"insertions":200,"deletions":5}}},{"hash":"7d034258afe6f786fd37ffef3d73eccc013dfdf8","messageTitle":"Fix checkstyle violations","messageBody":"","fileTypesAndContributionMap":{"test-code":{"insertions":2,"deletions":5}}},{"hash":"a3a76698dd444fa6683c7d124cb46361a218c527","messageTitle":"Fix test cases","messageBody":"","fileTypesAndContributionMap":{"test-code":{"insertions":0,"deletions":16}}},{"hash":"127eb29a64d2a30cca8a0d7c0ed57b1c633c90a9","messageTitle":"Fix checkstyle violations","messageBody":"","fileTypesAndContributionMap":{"test-code":{"insertions":0,"deletions":1}}},{"hash":"3e9f65412966e551a836cd1437d637732640898d","messageTitle":"Rename TestImage class to TestImageCreator","messageBody":"","fileTypesAndContributionMap":{"other":{"insertions":1,"deletions":1},"test-code":{"insertions":13,"deletions":13}}},{"hash":"8bde8b8f8913ca958efa5e538aee58b302c9b2a9","messageTitle":"Modify error message","messageBody":"","fileTypesAndContributionMap":{"functional-code":{"insertions":1,"deletions":1}}}]},{"date":"2022-03-25","commitResults":[{"hash":"ff1e65500173df735b0e1140546e4942ca95b0c9","messageTitle":"Add rational comment on test case","messageBody":"","fileTypesAndContributionMap":{"test-code":{"insertions":1,"deletions":1}}},{"hash":"9e3f44cf9ca6ac97dc132a6a91243f10786aa4dc","messageTitle":"Fix error in ModelClassDiagram","messageBody":"","fileTypesAndContributionMap":{"docs":{"insertions":2,"deletions":1}}},{"hash":"868a3f86d89349516b27168ffa6310c16f51aac5","messageTitle":"Fix strategyImage initialization being outside the constructor","messageBody":"","fileTypesAndContributionMap":{"functional-code":{"insertions":10,"deletions":3}}}]},{"date":"2022-03-29","commitResults":[{"hash":"b5f12f090f31b2d146baf59b146af1cfd31f5fbf","messageTitle":"Implement sort-strength command","messageBody":"","fileTypesAndContributionMap":{"functional-code":{"insertions":57,"deletions":0}}},{"hash":"08a73c06a229de61be717ede8b4d235dfe5376dd","messageTitle":"Fix bug where duplicate notes can be added","messageBody":"","fileTypesAndContributionMap":{"functional-code":{"insertions":27,"deletions":9}}},{"hash":"3671fb34dca612ea95c3d39b9eabe94d0b9fa23d","messageTitle":"Add test cases for ensuring duplicate check is working","messageBody":"","fileTypesAndContributionMap":{"test-code":{"insertions":33,"deletions":0}}},{"hash":"bb19dc1b5234e9d06aeab847d81bf6884f5cc672","messageTitle":"Implement sort-weakness command","messageBody":"","fileTypesAndContributionMap":{"functional-code":{"insertions":62,"deletions":3}}},{"hash":"be5cab04381c74d0a49fa4bc1f89b88f296f34bd","messageTitle":"Add test cases for sort command classes","messageBody":"","fileTypesAndContributionMap":{"test-code":{"insertions":183,"deletions":1}}},{"hash":"9396e0e287c94bd03e610d563d0c0c26cfba4d47","messageTitle":"Add exception check for calling sort function on empty Address Book","messageBody":"","fileTypesAndContributionMap":{"functional-code":{"insertions":15,"deletions":2},"test-code":{"insertions":28,"deletions":6}}}]},{"date":"2022-03-30","commitResults":[{"hash":"9d9fe7a7be158c6ab7dca0fa2f86fe8098b382cb","messageTitle":"Add sort-strength and sort-weakness function definitions in UserGuide.md","messageBody":"","fileTypesAndContributionMap":{"docs":{"insertions":12,"deletions":0}}},{"hash":"cffb9e5ab544491b3826edb18316a7605def45f3","messageTitle":"Add rational of strength/weakness functions and include link to JAR file","messageBody":"","fileTypesAndContributionMap":{"docs":{"insertions":4,"deletions":2}}},{"hash":"20d91e4178a5a73ed1435b7d6e556203edc0aa2a","messageTitle":"Add use cases for sort-strength and sort-weakness commands in DG","messageBody":"","fileTypesAndContributionMap":{"docs":{"insertions":22,"deletions":0}}},{"hash":"5430d5a9125a2cd1e5bcd98d73622307e02f553d","messageTitle":"Modify PPP and User Guide Summary commands and add more user stories","messageBody":"","fileTypesAndContributionMap":{"docs":{"insertions":54,"deletions":38}}},{"hash":"3b9f1df8c5acafba3ff2aa2f94962774f36a88ec","messageTitle":"Modify some conditions of load-court function","messageBody":"","fileTypesAndContributionMap":{"docs":{"insertions":1,"deletions":1}}},{"hash":"1cdeb30a2c22f73d72633542eaaa45c80bbebf68","messageTitle":"Modify user stories and rephrase use cases","messageBody":"","fileTypesAndContributionMap":{"docs":{"insertions":2,"deletions":5}}},{"hash":"e5868ba3987cd8b58ae89856759eb54623adf5c2","messageTitle":"Rephrase possibly ambiguous instruction","messageBody":"","fileTypesAndContributionMap":{"docs":{"insertions":1,"deletions":1}}}]},{"date":"2022-04-01","commitResults":[{"hash":"84de3757baf2c57515724884e46bf5dbbca5f69d","messageTitle":"Update index.md and fix typo in README.md","messageBody":"","fileTypesAndContributionMap":{"docs":{"insertions":13,"deletions":7}}}]},{"date":"2022-04-06","commitResults":[{"hash":"dc2c8918cea2d0f271a52567e64488ca20ac8ced","messageTitle":"Modify documentation of note and index based commands and fix parser bug","messageBody":"","fileTypesAndContributionMap":{"functional-code":{"insertions":1,"deletions":1},"docs":{"insertions":24,"deletions":1}}},{"hash":"2e5727be72591ea564f680ab7710bb35e15409aa","messageTitle":"Revert \"Modify documentation of note and index based commands and fix parser bug\"","messageBody":"This reverts commit dc2c8918cea2d0f271a52567e64488ca20ac8ced.\n","fileTypesAndContributionMap":{"functional-code":{"insertions":1,"deletions":1},"docs":{"insertions":1,"deletions":24}}},{"hash":"d8d256d725d6f2aab5ef67415ae00e5b59deccc4","messageTitle":"Add clarifications for index and note related features for note commands","messageBody":"","fileTypesAndContributionMap":{"docs":{"insertions":24,"deletions":1}}}]},{"date":"2022-04-07","commitResults":[{"hash":"e315b1791dfa0db2095b47589c76ef8a7474fe2f","messageTitle":"Fix case insensitive note bug and add additional test cases","messageBody":"","fileTypesAndContributionMap":{"functional-code":{"insertions":1,"deletions":1},"test-code":{"insertions":33,"deletions":1}}},{"hash":"9da44116620c61d8f747ce144c9b51d7b36496ea","messageTitle":"Add additional review points to PPP","messageBody":"","fileTypesAndContributionMap":{"docs":{"insertions":6,"deletions":0}}}]},{"date":"2022-04-08","commitResults":[{"hash":"5defa774cb36609b44a4c0c93525e04ec17a1564","messageTitle":"Fix courts directory not generating and fix related documentation bugs","messageBody":"","fileTypesAndContributionMap":{"functional-code":{"insertions":16,"deletions":0},"docs":{"insertions":3,"deletions":1}}},{"hash":"003261799b3aff5a848356b93e8a9eac297a2065","messageTitle":"Fix test errors","messageBody":"","fileTypesAndContributionMap":{"functional-code":{"insertions":4,"deletions":2},"test-code":{"insertions":5,"deletions":3}}},{"hash":"2d6aa7b552d6dd05d716dfb9ffd00d1d495e1fdd","messageTitle":"Add additional clarification to example in User Guide","messageBody":"","fileTypesAndContributionMap":{"docs":{"insertions":1,"deletions":1}}}]},{"date":"2022-04-11","commitResults":[{"hash":"bb46050ee077edaf1434970b85390e47ca67487c","messageTitle":"Add Additional Instructions to UG","messageBody":"","fileTypesAndContributionMap":{"docs":{"insertions":9,"deletions":14}}},{"hash":"da08927bf0bef776bac197abedb53c97314d0628","messageTitle":"Add photo of labeled GUI","messageBody":"","fileTypesAndContributionMap":{"docs":{"insertions":5,"deletions":2}}},{"hash":"ad3b78a3fda42a8bc44d3e4a677bfc31c0a44829","messageTitle":"Delete leftover template PPP (johndoe.md)","messageBody":"","fileTypesAndContributionMap":{"docs":{"insertions":0,"deletions":46}}},{"hash":"ca95f963fb713dad2fcb8d4d3f07a2e119163ba6","messageTitle":"Modify personal PPP","messageBody":"","fileTypesAndContributionMap":{"docs":{"insertions":5,"deletions":2}}},{"hash":"de58f3117860f50296ccba8ac3cb78b0b6955d64","messageTitle":"Add implementation of Add Note functions, including sequence diagram","messageBody":"","fileTypesAndContributionMap":{"docs":{"insertions":97,"deletions":0}}},{"hash":"b7bbdc91413da0891bf574adee6c0de03a636132","messageTitle":"Add implementation of Delete Note functions, including sequence diagram","messageBody":"","fileTypesAndContributionMap":{"docs":{"insertions":101,"deletions":2}}},{"hash":"5d761d1ed9baf27b67734f2579d1043997f9a78f","messageTitle":"Add implementations of sort by note commands, including sequence diagram","messageBody":"","fileTypesAndContributionMap":{"docs":{"insertions":90,"deletions":7}}},{"hash":"06b69c50515f77e3b603d4f2a683a0aaba66388e","messageTitle":"Modify Sort by implementation in Developer Guide","messageBody":"","fileTypesAndContributionMap":{"docs":{"insertions":4,"deletions":4}}},{"hash":"c42d9b79df1131e1d1001e097a85eb861aae7613","messageTitle":"Add implementation of Load Court to User Guide, including sequence diag.","messageBody":"","fileTypesAndContributionMap":{"docs":{"insertions":82,"deletions":2}}},{"hash":"616878e7dc57687d79b4f38ccbb7f7da9d9166a3","messageTitle":"Modify individual PPP","messageBody":"","fileTypesAndContributionMap":{"docs":{"insertions":2,"deletions":2}}},{"hash":"102d580f19d5cc4f70af03cfb5c543e104e1f62e","messageTitle":"Add minor adjustments and change AB3 reference in website to Coack2K22","messageBody":"","fileTypesAndContributionMap":{"docs":{"insertions":17,"deletions":4}}},{"hash":"533f43e21570162cdb2b1c3a05bb4e1e42b706ba","messageTitle":"Modified PPP to keep with 2 page constraint","messageBody":"","fileTypesAndContributionMap":{"docs":{"insertions":5,"deletions":22}}},{"hash":"959a6b20a1619db5977b101a8d34061ead2017a8","messageTitle":"Modify PPP to lower number of lines","messageBody":"","fileTypesAndContributionMap":{"docs":{"insertions":2,"deletions":12}}},{"hash":"6bcdbff7cd8d654467c08f195589e82087bb0ea2","messageTitle":"Add use cases in Manual Testing Appendix","messageBody":"","fileTypesAndContributionMap":{"docs":{"insertions":78,"deletions":12}}},{"hash":"dd1fdb27f2358ca0d2570f99a63e8eae21767dbf","messageTitle":"Fix bug in Clear Task Command","messageBody":"","fileTypesAndContributionMap":{"functional-code":{"insertions":1,"deletions":1}}},{"hash":"34f0108ffbb4ebcc829d494c7e55cacf8100eb27","messageTitle":"Add more use cases for Clear-task in Manual Testing Appendix","messageBody":"","fileTypesAndContributionMap":{"docs":{"insertions":15,"deletions":18}}},{"hash":"cd22e1d9c61f5e1433ac8c3d1f962693fd99e359","messageTitle":"Add Sort strength/weakness use case in Manual Testing Appendix","messageBody":"","fileTypesAndContributionMap":{"docs":{"insertions":19,"deletions":5}}},{"hash":"fe56cb28f64887ae50ad9e8e2c5177deb631f5c5","messageTitle":"Add load-court function use cases in Manual Testing Appendix","messageBody":"","fileTypesAndContributionMap":{"docs":{"insertions":16,"deletions":1}}},{"hash":"321b0e36f348e2571b4c7911dd99d70a481bcab0","messageTitle":"Fix Coack2022 reference","messageBody":"","fileTypesAndContributionMap":{"functional-code":{"insertions":1,"deletions":1}}},{"hash":"434da430edfc3d2aef15b6110bcd2549cc4521b5","messageTitle":"Amend reference in PPP","messageBody":"","fileTypesAndContributionMap":{"docs":{"insertions":1,"deletions":1}}}]}],"Rye-Catcher":[{"date":"2022-02-18","commitResults":[{"hash":"079cfbe1409d2dfa16c9b953aa1361af83b23fde","messageTitle":"Update User stories and Non-Functional Requirements in `DeveloperGuide.md` for v1.1","messageBody":"","fileTypesAndContributionMap":{"docs":{"insertions":19,"deletions":13}}}]},{"date":"2022-02-27","commitResults":[{"hash":"9ad05f582d64de3abe7519805ac9509d50a93f59","messageTitle":"Update Xiaoteng\u0027s info in AboutUs page and add a personal skeletal PPP","messageBody":"","fileTypesAndContributionMap":{"docs":{"insertions":29,"deletions":6}}}]},{"date":"2022-03-02","commitResults":[{"hash":"0644614615bd734b58bd93b39c4b663f94557a38","messageTitle":"Revert \"Update AboutUs.md and add skeletal PPP for Pragya Jha\"","messageBody":"","fileTypesAndContributionMap":{"docs":{"insertions":14,"deletions":36}}}]},{"date":"2022-03-10","commitResults":[{"hash":"dbb899d29eedb338cea0ec9f871dd23f7ea9f159","messageTitle":"Add Note, AddNoteCommand and AddNoteCommandParser classes","messageBody":"","fileTypesAndContributionMap":{"functional-code":{"insertions":164,"deletions":0}}},{"hash":"e620b11b06c3fe6c13ee6464ddf420acc6c0bb2a","messageTitle":"Add integration for AddNoteCommand","messageBody":"","fileTypesAndContributionMap":{"functional-code":{"insertions":175,"deletions":20},"test-code":{"insertions":35,"deletions":15}}},{"hash":"f214351ba54e9f271e559c9f2dc2ec8278618144","messageTitle":"Amend AddNoteCommandParser to give the right error information","messageBody":"","fileTypesAndContributionMap":{"functional-code":{"insertions":1,"deletions":1}}},{"hash":"57cba2f313711d2e3372de8820a3ce8b04561706","messageTitle":"Fix checkStyle error","messageBody":"","fileTypesAndContributionMap":{"functional-code":{"insertions":7,"deletions":7},"test-code":{"insertions":14,"deletions":7}}}]},{"date":"2022-03-12","commitResults":[{"hash":"e59d579b3a4dd04f1850bc67a8eb61c61d315208","messageTitle":"Add length constraints to Note and fix related error messages","messageBody":"","fileTypesAndContributionMap":{"functional-code":{"insertions":7,"deletions":7}}},{"hash":"0aafbfa6ab4d82f1110745ac54ae9883e8f9c917","messageTitle":"Beautify the display of Note in personListCard","messageBody":"","fileTypesAndContributionMap":{"functional-code":{"insertions":1,"deletions":0}}},{"hash":"18a21bde77b6fa73c9899ee580d934eb53c254e9","messageTitle":"Fix the white blank area in full screen GUI","messageBody":"","fileTypesAndContributionMap":{"functional-code":{"insertions":1,"deletions":1}}}]},{"date":"2022-03-14","commitResults":[{"hash":"12c1a2031a8fb5494902e7e033e3f1cdc335cb86","messageTitle":"Update the display of Notes in error messages and GUI to an indexed way","messageBody":"","fileTypesAndContributionMap":{"functional-code":{"insertions":30,"deletions":7}}},{"hash":"7882e89b2c5a964ad87870dc0e84c84d31afe13d","messageTitle":"Add testing methods for AddNoteCommand","messageBody":"","fileTypesAndContributionMap":{"test-code":{"insertions":184,"deletions":0}}}]},{"date":"2022-03-15","commitResults":[{"hash":"b3af542e44d44e76ea56f5c5829346d4df4ac593","messageTitle":"Implement drag and move features in StrategyPanel","messageBody":"","fileTypesAndContributionMap":{"functional-code":{"insertions":99,"deletions":1}}},{"hash":"222b47da835ecbd03a1a46e23c47eb23aa4afa83","messageTitle":"Add credit to external code used in the UI controller of StrategyPanel","messageBody":"","fileTypesAndContributionMap":{"functional-code":{"insertions":2,"deletions":0}}}]},{"date":"2022-03-22","commitResults":[{"hash":"ebaefce05481d885f7527e0758866d1aa49ea58c","messageTitle":"Implements the feature to create a movable circle with certain text based on player names","messageBody":"","fileTypesAndContributionMap":{"functional-code":{"insertions":529,"deletions":32}}},{"hash":"8b246d07b49daabe9335348ded5e5b35f1e3c6f2","messageTitle":"Implements the feature to create circle whenever a new player is added","messageBody":"","fileTypesAndContributionMap":{"functional-code":{"insertions":21,"deletions":20}}},{"hash":"f9191439f4ead2eb2cd5dedce1f7b439962d693c","messageTitle":"Fix testing method and checkStyle","messageBody":"","fileTypesAndContributionMap":{"functional-code":{"insertions":5,"deletions":5},"test-code":{"insertions":147,"deletions":37}}},{"hash":"3f0eb8030762213a3823ea7b98dcdbf0aca3a2c7","messageTitle":"Implement delete player feature","messageBody":"","fileTypesAndContributionMap":{"functional-code":{"insertions":121,"deletions":10}}},{"hash":"7d7daaf7f11c014f341a1b965e78a2d20fced49c","messageTitle":"Fix minor error in DeletePlayerCommand","messageBody":"","fileTypesAndContributionMap":{"functional-code":{"insertions":1,"deletions":1}}}]},{"date":"2022-03-23","commitResults":[{"hash":"a62f7c768a3229e89b858e5525605fb07bc295df","messageTitle":"Update UG and DG to amend commands format for strategy board","messageBody":"","fileTypesAndContributionMap":{"docs":{"insertions":164,"deletions":14}}},{"hash":"80ecae038f7ccb602d513c99e60d1e0ed499f4c7","messageTitle":"Update DG to add user stories","messageBody":"","fileTypesAndContributionMap":{"docs":{"insertions":42,"deletions":1}}}]},{"date":"2022-03-24","commitResults":[{"hash":"aec654a484c89bd0144c2503afc1de2a91128dcf","messageTitle":"Fix errors in testing due to newly merged commits","messageBody":"","fileTypesAndContributionMap":{"test-code":{"insertions":13,"deletions":6}}}]},{"date":"2022-03-28","commitResults":[{"hash":"66c997b2cbb00eabdc7a34f2bfc103e465562fb8","messageTitle":"Resolve merge conflicts","messageBody":"","fileTypesAndContributionMap":{"functional-code":{"insertions":7,"deletions":4}}},{"hash":"082f14e06c1702a74f7a9be33d8ec960704800bd","messageTitle":"Fix checkStyle errors and testing errors.","messageBody":"","fileTypesAndContributionMap":{"functional-code":{"insertions":3,"deletions":4},"test-code":{"insertions":13,"deletions":6}}}]},{"date":"2022-03-29","commitResults":[{"hash":"93d88ba8823c488576c86ae81da03d76ffbeb1c8","messageTitle":"Implements move player feature","messageBody":"","fileTypesAndContributionMap":{"functional-code":{"insertions":320,"deletions":51},"test-code":{"insertions":11,"deletions":5}}},{"hash":"487ab264ab4d0dea9005738019ef47dda3202aa7","messageTitle":"Add exceptions for negative integers","messageBody":"","fileTypesAndContributionMap":{"functional-code":{"insertions":7,"deletions":2}}}]},{"date":"2022-03-30","commitResults":[{"hash":"3a1972cd2824323d04834456902f79913027cede","messageTitle":"Amend trailing white space error","messageBody":"","fileTypesAndContributionMap":{"functional-code":{"insertions":1,"deletions":1}}}]},{"date":"2022-04-02","commitResults":[{"hash":"b3f0b3b0b4245caf373b7311a0ae0eafc6708f38","messageTitle":"Fix the special character in player name bug","messageBody":"Add new constraints to player name and slightly change the parsing workflow of `AddPlayerCommand`.\n","fileTypesAndContributionMap":{"functional-code":{"insertions":45,"deletions":17}}},{"hash":"8e65e4344a06f7421a49a60e185909f0237bd274","messageTitle":"Update the player name constraints to 24 character long","messageBody":"","fileTypesAndContributionMap":{"functional-code":{"insertions":3,"deletions":3}}},{"hash":"2a733d98ad0c2144102178a73cb450369dd80b3f","messageTitle":"Update the UG to reflect the player name constraints","messageBody":"","fileTypesAndContributionMap":{"docs":{"insertions":15,"deletions":0}}},{"hash":"acf0756cff8eff0ea75e41891f93b375ab3bc2f9","messageTitle":"Fix a typo in UG","messageBody":"","fileTypesAndContributionMap":{"docs":{"insertions":1,"deletions":1}}}]},{"date":"2022-04-07","commitResults":[{"hash":"4c4685dce88bee656e68485515fc27ad3ab37df1","messageTitle":"Update xiaoteng\u0027s PPP","messageBody":"","fileTypesAndContributionMap":{"docs":{"insertions":25,"deletions":4}}}]},{"date":"2022-04-11","commitResults":[{"hash":"530046450258e194fea225f35504cefad0985cad","messageTitle":"Add signposting to command summary section in UG","messageBody":"","fileTypesAndContributionMap":{"docs":{"insertions":20,"deletions":2}}},{"hash":"b5ff5a294424b3b4c1432fc5f1b5402b7dd2a82e","messageTitle":"Modify Logic component section and add implementation details for strategy commands","messageBody":"","fileTypesAndContributionMap":{"docs":{"insertions":230,"deletions":24}}},{"hash":"977979fc7fafaa8ebf204a5198e3e5eca691e274","messageTitle":"Add use case for move player feature","messageBody":"","fileTypesAndContributionMap":{"docs":{"insertions":25,"deletions":0}}},{"hash":"d785319f50e37e35ae87f5a17aff86350ad9e10d","messageTitle":"Revert the player name limit to 50","messageBody":"","fileTypesAndContributionMap":{"functional-code":{"insertions":3,"deletions":3}}},{"hash":"34c8e5285658ffe5c1812d635c8422b807eb28e6","messageTitle":"Update move player feature to support relative positions","messageBody":"","fileTypesAndContributionMap":{"functional-code":{"insertions":24,"deletions":14}}},{"hash":"9b8ccc3e0267e816b6d02181352e699e0f86d589","messageTitle":"Fix checkStyle errors","messageBody":"","fileTypesAndContributionMap":{"functional-code":{"insertions":4,"deletions":4}}},{"hash":"a93985b0eb6d08a4a47a4431585d3eaeb57d631f","messageTitle":"Fix the position of move player","messageBody":"","fileTypesAndContributionMap":{"functional-code":{"insertions":4,"deletions":2}}},{"hash":"790e6d0ebd8dd9e0559adb583964f46a73efb6d7","messageTitle":"Resolve the bug that goes wrong when user name too long","messageBody":"","fileTypesAndContributionMap":{"functional-code":{"insertions":4,"deletions":5}}},{"hash":"43e30d573b839ed8a0ba30ac5e8c6e114b7d9a59","messageTitle":"Add testing cases for strategy board related classes","messageBody":"","fileTypesAndContributionMap":{"test-code":{"insertions":347,"deletions":0}}},{"hash":"f4ebd52fc167cd61d713c67f8a4eff820fcb5930","messageTitle":"Set up constraints for x, y coordinates in move command","messageBody":"","fileTypesAndContributionMap":{"functional-code":{"insertions":31,"deletions":8}}},{"hash":"6c94cb685722be5ea3dba012dc2722e81e873a81","messageTitle":"Fix a minor bug","messageBody":"","fileTypesAndContributionMap":{"functional-code":{"insertions":1,"deletions":1}}},{"hash":"d3a2957d002c7627dab1f15ebff8ca48b61afaa0","messageTitle":"Reflect the update in UG","messageBody":"","fileTypesAndContributionMap":{"docs":{"insertions":11,"deletions":1}}},{"hash":"0ab091af3d819e84c50cb3f4979b200916aad65d","messageTitle":"Add tutorial for move feature","messageBody":"","fileTypesAndContributionMap":{"docs":{"insertions":13,"deletions":1}}},{"hash":"efcf3fb87a36f8def08bce8c4006029b86a76671","messageTitle":"Re-push the test case adding","messageBody":"","fileTypesAndContributionMap":{"test-code":{"insertions":347,"deletions":0}}},{"hash":"efc9d3aa2d1df9d70a3b55a5262d87e64e7a8c08","messageTitle":"Fix a minor bug in UG move player section","messageBody":"","fileTypesAndContributionMap":{"docs":{"insertions":1,"deletions":1}}},{"hash":"aaeb18a38fe4330d9ebccd4cb0d55ee07322f1f8","messageTitle":"Update personal PPP","messageBody":"","fileTypesAndContributionMap":{"docs":{"insertions":7,"deletions":3}}},{"hash":"d2e4faf2fab9ef3ee947c7f25aa06566e0305422","messageTitle":"Fix reference link bug in DG","messageBody":"","fileTypesAndContributionMap":{"docs":{"insertions":4,"deletions":4}}}]}],"simjunheng":[{"date":"2022-02-23","commitResults":[{"hash":"e9978e3414bc35d94990411f611fa3e4eec0b036","messageTitle":"Update AboutUs page and add personal skeletal PPP","messageBody":"","fileTypesAndContributionMap":{"docs":{"insertions":28,"deletions":6}}},{"hash":"dd8b1bb50a8db5912ff55fde8e5d5504b2fb275e","messageTitle":"Amend markdown according to checkstyle","messageBody":"","fileTypesAndContributionMap":{"docs":{"insertions":2,"deletions":2}}},{"hash":"8382335e86e541f7ed25d12d5cd3a4e4e7919060","messageTitle":"Add new line ot comply with codecov check","messageBody":"","fileTypesAndContributionMap":{"docs":{"insertions":2,"deletions":1}}},{"hash":"f772e91e189b6851434834f664f1a31e09150934","messageTitle":"Amend markdown according to checkstyle","messageBody":"","fileTypesAndContributionMap":{"docs":{"insertions":0,"deletions":1}}},{"hash":"9b23bde459a0bfabd2f9dbc823d32409c87d0e35","messageTitle":"Add use case for filter feature in developer guide","messageBody":"","fileTypesAndContributionMap":{"docs":{"insertions":19,"deletions":0}}}]},{"date":"2022-03-02","commitResults":[{"hash":"5b1df018c857963c1f0a85f9bdd32f8858e7edf4","messageTitle":"Amend FindCommand to support find by tag","messageBody":"FindCommand is amended to extend the current functionality of the find command - allowing users to also find by tags.\n\nAdd TagContainsKeywordsPredicate and TagContainsKeywordsPredicateTest to support the extension of the current functionality. Amend the following classes: FindCommand, FindCommandParser to include the use of TagContainsKeywordPredicate. Amend other dependent classes to accommodate the amendments.\n","fileTypesAndContributionMap":{"functional-code":{"insertions":97,"deletions":17},"test-code":{"insertions":179,"deletions":43}}},{"hash":"df947944a9f99fc3aa24b324d36648bc52057745","messageTitle":"Amend UserGuide.md::find to reflect changes in FindCommand","messageBody":"","fileTypesAndContributionMap":{"docs":{"insertions":9,"deletions":7}}},{"hash":"edb88374d9dd6aca1fd81eb9539bfd36657a7215","messageTitle":"Amend use cases (find) in DeveloperGuide.md to reflect changes in FindCommand","messageBody":"","fileTypesAndContributionMap":{"docs":{"insertions":16,"deletions":4}}},{"hash":"4286633fabc002d5e976d1bafb773c38ced8a59c","messageTitle":"Resolve conflicts in UserGuide.md","messageBody":"","fileTypesAndContributionMap":{"docs":{"insertions":4,"deletions":1}}},{"hash":"cdffc647788b567e7dbd459b22c18a4ecbed9bb5","messageTitle":"Resolve conflicts from UserGuide.md","messageBody":"","fileTypesAndContributionMap":{"docs":{"insertions":1,"deletions":1}}},{"hash":"dba5472288869d74708f8a3f55d4fb7e2d7fda90","messageTitle":"Resolve conflicts in UserGuide.md","messageBody":"","fileTypesAndContributionMap":{"docs":{"insertions":3,"deletions":2}}},{"hash":"b1e229aabe730d1f07a9d5673357b2f119761d5a","messageTitle":"Resolve conflict in Developer.md","messageBody":"","fileTypesAndContributionMap":{"docs":{"insertions":93,"deletions":0}}}]},{"date":"2022-03-03","commitResults":[{"hash":"161295ecffe97d30cded6d4075db7b4ddea87348","messageTitle":"Add \"add person\" use case","messageBody":"","fileTypesAndContributionMap":{"docs":{"insertions":23,"deletions":0}}}]},{"date":"2022-03-04","commitResults":[{"hash":"5d1927ec070dac90c8fc28d10a3f05f332ede0c9","messageTitle":"Edit DeveloperGuide.md to fix formatting errors","messageBody":"","fileTypesAndContributionMap":{"docs":{"insertions":3,"deletions":3}}}]},{"date":"2022-03-08","commitResults":[{"hash":"911ad7f821f6ed26b9346ff174f91b42b45c5a10","messageTitle":"Add tab pane into GUI","messageBody":"","fileTypesAndContributionMap":{"functional-code":{"insertions":69,"deletions":16}}}]},{"date":"2022-03-09","commitResults":[{"hash":"bed8dea118a4f5aada0066caca0f08e37401a26f","messageTitle":"Add classes and tests relating to Task","messageBody":"","fileTypesAndContributionMap":{"functional-code":{"insertions":385,"deletions":0},"test-code":{"insertions":337,"deletions":0}}}]},{"date":"2022-03-10","commitResults":[{"hash":"e94ed9f9ae29641be78863238a2520912ea48575","messageTitle":"Amend Find use case in DG","messageBody":"","fileTypesAndContributionMap":{"docs":{"insertions":10,"deletions":4}}}]},{"date":"2022-03-11","commitResults":[{"hash":"9f2ec7ddc5357f5314404270dfb9fc8091af085a","messageTitle":"Refactor, edit and add model and storage classes to support upcoming task management commands and storage. Add test-cases for newly added classes and edit existing test-cases affected by the changes","messageBody":"","fileTypesAndContributionMap":{"functional-code":{"insertions":854,"deletions":96},"other":{"insertions":8,"deletions":7},"test-code":{"insertions":934,"deletions":183}}},{"hash":"1295838b378a0bd09f3467b0325026d9eeff8a08","messageTitle":"Change UG URL in help window and amend title of use guide.","messageBody":"","fileTypesAndContributionMap":{"functional-code":{"insertions":2,"deletions":2},"docs":{"insertions":2,"deletions":2}}}]},{"date":"2022-03-12","commitResults":[{"hash":"c48d9b2f6890e327267ed2d51fd01eb2fc419ff2","messageTitle":"Fix checkstyle errors","messageBody":"","fileTypesAndContributionMap":{"functional-code":{"insertions":4,"deletions":9},"test-code":{"insertions":3,"deletions":16}}}]},{"date":"2022-03-18","commitResults":[{"hash":"3dd954bde1207f59101e32c47fed76a9cad38035","messageTitle":"Change application name to Coach2K22","messageBody":"","fileTypesAndContributionMap":{"functional-code":{"insertions":4,"deletions":4}}}]},{"date":"2022-03-20","commitResults":[{"hash":"4c0eca684bc04eb6eb563a1b917f6ec81fcc0573","messageTitle":"Tag Persons to Task","messageBody":"","fileTypesAndContributionMap":{"functional-code":{"insertions":212,"deletions":20},"test-code":{"insertions":113,"deletions":209}}},{"hash":"65279a363f6928e23d5b2b179b5055798f38e663","messageTitle":"Fix checkstyle","messageBody":"","fileTypesAndContributionMap":{"functional-code":{"insertions":12,"deletions":6},"test-code":{"insertions":1,"deletions":6}}}]},{"date":"2022-03-21","commitResults":[{"hash":"4be78e2c87e63b1af892899adeb5aa810e80cd79","messageTitle":"Add task contraints, amend DeleteCommand and Editcommand to ensure that task reflects changes in person list","messageBody":"","fileTypesAndContributionMap":{"functional-code":{"insertions":420,"deletions":139},"test-code":{"insertions":311,"deletions":19}}},{"hash":"fc4a58644ac52f84f0a64f1e0c99150fe750ce97","messageTitle":"Fix checkstyle","messageBody":"","fileTypesAndContributionMap":{"test-code":{"insertions":19,"deletions":8}}},{"hash":"c763d658abca3ffaf567e0fe2ce61e717f046ed8","messageTitle":"Add ListTaskCommand, FindTaskCommand and relevant test cases","messageBody":"","fileTypesAndContributionMap":{"functional-code":{"insertions":178,"deletions":5},"other":{"insertions":5,"deletions":5},"test-code":{"insertions":306,"deletions":40}}},{"hash":"fedfa046b04b72575f5800129c9ec0fd693921c7","messageTitle":"Fix bugs in FindCommand and FindTaskCommand","messageBody":"Previous implementations are unable to detect invalid keywords after prefixes\n","fileTypesAndContributionMap":{"functional-code":{"insertions":20,"deletions":0}}},{"hash":"43a363d83c810ea256c5c2b9f6b4f7fc78e84b5c","messageTitle":"Enable assertions","messageBody":"","fileTypesAndContributionMap":{"other":{"insertions":4,"deletions":0}}}]},{"date":"2022-03-23","commitResults":[{"hash":"e409e7d768491f38ebccceba73870d4e552fe12d","messageTitle":"test","messageBody":"","fileTypesAndContributionMap":{"docs":{"insertions":6,"deletions":1}}},{"hash":"2ce77cb3d2184578f7e74b2334571a3cdcee74c0","messageTitle":"test","messageBody":"","fileTypesAndContributionMap":{"docs":{"insertions":7,"deletions":3}}},{"hash":"7f16afb81ac1136cfb0adef6fd8b647cfa9400a5","messageTitle":"Update user guide","messageBody":"","fileTypesAndContributionMap":{"docs":{"insertions":199,"deletions":61}}},{"hash":"bc79c1f09c860a99502537616e07eafcddf746f9","messageTitle":"Fix UG bugs","messageBody":"","fileTypesAndContributionMap":{"docs":{"insertions":33,"deletions":33}}},{"hash":"c023d5583a52ce731146aec8d71f567078f5df66","messageTitle":"Fix UG bug","messageBody":"","fileTypesAndContributionMap":{"docs":{"insertions":5,"deletions":1}}},{"hash":"de3cda48f9157621457160192249ed63da5c9d35","messageTitle":"Update UG header","messageBody":"","fileTypesAndContributionMap":{"docs":{"insertions":17,"deletions":8}}},{"hash":"10d19bdf6e0cff31130f320079057aa2feac1f34","messageTitle":"Fix remaining bugs","messageBody":"","fileTypesAndContributionMap":{"docs":{"insertions":4,"deletions":14}}},{"hash":"affccbab254c1e51963e1fc5d7f9f47b43547d92","messageTitle":"Update Developer Guide","messageBody":"","fileTypesAndContributionMap":{"docs":{"insertions":54,"deletions":21}}},{"hash":"bb1b681e3bddfc4c451f2a8014915b7be4abc8ae","messageTitle":"Fix errors","messageBody":"","fileTypesAndContributionMap":{"docs":{"insertions":3,"deletions":3}}},{"hash":"9fc29f4f59dba5796958fa4e69c8315d543533b5","messageTitle":"Fix repo error","messageBody":"","fileTypesAndContributionMap":{"functional-code":{"insertions":1,"deletions":1},"docs":{"insertions":13,"deletions":13}}},{"hash":"bce052d4199c53a8787afddca5248fdb66f1a397","messageTitle":"Add exit, help command under the general section in UG","messageBody":"","fileTypesAndContributionMap":{"docs":{"insertions":16,"deletions":1}}},{"hash":"1760b9639c05cb794dcab9a3c3b5f19a49aba41e","messageTitle":"Update command format to match UG","messageBody":"","fileTypesAndContributionMap":{"functional-code":{"insertions":10,"deletions":10},"test-code":{"insertions":1,"deletions":1}}},{"hash":"4cf55e87d6b542d8cad4463cd8d118d5d2acce0d","messageTitle":"Fix minor issue in UG","messageBody":"","fileTypesAndContributionMap":{"docs":{"insertions":8,"deletions":8}}},{"hash":"e207e06de1616e372b6c2686f1f94667177ce387","messageTitle":"Fix bugs in command summary (UG)","messageBody":"","fileTypesAndContributionMap":{"docs":{"insertions":29,"deletions":43}}},{"hash":"3c9d179308bc7dde051414280aa0afa4da5b434a","messageTitle":"Fix bugs in command summary v2","messageBody":"","fileTypesAndContributionMap":{"docs":{"insertions":2,"deletions":2}}},{"hash":"ff873f32978eeb9932f04227204d1f8389947330","messageTitle":"Fix command summary v3","messageBody":"","fileTypesAndContributionMap":{"docs":{"insertions":2,"deletions":1}}},{"hash":"7a8ec7a4ff4149044134c3fb75ccc7eccb175777","messageTitle":"Added FindPersonSequenceDiagram puml and png file","messageBody":"","fileTypesAndContributionMap":{"docs":{"insertions":66,"deletions":0}}}]},{"date":"2022-03-25","commitResults":[{"hash":"321a94bdd6529ad3682ef46989db13236cde6444","messageTitle":"Edit clear person command to support person tagging to tasks","messageBody":"","fileTypesAndContributionMap":{"functional-code":{"insertions":38,"deletions":0},"test-code":{"insertions":20,"deletions":1}}},{"hash":"cf613db66c191351651af687d20923c95c73a28e","messageTitle":"Add the get-person feature and its relevant test cases","messageBody":"","fileTypesAndContributionMap":{"functional-code":{"insertions":170,"deletions":7},"test-code":{"insertions":185,"deletions":18}}}]},{"date":"2022-03-27","commitResults":[{"hash":"b83911f2fef85c9047ccc135e22f3c8732b65d6d","messageTitle":"Implements ruler for strategy panel","messageBody":"","fileTypesAndContributionMap":{"functional-code":{"insertions":48,"deletions":1}}}]},{"date":"2022-03-29","commitResults":[{"hash":"dbdf45a365a93ff9c6edefc5131bc4a75789bd67","messageTitle":"Fix checkstyle","messageBody":"","fileTypesAndContributionMap":{"test-code":{"insertions":1,"deletions":1}}},{"hash":"af8febd037fe313492e81419bba9228027dbcb70","messageTitle":"Fix tag-add test error","messageBody":"","fileTypesAndContributionMap":{"test-code":{"insertions":4,"deletions":6}}},{"hash":"6f7f70cddb113b6e9845d16f1a0ff1324378686e","messageTitle":"Fix checkstyle error","messageBody":"","fileTypesAndContributionMap":{"test-code":{"insertions":6,"deletions":1}}},{"hash":"6c7f141f5525ba76466b8fab6cf451f7ea8fb85b","messageTitle":"Edit assert statement in clear command","messageBody":"","fileTypesAndContributionMap":{"functional-code":{"insertions":1,"deletions":1}}},{"hash":"bf61654f6713b5b4b113fb6663a351b078261141","messageTitle":"Amend grid in Strategy Panel","messageBody":"","fileTypesAndContributionMap":{"functional-code":{"insertions":16,"deletions":9}}},{"hash":"a563ebb23635158ce19a4e12c0680c75618bbd46","messageTitle":"Add event listener to adjust slider max value according to window size","messageBody":"","fileTypesAndContributionMap":{"functional-code":{"insertions":32,"deletions":7}}},{"hash":"b16abbf59abcf7a04108b6ac4e01fb5d5593684b","messageTitle":"Fix test errors","messageBody":"","fileTypesAndContributionMap":{"test-code":{"insertions":5,"deletions":5}}}]},{"date":"2022-03-31","commitResults":[{"hash":"3056b76f846e110512302b525c5dd8805d4f9455","messageTitle":"Add the following use cases into DG: find-t, get-person; Add the following commands into UG: get-person","messageBody":"","fileTypesAndContributionMap":{"docs":{"insertions":88,"deletions":16}}},{"hash":"e128460161c56705903feb97e9650ae7b7ed551c","messageTitle":"Fix bug in UG command summary","messageBody":"","fileTypesAndContributionMap":{"docs":{"insertions":11,"deletions":11}}},{"hash":"d4630d1411bd5dba3bb57755ecb9560a5ebc8225","messageTitle":"Add small amendments to move-player command in UG and remove the clear-player command","messageBody":"","fileTypesAndContributionMap":{"docs":{"insertions":3,"deletions":13}}},{"hash":"d3776c0716f4b5c3c4b50e3d0f880723bcf24cfd","messageTitle":"Edit numbering in UG","messageBody":"","fileTypesAndContributionMap":{"docs":{"insertions":2,"deletions":2}}}]},{"date":"2022-04-06","commitResults":[{"hash":"9d9e29d9e7da72bc261a7c19351b4a6bde497c09","messageTitle":"Fix Documentation Bugs in UG","messageBody":"","fileTypesAndContributionMap":{"docs":{"insertions":59,"deletions":33}}},{"hash":"b4b577051808f30ec488e6c5c5529ef27465cfdb","messageTitle":"Fix broken hyperlink to features section","messageBody":"","fileTypesAndContributionMap":{"docs":{"insertions":1,"deletions":1}}},{"hash":"7760a844e96daa7c077fe2239be3b9bf218d2097","messageTitle":"Fix documentation bugs","messageBody":"","fileTypesAndContributionMap":{"docs":{"insertions":1,"deletions":1}}},{"hash":"18d4ce474b4b9b87805520a6122e84edf4893789","messageTitle":"Fix documentation bugs","messageBody":"","fileTypesAndContributionMap":{"docs":{"insertions":1,"deletions":1}}},{"hash":"a7684c17ef395b489dbf2687e5ad7fdbf3710aa6","messageTitle":"Add \"About the User Guide\" section into UG","messageBody":"","fileTypesAndContributionMap":{"docs":{"insertions":108,"deletions":78}}},{"hash":"fcae4c9fb5037aeb08f5421771cdcc8af08f9279","messageTitle":"Fix UG bugs","messageBody":"","fileTypesAndContributionMap":{"docs":{"insertions":12,"deletions":0}}},{"hash":"5c8f9d3baf7b52eb8d86f7651e77bafbe916a0ad","messageTitle":"Update personal PPP","messageBody":"","fileTypesAndContributionMap":{"docs":{"insertions":25,"deletions":6}}},{"hash":"203ecd2decf4a39edd09bdc223f418114fd84bb8","messageTitle":"Fix incorrect error message","messageBody":"","fileTypesAndContributionMap":{"functional-code":{"insertions":35,"deletions":5}}}]},{"date":"2022-04-08","commitResults":[{"hash":"bb71ea98b3c6060c803551037281fca2f1805a34","messageTitle":"Add AddPerson, EditPerson, DeletePerson, ClearPerson, DeleteTask, EditTask, FindTask, GetPerson in implementation section","messageBody":"","fileTypesAndContributionMap":{"docs":{"insertions":861,"deletions":178}}},{"hash":"71d60ae9e219a4f524c4fe6c248c53bd17bc0f0c","messageTitle":"Fix sectio  numbering errors","messageBody":"","fileTypesAndContributionMap":{"docs":{"insertions":1,"deletions":1}}},{"hash":"dbadd1dec5719fdcbe2298d9a910d0ff5ed668c3","messageTitle":"Shift commands into package and rename person commands","messageBody":"","fileTypesAndContributionMap":{"functional-code":{"insertions":4,"deletions":4},"other":{"insertions":595,"deletions":461},"test-code":{"insertions":7,"deletions":7}}},{"hash":"9f8da925df09027df3717c7af677e44a8451a784","messageTitle":"Edit build.gradle to ensure that jar file is Coach2K22","messageBody":"","fileTypesAndContributionMap":{"other":{"insertions":1,"deletions":1}}}]},{"date":"2022-04-11","commitResults":[{"hash":"8746095222225bf13d343ec8d72ae1c798b6f80c","messageTitle":"Add Appendix: Instruction for Manual Testing into Developer Guide","messageBody":"","fileTypesAndContributionMap":{"docs":{"insertions":121,"deletions":22}}},{"hash":"cf69d800051e826ae55dcf6c4e1c6c367613f90f","messageTitle":"Add Appendix Effort in Developer Guide","messageBody":"","fileTypesAndContributionMap":{"docs":{"insertions":12,"deletions":0}}},{"hash":"81e09730f7a881fa14eadc61ce46a00b602891a5","messageTitle":"Edit grid-pane","messageBody":"","fileTypesAndContributionMap":{"functional-code":{"insertions":2,"deletions":22}}},{"hash":"9335453ba86b55641d205b2553dbe60e96e1001e","messageTitle":"Fix Checkstyle","messageBody":"","fileTypesAndContributionMap":{"functional-code":{"insertions":0,"deletions":2}}},{"hash":"2e00d1180f23065f84b0e1e31df7354aa4143521","messageTitle":"Edited Effort section in Developer Guide","messageBody":"","fileTypesAndContributionMap":{"docs":{"insertions":3,"deletions":2}}},{"hash":"0b21b187c978e39c2bdcd96f83998b265fad26d9","messageTitle":"Fix Checkstyle","messageBody":"","fileTypesAndContributionMap":{"docs":{"insertions":1,"deletions":2}}},{"hash":"d4bfbc3bcd9af3a9adcd5e6726cd790c656dab20","messageTitle":"Fix checkstyle","messageBody":"","fileTypesAndContributionMap":{"docs":{"insertions":2,"deletions":1}}},{"hash":"1f7ed194675b8bceee627dd64da147711e13eb11","messageTitle":"Fix Checkstyle","messageBody":"","fileTypesAndContributionMap":{"docs":{"insertions":36,"deletions":41}}},{"hash":"105caf9d63fc71897c43ddf14f7ec9c35b7b4fa9","messageTitle":"Update PPP","messageBody":"","fileTypesAndContributionMap":{"docs":{"insertions":9,"deletions":1}}},{"hash":"c568a301bd7bb9ea4b82abea0d02a743e302500c","messageTitle":"Revert \"Add testing cases for strategy board related classes\"","messageBody":"","fileTypesAndContributionMap":{"test-code":{"insertions":0,"deletions":347}}},{"hash":"4a15aa589dbdf028da8c8a6f74fffe38df6fc160","messageTitle":"Insert page breaks for UG","messageBody":"","fileTypesAndContributionMap":{"docs":{"insertions":5,"deletions":1}}},{"hash":"3b705b316062f942fc5b44a98f2db0a29a8551cb","messageTitle":"Add page break","messageBody":"","fileTypesAndContributionMap":{"docs":{"insertions":1,"deletions":5}}},{"hash":"e22667e2cb6eaec80634696b2ea9292e3c361996","messageTitle":"Test","messageBody":"","fileTypesAndContributionMap":{"docs":{"insertions":1,"deletions":1}}},{"hash":"e5feaad98dd26b8962f8296419d769e9b01a6829","messageTitle":"Add page break 1","messageBody":"","fileTypesAndContributionMap":{"docs":{"insertions":4,"deletions":1}}},{"hash":"771e4d7327685f54ead653c6e1a252240356aec0","messageTitle":"Fix spacing","messageBody":"","fileTypesAndContributionMap":{"docs":{"insertions":0,"deletions":1}}},{"hash":"4ad48decc4f3b025a409813d1252d5557fe823f4","messageTitle":"Add page break","messageBody":"","fileTypesAndContributionMap":{"docs":{"insertions":6,"deletions":7}}},{"hash":"71fff016f9e7fb4f108637de9356f9ab73dc269b","messageTitle":"Add second page break","messageBody":"","fileTypesAndContributionMap":{"docs":{"insertions":2,"deletions":0}}},{"hash":"a4fd1afb493496ee827085be85e45f9fd41343b1","messageTitle":"Add page break 3","messageBody":"","fileTypesAndContributionMap":{"docs":{"insertions":1,"deletions":0}}},{"hash":"49ea2cf018625e4699fbf6b7986b42d4df9e5f7f","messageTitle":"Add page break 5","messageBody":"","fileTypesAndContributionMap":{"docs":{"insertions":3,"deletions":0}}},{"hash":"14e00c3ef57d0ce02199bb694fb9bd700f6f6180","messageTitle":"Add page break 6","messageBody":"","fileTypesAndContributionMap":{"docs":{"insertions":8,"deletions":1}}},{"hash":"1146c587a0ed97666c39fba606def30b5da23cf5","messageTitle":"Fix UG errors","messageBody":"","fileTypesAndContributionMap":{"docs":{"insertions":1,"deletions":1}}},{"hash":"d30a99a4e1070d19bcd4ae50b44a4cea124c87ca","messageTitle":"Add page break 7","messageBody":"","fileTypesAndContributionMap":{"docs":{"insertions":2,"deletions":0}}},{"hash":"d7082d44a8031441da9c818d8d125ed2853be5ec","messageTitle":"Add page break 7","messageBody":"","fileTypesAndContributionMap":{"docs":{"insertions":4,"deletions":1}}},{"hash":"2f096d5e059ffc650947f4c1dc4db6ee4d86868a","messageTitle":"add page break 9","messageBody":"","fileTypesAndContributionMap":{"docs":{"insertions":2,"deletions":0}}},{"hash":"ee4fcd035b217b72a6e3ddd66e097612fe590a31","messageTitle":"Add page break 10","messageBody":"","fileTypesAndContributionMap":{"docs":{"insertions":2,"deletions":0}}},{"hash":"25128c63442ce1826cf439327cf85ef8ccbad919","messageTitle":"Add final page break","messageBody":"","fileTypesAndContributionMap":{"docs":{"insertions":5,"deletions":1}}}]}],"juayhee":[{"date":"2022-02-25","commitResults":[{"hash":"dd764e416558f3a60171988539130422fdd92e36","messageTitle":"Update AboutUs.md","messageBody":"","fileTypesAndContributionMap":{"docs":{"insertions":5,"deletions":4}}},{"hash":"3c59baa70649f4cbb3269e14a3b7f40b7c50a735","messageTitle":"Update portfolio","messageBody":"","fileTypesAndContributionMap":{"docs":{"insertions":22,"deletions":1}}},{"hash":"e4dd8edf85e3b1eaaf3bf5d21d25ae50915d58da","messageTitle":"Update README","messageBody":"* Update content\n* Update build status badge link\n","fileTypesAndContributionMap":{"docs":{"insertions":8,"deletions":10}}},{"hash":"0092e548b3529bc0ce44ac4da2a023403c3dcaf6","messageTitle":"Add newline","messageBody":"","fileTypesAndContributionMap":{"docs":{"insertions":2,"deletions":1}}},{"hash":"9e9729694c3a2d536d31b8543d24ff99681f29cc","messageTitle":"Update README","messageBody":"* Add features list\n","fileTypesAndContributionMap":{"docs":{"insertions":18,"deletions":1}}},{"hash":"bd27cd5de8c0cd95ab0e77e5393a687247166b03","messageTitle":"Update README","messageBody":"","fileTypesAndContributionMap":{"docs":{"insertions":0,"deletions":2}}}]},{"date":"2022-02-28","commitResults":[{"hash":"a3ddc830cc669c4aa566afe57e5a9cbf5fd83d7a","messageTitle":"Update AboutUs filepath for Juay Hee\u0027s picture","messageBody":"","fileTypesAndContributionMap":{"docs":{"insertions":1,"deletions":1}}}]},{"date":"2022-03-03","commitResults":[{"hash":"be8da531b427bdb8fc7d992065efdc040323a7af","messageTitle":"Update DeveloperGuide.md with use case: add a tag to a person","messageBody":"","fileTypesAndContributionMap":{"docs":{"insertions":33,"deletions":0}}},{"hash":"82b264813f37300a7c963565432fd59a3fa7976e","messageTitle":"Formatting","messageBody":"","fileTypesAndContributionMap":{"docs":{"insertions":1,"deletions":0}}},{"hash":"b4579e08f3d1ee8288e060d5f9d61fa3d82fb50d","messageTitle":"Update use case: add tag to a person","messageBody":"","fileTypesAndContributionMap":{"docs":{"insertions":0,"deletions":16}}},{"hash":"08cf60ecde86bbadb63034c3a265414c51197d7f","messageTitle":"Fix numbering and wording","messageBody":"","fileTypesAndContributionMap":{"docs":{"insertions":2,"deletions":2}}}]},{"date":"2022-03-14","commitResults":[{"hash":"a31552099325c2454a92543000801d728866fc4b","messageTitle":"Add AddTagCommand.java to command list (implements Command)","messageBody":"","fileTypesAndContributionMap":{"functional-code":{"insertions":12,"deletions":0}}},{"hash":"e32749d37681e5cf21977e02bb50a6a53a0d1eaa","messageTitle":"Add AddTagCommand case","messageBody":"","fileTypesAndContributionMap":{"functional-code":{"insertions":4,"deletions":10}}},{"hash":"0cb15d13efb4799d215b93b616300609ba1ddaba","messageTitle":"Add AddTagCommandParser to take over handling of inputs in AddressBookParser","messageBody":"","fileTypesAndContributionMap":{"functional-code":{"insertions":63,"deletions":1}}},{"hash":"2064e3881a0d0d95cdfb137e4225bcd2ee18463a","messageTitle":"Implement tag-add command","messageBody":"","fileTypesAndContributionMap":{"functional-code":{"insertions":73,"deletions":5}}},{"hash":"f73cbc7ee0a531d5eb6621defa42a5c5e723576e","messageTitle":"Add duplicate tag exception handling","messageBody":"","fileTypesAndContributionMap":{"functional-code":{"insertions":7,"deletions":1}}},{"hash":"dffc1e4d96a5ce6f33e9e6d64ef1cc092db60081","messageTitle":"Implement tag-del","messageBody":"","fileTypesAndContributionMap":{"functional-code":{"insertions":153,"deletions":4}}},{"hash":"0640a255cc12822ffda3c61f8c702cb1caf29570","messageTitle":"Fix checkstyle","messageBody":"","fileTypesAndContributionMap":{"functional-code":{"insertions":13,"deletions":1}}},{"hash":"9a7815930967f2671f876f6fc9d7d4ba03a153b8","messageTitle":"Fix import checkstyle","messageBody":"","fileTypesAndContributionMap":{"functional-code":{"insertions":12,"deletions":1}}}]},{"date":"2022-03-15","commitResults":[{"hash":"43f2d2f4155853489b374ab4922a35c704295237","messageTitle":"Fix import checkstyle","messageBody":"","fileTypesAndContributionMap":{"functional-code":{"insertions":25,"deletions":24}}},{"hash":"aaf9638b08f72b1da714283b76fd59d9fb522ed8","messageTitle":"Fix checkstyle and conflicts with origin/master","messageBody":"","fileTypesAndContributionMap":{"functional-code":{"insertions":26,"deletions":26}}}]},{"date":"2022-03-17","commitResults":[{"hash":"7153064977c4b5356502d17106e10d0ff473fb5a","messageTitle":"Add test class for AddTagCommand","messageBody":"","fileTypesAndContributionMap":{"test-code":{"insertions":61,"deletions":0}}},{"hash":"ab0b35cfbaa7152cee0f8458782d534cf32074f0","messageTitle":"Fix checkstyle","messageBody":"","fileTypesAndContributionMap":{"test-code":{"insertions":3,"deletions":6}}},{"hash":"0530acac1054b4d462ddb989a496199d704be056","messageTitle":"AddTagCommand: Add test for out of bounds index","messageBody":"","fileTypesAndContributionMap":{"functional-code":{"insertions":1,"deletions":0},"test-code":{"insertions":17,"deletions":1}}},{"hash":"3fa34c8d2d2c62e8d2e7efc9b66baf01c946c294","messageTitle":"Fix import checkstyle","messageBody":"","fileTypesAndContributionMap":{"test-code":{"insertions":3,"deletions":1}}},{"hash":"7dbd52cb6fb38e199d13302b054cd52d5a989a62","messageTitle":"AddTagCommandTest.java: Add simple equals test","messageBody":"","fileTypesAndContributionMap":{"functional-code":{"insertions":3,"deletions":11},"test-code":{"insertions":11,"deletions":0}}},{"hash":"60a67d87c4d4318d2c96151d8142afde6137d09e","messageTitle":"AddTagCommandTest.java: Delete unused imports","messageBody":"","fileTypesAndContributionMap":{"test-code":{"insertions":0,"deletions":2}}},{"hash":"db25939901d805717f2c7eb8912c7f7d7c90d0db","messageTitle":"Add tests for AddTagCommandParser","messageBody":"","fileTypesAndContributionMap":{"functional-code":{"insertions":9,"deletions":4},"test-code":{"insertions":34,"deletions":1}}},{"hash":"e60f6e2d1e04f07b82f3947b92d12b60e9eecef6","messageTitle":"Add DeleteTagCommandTest.java","messageBody":"","fileTypesAndContributionMap":{"functional-code":{"insertions":4,"deletions":10},"test-code":{"insertions":85,"deletions":0}}},{"hash":"d47baa6b1b05f78ddf4c4988c69583cc3236aab1","messageTitle":"Add DeleteTagCommandParserTest.java","messageBody":"","fileTypesAndContributionMap":{"test-code":{"insertions":32,"deletions":0}}},{"hash":"039f333ba2bb84409b8654f5aed1f27bfa1b899d","messageTitle":"Fix checkstyle","messageBody":"","fileTypesAndContributionMap":{"test-code":{"insertions":13,"deletions":14}}}]},{"date":"2022-03-24","commitResults":[{"hash":"168f82ae530b78bc33a1f538f0cefb03bad2389d","messageTitle":"Add sequence diagram for adding tags","messageBody":"","fileTypesAndContributionMap":{"docs":{"insertions":69,"deletions":0}}},{"hash":"770f1a1339fb5edf9f84413a2a12433fd6e5f987","messageTitle":"Update DG","messageBody":"","fileTypesAndContributionMap":{"docs":{"insertions":32,"deletions":0}}},{"hash":"00acddfe1fb8a969cd9f92d4b8c997b847439690","messageTitle":"Update UG","messageBody":"","fileTypesAndContributionMap":{"docs":{"insertions":30,"deletions":12}}},{"hash":"b44bf1cf1b4ad776866e6749d09572e186a09cbc","messageTitle":"Update DG with user stories for add-tag-t","messageBody":"","fileTypesAndContributionMap":{"docs":{"insertions":37,"deletions":2}}},{"hash":"effbebc66cadc5d68dd035d3659a165747500457","messageTitle":"Update formatting","messageBody":"","fileTypesAndContributionMap":{"docs":{"insertions":1,"deletions":1}}}]},{"date":"2022-03-26","commitResults":[{"hash":"c23c25c6eeb1d7fbaeb1a8ae8719415737843042","messageTitle":"Change functionality of AddTagCommand to not require the tag qualifier t/ in order to add tags","messageBody":"A tag can now be added like the following example:\ntag-add-p 1 friend\n\n(Instead of tag-add-p 1 t/friend)\n","fileTypesAndContributionMap":{"functional-code":{"insertions":20,"deletions":12}}},{"hash":"264f908ebf1b5636ef7869da3ea068bc01855a2f","messageTitle":"Add exception handling for when tags are not alphanumeric","messageBody":"","fileTypesAndContributionMap":{"functional-code":{"insertions":7,"deletions":2}}},{"hash":"5658461d0f1666be6a00186a9e1ae755724f75a4","messageTitle":"Update tests, fix checkstyle","messageBody":"","fileTypesAndContributionMap":{"functional-code":{"insertions":7,"deletions":3},"test-code":{"insertions":2,"deletions":4}}},{"hash":"ef2e87de86057765e28958f98d223787b500f174","messageTitle":"Change functionality for DeleteTagCommand to not require tag qualifier t/","messageBody":"","fileTypesAndContributionMap":{"functional-code":{"insertions":23,"deletions":11},"test-code":{"insertions":2,"deletions":4}}}]},{"date":"2022-03-27","commitResults":[{"hash":"4b2d7e350a07b69eedb5cc4ad9549e4ec59206dd","messageTitle":"Update with syntax fixes","messageBody":"","fileTypesAndContributionMap":{"docs":{"insertions":10,"deletions":2}}},{"hash":"1c6ff8d3d795bfd58666aa37be9c57dbca12c7d0","messageTitle":"Update syntax","messageBody":"","fileTypesAndContributionMap":{"docs":{"insertions":1,"deletions":1}}},{"hash":"797005d683315826eaad9ef83a1b5b89e23c80e3","messageTitle":"Update syntax","messageBody":"","fileTypesAndContributionMap":{"docs":{"insertions":2,"deletions":2}}},{"hash":"ff818456ba4445e1b5af69c305d90ffc3983def3","messageTitle":"Add classes for implementation of adding a tag to a task","messageBody":"","fileTypesAndContributionMap":{"functional-code":{"insertions":28,"deletions":0}}},{"hash":"70d6f1a599b7f3321c49de610bf0885d09add787","messageTitle":"Add classes for implementation of adding tags to tasks","messageBody":"","fileTypesAndContributionMap":{"functional-code":{"insertions":65,"deletions":4}}},{"hash":"e446a65478d625eaa42c2b1e4d36dd72854eca8e","messageTitle":"Add case for AddTagToTaskCommand","messageBody":"","fileTypesAndContributionMap":{"functional-code":{"insertions":5,"deletions":0}}},{"hash":"301c0326559256fc5e08e8e50fc54849c4331476","messageTitle":"Implement part of AddTagToTaskCommand","messageBody":"","fileTypesAndContributionMap":{"functional-code":{"insertions":46,"deletions":2}}},{"hash":"774da6d8be45d87a4219e511c4475400f30cefc3","messageTitle":"Implement AddTagToTaskCommand","messageBody":"","fileTypesAndContributionMap":{"functional-code":{"insertions":39,"deletions":4}}},{"hash":"8ccaa6539930e918c537216916b882d08a730b4f","messageTitle":"Fix checkstyle","messageBody":"","fileTypesAndContributionMap":{"functional-code":{"insertions":8,"deletions":5},"other":{"insertions":4,"deletions":7}}},{"hash":"2a856efdbd0f433298643c430060e31ef7ab649c","messageTitle":"Add test class for AddTagToTaskCommand","messageBody":"","fileTypesAndContributionMap":{"test-code":{"insertions":85,"deletions":0}}},{"hash":"3ec472d0cf42599de4b135b8a2b22aad4a0a6e20","messageTitle":"Add tests for AddTagToTaskCommand","messageBody":"","fileTypesAndContributionMap":{"functional-code":{"insertions":1,"deletions":0},"test-code":{"insertions":28,"deletions":18}}},{"hash":"5cda4a09a2c13094176c7bd31adf66588b94113c","messageTitle":"Update TypicalTasks to feature different task names so that Model#showTaskAtIndex only displays one task from the typical task book","messageBody":"","fileTypesAndContributionMap":{"test-code":{"insertions":1,"deletions":1}}},{"hash":"c98015c729403211f57c5bf559eded3837c710d1","messageTitle":"Add tests for AddTagTotaskCommandParser","messageBody":"","fileTypesAndContributionMap":{"test-code":{"insertions":31,"deletions":0}}},{"hash":"71b0f53e3864f8396024889ea4739f92d8098daf","messageTitle":"Update tests","messageBody":"","fileTypesAndContributionMap":{"test-code":{"insertions":0,"deletions":7}}},{"hash":"eb2e6fd5836c988cde7045f49567994d8327d785","messageTitle":"Update task title in typicalTasksTaskBook.json","messageBody":"","fileTypesAndContributionMap":{"test-code":{"insertions":2,"deletions":3}}},{"hash":"e8c8943f8a582dc44c5aa389ff0e2b1a3c52a556","messageTitle":"Update method name to more accurately reflect what it does","messageBody":"","fileTypesAndContributionMap":{"test-code":{"insertions":7,"deletions":7}}},{"hash":"61cc93e3924eb0df473592ddd81474c27b164599","messageTitle":"Resolve merge conflict","messageBody":"","fileTypesAndContributionMap":{"docs":{"insertions":36,"deletions":0}}}]},{"date":"2022-03-28","commitResults":[{"hash":"1dd7202aa3ee0a80af27b825e7147317e9fc3baf","messageTitle":"Update syntax","messageBody":"","fileTypesAndContributionMap":{"docs":{"insertions":11,"deletions":11}}}]},{"date":"2022-03-29","commitResults":[{"hash":"8be5b6b0f84d85ceec48a252c3ade0729cc3cc53","messageTitle":"Add parser class for sorting tasks by date","messageBody":"","fileTypesAndContributionMap":{"functional-code":{"insertions":66,"deletions":0}}},{"hash":"00cf58e27f8aaeb14f281a3919d6b10438e83982","messageTitle":"Make Date class comparable","messageBody":"","fileTypesAndContributionMap":{"functional-code":{"insertions":9,"deletions":1}}},{"hash":"27d43bdb0d01d289c0d6af05f93f51bc70e908dd","messageTitle":"Add SortTaskByDateCommand class","messageBody":"","fileTypesAndContributionMap":{"functional-code":{"insertions":53,"deletions":2}}},{"hash":"d2aea908dd745695589971c63e18a05269e958df","messageTitle":"Convert to stub class","messageBody":"","fileTypesAndContributionMap":{"functional-code":{"insertions":2,"deletions":16}}},{"hash":"f978d2a9470e98b186a37168cc0f1d45bd14c9fd","messageTitle":"Implement SortTaskByDateParser","messageBody":"","fileTypesAndContributionMap":{"other":{"insertions":5,"deletions":15}}},{"hash":"3d4cb560d45ff34a6cb5d0c33326143091dc0e30","messageTitle":"Implement SortTaskByDateCommand#execute","messageBody":"","fileTypesAndContributionMap":{"functional-code":{"insertions":52,"deletions":2}}},{"hash":"951b3a6968c061f0a3aa2f1cfdc9b42ca7d0552d","messageTitle":"Update AddressBookParser.java with SortTaskByDateCommand","messageBody":"","fileTypesAndContributionMap":{"functional-code":{"insertions":4,"deletions":0}}},{"hash":"7f02e09bf19a8a8c28209e53d754c4b52a2139a5","messageTitle":"Implement SortTaskByDateCommand","messageBody":"*Implementation details*\n-The class Task is now implements Comparable, so that SortTaskByDateCommand#execute may utilise Collections.sort(List\u003cT\u003e, Comparator\u003cT\u003e) to sort the task list.\n- The TaskBook of the active model is replaced by a new, blank TaskBook. The sorted task list is then set onto the new TaskBook, using TaskBook#setTasks\n","fileTypesAndContributionMap":{"functional-code":{"insertions":44,"deletions":31}}},{"hash":"007c75b6ff0cdf8e1dc8a88a68888dfa7b9fdb32","messageTitle":"Fix checkstyle","messageBody":"","fileTypesAndContributionMap":{"functional-code":{"insertions":4,"deletions":24}}},{"hash":"b1b64623b98d94b41fd7fb4d0cf224aa28a84137","messageTitle":"Fix checkstyle","messageBody":"","fileTypesAndContributionMap":{"functional-code":{"insertions":18,"deletions":3}}},{"hash":"aa88005b3884288921df88dae771cc1fe3091a17","messageTitle":"Add DeleteTagFromTaskCommandParser","messageBody":"","fileTypesAndContributionMap":{"functional-code":{"insertions":55,"deletions":0}}},{"hash":"2d8c20caa35b99bb60fc245b8b0725ab61e23aa9","messageTitle":"Implement delete tag from task command","messageBody":"","fileTypesAndContributionMap":{"functional-code":{"insertions":130,"deletions":3}}},{"hash":"b8d103b937b24fa65712d864980c3eb0701c31a9","messageTitle":"Fix checkstyle","messageBody":"","fileTypesAndContributionMap":{"functional-code":{"insertions":2,"deletions":2}}},{"hash":"5c04112633b8e79a3c4dcc8015c3440daf8cdc0e","messageTitle":"Delete unnecessary class","messageBody":"","fileTypesAndContributionMap":{"functional-code":{"insertions":1,"deletions":47}}}]},{"date":"2022-03-31","commitResults":[{"hash":"4be198704baf6d73a767bbe6b58854747b12e3d0","messageTitle":"Update UG with sort task by date details","messageBody":"","fileTypesAndContributionMap":{"docs":{"insertions":33,"deletions":25}}},{"hash":"99f2878740e5d123da79b2f28ba48d383ea115a4","messageTitle":"Update DG with sort tasks by date command","messageBody":"","fileTypesAndContributionMap":{"docs":{"insertions":7,"deletions":0}}},{"hash":"8d3ee9fcf2dd513a35ca3538e690073a25e1722d","messageTitle":"Add DeleteTagFromTaskCommand.java","messageBody":"","fileTypesAndContributionMap":{"test-code":{"insertions":92,"deletions":0}}},{"hash":"59803f50fdc99e1adc2b599af97508e73d9f9b3a","messageTitle":"Add test for DeleteTagFromTaskCommandParser","messageBody":"","fileTypesAndContributionMap":{"test-code":{"insertions":31,"deletions":0}}},{"hash":"8aa7fc1e8c145ec4e308e1a879505cf24c17ad30","messageTitle":"Add tests for SortTaskByDateCommand","messageBody":"","fileTypesAndContributionMap":{"test-code":{"insertions":103,"deletions":0}}},{"hash":"db6a784ded5a7b7b2530979a5f813b51971883f9","messageTitle":"Fix checkstyle","messageBody":"","fileTypesAndContributionMap":{"test-code":{"insertions":0,"deletions":11}}},{"hash":"2edebf21a27a53365563d07662f54672d4582e33","messageTitle":"Fix checkstyle","messageBody":"","fileTypesAndContributionMap":{"test-code":{"insertions":2,"deletions":2}}},{"hash":"be89901124c4aca72a968be78b162becf13915b0","messageTitle":"Add tests","messageBody":"","fileTypesAndContributionMap":{"functional-code":{"insertions":2,"deletions":1},"test-code":{"insertions":27,"deletions":2}}}]},{"date":"2022-04-01","commitResults":[{"hash":"97d9665b234cf6a25bdec015022738077785e96f","messageTitle":"Update docs/DeveloperGuide.md","messageBody":"Co-authored-by: AAlghrairy \u003c77106335+AAlghrairy@users.noreply.github.com\u003e","fileTypesAndContributionMap":{"docs":{"insertions":1,"deletions":1}}}]},{"date":"2022-04-06","commitResults":[{"hash":"c41af106636ea688dbfaf007f94db4eab94a1739","messageTitle":"Fix sort-date replacing all existing task date NOT current in the filtered view","messageBody":"","fileTypesAndContributionMap":{"functional-code":{"insertions":7,"deletions":2}}},{"hash":"0e77dbb4119370ce82ceaa802f7ca412f022b1fd","messageTitle":"Remove unnecessary lines of code","messageBody":"","fileTypesAndContributionMap":{"functional-code":{"insertions":1,"deletions":21}}},{"hash":"0fccf372cd3ed5b667bb460a216318d3ce8feb79","messageTitle":"Fix unintended behaviour. sort-date now also retains the previous view generated by any filtering commands like find","messageBody":"","fileTypesAndContributionMap":{"functional-code":{"insertions":7,"deletions":7}}}]},{"date":"2022-04-07","commitResults":[{"hash":"ea14040c498f6413baa3dd063878af8da9771f28","messageTitle":"Fix checkstyle","messageBody":"","fileTypesAndContributionMap":{"test-code":{"insertions":3,"deletions":3}}},{"hash":"e079b177cc7d9ebb561f5f72751f8375d6c8082e","messageTitle":"Fix checkstyle","messageBody":"","fileTypesAndContributionMap":{"functional-code":{"insertions":1,"deletions":2}}}]},{"date":"2022-04-08","commitResults":[{"hash":"c85308740ec1ed905899e5931c1a65a223a8ba46","messageTitle":"Add use case extension","messageBody":"","fileTypesAndContributionMap":{"docs":{"insertions":8,"deletions":0}}}]},{"date":"2022-04-10","commitResults":[{"hash":"c6e53d9325eb4e3eec0fc85353d5f152aecdf142","messageTitle":"All tagging commands now show an error when the second parameter is not an integer index","messageBody":"","fileTypesAndContributionMap":{"functional-code":{"insertions":31,"deletions":4}}},{"hash":"606a6493d030a9c35d4c347377a76778c890d35f","messageTitle":"Fix accidental checkstyle change","messageBody":"","fileTypesAndContributionMap":{"test-code":{"insertions":1,"deletions":1}}},{"hash":"f35c23ba5dcdf776b5242e19d197784732f90fec","messageTitle":"Update imports and class names","messageBody":"","fileTypesAndContributionMap":{"functional-code":{"insertions":5,"deletions":11}}},{"hash":"fe4329acd6f1ea0ba273730abecbe093696fccc2","messageTitle":"Fix checkstyle","messageBody":"","fileTypesAndContributionMap":{"functional-code":{"insertions":2,"deletions":2}}},{"hash":"e9c5620ef6bed6b0694750d9a45b6515abc42779","messageTitle":"Add exception handling for when the index provided is not a positive integer","messageBody":"","fileTypesAndContributionMap":{"functional-code":{"insertions":23,"deletions":1}}}]},{"date":"2022-04-11","commitResults":[{"hash":"7f2ed772a9f428b1aa551ea3bc1ad2d17257b41d","messageTitle":"Add signposting for the features section","messageBody":"","fileTypesAndContributionMap":{"docs":{"insertions":13,"deletions":1}}},{"hash":"a60c3309ea705c03cebbb17a20e53cbea1f240e4","messageTitle":"Add DG writeup and diagram for DeletePersonTagCommand","messageBody":"","fileTypesAndContributionMap":{"docs":{"insertions":91,"deletions":5}}},{"hash":"0764828896ddee5ec071bc6b642e436f1d902903","messageTitle":"Update AddPersonTag diagram","messageBody":"","fileTypesAndContributionMap":{"docs":{"insertions":16,"deletions":16}}},{"hash":"a399211ae2673408bc5ed4f47b61e2da0e6c62a5","messageTitle":"Add DeletePersonTagCommand design considerations","messageBody":"","fileTypesAndContributionMap":{"docs":{"insertions":14,"deletions":0}}},{"hash":"150ae1f3433aa5fe7ac439de6aef3c06f1d69b5e","messageTitle":"Add diagrams and implementation details for AddTaskTagCommand and DeleteTaskTagCommand","messageBody":"","fileTypesAndContributionMap":{"docs":{"insertions":181,"deletions":4}}},{"hash":"867391abcc7099efc6f8fb20da8e42b08c611130","messageTitle":"*Move SortTaskByDateCommand from persons folder into tasks folder","messageBody":"* Update DG with SortTaskByDateCommand and diagram\n","fileTypesAndContributionMap":{"functional-code":{"insertions":30,"deletions":30},"other":{"insertions":3,"deletions":3},"docs":{"insertions":76,"deletions":0},"test-code":{"insertions":5,"deletions":6}}},{"hash":"7fdc5ddc409ded2a1e372affefc58ded60c57c7c","messageTitle":"Fix import checkstyle","messageBody":"","fileTypesAndContributionMap":{"functional-code":{"insertions":1,"deletions":1},"test-code":{"insertions":3,"deletions":2}}}]}]},"authorFileTypeContributionMap":{"prgJ":{"docs":654,"functional-code":656,"test-code":728,"other":3},"AAlghrairy":{"docs":912,"functional-code":1695,"test-code":1254,"other":1},"Rye-Catcher":{"docs":522,"functional-code":1229,"test-code":905},"simjunheng":{"docs":1567,"functional-code":2727,"test-code":2481,"other":4},"juayhee":{"docs":611,"functional-code":804,"test-code":539}},"authorContributionVariance":{"prgJ":18344.291,"AAlghrairy":179964.2,"Rye-Catcher":45164.72,"simjunheng":217449.28,"juayhee":19524.057},"authorDisplayNameMap":{"prgJ":"CS2103T-W14-2 PRAG.. JHA","AAlghrairy":"CS2103T-W14-2 AL G..AL S","Rye-Catcher":"CS2103T-W14-2 LYU ..TENG","simjunheng":"CS2103T-W14-2 SIM ..HENG","juayhee":"CS2103T-W14-2 TAN .. HEE"}}
