{"authorDailyContributionsMap":{"prgJ":[{"date":"2022-02-25","commitResults":[{"hash":"10a7d7c5dafaf0ed1c0db458300dfe5b74acb243","messageTitle":"Update project user guide with contents of the draft user guide","messageBody":"","fileTypesAndContributionMap":{"docs":{"insertions":68,"deletions":72}}}]},{"date":"2022-03-02","commitResults":[{"hash":"348a1683fff0237d4e59f4d32d6d2a24b5634266","messageTitle":"1. Removed remaining references to \u0027Addressbook\u0027 2. Modified \u0027Find\u0027 command         2.1 Initially was going to edit it as Abdul had suggested, but upon rereading the \u0027notes about command format\u0027 section I think this version follows those guidelines better","messageBody":"","fileTypesAndContributionMap":{"docs":{"insertions":8,"deletions":5}}},{"hash":"20f23e4c25d495b28d102fa69788b5cdf7ebcbae","messageTitle":"Update AboutUs.md and add skeletal PPP for Pragya Jha","messageBody":"","fileTypesAndContributionMap":{"docs":{"insertions":27,"deletions":6}}},{"hash":"3243ac137119a142df488a1eb960138f12f86d8c","messageTitle":"Update AboutUs.md and add skeletal PPP page for Pragya Jha","messageBody":"","fileTypesAndContributionMap":{"docs":{"insertions":28,"deletions":6}}}]},{"date":"2022-03-03","commitResults":[{"hash":"79f04145c7fb57ac6aaab077dc2d75faf8313e5f","messageTitle":"1. Delete tag from person use-case is added     1.1 formatted to ensure consistency with the other use-cases","messageBody":"","fileTypesAndContributionMap":{"docs":{"insertions":31,"deletions":0}}},{"hash":"98e10e11c8f86532f69f55322a947fa9096a0001","messageTitle":"made changes to a use-case extension","messageBody":"","fileTypesAndContributionMap":{"docs":{"insertions":1,"deletions":4}}}]}],"AAlghrairy":[{"date":"2022-02-22","commitResults":[{"hash":"959ef3f5da469ad24fedf99f3d08de8d8fc77b3e","messageTitle":"Update Product Scope and Glossary of Developer Guide for V1.1","messageBody":"","fileTypesAndContributionMap":{"docs":{"insertions":12,"deletions":3}}},{"hash":"4c99736395a7af26ad947cf77b07e66024251048","messageTitle":"Update AboutUs.md and add skeletal PPP for AAlghrairy","messageBody":"","fileTypesAndContributionMap":{"docs":{"insertions":30,"deletions":5}}}]},{"date":"2022-02-25","commitResults":[{"hash":"b7cad15796440f1b02c0f2c738e0759f7f4fd66b","messageTitle":"Add use cases for note function and replace references to AB3","messageBody":"","fileTypesAndContributionMap":{"docs":{"insertions":71,"deletions":8}}}]},{"date":"2022-03-14","commitResults":[{"hash":"9a3ba2884819070d8e31faa176c98afc2c1495d9","messageTitle":"Implements fxml files for TaskCard and TaskPanel","messageBody":"","fileTypesAndContributionMap":{"functional-code":{"insertions":47,"deletions":0}}},{"hash":"4d5f1e337fe9f5cbb3739e957d711ec48854192f","messageTitle":"Modify name of TaskPanel.fxml to TaskListPanel.fxml","messageBody":"","fileTypesAndContributionMap":{"other":{"insertions":0,"deletions":0}}},{"hash":"75fab96543e28fd99d7c825f31e9fb5c1fe2e9da","messageTitle":"Add classes for TaskCard and TaskListPanel","messageBody":"","fileTypesAndContributionMap":{"functional-code":{"insertions":123,"deletions":0}}},{"hash":"5871e0fa5f42257961988b1e193c9f50261b8795","messageTitle":"Implement TaskCard and TaskListPanel into Logic","messageBody":"","fileTypesAndContributionMap":{"functional-code":{"insertions":26,"deletions":3}}}]}],"Rye-Catcher":[{"date":"2022-02-18","commitResults":[{"hash":"079cfbe1409d2dfa16c9b953aa1361af83b23fde","messageTitle":"Update User stories and Non-Functional Requirements in `DeveloperGuide.md` for v1.1","messageBody":"","fileTypesAndContributionMap":{"docs":{"insertions":19,"deletions":13}}}]},{"date":"2022-02-27","commitResults":[{"hash":"9ad05f582d64de3abe7519805ac9509d50a93f59","messageTitle":"Update Xiaoteng\u0027s info in AboutUs page and add a personal skeletal PPP","messageBody":"","fileTypesAndContributionMap":{"docs":{"insertions":29,"deletions":6}}}]},{"date":"2022-03-02","commitResults":[{"hash":"0644614615bd734b58bd93b39c4b663f94557a38","messageTitle":"Revert \"Update AboutUs.md and add skeletal PPP for Pragya Jha\"","messageBody":"","fileTypesAndContributionMap":{"docs":{"insertions":14,"deletions":36}}}]},{"date":"2022-03-10","commitResults":[{"hash":"dbb899d29eedb338cea0ec9f871dd23f7ea9f159","messageTitle":"Add Note, AddNoteCommand and AddNoteCommandParser classes","messageBody":"","fileTypesAndContributionMap":{"functional-code":{"insertions":164,"deletions":0}}},{"hash":"e620b11b06c3fe6c13ee6464ddf420acc6c0bb2a","messageTitle":"Add integration for AddNoteCommand","messageBody":"","fileTypesAndContributionMap":{"functional-code":{"insertions":175,"deletions":20},"test-code":{"insertions":35,"deletions":15}}},{"hash":"f214351ba54e9f271e559c9f2dc2ec8278618144","messageTitle":"Amend AddNoteCommandParser to give the right error information","messageBody":"","fileTypesAndContributionMap":{"functional-code":{"insertions":1,"deletions":1}}},{"hash":"57cba2f313711d2e3372de8820a3ce8b04561706","messageTitle":"Fix checkStyle error","messageBody":"","fileTypesAndContributionMap":{"functional-code":{"insertions":7,"deletions":7},"test-code":{"insertions":14,"deletions":7}}}]},{"date":"2022-03-12","commitResults":[{"hash":"e59d579b3a4dd04f1850bc67a8eb61c61d315208","messageTitle":"Add length constraints to Note and fix related error messages","messageBody":"","fileTypesAndContributionMap":{"functional-code":{"insertions":7,"deletions":7}}},{"hash":"0aafbfa6ab4d82f1110745ac54ae9883e8f9c917","messageTitle":"Beautify the display of Note in personListCard","messageBody":"","fileTypesAndContributionMap":{"functional-code":{"insertions":1,"deletions":0}}},{"hash":"18a21bde77b6fa73c9899ee580d934eb53c254e9","messageTitle":"Fix the white blank area in full screen GUI","messageBody":"","fileTypesAndContributionMap":{"functional-code":{"insertions":1,"deletions":1}}}]},{"date":"2022-03-14","commitResults":[{"hash":"12c1a2031a8fb5494902e7e033e3f1cdc335cb86","messageTitle":"Update the display of Notes in error messages and GUI to an indexed way","messageBody":"","fileTypesAndContributionMap":{"functional-code":{"insertions":30,"deletions":7}}}]}],"simjunheng":[{"date":"2022-02-23","commitResults":[{"hash":"e9978e3414bc35d94990411f611fa3e4eec0b036","messageTitle":"Update AboutUs page and add personal skeletal PPP","messageBody":"","fileTypesAndContributionMap":{"docs":{"insertions":28,"deletions":6}}},{"hash":"dd8b1bb50a8db5912ff55fde8e5d5504b2fb275e","messageTitle":"Amend markdown according to checkstyle","messageBody":"","fileTypesAndContributionMap":{"docs":{"insertions":2,"deletions":2}}},{"hash":"8382335e86e541f7ed25d12d5cd3a4e4e7919060","messageTitle":"Add new line ot comply with codecov check","messageBody":"","fileTypesAndContributionMap":{"docs":{"insertions":2,"deletions":1}}},{"hash":"f772e91e189b6851434834f664f1a31e09150934","messageTitle":"Amend markdown according to checkstyle","messageBody":"","fileTypesAndContributionMap":{"docs":{"insertions":0,"deletions":1}}},{"hash":"9b23bde459a0bfabd2f9dbc823d32409c87d0e35","messageTitle":"Add use case for filter feature in developer guide","messageBody":"","fileTypesAndContributionMap":{"docs":{"insertions":19,"deletions":0}}}]},{"date":"2022-03-02","commitResults":[{"hash":"5b1df018c857963c1f0a85f9bdd32f8858e7edf4","messageTitle":"Amend FindCommand to support find by tag","messageBody":"FindCommand is amended to extend the current functionality of the find command - allowing users to also find by tags.\n\nAdd TagContainsKeywordsPredicate and TagContainsKeywordsPredicateTest to support the extension of the current functionality. Amend the following classes: FindCommand, FindCommandParser to include the use of TagContainsKeywordPredicate. Amend other dependent classes to accommodate the amendments.\n","fileTypesAndContributionMap":{"functional-code":{"insertions":97,"deletions":17},"test-code":{"insertions":179,"deletions":43}}},{"hash":"df947944a9f99fc3aa24b324d36648bc52057745","messageTitle":"Amend UserGuide.md::find to reflect changes in FindCommand","messageBody":"","fileTypesAndContributionMap":{"docs":{"insertions":9,"deletions":7}}},{"hash":"edb88374d9dd6aca1fd81eb9539bfd36657a7215","messageTitle":"Amend use cases (find) in DeveloperGuide.md to reflect changes in FindCommand","messageBody":"","fileTypesAndContributionMap":{"docs":{"insertions":16,"deletions":4}}},{"hash":"4286633fabc002d5e976d1bafb773c38ced8a59c","messageTitle":"Resolve conflicts in UserGuide.md","messageBody":"","fileTypesAndContributionMap":{"docs":{"insertions":4,"deletions":1}}},{"hash":"cdffc647788b567e7dbd459b22c18a4ecbed9bb5","messageTitle":"Resolve conflicts from UserGuide.md","messageBody":"","fileTypesAndContributionMap":{"docs":{"insertions":1,"deletions":1}}},{"hash":"dba5472288869d74708f8a3f55d4fb7e2d7fda90","messageTitle":"Resolve conflicts in UserGuide.md","messageBody":"","fileTypesAndContributionMap":{"docs":{"insertions":3,"deletions":2}}},{"hash":"b1e229aabe730d1f07a9d5673357b2f119761d5a","messageTitle":"Resolve conflict in Developer.md","messageBody":"","fileTypesAndContributionMap":{"docs":{"insertions":93,"deletions":0}}}]},{"date":"2022-03-03","commitResults":[{"hash":"161295ecffe97d30cded6d4075db7b4ddea87348","messageTitle":"Add \"add person\" use case","messageBody":"","fileTypesAndContributionMap":{"docs":{"insertions":23,"deletions":0}}}]},{"date":"2022-03-04","commitResults":[{"hash":"5d1927ec070dac90c8fc28d10a3f05f332ede0c9","messageTitle":"Edit DeveloperGuide.md to fix formatting errors","messageBody":"","fileTypesAndContributionMap":{"docs":{"insertions":3,"deletions":3}}}]},{"date":"2022-03-08","commitResults":[{"hash":"911ad7f821f6ed26b9346ff174f91b42b45c5a10","messageTitle":"Add tab pane into GUI","messageBody":"","fileTypesAndContributionMap":{"functional-code":{"insertions":69,"deletions":16}}}]},{"date":"2022-03-09","commitResults":[{"hash":"bed8dea118a4f5aada0066caca0f08e37401a26f","messageTitle":"Add classes and tests relating to Task","messageBody":"","fileTypesAndContributionMap":{"functional-code":{"insertions":385,"deletions":0},"test-code":{"insertions":337,"deletions":0}}}]},{"date":"2022-03-10","commitResults":[{"hash":"e94ed9f9ae29641be78863238a2520912ea48575","messageTitle":"Amend Find use case in DG","messageBody":"","fileTypesAndContributionMap":{"docs":{"insertions":10,"deletions":4}}}]},{"date":"2022-03-11","commitResults":[{"hash":"9f2ec7ddc5357f5314404270dfb9fc8091af085a","messageTitle":"Refactor, edit and add model and storage classes to support upcoming task management commands and storage. Add test-cases for newly added classes and edit existing test-cases affected by the changes","messageBody":"","fileTypesAndContributionMap":{"functional-code":{"insertions":854,"deletions":96},"other":{"insertions":8,"deletions":7},"test-code":{"insertions":934,"deletions":183}}},{"hash":"1295838b378a0bd09f3467b0325026d9eeff8a08","messageTitle":"Change UG URL in help window and amend title of use guide.","messageBody":"","fileTypesAndContributionMap":{"functional-code":{"insertions":2,"deletions":2},"docs":{"insertions":2,"deletions":2}}}]},{"date":"2022-03-12","commitResults":[{"hash":"c48d9b2f6890e327267ed2d51fd01eb2fc419ff2","messageTitle":"Fix checkstyle errors","messageBody":"","fileTypesAndContributionMap":{"functional-code":{"insertions":4,"deletions":9},"test-code":{"insertions":3,"deletions":16}}}]}],"juayhee":[{"date":"2022-02-25","commitResults":[{"hash":"dd764e416558f3a60171988539130422fdd92e36","messageTitle":"Update AboutUs.md","messageBody":"","fileTypesAndContributionMap":{"docs":{"insertions":5,"deletions":4}}},{"hash":"3c59baa70649f4cbb3269e14a3b7f40b7c50a735","messageTitle":"Update portfolio","messageBody":"","fileTypesAndContributionMap":{"docs":{"insertions":22,"deletions":1}}},{"hash":"e4dd8edf85e3b1eaaf3bf5d21d25ae50915d58da","messageTitle":"Update README","messageBody":"* Update content\n* Update build status badge link\n","fileTypesAndContributionMap":{"docs":{"insertions":8,"deletions":10}}},{"hash":"0092e548b3529bc0ce44ac4da2a023403c3dcaf6","messageTitle":"Add newline","messageBody":"","fileTypesAndContributionMap":{"docs":{"insertions":2,"deletions":1}}},{"hash":"9e9729694c3a2d536d31b8543d24ff99681f29cc","messageTitle":"Update README","messageBody":"* Add features list\n","fileTypesAndContributionMap":{"docs":{"insertions":18,"deletions":1}}},{"hash":"bd27cd5de8c0cd95ab0e77e5393a687247166b03","messageTitle":"Update README","messageBody":"","fileTypesAndContributionMap":{"docs":{"insertions":0,"deletions":2}}}]},{"date":"2022-02-28","commitResults":[{"hash":"a3ddc830cc669c4aa566afe57e5a9cbf5fd83d7a","messageTitle":"Update AboutUs filepath for Juay Hee\u0027s picture","messageBody":"","fileTypesAndContributionMap":{"docs":{"insertions":1,"deletions":1}}}]},{"date":"2022-03-03","commitResults":[{"hash":"be8da531b427bdb8fc7d992065efdc040323a7af","messageTitle":"Update DeveloperGuide.md with use case: add a tag to a person","messageBody":"","fileTypesAndContributionMap":{"docs":{"insertions":33,"deletions":0}}},{"hash":"82b264813f37300a7c963565432fd59a3fa7976e","messageTitle":"Formatting","messageBody":"","fileTypesAndContributionMap":{"docs":{"insertions":1,"deletions":0}}},{"hash":"b4579e08f3d1ee8288e060d5f9d61fa3d82fb50d","messageTitle":"Update use case: add tag to a person","messageBody":"","fileTypesAndContributionMap":{"docs":{"insertions":0,"deletions":16}}},{"hash":"08cf60ecde86bbadb63034c3a265414c51197d7f","messageTitle":"Fix numbering and wording","messageBody":"","fileTypesAndContributionMap":{"docs":{"insertions":2,"deletions":2}}}]}]},"authorFileTypeContributionMap":{"prgJ":{"docs":119,"functional-code":0,"test-code":0},"AAlghrairy":{"docs":108,"functional-code":194,"test-code":0},"Rye-Catcher":{"docs":45,"functional-code":361,"test-code":41},"simjunheng":{"docs":97,"functional-code":1308,"test-code":1342},"juayhee":{"docs":68,"functional-code":0,"test-code":0}},"authorContributionVariance":{"prgJ":986.98224,"AAlghrairy":1761.5458,"Rye-Catcher":7603.819,"simjunheng":185473.58,"juayhee":308.80005},"authorDisplayNameMap":{"prgJ":"CS2103T-W14-2 PRAG.. JHA","AAlghrairy":"CS2103T-W14-2 AL G..AL S","Rye-Catcher":"CS2103T-W14-2 LYU ..TENG","simjunheng":"CS2103T-W14-2 SIM ..HENG","juayhee":"CS2103T-W14-2 TAN .. HEE"}}
