{"authorDailyContributionsMap":{"prgJ":[{"date":"2022-02-25","commitResults":[{"hash":"10a7d7c5dafaf0ed1c0db458300dfe5b74acb243","messageTitle":"Update project user guide with contents of the draft user guide","messageBody":"","fileTypesAndContributionMap":{"docs":{"insertions":68,"deletions":72}}}]},{"date":"2022-03-02","commitResults":[{"hash":"348a1683fff0237d4e59f4d32d6d2a24b5634266","messageTitle":"1. Removed remaining references to \u0027Addressbook\u0027 2. Modified \u0027Find\u0027 command         2.1 Initially was going to edit it as Abdul had suggested, but upon rereading the \u0027notes about command format\u0027 section I think this version follows those guidelines better","messageBody":"","fileTypesAndContributionMap":{"docs":{"insertions":8,"deletions":5}}},{"hash":"20f23e4c25d495b28d102fa69788b5cdf7ebcbae","messageTitle":"Update AboutUs.md and add skeletal PPP for Pragya Jha","messageBody":"","fileTypesAndContributionMap":{"docs":{"insertions":27,"deletions":6}}},{"hash":"3243ac137119a142df488a1eb960138f12f86d8c","messageTitle":"Update AboutUs.md and add skeletal PPP page for Pragya Jha","messageBody":"","fileTypesAndContributionMap":{"docs":{"insertions":28,"deletions":6}}}]},{"date":"2022-03-03","commitResults":[{"hash":"79f04145c7fb57ac6aaab077dc2d75faf8313e5f","messageTitle":"1. Delete tag from person use-case is added     1.1 formatted to ensure consistency with the other use-cases","messageBody":"","fileTypesAndContributionMap":{"docs":{"insertions":31,"deletions":0}}},{"hash":"98e10e11c8f86532f69f55322a947fa9096a0001","messageTitle":"made changes to a use-case extension","messageBody":"","fileTypesAndContributionMap":{"docs":{"insertions":1,"deletions":4}}}]},{"date":"2022-03-14","commitResults":[{"hash":"e761d97eedad896c8dfba0fd44b9db044cd408fc","messageTitle":"add task functionality","messageBody":"","fileTypesAndContributionMap":{"functional-code":{"insertions":178,"deletions":0}}},{"hash":"19fed58e9a8f3a899466700a3b565510450f2fa7","messageTitle":"delete task functionality","messageBody":"","fileTypesAndContributionMap":{"functional-code":{"insertions":87,"deletions":0}}},{"hash":"b5d88d34c7a51be59069c4808746521c0cb60ea6","messageTitle":"checkstyle edits","messageBody":"","fileTypesAndContributionMap":{"functional-code":{"insertions":20,"deletions":14}}},{"hash":"d03e54398d3b4b9e1c266589ac231d44b747e59b","messageTitle":"no message","messageBody":"","fileTypesAndContributionMap":{"functional-code":{"insertions":1,"deletions":1}}}]},{"date":"2022-03-15","commitResults":[{"hash":"8a175b551321e0443deac729b8bd741140350d8f","messageTitle":"time display bug fix","messageBody":"","fileTypesAndContributionMap":{"functional-code":{"insertions":10,"deletions":0}}},{"hash":"a1e3e75cf96da2af9cf5cb55f1d3358a53c44c25","messageTitle":"no message","messageBody":"","fileTypesAndContributionMap":{"functional-code":{"insertions":6,"deletions":2}}},{"hash":"7a24eb7c4b75657893b40e6b4dab5c20af2cb9e5","messageTitle":"resolve conflict","messageBody":"","fileTypesAndContributionMap":{"functional-code":{"insertions":1,"deletions":0}}},{"hash":"88fa43357ce59ff24f880854c29aa0de7b351bef","messageTitle":"no message","messageBody":"","fileTypesAndContributionMap":{"functional-code":{"insertions":0,"deletions":1}}},{"hash":"e2fff848370955451996991990a59cae07ee8d43","messageTitle":"no message","messageBody":"","fileTypesAndContributionMap":{"functional-code":{"insertions":2,"deletions":6}}}]},{"date":"2022-03-17","commitResults":[{"hash":"78e04172ced861b4fa34fe1945f4c1becbda7301","messageTitle":"Add tests for add-task and delete-task commands","messageBody":"","fileTypesAndContributionMap":{"functional-code":{"insertions":1,"deletions":1},"test-code":{"insertions":502,"deletions":2}}}]},{"date":"2022-03-18","commitResults":[{"hash":"d53060858ff0024ebbcdc10739939414ad6e4bed","messageTitle":"bug fixes and additional test case added","messageBody":"","fileTypesAndContributionMap":{"functional-code":{"insertions":3,"deletions":3},"test-code":{"insertions":51,"deletions":1}}}]}],"AAlghrairy":[{"date":"2022-02-22","commitResults":[{"hash":"959ef3f5da469ad24fedf99f3d08de8d8fc77b3e","messageTitle":"Update Product Scope and Glossary of Developer Guide for V1.1","messageBody":"","fileTypesAndContributionMap":{"docs":{"insertions":12,"deletions":3}}},{"hash":"4c99736395a7af26ad947cf77b07e66024251048","messageTitle":"Update AboutUs.md and add skeletal PPP for AAlghrairy","messageBody":"","fileTypesAndContributionMap":{"docs":{"insertions":30,"deletions":5}}}]},{"date":"2022-02-25","commitResults":[{"hash":"b7cad15796440f1b02c0f2c738e0759f7f4fd66b","messageTitle":"Add use cases for note function and replace references to AB3","messageBody":"","fileTypesAndContributionMap":{"docs":{"insertions":71,"deletions":8}}}]},{"date":"2022-03-14","commitResults":[{"hash":"21c4763d09fcc1b0adf352aa432807f3b669451c","messageTitle":"Implement note-del feature","messageBody":"","fileTypesAndContributionMap":{"functional-code":{"insertions":143,"deletions":0},"test-code":{"insertions":95,"deletions":0}}},{"hash":"9a3ba2884819070d8e31faa176c98afc2c1495d9","messageTitle":"Implements fxml files for TaskCard and TaskPanel","messageBody":"","fileTypesAndContributionMap":{"functional-code":{"insertions":47,"deletions":0}}},{"hash":"4d5f1e337fe9f5cbb3739e957d711ec48854192f","messageTitle":"Modify name of TaskPanel.fxml to TaskListPanel.fxml","messageBody":"","fileTypesAndContributionMap":{"other":{"insertions":0,"deletions":0}}},{"hash":"75fab96543e28fd99d7c825f31e9fb5c1fe2e9da","messageTitle":"Add classes for TaskCard and TaskListPanel","messageBody":"","fileTypesAndContributionMap":{"functional-code":{"insertions":123,"deletions":0}}},{"hash":"8cff3771a13fc4b84e1b8797a44a91edb3770f18","messageTitle":"Add more test methods for DeleteNoteCommand and DeleteNoteCommandParser","messageBody":"","fileTypesAndContributionMap":{"test-code":{"insertions":38,"deletions":6}}},{"hash":"5871e0fa5f42257961988b1e193c9f50261b8795","messageTitle":"Implement TaskCard and TaskListPanel into Logic","messageBody":"","fileTypesAndContributionMap":{"functional-code":{"insertions":26,"deletions":3}}},{"hash":"26a49816075e459eecc5760cc65abc1394ca75f1","messageTitle":"Add additional test case for DeleteNoteCommand class","messageBody":"","fileTypesAndContributionMap":{"test-code":{"insertions":8,"deletions":0}}},{"hash":"b1be4b8ebda7e4813d38e60834e476913fc0fbd1","messageTitle":"Modify JavaDoc of ParserUtil class to be more explicit","messageBody":"","fileTypesAndContributionMap":{"functional-code":{"insertions":6,"deletions":6}}},{"hash":"685df466b11c5d27a5f7a2d072f5846742ecb668","messageTitle":"Add more test methods to increase coverage of note-del related classees","messageBody":"","fileTypesAndContributionMap":{"functional-code":{"insertions":4,"deletions":4},"test-code":{"insertions":33,"deletions":0}}},{"hash":"5775d2ba28a1500fdef09ffda141bd950a24c2be","messageTitle":"Revert \"Implement the note-del feature\"","messageBody":"","fileTypesAndContributionMap":{"functional-code":{"insertions":0,"deletions":143},"test-code":{"insertions":0,"deletions":168}}}]},{"date":"2022-03-15","commitResults":[{"hash":"b6b76134b11d27c03c64e3b965eb57e9b1715402","messageTitle":"Reimplement note-del feature","messageBody":"","fileTypesAndContributionMap":{"functional-code":{"insertions":143,"deletions":0},"test-code":{"insertions":168,"deletions":0}}}]},{"date":"2022-03-18","commitResults":[{"hash":"8baf05109e7f8d42d5fa6c73aebe9e6e5c61d1f0","messageTitle":"Add additional classes for enhancement of note feature","messageBody":"","fileTypesAndContributionMap":{"functional-code":{"insertions":969,"deletions":65},"other":{"insertions":53,"deletions":52},"test-code":{"insertions":589,"deletions":60}}},{"hash":"407f2a169479f3e55850cd92406db9f7b35dbb8a","messageTitle":"Add toString to EditCommand class","messageBody":"","fileTypesAndContributionMap":{"functional-code":{"insertions":22,"deletions":0}}},{"hash":"6ae354c9eda9f03d1bfa6f3d2ea668327ff1aaff","messageTitle":"Fix bugs","messageBody":"","fileTypesAndContributionMap":{"functional-code":{"insertions":12,"deletions":22},"test-code":{"insertions":1,"deletions":6}}},{"hash":"d4471d4ac4dda2db94c7fe24e4024e8227aeac2e","messageTitle":"Modify GUI","messageBody":"","fileTypesAndContributionMap":{"functional-code":{"insertions":23,"deletions":7}}},{"hash":"a23b9551f9890485c693c23e4c572cbb01f4fc19","messageTitle":"Fix checkstyle violation","messageBody":"","fileTypesAndContributionMap":{"test-code":{"insertions":0,"deletions":1}}},{"hash":"1fd20badc34c96326cf6cebfe11e524bf3ae878d","messageTitle":"Add test cases for DeleteNoteCommandParser related classes","messageBody":"","fileTypesAndContributionMap":{"test-code":{"insertions":108,"deletions":0}}},{"hash":"d212acc9fb4b224f9868febbc14a6be149747321","messageTitle":"Add margin between each list of notes","messageBody":"","fileTypesAndContributionMap":{"functional-code":{"insertions":6,"deletions":0}}},{"hash":"03f579064a29152277b7053d183b41e036f0aa7f","messageTitle":"Add additional test cases","messageBody":"","fileTypesAndContributionMap":{"functional-code":{"insertions":0,"deletions":22},"test-code":{"insertions":37,"deletions":0}}},{"hash":"abbd7d7baf9e6cfb2e06d47da7d5cf96551dce45","messageTitle":"Delete old Note classes","messageBody":"","fileTypesAndContributionMap":{"functional-code":{"insertions":0,"deletions":124}}},{"hash":"945f53b96501d81c851fa86b028b3ddf5602af34","messageTitle":"Fix java coding standard violation","messageBody":"","fileTypesAndContributionMap":{"test-code":{"insertions":7,"deletions":7}}},{"hash":"1bf396671c27c6e329aac6e20ab6f45fe3d1cf64","messageTitle":"Delete references to old Note classes","messageBody":"","fileTypesAndContributionMap":{"functional-code":{"insertions":3,"deletions":123},"test-code":{"insertions":1,"deletions":1}}}]},{"date":"2022-03-19","commitResults":[{"hash":"dbc59c5fb9d34a898525d662f5fa8b3f9de768c9","messageTitle":"Fix incorrect references in EditCommand class","messageBody":"","fileTypesAndContributionMap":{"functional-code":{"insertions":6,"deletions":6}}}]},{"date":"2022-03-20","commitResults":[{"hash":"5258aafbfffa0746df2f784ee25eb8a8eca4ad33","messageTitle":"Add separate .css file for note-related text and package note classes","messageBody":"","fileTypesAndContributionMap":{"functional-code":{"insertions":51,"deletions":12},"other":{"insertions":42,"deletions":18},"test-code":{"insertions":24,"deletions":12}}},{"hash":"e43b1b99cc335a74eae77e43c6ab0f097180f385","messageTitle":"Fix checkstyle violations","messageBody":"","fileTypesAndContributionMap":{"functional-code":{"insertions":6,"deletions":6},"test-code":{"insertions":6,"deletions":6}}}]},{"date":"2022-03-21","commitResults":[{"hash":"2f9642bb47b897120c771c051e49911d5661a6d5","messageTitle":"Implement clear tasks function","messageBody":"","fileTypesAndContributionMap":{"functional-code":{"insertions":148,"deletions":0},"test-code":{"insertions":160,"deletions":0}}},{"hash":"d601eabafea54b0d37035aa200782dd027a7ab7e","messageTitle":"Fix checkstyle violation","messageBody":"","fileTypesAndContributionMap":{"test-code":{"insertions":0,"deletions":1}}},{"hash":"74c0cb888ab5788cf7dc03b3b2b78c3619d5ecf2","messageTitle":"Add more test cases for ClearTaskCommand class","messageBody":"","fileTypesAndContributionMap":{"test-code":{"insertions":8,"deletions":0}}},{"hash":"3c4af0068a67f9635392f3a53f4b58036f9d4c5a","messageTitle":"Improve readability of code and add more descriptive comments","messageBody":"","fileTypesAndContributionMap":{"functional-code":{"insertions":11,"deletions":4}}},{"hash":"f0878194c63723d68764c4c521bfc5f7ba2471b4","messageTitle":"Fix typo in comments","messageBody":"","fileTypesAndContributionMap":{"functional-code":{"insertions":1,"deletions":1}}}]},{"date":"2022-03-22","commitResults":[{"hash":"fe692374d139b887003d4258194ca81d7d5bcc6b","messageTitle":"Add implemented function definitions for v1.3 to UserGuide.md","messageBody":"","fileTypesAndContributionMap":{"docs":{"insertions":86,"deletions":10}}},{"hash":"784d1eb295e9a01e338c152f1c04f73247da2fd2","messageTitle":"Add additional user stories","messageBody":"","fileTypesAndContributionMap":{"docs":{"insertions":12,"deletions":11}}},{"hash":"93d67dcf1f91344ab42c2a9f7028ea8e768d1082","messageTitle":"Add use cases for new functions to be implemented for v1.3","messageBody":"","fileTypesAndContributionMap":{"docs":{"insertions":230,"deletions":25}}},{"hash":"99338eed7c03878c8eb92e0a9c8f3894afc8e9c9","messageTitle":"Modify Model component of DG and replace ModelClassDiagram.png","messageBody":"","fileTypesAndContributionMap":{"docs":{"insertions":1,"deletions":7}}},{"hash":"429ffcf4efc54e225d3b019a8720bdda0bd4fe69","messageTitle":"Modify individual PPP skeleton and modify Command Summary of UserGuide","messageBody":"","fileTypesAndContributionMap":{"docs":{"insertions":50,"deletions":18}}},{"hash":"89a3617ac5d895ae13afede9f1478f1690f2eb54","messageTitle":"Add additional field in PPP","messageBody":"","fileTypesAndContributionMap":{"docs":{"insertions":2,"deletions":1}}},{"hash":"480ab6aa6299bd4839c0f461b3d56d978de8fd5b","messageTitle":"Add additional field in individual PPP","messageBody":"","fileTypesAndContributionMap":{"docs":{"insertions":1,"deletions":0}}},{"hash":"755be23f53440e16e1b572652fd9e7dce4244c2d","messageTitle":"Modify fields in documentation","messageBody":"","fileTypesAndContributionMap":{"docs":{"insertions":0,"deletions":1}}}]},{"date":"2022-03-23","commitResults":[{"hash":"81da6bf0c31ca70365d3d11ac78acc6c416edda1","messageTitle":"Modify load-court function definitions and use cases","messageBody":"","fileTypesAndContributionMap":{"docs":{"insertions":7,"deletions":11}}},{"hash":"463368ad00a1c43fd30ec056bfef5719633ad85b","messageTitle":"Fix reference to load-court function in command summary of UG","messageBody":"","fileTypesAndContributionMap":{"docs":{"insertions":1,"deletions":1}}},{"hash":"4c9ee2793544a642ad8194d1c525a91b20aeeb80","messageTitle":"Modify use cases to remove repitition","messageBody":"","fileTypesAndContributionMap":{"docs":{"insertions":9,"deletions":125}}},{"hash":"0aaa00c99bae07cf34c12f23d285817cd86c6207","messageTitle":"Revert \"Modify use cases to remove repitition\"","messageBody":"This reverts commit 4c9ee2793544a642ad8194d1c525a91b20aeeb80.\n","fileTypesAndContributionMap":{"docs":{"insertions":125,"deletions":9}}},{"hash":"d6fba7dc40f74b54a87d19ae16b5b13c2a394feb","messageTitle":"Modify use cases to remove repetition","messageBody":"","fileTypesAndContributionMap":{"docs":{"insertions":9,"deletions":125}}}]}],"Rye-Catcher":[{"date":"2022-02-18","commitResults":[{"hash":"079cfbe1409d2dfa16c9b953aa1361af83b23fde","messageTitle":"Update User stories and Non-Functional Requirements in `DeveloperGuide.md` for v1.1","messageBody":"","fileTypesAndContributionMap":{"docs":{"insertions":19,"deletions":13}}}]},{"date":"2022-02-27","commitResults":[{"hash":"9ad05f582d64de3abe7519805ac9509d50a93f59","messageTitle":"Update Xiaoteng\u0027s info in AboutUs page and add a personal skeletal PPP","messageBody":"","fileTypesAndContributionMap":{"docs":{"insertions":29,"deletions":6}}}]},{"date":"2022-03-02","commitResults":[{"hash":"0644614615bd734b58bd93b39c4b663f94557a38","messageTitle":"Revert \"Update AboutUs.md and add skeletal PPP for Pragya Jha\"","messageBody":"","fileTypesAndContributionMap":{"docs":{"insertions":14,"deletions":36}}}]},{"date":"2022-03-10","commitResults":[{"hash":"dbb899d29eedb338cea0ec9f871dd23f7ea9f159","messageTitle":"Add Note, AddNoteCommand and AddNoteCommandParser classes","messageBody":"","fileTypesAndContributionMap":{"functional-code":{"insertions":164,"deletions":0}}},{"hash":"e620b11b06c3fe6c13ee6464ddf420acc6c0bb2a","messageTitle":"Add integration for AddNoteCommand","messageBody":"","fileTypesAndContributionMap":{"functional-code":{"insertions":175,"deletions":20},"test-code":{"insertions":35,"deletions":15}}},{"hash":"f214351ba54e9f271e559c9f2dc2ec8278618144","messageTitle":"Amend AddNoteCommandParser to give the right error information","messageBody":"","fileTypesAndContributionMap":{"functional-code":{"insertions":1,"deletions":1}}},{"hash":"57cba2f313711d2e3372de8820a3ce8b04561706","messageTitle":"Fix checkStyle error","messageBody":"","fileTypesAndContributionMap":{"functional-code":{"insertions":7,"deletions":7},"test-code":{"insertions":14,"deletions":7}}}]},{"date":"2022-03-12","commitResults":[{"hash":"e59d579b3a4dd04f1850bc67a8eb61c61d315208","messageTitle":"Add length constraints to Note and fix related error messages","messageBody":"","fileTypesAndContributionMap":{"functional-code":{"insertions":7,"deletions":7}}},{"hash":"0aafbfa6ab4d82f1110745ac54ae9883e8f9c917","messageTitle":"Beautify the display of Note in personListCard","messageBody":"","fileTypesAndContributionMap":{"functional-code":{"insertions":1,"deletions":0}}},{"hash":"18a21bde77b6fa73c9899ee580d934eb53c254e9","messageTitle":"Fix the white blank area in full screen GUI","messageBody":"","fileTypesAndContributionMap":{"functional-code":{"insertions":1,"deletions":1}}}]},{"date":"2022-03-14","commitResults":[{"hash":"12c1a2031a8fb5494902e7e033e3f1cdc335cb86","messageTitle":"Update the display of Notes in error messages and GUI to an indexed way","messageBody":"","fileTypesAndContributionMap":{"functional-code":{"insertions":30,"deletions":7}}},{"hash":"7882e89b2c5a964ad87870dc0e84c84d31afe13d","messageTitle":"Add testing methods for AddNoteCommand","messageBody":"","fileTypesAndContributionMap":{"test-code":{"insertions":184,"deletions":0}}}]},{"date":"2022-03-15","commitResults":[{"hash":"b3af542e44d44e76ea56f5c5829346d4df4ac593","messageTitle":"Implement drag and move features in StrategyPanel","messageBody":"","fileTypesAndContributionMap":{"functional-code":{"insertions":99,"deletions":1}}},{"hash":"222b47da835ecbd03a1a46e23c47eb23aa4afa83","messageTitle":"Add credit to external code used in the UI controller of StrategyPanel","messageBody":"","fileTypesAndContributionMap":{"functional-code":{"insertions":2,"deletions":0}}}]},{"date":"2022-03-23","commitResults":[{"hash":"a62f7c768a3229e89b858e5525605fb07bc295df","messageTitle":"Update UG and DG to amend commands format for strategy board","messageBody":"","fileTypesAndContributionMap":{"docs":{"insertions":164,"deletions":14}}},{"hash":"80ecae038f7ccb602d513c99e60d1e0ed499f4c7","messageTitle":"Update DG to add user stories","messageBody":"","fileTypesAndContributionMap":{"docs":{"insertions":42,"deletions":1}}}]}],"simjunheng":[{"date":"2022-02-23","commitResults":[{"hash":"e9978e3414bc35d94990411f611fa3e4eec0b036","messageTitle":"Update AboutUs page and add personal skeletal PPP","messageBody":"","fileTypesAndContributionMap":{"docs":{"insertions":28,"deletions":6}}},{"hash":"dd8b1bb50a8db5912ff55fde8e5d5504b2fb275e","messageTitle":"Amend markdown according to checkstyle","messageBody":"","fileTypesAndContributionMap":{"docs":{"insertions":2,"deletions":2}}},{"hash":"8382335e86e541f7ed25d12d5cd3a4e4e7919060","messageTitle":"Add new line ot comply with codecov check","messageBody":"","fileTypesAndContributionMap":{"docs":{"insertions":2,"deletions":1}}},{"hash":"f772e91e189b6851434834f664f1a31e09150934","messageTitle":"Amend markdown according to checkstyle","messageBody":"","fileTypesAndContributionMap":{"docs":{"insertions":0,"deletions":1}}},{"hash":"9b23bde459a0bfabd2f9dbc823d32409c87d0e35","messageTitle":"Add use case for filter feature in developer guide","messageBody":"","fileTypesAndContributionMap":{"docs":{"insertions":19,"deletions":0}}}]},{"date":"2022-03-02","commitResults":[{"hash":"5b1df018c857963c1f0a85f9bdd32f8858e7edf4","messageTitle":"Amend FindCommand to support find by tag","messageBody":"FindCommand is amended to extend the current functionality of the find command - allowing users to also find by tags.\n\nAdd TagContainsKeywordsPredicate and TagContainsKeywordsPredicateTest to support the extension of the current functionality. Amend the following classes: FindCommand, FindCommandParser to include the use of TagContainsKeywordPredicate. Amend other dependent classes to accommodate the amendments.\n","fileTypesAndContributionMap":{"functional-code":{"insertions":97,"deletions":17},"test-code":{"insertions":179,"deletions":43}}},{"hash":"df947944a9f99fc3aa24b324d36648bc52057745","messageTitle":"Amend UserGuide.md::find to reflect changes in FindCommand","messageBody":"","fileTypesAndContributionMap":{"docs":{"insertions":9,"deletions":7}}},{"hash":"edb88374d9dd6aca1fd81eb9539bfd36657a7215","messageTitle":"Amend use cases (find) in DeveloperGuide.md to reflect changes in FindCommand","messageBody":"","fileTypesAndContributionMap":{"docs":{"insertions":16,"deletions":4}}},{"hash":"4286633fabc002d5e976d1bafb773c38ced8a59c","messageTitle":"Resolve conflicts in UserGuide.md","messageBody":"","fileTypesAndContributionMap":{"docs":{"insertions":4,"deletions":1}}},{"hash":"cdffc647788b567e7dbd459b22c18a4ecbed9bb5","messageTitle":"Resolve conflicts from UserGuide.md","messageBody":"","fileTypesAndContributionMap":{"docs":{"insertions":1,"deletions":1}}},{"hash":"dba5472288869d74708f8a3f55d4fb7e2d7fda90","messageTitle":"Resolve conflicts in UserGuide.md","messageBody":"","fileTypesAndContributionMap":{"docs":{"insertions":3,"deletions":2}}},{"hash":"b1e229aabe730d1f07a9d5673357b2f119761d5a","messageTitle":"Resolve conflict in Developer.md","messageBody":"","fileTypesAndContributionMap":{"docs":{"insertions":93,"deletions":0}}}]},{"date":"2022-03-03","commitResults":[{"hash":"161295ecffe97d30cded6d4075db7b4ddea87348","messageTitle":"Add \"add person\" use case","messageBody":"","fileTypesAndContributionMap":{"docs":{"insertions":23,"deletions":0}}}]},{"date":"2022-03-04","commitResults":[{"hash":"5d1927ec070dac90c8fc28d10a3f05f332ede0c9","messageTitle":"Edit DeveloperGuide.md to fix formatting errors","messageBody":"","fileTypesAndContributionMap":{"docs":{"insertions":3,"deletions":3}}}]},{"date":"2022-03-08","commitResults":[{"hash":"911ad7f821f6ed26b9346ff174f91b42b45c5a10","messageTitle":"Add tab pane into GUI","messageBody":"","fileTypesAndContributionMap":{"functional-code":{"insertions":69,"deletions":16}}}]},{"date":"2022-03-09","commitResults":[{"hash":"bed8dea118a4f5aada0066caca0f08e37401a26f","messageTitle":"Add classes and tests relating to Task","messageBody":"","fileTypesAndContributionMap":{"functional-code":{"insertions":385,"deletions":0},"test-code":{"insertions":337,"deletions":0}}}]},{"date":"2022-03-10","commitResults":[{"hash":"e94ed9f9ae29641be78863238a2520912ea48575","messageTitle":"Amend Find use case in DG","messageBody":"","fileTypesAndContributionMap":{"docs":{"insertions":10,"deletions":4}}}]},{"date":"2022-03-11","commitResults":[{"hash":"9f2ec7ddc5357f5314404270dfb9fc8091af085a","messageTitle":"Refactor, edit and add model and storage classes to support upcoming task management commands and storage. Add test-cases for newly added classes and edit existing test-cases affected by the changes","messageBody":"","fileTypesAndContributionMap":{"functional-code":{"insertions":854,"deletions":96},"other":{"insertions":8,"deletions":7},"test-code":{"insertions":934,"deletions":183}}},{"hash":"1295838b378a0bd09f3467b0325026d9eeff8a08","messageTitle":"Change UG URL in help window and amend title of use guide.","messageBody":"","fileTypesAndContributionMap":{"functional-code":{"insertions":2,"deletions":2},"docs":{"insertions":2,"deletions":2}}}]},{"date":"2022-03-12","commitResults":[{"hash":"c48d9b2f6890e327267ed2d51fd01eb2fc419ff2","messageTitle":"Fix checkstyle errors","messageBody":"","fileTypesAndContributionMap":{"functional-code":{"insertions":4,"deletions":9},"test-code":{"insertions":3,"deletions":16}}}]},{"date":"2022-03-18","commitResults":[{"hash":"3dd954bde1207f59101e32c47fed76a9cad38035","messageTitle":"Change application name to Coach2K22","messageBody":"","fileTypesAndContributionMap":{"functional-code":{"insertions":4,"deletions":4}}}]},{"date":"2022-03-20","commitResults":[{"hash":"4c0eca684bc04eb6eb563a1b917f6ec81fcc0573","messageTitle":"Tag Persons to Task","messageBody":"","fileTypesAndContributionMap":{"functional-code":{"insertions":212,"deletions":20},"test-code":{"insertions":113,"deletions":209}}},{"hash":"65279a363f6928e23d5b2b179b5055798f38e663","messageTitle":"Fix checkstyle","messageBody":"","fileTypesAndContributionMap":{"functional-code":{"insertions":12,"deletions":6},"test-code":{"insertions":1,"deletions":6}}}]},{"date":"2022-03-21","commitResults":[{"hash":"4be78e2c87e63b1af892899adeb5aa810e80cd79","messageTitle":"Add task contraints, amend DeleteCommand and Editcommand to ensure that task reflects changes in person list","messageBody":"","fileTypesAndContributionMap":{"functional-code":{"insertions":420,"deletions":139},"test-code":{"insertions":311,"deletions":19}}},{"hash":"fc4a58644ac52f84f0a64f1e0c99150fe750ce97","messageTitle":"Fix checkstyle","messageBody":"","fileTypesAndContributionMap":{"test-code":{"insertions":19,"deletions":8}}},{"hash":"c763d658abca3ffaf567e0fe2ce61e717f046ed8","messageTitle":"Add ListTaskCommand, FindTaskCommand and relevant test cases","messageBody":"","fileTypesAndContributionMap":{"functional-code":{"insertions":178,"deletions":5},"other":{"insertions":5,"deletions":5},"test-code":{"insertions":306,"deletions":40}}},{"hash":"fedfa046b04b72575f5800129c9ec0fd693921c7","messageTitle":"Fix bugs in FindCommand and FindTaskCommand","messageBody":"Previous implementations are unable to detect invalid keywords after prefixes\n","fileTypesAndContributionMap":{"functional-code":{"insertions":20,"deletions":0}}},{"hash":"43a363d83c810ea256c5c2b9f6b4f7fc78e84b5c","messageTitle":"Enable assertions","messageBody":"","fileTypesAndContributionMap":{"other":{"insertions":4,"deletions":0}}}]},{"date":"2022-03-23","commitResults":[{"hash":"e409e7d768491f38ebccceba73870d4e552fe12d","messageTitle":"test","messageBody":"","fileTypesAndContributionMap":{"docs":{"insertions":6,"deletions":1}}},{"hash":"2ce77cb3d2184578f7e74b2334571a3cdcee74c0","messageTitle":"test","messageBody":"","fileTypesAndContributionMap":{"docs":{"insertions":7,"deletions":3}}},{"hash":"7f16afb81ac1136cfb0adef6fd8b647cfa9400a5","messageTitle":"Update user guide","messageBody":"","fileTypesAndContributionMap":{"docs":{"insertions":199,"deletions":61}}},{"hash":"bc79c1f09c860a99502537616e07eafcddf746f9","messageTitle":"Fix UG bugs","messageBody":"","fileTypesAndContributionMap":{"docs":{"insertions":33,"deletions":33}}},{"hash":"c023d5583a52ce731146aec8d71f567078f5df66","messageTitle":"Fix UG bug","messageBody":"","fileTypesAndContributionMap":{"docs":{"insertions":5,"deletions":1}}},{"hash":"de3cda48f9157621457160192249ed63da5c9d35","messageTitle":"Update UG header","messageBody":"","fileTypesAndContributionMap":{"docs":{"insertions":17,"deletions":8}}},{"hash":"10d19bdf6e0cff31130f320079057aa2feac1f34","messageTitle":"Fix remaining bugs","messageBody":"","fileTypesAndContributionMap":{"docs":{"insertions":4,"deletions":14}}},{"hash":"affccbab254c1e51963e1fc5d7f9f47b43547d92","messageTitle":"Update Developer Guide","messageBody":"","fileTypesAndContributionMap":{"docs":{"insertions":54,"deletions":21}}},{"hash":"bb1b681e3bddfc4c451f2a8014915b7be4abc8ae","messageTitle":"Fix errors","messageBody":"","fileTypesAndContributionMap":{"docs":{"insertions":3,"deletions":3}}},{"hash":"9fc29f4f59dba5796958fa4e69c8315d543533b5","messageTitle":"Fix repo error","messageBody":"","fileTypesAndContributionMap":{"functional-code":{"insertions":1,"deletions":1},"docs":{"insertions":13,"deletions":13}}},{"hash":"bce052d4199c53a8787afddca5248fdb66f1a397","messageTitle":"Add exit, help command under the general section in UG","messageBody":"","fileTypesAndContributionMap":{"docs":{"insertions":16,"deletions":1}}},{"hash":"1760b9639c05cb794dcab9a3c3b5f19a49aba41e","messageTitle":"Update command format to match UG","messageBody":"","fileTypesAndContributionMap":{"functional-code":{"insertions":10,"deletions":10},"test-code":{"insertions":1,"deletions":1}}},{"hash":"4cf55e87d6b542d8cad4463cd8d118d5d2acce0d","messageTitle":"Fix minor issue in UG","messageBody":"","fileTypesAndContributionMap":{"docs":{"insertions":8,"deletions":8}}},{"hash":"e207e06de1616e372b6c2686f1f94667177ce387","messageTitle":"Fix bugs in command summary (UG)","messageBody":"","fileTypesAndContributionMap":{"docs":{"insertions":29,"deletions":43}}},{"hash":"3c9d179308bc7dde051414280aa0afa4da5b434a","messageTitle":"Fix bugs in command summary v2","messageBody":"","fileTypesAndContributionMap":{"docs":{"insertions":2,"deletions":2}}},{"hash":"ff873f32978eeb9932f04227204d1f8389947330","messageTitle":"Fix command summary v3","messageBody":"","fileTypesAndContributionMap":{"docs":{"insertions":2,"deletions":1}}},{"hash":"7a8ec7a4ff4149044134c3fb75ccc7eccb175777","messageTitle":"Added FindPersonSequenceDiagram puml and png file","messageBody":"","fileTypesAndContributionMap":{"docs":{"insertions":66,"deletions":0}}}]}],"juayhee":[{"date":"2022-02-25","commitResults":[{"hash":"dd764e416558f3a60171988539130422fdd92e36","messageTitle":"Update AboutUs.md","messageBody":"","fileTypesAndContributionMap":{"docs":{"insertions":5,"deletions":4}}},{"hash":"3c59baa70649f4cbb3269e14a3b7f40b7c50a735","messageTitle":"Update portfolio","messageBody":"","fileTypesAndContributionMap":{"docs":{"insertions":22,"deletions":1}}},{"hash":"e4dd8edf85e3b1eaaf3bf5d21d25ae50915d58da","messageTitle":"Update README","messageBody":"* Update content\n* Update build status badge link\n","fileTypesAndContributionMap":{"docs":{"insertions":8,"deletions":10}}},{"hash":"0092e548b3529bc0ce44ac4da2a023403c3dcaf6","messageTitle":"Add newline","messageBody":"","fileTypesAndContributionMap":{"docs":{"insertions":2,"deletions":1}}},{"hash":"9e9729694c3a2d536d31b8543d24ff99681f29cc","messageTitle":"Update README","messageBody":"* Add features list\n","fileTypesAndContributionMap":{"docs":{"insertions":18,"deletions":1}}},{"hash":"bd27cd5de8c0cd95ab0e77e5393a687247166b03","messageTitle":"Update README","messageBody":"","fileTypesAndContributionMap":{"docs":{"insertions":0,"deletions":2}}}]},{"date":"2022-02-28","commitResults":[{"hash":"a3ddc830cc669c4aa566afe57e5a9cbf5fd83d7a","messageTitle":"Update AboutUs filepath for Juay Hee\u0027s picture","messageBody":"","fileTypesAndContributionMap":{"docs":{"insertions":1,"deletions":1}}}]},{"date":"2022-03-03","commitResults":[{"hash":"be8da531b427bdb8fc7d992065efdc040323a7af","messageTitle":"Update DeveloperGuide.md with use case: add a tag to a person","messageBody":"","fileTypesAndContributionMap":{"docs":{"insertions":33,"deletions":0}}},{"hash":"82b264813f37300a7c963565432fd59a3fa7976e","messageTitle":"Formatting","messageBody":"","fileTypesAndContributionMap":{"docs":{"insertions":1,"deletions":0}}},{"hash":"b4579e08f3d1ee8288e060d5f9d61fa3d82fb50d","messageTitle":"Update use case: add tag to a person","messageBody":"","fileTypesAndContributionMap":{"docs":{"insertions":0,"deletions":16}}},{"hash":"08cf60ecde86bbadb63034c3a265414c51197d7f","messageTitle":"Fix numbering and wording","messageBody":"","fileTypesAndContributionMap":{"docs":{"insertions":2,"deletions":2}}}]},{"date":"2022-03-14","commitResults":[{"hash":"a31552099325c2454a92543000801d728866fc4b","messageTitle":"Add AddTagCommand.java to command list (implements Command)","messageBody":"","fileTypesAndContributionMap":{"functional-code":{"insertions":12,"deletions":0}}},{"hash":"e32749d37681e5cf21977e02bb50a6a53a0d1eaa","messageTitle":"Add AddTagCommand case","messageBody":"","fileTypesAndContributionMap":{"functional-code":{"insertions":4,"deletions":10}}},{"hash":"0cb15d13efb4799d215b93b616300609ba1ddaba","messageTitle":"Add AddTagCommandParser to take over handling of inputs in AddressBookParser","messageBody":"","fileTypesAndContributionMap":{"functional-code":{"insertions":63,"deletions":1}}},{"hash":"2064e3881a0d0d95cdfb137e4225bcd2ee18463a","messageTitle":"Implement tag-add command","messageBody":"","fileTypesAndContributionMap":{"functional-code":{"insertions":73,"deletions":5}}},{"hash":"f73cbc7ee0a531d5eb6621defa42a5c5e723576e","messageTitle":"Add duplicate tag exception handling","messageBody":"","fileTypesAndContributionMap":{"functional-code":{"insertions":7,"deletions":1}}},{"hash":"dffc1e4d96a5ce6f33e9e6d64ef1cc092db60081","messageTitle":"Implement tag-del","messageBody":"","fileTypesAndContributionMap":{"functional-code":{"insertions":153,"deletions":4}}},{"hash":"0640a255cc12822ffda3c61f8c702cb1caf29570","messageTitle":"Fix checkstyle","messageBody":"","fileTypesAndContributionMap":{"functional-code":{"insertions":13,"deletions":1}}},{"hash":"9a7815930967f2671f876f6fc9d7d4ba03a153b8","messageTitle":"Fix import checkstyle","messageBody":"","fileTypesAndContributionMap":{"functional-code":{"insertions":12,"deletions":1}}}]},{"date":"2022-03-15","commitResults":[{"hash":"43f2d2f4155853489b374ab4922a35c704295237","messageTitle":"Fix import checkstyle","messageBody":"","fileTypesAndContributionMap":{"functional-code":{"insertions":25,"deletions":24}}},{"hash":"aaf9638b08f72b1da714283b76fd59d9fb522ed8","messageTitle":"Fix checkstyle and conflicts with origin/master","messageBody":"","fileTypesAndContributionMap":{"functional-code":{"insertions":26,"deletions":26}}}]},{"date":"2022-03-17","commitResults":[{"hash":"7153064977c4b5356502d17106e10d0ff473fb5a","messageTitle":"Add test class for AddTagCommand","messageBody":"","fileTypesAndContributionMap":{"test-code":{"insertions":61,"deletions":0}}},{"hash":"ab0b35cfbaa7152cee0f8458782d534cf32074f0","messageTitle":"Fix checkstyle","messageBody":"","fileTypesAndContributionMap":{"test-code":{"insertions":3,"deletions":6}}},{"hash":"0530acac1054b4d462ddb989a496199d704be056","messageTitle":"AddTagCommand: Add test for out of bounds index","messageBody":"","fileTypesAndContributionMap":{"functional-code":{"insertions":1,"deletions":0},"test-code":{"insertions":17,"deletions":1}}},{"hash":"3fa34c8d2d2c62e8d2e7efc9b66baf01c946c294","messageTitle":"Fix import checkstyle","messageBody":"","fileTypesAndContributionMap":{"test-code":{"insertions":3,"deletions":1}}},{"hash":"7dbd52cb6fb38e199d13302b054cd52d5a989a62","messageTitle":"AddTagCommandTest.java: Add simple equals test","messageBody":"","fileTypesAndContributionMap":{"functional-code":{"insertions":3,"deletions":11},"test-code":{"insertions":11,"deletions":0}}},{"hash":"60a67d87c4d4318d2c96151d8142afde6137d09e","messageTitle":"AddTagCommandTest.java: Delete unused imports","messageBody":"","fileTypesAndContributionMap":{"test-code":{"insertions":0,"deletions":2}}},{"hash":"db25939901d805717f2c7eb8912c7f7d7c90d0db","messageTitle":"Add tests for AddTagCommandParser","messageBody":"","fileTypesAndContributionMap":{"functional-code":{"insertions":9,"deletions":4},"test-code":{"insertions":34,"deletions":1}}},{"hash":"e60f6e2d1e04f07b82f3947b92d12b60e9eecef6","messageTitle":"Add DeleteTagCommandTest.java","messageBody":"","fileTypesAndContributionMap":{"functional-code":{"insertions":4,"deletions":10},"test-code":{"insertions":85,"deletions":0}}},{"hash":"d47baa6b1b05f78ddf4c4988c69583cc3236aab1","messageTitle":"Add DeleteTagCommandParserTest.java","messageBody":"","fileTypesAndContributionMap":{"test-code":{"insertions":32,"deletions":0}}},{"hash":"039f333ba2bb84409b8654f5aed1f27bfa1b899d","messageTitle":"Fix checkstyle","messageBody":"","fileTypesAndContributionMap":{"test-code":{"insertions":13,"deletions":14}}}]}]},"authorFileTypeContributionMap":{"prgJ":{"docs":80,"functional-code":274,"test-code":353},"AAlghrairy":{"docs":273,"functional-code":1340,"test-code":814},"Rye-Catcher":{"docs":244,"functional-code":283,"test-code":427},"simjunheng":{"docs":448,"functional-code":2167,"test-code":2054,"other":4},"juayhee":{"docs":68,"functional-code":300,"test-code":234}},"authorContributionVariance":{"prgJ":9977.985,"AAlghrairy":176741.84,"Rye-Catcher":8084.7627,"simjunheng":205439.55,"juayhee":6757.0864},"authorDisplayNameMap":{"prgJ":"CS2103T-W14-2 PRAG.. JHA","AAlghrairy":"CS2103T-W14-2 AL G..AL S","Rye-Catcher":"CS2103T-W14-2 LYU ..TENG","simjunheng":"CS2103T-W14-2 SIM ..HENG","juayhee":"CS2103T-W14-2 TAN .. HEE"}}
