{"authorDailyContributionsMap":{"cheekean5848":[{"date":"2022-03-06","commitResults":[{"hash":"ad3908ffa54d95c0504831c53e7b4c8801ab850c","messageTitle":"Add first part of Section 2.0","messageBody":"Add the info for adding, viewing and deleting contact info.\n","fileTypesAndContributionMap":{"docs":{"insertions":19,"deletions":171}}},{"hash":"3777849477fde1ddca7bb51b04c8c68ae63f8b6a","messageTitle":"Modify styles","messageBody":"","fileTypesAndContributionMap":{"docs":{"insertions":2,"deletions":1}}},{"hash":"86e71374cd5ff623d8e327ba6a8f12d21ddb9ca4","messageTitle":"Add new line at EOF","messageBody":"","fileTypesAndContributionMap":{"docs":{"insertions":1,"deletions":2}}},{"hash":"d0973872f099b5a94038a307dbf676dc7f84331d","messageTitle":"Included layout and title","messageBody":"","fileTypesAndContributionMap":{"docs":{"insertions":6,"deletions":1}}},{"hash":"367bd5333b62ffbc1093d74ee68bd5d96a27faf5","messageTitle":"Add a new ling at EOF","messageBody":"","fileTypesAndContributionMap":{"docs":{"insertions":1,"deletions":1}}},{"hash":"1e46a9b693dcfead02dc133b2787f555383c78bc","messageTitle":"Update docs/UserGuide.md","messageBody":"Co-authored-by: Clement Tee \u003c56408987+clement0010@users.noreply.github.com\u003e","fileTypesAndContributionMap":{"docs":{"insertions":1,"deletions":1}}},{"hash":"a924cc1fe4450494f1a75c817541c2b79354f3ae","messageTitle":"Update AboutUs page","messageBody":"Include the roles and responsibilities for each member\n","fileTypesAndContributionMap":{"docs":{"insertions":23,"deletions":34}}},{"hash":"982d304b06a7d3ee51bf03bae793e8ec965dce89","messageTitle":"Update AboutUs page","messageBody":"Include Justin details\n","fileTypesAndContributionMap":{"docs":{"insertions":10,"deletions":0}}},{"hash":"43024765738a83e9b6e0b16bed59a3c5d3eda7dd","messageTitle":"Modify checkstyles","messageBody":"","fileTypesAndContributionMap":{"docs":{"insertions":2,"deletions":2}}},{"hash":"360bb1b10c64e0aba6f4ae12e27987f4a582bd64","messageTitle":"Add Chee Kean\u0027s skeletal PPP","messageBody":"","fileTypesAndContributionMap":{"docs":{"insertions":20,"deletions":46}}},{"hash":"659b2b6b269a8e4c8e230a837519b54cdc0f214b","messageTitle":"Update Developer Guide","messageBody":"Add in user stories, use cases and NFRs\n","fileTypesAndContributionMap":{"docs":{"insertions":27,"deletions":319}}}]}],"sibinhho99-nus":[{"date":"2022-03-06","commitResults":[{"hash":"2ed60e33bdcfd43e896032689f63d5de8e07eb4c","messageTitle":"Add create, view and edit medical information","messageBody":"","fileTypesAndContributionMap":{"docs":{"insertions":47,"deletions":7}}},{"hash":"c4fc4584bfef223b166864bdcca74a6c5a2d97b6","messageTitle":"Add images to create, view and edit medical information in UserGuide.md","messageBody":"","fileTypesAndContributionMap":{"docs":{"insertions":2,"deletions":2}}},{"hash":"b5c7825ebcaed0def34af97200ce8e943639ccf5","messageTitle":"Improve user guide formatting","messageBody":"","fileTypesAndContributionMap":{"docs":{"insertions":19,"deletions":18}}},{"hash":"cdaa4c0f1b64b037998345b10ac6773807978e1b","messageTitle":"Rename user guide\u0027s images","messageBody":"","fileTypesAndContributionMap":{"docs":{"insertions":2,"deletions":2}}},{"hash":"e046f2ce11528e322353b67d3c37a71e11e52c27","messageTitle":"Fix broken link due to merge","messageBody":"","fileTypesAndContributionMap":{"docs":{"insertions":4,"deletions":5}}},{"hash":"6a2efb11dffdf0c9849702fdad3134aabdfa6984","messageTitle":"Fix some inconsistencies in User\u0027s guide","messageBody":"","fileTypesAndContributionMap":{"docs":{"insertions":9,"deletions":9}}},{"hash":"67f3c00ac7b873ae7886546ff70d6f673718ea19","messageTitle":"Add PPP skeleton","messageBody":"","fileTypesAndContributionMap":{"docs":{"insertions":14,"deletions":0}}}]}],"clement0010":[{"date":"2022-03-06","commitResults":[{"hash":"7fa04524d19c307d3a3666652efbc0d85758a8c3","messageTitle":"Update user guide overview and setup guide","messageBody":"","fileTypesAndContributionMap":{"docs":{"insertions":12,"deletions":177}}},{"hash":"e033e1eb89c7608bbc0d4e3b41f46ab03c0b7b58","messageTitle":"Remove trailing whitespace","messageBody":"","fileTypesAndContributionMap":{"docs":{"insertions":13,"deletions":12}}},{"hash":"2ec74c10b5e99f12a78852db5d536db6490a4b75","messageTitle":"Remove redundant newline","messageBody":"","fileTypesAndContributionMap":{"docs":{"insertions":0,"deletions":1}}},{"hash":"9906031dd3f5e074b1c09908718e9be4c7e16d83","messageTitle":"Remove new line at EOF","messageBody":"","fileTypesAndContributionMap":{"docs":{"insertions":1,"deletions":2}}},{"hash":"33db47aa3695ad8abbb6cbb3e7c37908a1aae95b","messageTitle":"Add new line at EOP","messageBody":"","fileTypesAndContributionMap":{"docs":{"insertions":2,"deletions":1}}},{"hash":"ee9faf7e77a1771b7b8fef279b146f814fc6bc6c","messageTitle":"Add icon in user guide","messageBody":"","fileTypesAndContributionMap":{"docs":{"insertions":4,"deletions":1}}},{"hash":"2a8226477a018744b8ea8c27a159562d2422cc87","messageTitle":"Update readme","messageBody":"","fileTypesAndContributionMap":{"docs":{"insertions":6,"deletions":7}}},{"hash":"23c4ac6e6e018f173983db072c343234fcb08fa6","messageTitle":"Add overview section","messageBody":"","fileTypesAndContributionMap":{"docs":{"insertions":2,"deletions":0}}},{"hash":"aa27735e143b0bf166270cf284effede55bf4639","messageTitle":"Update markdown style","messageBody":"","fileTypesAndContributionMap":{"docs":{"insertions":1,"deletions":1}}},{"hash":"40b3d19fd75ed76cecb876d4450984141bdd7fee","messageTitle":"Add Project Portfolio Page","messageBody":"","fileTypesAndContributionMap":{"docs":{"insertions":26,"deletions":0}}},{"hash":"57b2495bd20d087e1720bf2472de01ca14659f34","messageTitle":"Integrate user guide and cleaning up for consistency","messageBody":"","fileTypesAndContributionMap":{"docs":{"insertions":66,"deletions":73}}},{"hash":"b72669ef5d5a9c3123ca422292c0f9116c94222c","messageTitle":"Update index.md in docs","messageBody":"","fileTypesAndContributionMap":{"docs":{"insertions":9,"deletions":6}}},{"hash":"02b285b074dfd10b81983b57d518260345b63a42","messageTitle":"Remove table of content header from table of content","messageBody":"","fileTypesAndContributionMap":{"docs":{"insertions":0,"deletions":1}}},{"hash":"61b58d46f16c3a3d0f08535608d94e583c2b1e72","messageTitle":"Update clement0010.md","messageBody":"","fileTypesAndContributionMap":{"docs":{"insertions":1,"deletions":1}}},{"hash":"8a99af4ce00b1951e2ce14b461ca007e275d5cc0","messageTitle":"Update DeveloperGuide.md","messageBody":"","fileTypesAndContributionMap":{"docs":{"insertions":35,"deletions":31}}}]},{"date":"2022-03-13","commitResults":[{"hash":"7b0403f5115856847660d78072752f24f818cb82","messageTitle":"Add nric attribute to person","messageBody":"This commit includes updating edit command and add command to take in NRIC as an attribute.","fileTypesAndContributionMap":{"functional-code":{"insertions":100,"deletions":5}}},{"hash":"4e597b2b4decff2c632c4b88aabef2e5de0b6acc","messageTitle":"Update test cases to support nric","messageBody":"","fileTypesAndContributionMap":{"functional-code":{"insertions":36,"deletions":16},"test-code":{"insertions":45,"deletions":10}}},{"hash":"200275914b3563bc002829f38d6f3d14c7bf1f1e","messageTitle":"Add add patient command","messageBody":"","fileTypesAndContributionMap":{"functional-code":{"insertions":168,"deletions":1}}},{"hash":"a9159536b94e21b497c0ce84974f2f26dea7a5f2","messageTitle":"Update person test cases to support nric","messageBody":"","fileTypesAndContributionMap":{"functional-code":{"insertions":1,"deletions":1},"test-code":{"insertions":61,"deletions":29}}},{"hash":"b8b08c232129c962c008dffcec42e53285174ef0","messageTitle":"Update add and edit commands and parsers","messageBody":"","fileTypesAndContributionMap":{"functional-code":{"insertions":12,"deletions":3}}},{"hash":"385533d394d1c69415795581e7e28614d04a50e7","messageTitle":"Fix long line codestyle","messageBody":"","fileTypesAndContributionMap":{"functional-code":{"insertions":4,"deletions":2}}},{"hash":"d3bc739bee0364cc87b8587476a3c47bab3e4c7a","messageTitle":"Update test cases code style","messageBody":"","fileTypesAndContributionMap":{"test-code":{"insertions":36,"deletions":25}}},{"hash":"af8b9d3af14bfd8836929b27e5fa48940d6544d5","messageTitle":"Remove add person command","messageBody":"","fileTypesAndContributionMap":{"functional-code":{"insertions":0,"deletions":4}}},{"hash":"fe09cbeda0a1b0cf57ccbb585355fb5c7fcd7d05","messageTitle":"Update test cases","messageBody":"","fileTypesAndContributionMap":{"functional-code":{"insertions":0,"deletions":37},"other":{"insertions":0,"deletions":0},"test-code":{"insertions":41,"deletions":41}}},{"hash":"8634c0b61badd520170a757bf49583343761dc30","messageTitle":"Update medbook add contact logic","messageBody":"","fileTypesAndContributionMap":{"functional-code":{"insertions":144,"deletions":40}}},{"hash":"45877c60c40e9b5a0f2bd67f70b7c117840b8fb0","messageTitle":"Add medbook contact model","messageBody":"","fileTypesAndContributionMap":{"functional-code":{"insertions":303,"deletions":9}}},{"hash":"ee202698bf8e45cfa59465de8b040dea29de4d67","messageTitle":"Update package naming","messageBody":"","fileTypesAndContributionMap":{"functional-code":{"insertions":3,"deletions":3}}}]}],"juslam19":[],"joey-chance":[{"date":"2022-03-06","commitResults":[{"hash":"bb4bca0ab2a92041f239ad1d470075bc72e3fb5b","messageTitle":"Add Section 3.0 FAQ and Section 4.0 Command Summary to User Guide","messageBody":"","fileTypesAndContributionMap":{"docs":{"insertions":15,"deletions":191}}},{"hash":"3086fcbd6a525a55ac70c15981b6100a81b9b470","messageTitle":"Update docs/UserGuide.md","messageBody":"Co-authored-by: Clement Tee \u003c56408987+clement0010@users.noreply.github.com\u003e","fileTypesAndContributionMap":{"docs":{"insertions":1,"deletions":0}}},{"hash":"80e76c6c5a26fdc431290636556ec7ce2fecd5aa","messageTitle":"Added part that should be retained","messageBody":"","fileTypesAndContributionMap":{"docs":{"insertions":4,"deletions":0}}},{"hash":"8e978a27c018d7ca653e5d8f1153556c3d34b9dc","messageTitle":"Add User Guide sections 2.7, 2.8 and 2.9","messageBody":"","fileTypesAndContributionMap":{"docs":{"insertions":43,"deletions":174}}},{"hash":"04c39a733cf58b2af5a761d6e9b13491d4149235","messageTitle":"Minor fixes","messageBody":"","fileTypesAndContributionMap":{"docs":{"insertions":0,"deletions":1}}},{"hash":"a2372561283a6a942a7c10c3ff6437e91a6241e3","messageTitle":"Create joey-chance.md","messageBody":"","fileTypesAndContributionMap":{"docs":{"insertions":14,"deletions":0}}}]},{"date":"2022-03-07","commitResults":[{"hash":"df7a06bfb43a22eb3bc5359cdbba270278e7b7ac","messageTitle":"Add empty line between header and table to fix how table is rendered on GitHub Pages. Refer to: https://github.com/pages-themes/cayman/issues/82","messageBody":"","fileTypesAndContributionMap":{"docs":{"insertions":2,"deletions":1}}}]}]},"authorFileTypeContributionMap":{"cheekean5848":{"docs":76,"functional-code":0,"test-code":0},"sibinhho99-nus":{"docs":39,"functional-code":0,"test-code":0},"clement0010":{"docs":112,"functional-code":694,"test-code":150},"juslam19":{"docs":0,"functional-code":0,"test-code":0},"joey-chance":{"docs":45,"functional-code":0,"test-code":0}},"authorContributionVariance":{"cheekean5848":19010.938,"sibinhho99-nus":782.63885,"clement0010":63249.223,"juslam19":0.0,"joey-chance":7832.0767},"authorDisplayNameMap":{"cheekean5848":"CS2103T-T11-1 LOO ..KEAN","sibinhho99-nus":"CS2103T-T11-1 HO S..BINH","clement0010":"CS2103T-T11-1 CLEM..HENG","juslam19":"CS2103T-T11-1 JUST.. ONN","joey-chance":"CS2103T-T11-1 JOEY..ANCE"}}
