{"authorDailyContributionsMap":{"cheekean5848":[{"date":"2022-03-06","commitResults":[{"hash":"ad3908ffa54d95c0504831c53e7b4c8801ab850c","messageTitle":"Add first part of Section 2.0","messageBody":"Add the info for adding, viewing and deleting contact info.\n","fileTypesAndContributionMap":{"docs":{"insertions":19,"deletions":171}}},{"hash":"3777849477fde1ddca7bb51b04c8c68ae63f8b6a","messageTitle":"Modify styles","messageBody":"","fileTypesAndContributionMap":{"docs":{"insertions":2,"deletions":1}}},{"hash":"86e71374cd5ff623d8e327ba6a8f12d21ddb9ca4","messageTitle":"Add new line at EOF","messageBody":"","fileTypesAndContributionMap":{"docs":{"insertions":1,"deletions":2}}},{"hash":"d0973872f099b5a94038a307dbf676dc7f84331d","messageTitle":"Included layout and title","messageBody":"","fileTypesAndContributionMap":{"docs":{"insertions":6,"deletions":1}}},{"hash":"367bd5333b62ffbc1093d74ee68bd5d96a27faf5","messageTitle":"Add a new ling at EOF","messageBody":"","fileTypesAndContributionMap":{"docs":{"insertions":1,"deletions":1}}},{"hash":"1e46a9b693dcfead02dc133b2787f555383c78bc","messageTitle":"Update docs/UserGuide.md","messageBody":"Co-authored-by: Clement Tee \u003c56408987+clement0010@users.noreply.github.com\u003e","fileTypesAndContributionMap":{"docs":{"insertions":1,"deletions":1}}},{"hash":"a924cc1fe4450494f1a75c817541c2b79354f3ae","messageTitle":"Update AboutUs page","messageBody":"Include the roles and responsibilities for each member\n","fileTypesAndContributionMap":{"docs":{"insertions":23,"deletions":34}}},{"hash":"982d304b06a7d3ee51bf03bae793e8ec965dce89","messageTitle":"Update AboutUs page","messageBody":"Include Justin details\n","fileTypesAndContributionMap":{"docs":{"insertions":10,"deletions":0}}},{"hash":"43024765738a83e9b6e0b16bed59a3c5d3eda7dd","messageTitle":"Modify checkstyles","messageBody":"","fileTypesAndContributionMap":{"docs":{"insertions":2,"deletions":2}}},{"hash":"360bb1b10c64e0aba6f4ae12e27987f4a582bd64","messageTitle":"Add Chee Kean\u0027s skeletal PPP","messageBody":"","fileTypesAndContributionMap":{"docs":{"insertions":20,"deletions":46}}},{"hash":"659b2b6b269a8e4c8e230a837519b54cdc0f214b","messageTitle":"Update Developer Guide","messageBody":"Add in user stories, use cases and NFRs\n","fileTypesAndContributionMap":{"docs":{"insertions":27,"deletions":319}}}]},{"date":"2022-03-07","commitResults":[{"hash":"bbaf7d6c924e65dcb800f94300b15e376d8d9b17","messageTitle":"update About us","messageBody":"","fileTypesAndContributionMap":{"docs":{"insertions":4,"deletions":4}}}]},{"date":"2022-03-14","commitResults":[{"hash":"2e03d5ea65ab5bb94a304620b4d263435f6f7c9a","messageTitle":"Add prescription model","messageBody":"","fileTypesAndContributionMap":{"functional-code":{"insertions":359,"deletions":0}}}]},{"date":"2022-03-15","commitResults":[{"hash":"b386fe2145614e96a9edff8dc43579f3289a0b54","messageTitle":"Add create prescription functionality","messageBody":"","fileTypesAndContributionMap":{"functional-code":{"insertions":583,"deletions":153},"other":{"insertions":78,"deletions":78},"docs":{"insertions":33,"deletions":33},"test-code":{"insertions":163,"deletions":163}}},{"hash":"d4759c6292d7d2325eafba92e5abdbe44cc42187","messageTitle":"Add javadocs","messageBody":"","fileTypesAndContributionMap":{"functional-code":{"insertions":97,"deletions":23}}},{"hash":"284487e5c6bfd51ba1049a9aa39ae4dd0d6abc9a","messageTitle":"Update the checkstyles","messageBody":"","fileTypesAndContributionMap":{"functional-code":{"insertions":25,"deletions":7}}},{"hash":"05efa827b961f6f347adb1beb48477ff1450fcda","messageTitle":"Remove unused imports","messageBody":"","fileTypesAndContributionMap":{"functional-code":{"insertions":0,"deletions":1}}},{"hash":"7a47eac54c442e02fda46cb74929702351cdc48a","messageTitle":"Update the test","messageBody":"","fileTypesAndContributionMap":{"test-code":{"insertions":28,"deletions":0}}},{"hash":"20374de340874d63ec173fbd753abb418b095318","messageTitle":"Improve the codestyles","messageBody":"","fileTypesAndContributionMap":{"functional-code":{"insertions":12,"deletions":13}}},{"hash":"1307bc9d105bd59b95e26f7e108d8b696fc87464","messageTitle":"Add view prescription command","messageBody":"","fileTypesAndContributionMap":{"functional-code":{"insertions":123,"deletions":20}}},{"hash":"30e4df338d239b91eecbe40eee3b46ea3ae13467","messageTitle":"Update AddCommandTest","messageBody":"","fileTypesAndContributionMap":{"test-code":{"insertions":5,"deletions":0}}}]},{"date":"2022-03-17","commitResults":[{"hash":"031ae73d3f661cb3c82ac2925b567856b28945cb","messageTitle":"Change the application icon","messageBody":"","fileTypesAndContributionMap":{"functional-code":{"insertions":9,"deletions":6}}}]},{"date":"2022-03-18","commitResults":[{"hash":"bebdcf202d682dd5985194079998de3728263c8e","messageTitle":"Add Delete functionality and update the application icon","messageBody":"","fileTypesAndContributionMap":{"functional-code":{"insertions":148,"deletions":14},"other":{"insertions":13,"deletions":12},"docs":{"insertions":1,"deletions":1},"test-code":{"insertions":6,"deletions":6}}},{"hash":"26ec3c24d0e19b8f6aaea4969f373d5afdbd6868","messageTitle":"Fix some minor bugs","messageBody":"","fileTypesAndContributionMap":{"functional-code":{"insertions":0,"deletions":1}}},{"hash":"c9aa52d14fb0ab5403169ac80dbfc550da52ceb0","messageTitle":"Add the deletePrescription in test folder","messageBody":"","fileTypesAndContributionMap":{"test-code":{"insertions":5,"deletions":0}}},{"hash":"73167fd43358892bbb34502eb378c4e5aac09ab2","messageTitle":"Update AddCommand.java and ViewCommand.java","messageBody":"","fileTypesAndContributionMap":{"functional-code":{"insertions":2,"deletions":2}}}]},{"date":"2022-03-25","commitResults":[{"hash":"89d64c38dc900605e8fb7f1e6ca7a83d3e427be5","messageTitle":"Update user guide according to the latest features","messageBody":"","fileTypesAndContributionMap":{"docs":{"insertions":115,"deletions":68}}},{"hash":"954ef5efde27613a187f53c5c0ee780087aa1c41","messageTitle":"Update the developer guide by adding the delete sequence diagram to explain the flow of deleting","messageBody":"","fileTypesAndContributionMap":{"docs":{"insertions":54,"deletions":31}}}]},{"date":"2022-03-26","commitResults":[{"hash":"2558c484630a766dc1c1053824d2eece37ef58b3","messageTitle":"Add command history to MedBook","messageBody":"User can navigate the successful command history by pressing up and down\nkey\n","fileTypesAndContributionMap":{"functional-code":{"insertions":79,"deletions":3}}}]},{"date":"2022-03-27","commitResults":[{"hash":"389e0f1277dd7dad030ee71710c57f3d41aca875","messageTitle":"Add JavaDoc","messageBody":"","fileTypesAndContributionMap":{"functional-code":{"insertions":14,"deletions":5}}}]},{"date":"2022-03-29","commitResults":[{"hash":"8f4de14f316210ee2ee34ce35e158128154b09de","messageTitle":"Add edit prescription function","messageBody":"","fileTypesAndContributionMap":{"functional-code":{"insertions":241,"deletions":3}}},{"hash":"b7e960148392b833e90320db7ba6f7e600771285","messageTitle":"Update src/main/java/seedu/address/logic/commands/prescription/EditPrescriptionCommand.java","messageBody":"Co-authored-by: Joey Chance \u003c92976979+joey-chance@users.noreply.github.com\u003e","fileTypesAndContributionMap":{"functional-code":{"insertions":1,"deletions":1}}}]},{"date":"2022-03-30","commitResults":[{"hash":"3583a5c65be50bf054ba6e4050f7dde1fd800b10","messageTitle":"Update delete patient function and change the name from person to patient","messageBody":"","fileTypesAndContributionMap":{"functional-code":{"insertions":101,"deletions":55},"other":{"insertions":12,"deletions":12},"test-code":{"insertions":117,"deletions":117}}},{"hash":"d5d0a483b007f549be7c611a26c62040827c3db7","messageTitle":"Fix bug","messageBody":"","fileTypesAndContributionMap":{"functional-code":{"insertions":1,"deletions":1}}},{"hash":"c278db6f3d46af704abfb3c9118c5d9faeeaf351","messageTitle":"Change person to patient","messageBody":"","fileTypesAndContributionMap":{"functional-code":{"insertions":13,"deletions":13},"other":{"insertions":32,"deletions":32},"test-code":{"insertions":105,"deletions":105}}},{"hash":"520f1d2b387810a6484dcd2504a09de2a46ca9b5","messageTitle":"Fix bugs","messageBody":"","fileTypesAndContributionMap":{"functional-code":{"insertions":1,"deletions":0}}},{"hash":"622d3b51a612a0da80338a23600ff11d2e815b2f","messageTitle":"Fix whiteline trailing","messageBody":"","fileTypesAndContributionMap":{"functional-code":{"insertions":0,"deletions":3}}}]},{"date":"2022-03-31","commitResults":[{"hash":"e3d30e1723c485a63ac27bd96ef83f60aa4c0e15","messageTitle":"Fix delete last entry bug","messageBody":"","fileTypesAndContributionMap":{"functional-code":{"insertions":8,"deletions":6}}}]},{"date":"2022-04-01","commitResults":[{"hash":"54d84824788d883bde490db13561b08f78141a97","messageTitle":"Enhance the summary view","messageBody":"","fileTypesAndContributionMap":{"functional-code":{"insertions":510,"deletions":42}}},{"hash":"7f6b7e9ab398d8ec5da4a13222e618dfb33897c6","messageTitle":"Fix Bugs","messageBody":"","fileTypesAndContributionMap":{"functional-code":{"insertions":14,"deletions":5}}},{"hash":"157696ac79acc9064b9fcce7af8b127012f7878c","messageTitle":"Update User Guide","messageBody":"","fileTypesAndContributionMap":{"docs":{"insertions":58,"deletions":25}}}]},{"date":"2022-04-02","commitResults":[{"hash":"19d57aafa6cd042360dcd08ba480510795669d3a","messageTitle":"Fix Summary Ui Bug","messageBody":"","fileTypesAndContributionMap":{"functional-code":{"insertions":1,"deletions":0}}},{"hash":"b1ffc98fa805adae35e59e9249ac7ea2c0db4074","messageTitle":"Bugs fixing","messageBody":"Fix the issues that user can\u0027t add details whenever in find or summary\n","fileTypesAndContributionMap":{"functional-code":{"insertions":56,"deletions":52},"test-code":{"insertions":6,"deletions":6}}},{"hash":"1725a8051c492a8351724a65354564c52ef60135","messageTitle":"Update Check","messageBody":"","fileTypesAndContributionMap":{"functional-code":{"insertions":0,"deletions":1}}},{"hash":"a285773ea59f6c183f937c6e34899352302fc1e1","messageTitle":"Fix bugs","messageBody":"","fileTypesAndContributionMap":{"functional-code":{"insertions":38,"deletions":38},"test-code":{"insertions":4,"deletions":4}}},{"hash":"dd90288ec464a9b1843675b28f95780863d9d4e5","messageTitle":"Add Command Manager and fix Major bugs","messageBody":"","fileTypesAndContributionMap":{"functional-code":{"insertions":265,"deletions":198},"test-code":{"insertions":2,"deletions":2}}},{"hash":"f67c588a93d8a0fdcb806a15939ba020e35a0e64","messageTitle":"Remove unused imports","messageBody":"","fileTypesAndContributionMap":{"functional-code":{"insertions":0,"deletions":32}}},{"hash":"348d0b4b019034db35271f86a61c4992a435e57e","messageTitle":"Remove unused imports","messageBody":"","fileTypesAndContributionMap":{"functional-code":{"insertions":0,"deletions":1}}}]},{"date":"2022-04-03","commitResults":[{"hash":"6877b94fcc0c49b0516c85e2a8dd6f85c4959f31","messageTitle":"Update Test","messageBody":"","fileTypesAndContributionMap":{"functional-code":{"insertions":17,"deletions":17},"test-code":{"insertions":5,"deletions":0}}},{"hash":"4e5e5926f1b19eb3e66325e807a65e1188124aa5","messageTitle":"Update test files","messageBody":"","fileTypesAndContributionMap":{"functional-code":{"insertions":0,"deletions":8},"test-code":{"insertions":0,"deletions":5}}}]},{"date":"2022-04-05","commitResults":[{"hash":"e7b629fd297dd48b1cb8de3dad845b5636dd5476","messageTitle":"Add Test file for prescription","messageBody":"","fileTypesAndContributionMap":{"functional-code":{"insertions":248,"deletions":208},"other":{"insertions":54,"deletions":54},"test-code":{"insertions":712,"deletions":108}}},{"hash":"6b6fbe60991ea4b208f4330dc8bbe5203d275b63","messageTitle":"Remove unused imports","messageBody":"","fileTypesAndContributionMap":{"functional-code":{"insertions":0,"deletions":1}}},{"hash":"262f043a45a5ec700d6aedaa23b35f2a8295412a","messageTitle":"Fix checkstyles","messageBody":"","fileTypesAndContributionMap":{"test-code":{"insertions":25,"deletions":52}}},{"hash":"4ef59c148dad60b90e2ff0664da4555d8e2dba7e","messageTitle":"Fix Checkstyles","messageBody":"","fileTypesAndContributionMap":{"test-code":{"insertions":9,"deletions":8}}},{"hash":"d832b7ee5769fedb8f6705d602ba6ca2300c2e6d","messageTitle":"Reorder import","messageBody":"","fileTypesAndContributionMap":{"test-code":{"insertions":3,"deletions":4}}},{"hash":"ee6a40233bdb1a712cf90a7c75583174fb94ddf9","messageTitle":"Update checkstyles","messageBody":"","fileTypesAndContributionMap":{"test-code":{"insertions":9,"deletions":8}}},{"hash":"faac5dfa5873d159054373a47ed01f47c7d8f723","messageTitle":"Remove unused import","messageBody":"","fileTypesAndContributionMap":{"test-code":{"insertions":0,"deletions":1}}}]},{"date":"2022-04-07","commitResults":[{"hash":"2a3606e9e780ab30576840b1a07ada6d6470c6b6","messageTitle":"Update UG","messageBody":"","fileTypesAndContributionMap":{"docs":{"insertions":16,"deletions":7}}}]}],"sibinhho99-nus":[{"date":"2022-03-06","commitResults":[{"hash":"2ed60e33bdcfd43e896032689f63d5de8e07eb4c","messageTitle":"Add create, view and edit medical information","messageBody":"","fileTypesAndContributionMap":{"docs":{"insertions":47,"deletions":7}}},{"hash":"c4fc4584bfef223b166864bdcca74a6c5a2d97b6","messageTitle":"Add images to create, view and edit medical information in UserGuide.md","messageBody":"","fileTypesAndContributionMap":{"docs":{"insertions":2,"deletions":2}}},{"hash":"b5c7825ebcaed0def34af97200ce8e943639ccf5","messageTitle":"Improve user guide formatting","messageBody":"","fileTypesAndContributionMap":{"docs":{"insertions":19,"deletions":18}}},{"hash":"cdaa4c0f1b64b037998345b10ac6773807978e1b","messageTitle":"Rename user guide\u0027s images","messageBody":"","fileTypesAndContributionMap":{"docs":{"insertions":2,"deletions":2}}},{"hash":"e046f2ce11528e322353b67d3c37a71e11e52c27","messageTitle":"Fix broken link due to merge","messageBody":"","fileTypesAndContributionMap":{"docs":{"insertions":4,"deletions":5}}},{"hash":"6a2efb11dffdf0c9849702fdad3134aabdfa6984","messageTitle":"Fix some inconsistencies in User\u0027s guide","messageBody":"","fileTypesAndContributionMap":{"docs":{"insertions":9,"deletions":9}}},{"hash":"67f3c00ac7b873ae7886546ff70d6f673718ea19","messageTitle":"Add PPP skeleton","messageBody":"","fileTypesAndContributionMap":{"docs":{"insertions":14,"deletions":0}}}]},{"date":"2022-03-15","commitResults":[{"hash":"6694b2cbb334fad655d9dc3b4776cbf8ee9fc9aa","messageTitle":"Add add medical information command","messageBody":"","fileTypesAndContributionMap":{"functional-code":{"insertions":1216,"deletions":12}}},{"hash":"895749deffb94f9679faee1c302c7c1e5ead6982","messageTitle":"Add adding medical information to command test","messageBody":"","fileTypesAndContributionMap":{"test-code":{"insertions":13,"deletions":0}}},{"hash":"248898893514d1bb86dc26b739cfabdd3008f8f6","messageTitle":"Fix checkstyle for test","messageBody":"","fileTypesAndContributionMap":{"test-code":{"insertions":1,"deletions":1}}},{"hash":"8c38413759e20d7e2fff57adfdafcad4d29f9da7","messageTitle":"Fix example add command for medical","messageBody":"","fileTypesAndContributionMap":{"functional-code":{"insertions":2,"deletions":0}}},{"hash":"0e8215b6fbafd5744ff0404fecf9187854d07c5e","messageTitle":"Fix javadocs inaccuracy","messageBody":"","fileTypesAndContributionMap":{"functional-code":{"insertions":1,"deletions":1}}},{"hash":"baa0dc7f738054ef09a660cb25f501ce4ba9b483","messageTitle":"Fix merge mistake","messageBody":"","fileTypesAndContributionMap":{"functional-code":{"insertions":2,"deletions":2}}},{"hash":"1471b445e16af1e9cb6278e47b40a1977f5a6409","messageTitle":"Fix other merge mistakes","messageBody":"","fileTypesAndContributionMap":{"functional-code":{"insertions":14,"deletions":9},"test-code":{"insertions":6,"deletions":0}}},{"hash":"785a0fb05d7731ca45752fe4200b1614ca0183ca","messageTitle":"Use UniqueMedicalList","messageBody":"","fileTypesAndContributionMap":{"functional-code":{"insertions":134,"deletions":3}}},{"hash":"b21d4d4e7527b8723aedc350a0d860edfa8e41a6","messageTitle":"Add MedicalCard and ensure user cannot add duplicate medical info","messageBody":"","fileTypesAndContributionMap":{"functional-code":{"insertions":275,"deletions":1},"test-code":{"insertions":23,"deletions":0}}},{"hash":"ccf9c5e90ec0f38cd33d4f5f6830b81e6ada4335","messageTitle":"Fix grammar in Javadoc","messageBody":"","fileTypesAndContributionMap":{"functional-code":{"insertions":1,"deletions":1}}}]},{"date":"2022-03-16","commitResults":[{"hash":"17a304c296f971da801560baebbd92c51ec97360","messageTitle":"Address PR comments","messageBody":"","fileTypesAndContributionMap":{"functional-code":{"insertions":14,"deletions":15}}},{"hash":"721aa038199f86786ebaab6ead1af761ffb66963","messageTitle":"Add t/medical to message usage\u0027s parameters","messageBody":"","fileTypesAndContributionMap":{"functional-code":{"insertions":1,"deletions":0}}},{"hash":"336b0cbbaaef067713fb13dc5f2804dbcbdd8d15","messageTitle":"Add view medical information","messageBody":"","fileTypesAndContributionMap":{"functional-code":{"insertions":132,"deletions":36}}},{"hash":"99d8fca8f2bf0f12e32d44e3562d9fa4fb08fc70","messageTitle":"Update javadocs","messageBody":"","fileTypesAndContributionMap":{"functional-code":{"insertions":2,"deletions":2}}},{"hash":"b053846ced565000bee6d9c993da14e4aa869fd9","messageTitle":"Update javadocs","messageBody":"","fileTypesAndContributionMap":{"functional-code":{"insertions":1,"deletions":1}}}]},{"date":"2022-03-17","commitResults":[{"hash":"c1034d3a8cac0d632cf8a9367cae85c71c5df3ed","messageTitle":"Add delete medical information command","messageBody":"","fileTypesAndContributionMap":{"functional-code":{"insertions":141,"deletions":1},"test-code":{"insertions":6,"deletions":0}}}]},{"date":"2022-03-18","commitResults":[{"hash":"03af9d9b48794def04c063faa6b2f5b4f1960063","messageTitle":"Adapt DeleteMedicalCommand to new specification","messageBody":"","fileTypesAndContributionMap":{"functional-code":{"insertions":12,"deletions":45}}}]},{"date":"2022-03-19","commitResults":[{"hash":"e912face430f17a0f3f4aaba5665f8f3240c7cfc","messageTitle":"Add storing medical information","messageBody":"","fileTypesAndContributionMap":{"functional-code":{"insertions":268,"deletions":1}}},{"hash":"82d0e3a15527bf47c419bd90a82180b8b63f1379","messageTitle":"Address PR comments","messageBody":"","fileTypesAndContributionMap":{"functional-code":{"insertions":2,"deletions":15}}}]},{"date":"2022-03-20","commitResults":[{"hash":"259398c83c62cc39961216a28d6870e157ba41f1","messageTitle":"Add view all medical details when NRIC not specified + fix saving bug","messageBody":"","fileTypesAndContributionMap":{"functional-code":{"insertions":50,"deletions":17}}}]},{"date":"2022-03-25","commitResults":[{"hash":"0526a4ef5b3d301f5be546be68e071dfadd4c60f","messageTitle":"Add developer\u0027s guide for add/ view/ and delete medical information","messageBody":"","fileTypesAndContributionMap":{"docs":{"insertions":20,"deletions":0}}},{"hash":"74a80af423511428a3e7cb97c55ab12ce9e83225","messageTitle":"Fix inconsistency","messageBody":"","fileTypesAndContributionMap":{"docs":{"insertions":1,"deletions":1}}},{"hash":"9b465671cf59209454c95b620ff293de16a1ec6a","messageTitle":"Fix some cosmetic issues","messageBody":"","fileTypesAndContributionMap":{"docs":{"insertions":8,"deletions":8}}},{"hash":"dd6c224f69edb134d95229782a006bd5616c8cb5","messageTitle":"Add implementation details for Find","messageBody":"","fileTypesAndContributionMap":{"docs":{"insertions":15,"deletions":0}}},{"hash":"164d12ce5c3530de675cd350471bf8013ad7e080","messageTitle":"Add edit medical information command","messageBody":"","fileTypesAndContributionMap":{"functional-code":{"insertions":452,"deletions":10}}},{"hash":"9022a7c277e02ec84d6d92e99f03d85308d2719c","messageTitle":"Fix checkstyles","messageBody":"","fileTypesAndContributionMap":{"functional-code":{"insertions":75,"deletions":63},"test-code":{"insertions":4,"deletions":0}}},{"hash":"be1076fc327582f38534eba157b258fc5ab40146","messageTitle":"Address PR comment","messageBody":"","fileTypesAndContributionMap":{"functional-code":{"insertions":1,"deletions":1}}}]},{"date":"2022-03-27","commitResults":[{"hash":"7e8596945222f8fa87b385cc68456ffe280415b7","messageTitle":"Make medical information\u0027s parameters (apart from NRIC and type) optional + polish User\u0027s Guide and README.md","messageBody":"","fileTypesAndContributionMap":{"functional-code":{"insertions":45,"deletions":59},"docs":{"insertions":50,"deletions":52}}},{"hash":"7f78192d3972a56df4935400c47d1161f1e7b563","messageTitle":"Add missing help command in TOC","messageBody":"","fileTypesAndContributionMap":{"docs":{"insertions":3,"deletions":13}}},{"hash":"4f5b25859ba5c735b073e2465ddc62db05b70b73","messageTitle":"Add edit medical information to UG","messageBody":"","fileTypesAndContributionMap":{"docs":{"insertions":10,"deletions":0}}},{"hash":"034a25e0760cd64a12409e88adf58344d6b09182","messageTitle":"Update User Guide and project name in docs","messageBody":"","fileTypesAndContributionMap":{"docs":{"insertions":23,"deletions":15}}},{"hash":"03c4f4eea2b54498587495599d76c2e499126978","messageTitle":"Remove stray n dash","messageBody":"","fileTypesAndContributionMap":{"docs":{"insertions":1,"deletions":1}}},{"hash":"d157acf94bea243301bad4159aab68d56305c939","messageTitle":"Improve User\u0027s Guide","messageBody":"","fileTypesAndContributionMap":{"docs":{"insertions":16,"deletions":17}}}]},{"date":"2022-03-29","commitResults":[{"hash":"694e17b79dfb848284646b6778423295a781296b","messageTitle":"Add viewing summary of patient command","messageBody":"","fileTypesAndContributionMap":{"functional-code":{"insertions":218,"deletions":7}}},{"hash":"e3c7a2138c0e5b1fe4d6f30dbbfffa89648f4bce","messageTitle":"Fix checkstyle","messageBody":"","fileTypesAndContributionMap":{"functional-code":{"insertions":27,"deletions":36}}},{"hash":"2719a2656a9f589a4cf108b60ef3add5dbdfc34d","messageTitle":"Update User\u0027s Guide and some cosmetic changes","messageBody":"","fileTypesAndContributionMap":{"functional-code":{"insertions":1,"deletions":1},"docs":{"insertions":13,"deletions":3}}},{"hash":"2021831abe5907ad14e2575cb61d11948637af85","messageTitle":"Make tests compile","messageBody":"","fileTypesAndContributionMap":{"test-code":{"insertions":7,"deletions":2}}},{"hash":"a105e794eb2821efd2df35a078d002df5ade3330","messageTitle":"Wrap text and add screen title for Summary","messageBody":"","fileTypesAndContributionMap":{"functional-code":{"insertions":24,"deletions":6}}},{"hash":"eb1ffad76d2ff55ea5bd90667269638e6cead40a","messageTitle":"Wrap text and add screen title for Summary","messageBody":"","fileTypesAndContributionMap":{"functional-code":{"insertions":11,"deletions":7}}},{"hash":"b07eeebf8805675831142356a70872c75e01d85b","messageTitle":"Update User Guide","messageBody":"","fileTypesAndContributionMap":{"docs":{"insertions":3,"deletions":2}}},{"hash":"8ce48d02e90c523cf6bb2d28fd3dd687e956494a","messageTitle":"Set larger default height for summary text area","messageBody":"","fileTypesAndContributionMap":{"functional-code":{"insertions":1,"deletions":1}}},{"hash":"4aa8cc41e99228dea0366188028604e4b6b1b7b3","messageTitle":"Add validation patient exists for summary","messageBody":"","fileTypesAndContributionMap":{"functional-code":{"insertions":7,"deletions":0}}},{"hash":"05ba3d67605ca57f7212f69c92994e4041009785","messageTitle":"Fix failing test","messageBody":"","fileTypesAndContributionMap":{"functional-code":{"insertions":1,"deletions":1}}},{"hash":"dba2fe1f60a808ebb3c5a41f23668f92218f53d1","messageTitle":"Fix merge conflict","messageBody":"","fileTypesAndContributionMap":{"functional-code":{"insertions":1,"deletions":5}}},{"hash":"e13b6a1304164855a329e573fb8a6ac54a68934b","messageTitle":"Update UserGuide.md","messageBody":"","fileTypesAndContributionMap":{"docs":{"insertions":2,"deletions":1}}}]},{"date":"2022-03-30","commitResults":[{"hash":"bccddf4d95b49f0be53984bdb47d6f6e37aa5575","messageTitle":"Fix deleting target on Summary screen","messageBody":"","fileTypesAndContributionMap":{"functional-code":{"insertions":2,"deletions":0}}},{"hash":"9399c2e55343260355487bcdf9fba700353712e5","messageTitle":"Fix checkstyle","messageBody":"","fileTypesAndContributionMap":{"functional-code":{"insertions":1,"deletions":2}}}]},{"date":"2022-03-31","commitResults":[{"hash":"31a3e590587163831caba34c11e139e13fed7a45","messageTitle":"Allow blood type to take any values","messageBody":"","fileTypesAndContributionMap":{"functional-code":{"insertions":4,"deletions":4}}},{"hash":"e7e1d7008aadc0e66f6c833bcc09156655a9b8fe","messageTitle":"Update tag + medical edit in UG","messageBody":"","fileTypesAndContributionMap":{"docs":{"insertions":8,"deletions":7}}},{"hash":"52177801da218b710649264d7e49c49a3d2763ae","messageTitle":"Update command summary","messageBody":"","fileTypesAndContributionMap":{"docs":{"insertions":2,"deletions":1}}},{"hash":"9f9e457b0609c489ba8b26259e418e4be3ed5e8c","messageTitle":"Fix some inaccuracies in comments and messages","messageBody":"","fileTypesAndContributionMap":{"functional-code":{"insertions":7,"deletions":7}}}]},{"date":"2022-04-01","commitResults":[{"hash":"f4e5e22cb65a895a7e0f7c28727f100bb0b47380","messageTitle":"Allow find in medical","messageBody":"","fileTypesAndContributionMap":{"functional-code":{"insertions":21,"deletions":10}}},{"hash":"5f07c0941a5bc5e23e92e4c03112b2bb09a27424","messageTitle":"Allow find in medical","messageBody":"","fileTypesAndContributionMap":{"functional-code":{"insertions":2,"deletions":2}}}]},{"date":"2022-04-02","commitResults":[{"hash":"c1d43014aa7e7f6c0e81249e97faab84293742fc","messageTitle":"Improve blood type documentation and ui + remove unused code","messageBody":"","fileTypesAndContributionMap":{"functional-code":{"insertions":1,"deletions":16},"docs":{"insertions":2,"deletions":0}}},{"hash":"0737e201501a18cf00f4e7d9b01ac5e62c943c3d","messageTitle":"Fix checkstyles","messageBody":"","fileTypesAndContributionMap":{"functional-code":{"insertions":3,"deletions":5}}},{"hash":"d0546282088b795a31526e7434b79d40c75c99a2","messageTitle":"Fix add after summary","messageBody":"","fileTypesAndContributionMap":{"functional-code":{"insertions":5,"deletions":4}}},{"hash":"12c30cc02f8b917d7831fdeea21bfcb6c4521f80","messageTitle":"Fix find medical","messageBody":"","fileTypesAndContributionMap":{"functional-code":{"insertions":1,"deletions":1}}},{"hash":"0e063724d88416048a0cebdb4a679dfb2b6a377c","messageTitle":"Disable find for 1 medical","messageBody":"","fileTypesAndContributionMap":{"functional-code":{"insertions":9,"deletions":10}}},{"hash":"673e02ac88405edbf09279cf8ade9f3b795f5efd","messageTitle":"Fix checkstyle","messageBody":"","fileTypesAndContributionMap":{"functional-code":{"insertions":0,"deletions":1}}}]},{"date":"2022-04-04","commitResults":[{"hash":"4ffbd24287e9390ddd0ce9fbe55054412df6de99","messageTitle":"Add text to Summary DG","messageBody":"","fileTypesAndContributionMap":{"docs":{"insertions":22,"deletions":3}}}]},{"date":"2022-04-06","commitResults":[{"hash":"e871cbd4d939e79f21e1f274bca73078c27b62ae","messageTitle":"Add Summary DG","messageBody":"","fileTypesAndContributionMap":{"docs":{"insertions":109,"deletions":8}}},{"hash":"15a10b224956aab34d01292ab662c8fa15b841a9","messageTitle":"Add design consideration TOC to DG","messageBody":"","fileTypesAndContributionMap":{"docs":{"insertions":1,"deletions":0}}},{"hash":"5b915c9bc606181b79ba889e0102692f56eed5a8","messageTitle":"Update Summary DG","messageBody":"","fileTypesAndContributionMap":{"docs":{"insertions":9,"deletions":10}}},{"hash":"add290714859519d291026a806f58c935975e5e4","messageTitle":"Address PED issues","messageBody":"","fileTypesAndContributionMap":{"functional-code":{"insertions":81,"deletions":77},"docs":{"insertions":3,"deletions":2}}},{"hash":"c5d261ce780215c057bcc0e813f844aec2949b75","messageTitle":"Fix checkstyle","messageBody":"","fileTypesAndContributionMap":{"functional-code":{"insertions":5,"deletions":4}}},{"hash":"faeaf6ae06d695d746b7ef36f9ffdfe40bbcaf36","messageTitle":"Update activity diagram","messageBody":"","fileTypesAndContributionMap":{"docs":{"insertions":12,"deletions":7}}},{"hash":"3cc67daae15c09afd71f2c805dea095d171ba80d","messageTitle":"Update src/main/java/seedu/address/model/medical/Weight.java","messageBody":"Co-authored-by: Joey Chance \u003c92976979+joey-chance@users.noreply.github.com\u003e","fileTypesAndContributionMap":{"functional-code":{"insertions":1,"deletions":1}}},{"hash":"434079fa277145198d53da68eb56c171ce0767c2","messageTitle":"Update src/main/java/seedu/address/model/medical/Height.java","messageBody":"Co-authored-by: Joey Chance \u003c92976979+joey-chance@users.noreply.github.com\u003e","fileTypesAndContributionMap":{"functional-code":{"insertions":1,"deletions":1}}},{"hash":"d6b3c5a57a5d23dbb4dcd4e409b197de478c1921","messageTitle":"Update src/main/java/seedu/address/model/medical/Gender.java","messageBody":"Co-authored-by: Joey Chance \u003c92976979+joey-chance@users.noreply.github.com\u003e","fileTypesAndContributionMap":{"functional-code":{"insertions":1,"deletions":1}}},{"hash":"1fe7717b61f4f81440c7f34dc8388020443e0073","messageTitle":"Update src/main/java/seedu/address/model/medical/BloodType.java","messageBody":"Co-authored-by: Joey Chance \u003c92976979+joey-chance@users.noreply.github.com\u003e","fileTypesAndContributionMap":{"functional-code":{"insertions":1,"deletions":1}}},{"hash":"7974fe07f0dd2161dad470d3c71ed949f10bf109","messageTitle":"Remove stray bullet","messageBody":"","fileTypesAndContributionMap":{"docs":{"insertions":2,"deletions":2}}},{"hash":"a172817855017780d9ec38d67d60f0244202dd89","messageTitle":"Fix cosmetics","messageBody":"","fileTypesAndContributionMap":{"docs":{"insertions":1,"deletions":1}}},{"hash":"586de828257664f6cb06018336ab66877c02eebc","messageTitle":"Fix grammar","messageBody":"","fileTypesAndContributionMap":{"docs":{"insertions":1,"deletions":1}}},{"hash":"1487615028f6fc1706c2f5fcc073c48e4223fb4b","messageTitle":"Improve clarity","messageBody":"","fileTypesAndContributionMap":{"functional-code":{"insertions":2,"deletions":2},"docs":{"insertions":1,"deletions":1}}},{"hash":"404ccacbc8e82d43f1b5abbfe2a7e239d6d1c092","messageTitle":"Add medical tests + some cleanups","messageBody":"","fileTypesAndContributionMap":{"functional-code":{"insertions":51,"deletions":49},"test-code":{"insertions":740,"deletions":0}}}]},{"date":"2022-04-07","commitResults":[{"hash":"945cdb0f5a26498339d753b5c7e3f47dc02cd705","messageTitle":"Fix blood type variable naming","messageBody":"","fileTypesAndContributionMap":{"functional-code":{"insertions":5,"deletions":5}}}]}],"clement0010":[{"date":"2022-03-06","commitResults":[{"hash":"7fa04524d19c307d3a3666652efbc0d85758a8c3","messageTitle":"Update user guide overview and setup guide","messageBody":"","fileTypesAndContributionMap":{"docs":{"insertions":12,"deletions":177}}},{"hash":"e033e1eb89c7608bbc0d4e3b41f46ab03c0b7b58","messageTitle":"Remove trailing whitespace","messageBody":"","fileTypesAndContributionMap":{"docs":{"insertions":13,"deletions":12}}},{"hash":"2ec74c10b5e99f12a78852db5d536db6490a4b75","messageTitle":"Remove redundant newline","messageBody":"","fileTypesAndContributionMap":{"docs":{"insertions":0,"deletions":1}}},{"hash":"9906031dd3f5e074b1c09908718e9be4c7e16d83","messageTitle":"Remove new line at EOF","messageBody":"","fileTypesAndContributionMap":{"docs":{"insertions":1,"deletions":2}}},{"hash":"33db47aa3695ad8abbb6cbb3e7c37908a1aae95b","messageTitle":"Add new line at EOP","messageBody":"","fileTypesAndContributionMap":{"docs":{"insertions":2,"deletions":1}}},{"hash":"ee9faf7e77a1771b7b8fef279b146f814fc6bc6c","messageTitle":"Add icon in user guide","messageBody":"","fileTypesAndContributionMap":{"docs":{"insertions":4,"deletions":1}}},{"hash":"2a8226477a018744b8ea8c27a159562d2422cc87","messageTitle":"Update readme","messageBody":"","fileTypesAndContributionMap":{"docs":{"insertions":6,"deletions":7}}},{"hash":"23c4ac6e6e018f173983db072c343234fcb08fa6","messageTitle":"Add overview section","messageBody":"","fileTypesAndContributionMap":{"docs":{"insertions":2,"deletions":0}}},{"hash":"aa27735e143b0bf166270cf284effede55bf4639","messageTitle":"Update markdown style","messageBody":"","fileTypesAndContributionMap":{"docs":{"insertions":1,"deletions":1}}},{"hash":"40b3d19fd75ed76cecb876d4450984141bdd7fee","messageTitle":"Add Project Portfolio Page","messageBody":"","fileTypesAndContributionMap":{"docs":{"insertions":26,"deletions":0}}},{"hash":"57b2495bd20d087e1720bf2472de01ca14659f34","messageTitle":"Integrate user guide and cleaning up for consistency","messageBody":"","fileTypesAndContributionMap":{"docs":{"insertions":66,"deletions":73}}},{"hash":"b72669ef5d5a9c3123ca422292c0f9116c94222c","messageTitle":"Update index.md in docs","messageBody":"","fileTypesAndContributionMap":{"docs":{"insertions":9,"deletions":6}}},{"hash":"02b285b074dfd10b81983b57d518260345b63a42","messageTitle":"Remove table of content header from table of content","messageBody":"","fileTypesAndContributionMap":{"docs":{"insertions":0,"deletions":1}}},{"hash":"61b58d46f16c3a3d0f08535608d94e583c2b1e72","messageTitle":"Update clement0010.md","messageBody":"","fileTypesAndContributionMap":{"docs":{"insertions":1,"deletions":1}}},{"hash":"8a99af4ce00b1951e2ce14b461ca007e275d5cc0","messageTitle":"Update DeveloperGuide.md","messageBody":"","fileTypesAndContributionMap":{"docs":{"insertions":35,"deletions":31}}}]},{"date":"2022-03-13","commitResults":[{"hash":"7b0403f5115856847660d78072752f24f818cb82","messageTitle":"Add nric attribute to person","messageBody":"This commit includes updating edit command and add command to take in NRIC as an attribute.","fileTypesAndContributionMap":{"functional-code":{"insertions":100,"deletions":5}}},{"hash":"4e597b2b4decff2c632c4b88aabef2e5de0b6acc","messageTitle":"Update test cases to support nric","messageBody":"","fileTypesAndContributionMap":{"functional-code":{"insertions":36,"deletions":16},"test-code":{"insertions":45,"deletions":10}}},{"hash":"200275914b3563bc002829f38d6f3d14c7bf1f1e","messageTitle":"Add add patient command","messageBody":"","fileTypesAndContributionMap":{"functional-code":{"insertions":168,"deletions":1}}},{"hash":"a9159536b94e21b497c0ce84974f2f26dea7a5f2","messageTitle":"Update person test cases to support nric","messageBody":"","fileTypesAndContributionMap":{"functional-code":{"insertions":1,"deletions":1},"test-code":{"insertions":61,"deletions":29}}},{"hash":"b8b08c232129c962c008dffcec42e53285174ef0","messageTitle":"Update add and edit commands and parsers","messageBody":"","fileTypesAndContributionMap":{"functional-code":{"insertions":12,"deletions":3}}},{"hash":"385533d394d1c69415795581e7e28614d04a50e7","messageTitle":"Fix long line codestyle","messageBody":"","fileTypesAndContributionMap":{"functional-code":{"insertions":4,"deletions":2}}},{"hash":"d3bc739bee0364cc87b8587476a3c47bab3e4c7a","messageTitle":"Update test cases code style","messageBody":"","fileTypesAndContributionMap":{"test-code":{"insertions":36,"deletions":25}}},{"hash":"af8b9d3af14bfd8836929b27e5fa48940d6544d5","messageTitle":"Remove add person command","messageBody":"","fileTypesAndContributionMap":{"functional-code":{"insertions":0,"deletions":4}}},{"hash":"fe09cbeda0a1b0cf57ccbb585355fb5c7fcd7d05","messageTitle":"Update test cases","messageBody":"","fileTypesAndContributionMap":{"functional-code":{"insertions":0,"deletions":37},"other":{"insertions":0,"deletions":0},"test-code":{"insertions":41,"deletions":41}}},{"hash":"8634c0b61badd520170a757bf49583343761dc30","messageTitle":"Update medbook add contact logic","messageBody":"","fileTypesAndContributionMap":{"functional-code":{"insertions":144,"deletions":40}}},{"hash":"45877c60c40e9b5a0f2bd67f70b7c117840b8fb0","messageTitle":"Add medbook contact model","messageBody":"","fileTypesAndContributionMap":{"functional-code":{"insertions":303,"deletions":9}}},{"hash":"ee202698bf8e45cfa59465de8b040dea29de4d67","messageTitle":"Update package naming","messageBody":"","fileTypesAndContributionMap":{"functional-code":{"insertions":3,"deletions":3}}}]},{"date":"2022-03-14","commitResults":[{"hash":"9f9b6382e4496fde01d2292424e5a9bf95156b89","messageTitle":"Update test case to support multi level json","messageBody":"","fileTypesAndContributionMap":{"test-code":{"insertions":57,"deletions":7}}},{"hash":"b3ef5c3845be4a725b87d631f2678e173a3f9348","messageTitle":"Add contact card UI","messageBody":"","fileTypesAndContributionMap":{"functional-code":{"insertions":194,"deletions":0}}},{"hash":"35a794a194bf42562ffaea4ee8ab8a0ac53955f8","messageTitle":"Add contact to storage","messageBody":"","fileTypesAndContributionMap":{"functional-code":{"insertions":145,"deletions":5}}},{"hash":"1d118cca3185d52e52836fbf17132c20f6ced87a","messageTitle":"Add contact model and predicates","messageBody":"","fileTypesAndContributionMap":{"functional-code":{"insertions":233,"deletions":18}}},{"hash":"ffa6bbc246b35a45d0afdc74e36c47431cf92d45","messageTitle":"Add view contact logic","messageBody":"","fileTypesAndContributionMap":{"functional-code":{"insertions":168,"deletions":18}}},{"hash":"5f14b44f8d34c455a711f2fdd868a7623d64c985","messageTitle":"Add contact default message","messageBody":"","fileTypesAndContributionMap":{"functional-code":{"insertions":1,"deletions":0}}},{"hash":"0d08af33935b87c4b3cb1854ee8106335d1cc962","messageTitle":"Update view patient\u0027s contact logic","messageBody":"","fileTypesAndContributionMap":{"functional-code":{"insertions":22,"deletions":21}}},{"hash":"826a2cde090d5c579404eb9da2d9f27099f9a64b","messageTitle":"Update codestyle","messageBody":"","fileTypesAndContributionMap":{"functional-code":{"insertions":3,"deletions":4}}}]},{"date":"2022-03-19","commitResults":[{"hash":"d54a1eb4a493c05f69fcbbab9b86f740c861dc2c","messageTitle":"Update example nric to valid nric and add new line before example","messageBody":"","fileTypesAndContributionMap":{"functional-code":{"insertions":6,"deletions":6},"docs":{"insertions":16,"deletions":16}}},{"hash":"9e5b2a1240c2703b4cf89db30a536438dbd8be0b","messageTitle":"Remove redundant method in medical","messageBody":"","fileTypesAndContributionMap":{"functional-code":{"insertions":0,"deletions":13}}},{"hash":"f17fc90e44885615a98a08e8ede5f7c7b57368d8","messageTitle":"Add new line between method for brevity","messageBody":"","fileTypesAndContributionMap":{"functional-code":{"insertions":5,"deletions":0}}},{"hash":"5d8d994ff9ae593c283c99bd89085ef6aa4dd911","messageTitle":"Extend delete contact feature to medbook","messageBody":"","fileTypesAndContributionMap":{"functional-code":{"insertions":91,"deletions":1}}},{"hash":"00c129773ae4b9a712a4d08b56cc5a896c1c24d6","messageTitle":"Update screen display to render view dynamically based on empty list","messageBody":"","fileTypesAndContributionMap":{"functional-code":{"insertions":23,"deletions":7}}},{"hash":"f262b80daac96b802a15fd45eafd63dd91942a3d","messageTitle":"Add header to stackpane","messageBody":"","fileTypesAndContributionMap":{"functional-code":{"insertions":67,"deletions":2}}},{"hash":"3bb2190f8d493cbd65a02ad78ae397dbe6e6889f","messageTitle":"Add screen header css style","messageBody":"","fileTypesAndContributionMap":{"functional-code":{"insertions":7,"deletions":0}}},{"hash":"36cc7d1415090cd5897f9223d4529c62e4cda2b7","messageTitle":"Update help url to medbook user guide","messageBody":"","fileTypesAndContributionMap":{"functional-code":{"insertions":10,"deletions":1}}},{"hash":"444026bcdcf0298d455674cde4363ef8efc34863","messageTitle":"Update medbook icon to 32-bit icon","messageBody":"","fileTypesAndContributionMap":{"functional-code":{"insertions":1,"deletions":1}}},{"hash":"0be0ddb3e95557c838e785715c3badb2d6ba7770","messageTitle":"Update medbook Ui to light theme based on the designed mockup","messageBody":"","fileTypesAndContributionMap":{"functional-code":{"insertions":391,"deletions":10}}},{"hash":"ea43d7a2640f91192ce3f4f4879b57866e86c2eb","messageTitle":"Update tag chip css","messageBody":"","fileTypesAndContributionMap":{"functional-code":{"insertions":2,"deletions":2}}},{"hash":"1b0cc1b3144cd592e99d652b283ad31760e38b11","messageTitle":"Resolve conflict with consultation model","messageBody":"","fileTypesAndContributionMap":{"functional-code":{"insertions":38,"deletions":0}}},{"hash":"3f21fbac998204864137ab942c45993ddacc442c","messageTitle":"Discard redundant methods","messageBody":"","fileTypesAndContributionMap":{"functional-code":{"insertions":0,"deletions":34}}},{"hash":"2f2ed237ef68d9df4bc0ab9b8e5de48c01074580","messageTitle":"Update consultation display panel to show screen header","messageBody":"","fileTypesAndContributionMap":{"functional-code":{"insertions":15,"deletions":0}}},{"hash":"1e258aa624f1e68484f871755e21f27a7e3167ff","messageTitle":"Remove unsafe type compilation error in consultation model","messageBody":"","fileTypesAndContributionMap":{"functional-code":{"insertions":2,"deletions":2}}},{"hash":"14990aa89dd0ac52ca1080354019686c2da6e5d2","messageTitle":"Add whitespace and newline","messageBody":"","fileTypesAndContributionMap":{"functional-code":{"insertions":4,"deletions":4}}},{"hash":"a21b802a59d80c72f5e45c09e81ed06813be90bc","messageTitle":"Patch consultation deletion bug after creation","messageBody":"","fileTypesAndContributionMap":{"functional-code":{"insertions":1,"deletions":0}}},{"hash":"fce0958d50d1bf14ca9d264b871d6f1e58498f9e","messageTitle":"Update consultation to display default page when empty","messageBody":"","fileTypesAndContributionMap":{"functional-code":{"insertions":5,"deletions":3}}}]},{"date":"2022-03-25","commitResults":[{"hash":"47fcb5ec33e11a980804de7516beb7f6b6f22946","messageTitle":"Add developer diagram base structure","messageBody":"","fileTypesAndContributionMap":{"docs":{"insertions":334,"deletions":18}}},{"hash":"690d5948881240492dd3d40423f8230f0aaa89e7","messageTitle":"Enable assertion in gradle","messageBody":"","fileTypesAndContributionMap":{"other":{"insertions":4,"deletions":0}}},{"hash":"f3dc3d4a341d0f426d088322f5bfde55205b6f8c","messageTitle":"Patch developer guide and home page title","messageBody":"","fileTypesAndContributionMap":{"docs":{"insertions":2,"deletions":2}}},{"hash":"e9664532db2762809bea8047984f4b9096032532","messageTitle":"Update user guide table of content and structure","messageBody":"","fileTypesAndContributionMap":{"docs":{"insertions":30,"deletions":23}}}]},{"date":"2022-03-29","commitResults":[{"hash":"e912bbba34086a045200bedf9a045ee60b37a862","messageTitle":"Create an authentication manager service","messageBody":"","fileTypesAndContributionMap":{"functional-code":{"insertions":144,"deletions":0}}},{"hash":"84651aa3f70f4fbe3299613fe5bc2b60f7d1cef7","messageTitle":"Create an AES-based encryption algorithm utility class","messageBody":"","fileTypesAndContributionMap":{"functional-code":{"insertions":24,"deletions":0}}},{"hash":"2e507e60edf8e87e4cad0575580efa8e82ba8c2d","messageTitle":"Add delete file utility function","messageBody":"","fileTypesAndContributionMap":{"functional-code":{"insertions":7,"deletions":0}}},{"hash":"43f53049d25c62a4a47cb83719df5d58a93cd5af","messageTitle":"Create an encryption manager to handle encryption tasks","messageBody":"","fileTypesAndContributionMap":{"functional-code":{"insertions":142,"deletions":0}}},{"hash":"f5f83da665f02f454f7ea4b1e6028388d98c33ec","messageTitle":"Create test cases for encryption manager","messageBody":"","fileTypesAndContributionMap":{"test-code":{"insertions":41,"deletions":0}}},{"hash":"90404648cfefc10314dbde6caf19f2d704376349","messageTitle":"Update user preference to get encryption file","messageBody":"","fileTypesAndContributionMap":{"functional-code":{"insertions":14,"deletions":1}}},{"hash":"077d7391c0e3aa3d856916a32a7e8f2334a886b7","messageTitle":"Create login window","messageBody":"","fileTypesAndContributionMap":{"functional-code":{"insertions":141,"deletions":0}}},{"hash":"5875b822cac166d7929f1441ea19de3deca787d9","messageTitle":"Create sign up window","messageBody":"","fileTypesAndContributionMap":{"functional-code":{"insertions":309,"deletions":0}}},{"hash":"e368dd80c4364e11c68e91bf80990b597b152448","messageTitle":"Update login and sign up window css","messageBody":"","fileTypesAndContributionMap":{"functional-code":{"insertions":2,"deletions":1}}},{"hash":"693ef5c7fa2b48faf5c3239e362598ca6928b741","messageTitle":"Integrate application to use login and sign up window","messageBody":"","fileTypesAndContributionMap":{"functional-code":{"insertions":38,"deletions":2}}},{"hash":"46721cd72097131e4454fe4a616d9a2ed9c788d3","messageTitle":"Fix styling","messageBody":"","fileTypesAndContributionMap":{"functional-code":{"insertions":2,"deletions":2}}}]},{"date":"2022-03-30","commitResults":[{"hash":"b41bb1547a0fa9b5ae0f6d8b11cd3b562ad06927","messageTitle":"Set login and sign up window to be resizable","messageBody":"","fileTypesAndContributionMap":{"functional-code":{"insertions":2,"deletions":0}}}]},{"date":"2022-03-31","commitResults":[{"hash":"b088db99124c8fa3172f5b34d7a9d4e9cce6cf2b","messageTitle":"Update person wording to patient","messageBody":"","fileTypesAndContributionMap":{"functional-code":{"insertions":29,"deletions":29}}},{"hash":"146d58781af9442bc4ee1e9b1c5671d91f5e059e","messageTitle":"Fix person and patient wording","messageBody":"","fileTypesAndContributionMap":{"functional-code":{"insertions":14,"deletions":16},"test-code":{"insertions":45,"deletions":45}}},{"hash":"17cf4a0861db0c6accafb51d8ac28c2a957cd587","messageTitle":"Structure message type based on patient attribute","messageBody":"","fileTypesAndContributionMap":{"functional-code":{"insertions":22,"deletions":10}}},{"hash":"b9c02b5cc6f0bb484e57ae51f4f067fb8b12ac9f","messageTitle":"Fix wording inconsistency","messageBody":"","fileTypesAndContributionMap":{"functional-code":{"insertions":3,"deletions":3}}},{"hash":"7841aa7b0895f5e773ac8af6d41f04c754833f7e","messageTitle":"Update sign up window","messageBody":"","fileTypesAndContributionMap":{"functional-code":{"insertions":2,"deletions":4}}},{"hash":"a66897099d9f46bd729fb878f12188a5822835ac","messageTitle":"Create edit contact feature","messageBody":"","fileTypesAndContributionMap":{"functional-code":{"insertions":329,"deletions":2}}},{"hash":"b52a12b6ab538284e9dd02e16c8b2f752edd9332","messageTitle":"Integrate edit contact feature","messageBody":"","fileTypesAndContributionMap":{"functional-code":{"insertions":2,"deletions":1}}},{"hash":"91058e34e1e36d9c677b118633bcdb42b6c38854","messageTitle":"Fix edit consultation bugs","messageBody":"","fileTypesAndContributionMap":{"functional-code":{"insertions":27,"deletions":16}}},{"hash":"a3a41e4b580b3577b7124a106a2f7627240ce769","messageTitle":"Clarify NRIC validation scope","messageBody":"","fileTypesAndContributionMap":{"functional-code":{"insertions":2,"deletions":1}}},{"hash":"be6f880fd4cc5cf0ff46cf119909fa8b49bb1fa5","messageTitle":"Fix duplicate consultation bug not showing correct error message","messageBody":"","fileTypesAndContributionMap":{"functional-code":{"insertions":6,"deletions":1}}},{"hash":"a7d39be931225dd5bb8a12122e83c1ac6e3ff755","messageTitle":"Fix consultation bug not showing input format error message","messageBody":"","fileTypesAndContributionMap":{"functional-code":{"insertions":39,"deletions":31}}},{"hash":"cc65532273f36c8113ba7ac8aa74e879d09e7244","messageTitle":"Fix prescription edit bug not showing format input error","messageBody":"","fileTypesAndContributionMap":{"functional-code":{"insertions":33,"deletions":27}}},{"hash":"284a0abbbba62c0605a0e12efca32ddf7bd9cda6","messageTitle":"Fix edit prescription not handling duplicates and disallow nric edit","messageBody":"","fileTypesAndContributionMap":{"functional-code":{"insertions":19,"deletions":17}}},{"hash":"90dd72f8cdbea1495b911658108a8d413c9d7efa","messageTitle":"Display NRIC not modifiable message in contact","messageBody":"","fileTypesAndContributionMap":{"functional-code":{"insertions":1,"deletions":3}}},{"hash":"7615addcf042d65d937833b0327a50356bda4752","messageTitle":"Disable edit patient nric","messageBody":"","fileTypesAndContributionMap":{"functional-code":{"insertions":8,"deletions":16}}},{"hash":"69d5b9895a9434da470a052155196f967951bb3a","messageTitle":"Fix test result bug to show invalid format input","messageBody":"","fileTypesAndContributionMap":{"functional-code":{"insertions":35,"deletions":27}}},{"hash":"116bfa85bdab157a8abc8f8751d022e572988694","messageTitle":"Add nric input validation in consultation","messageBody":"","fileTypesAndContributionMap":{"functional-code":{"insertions":8,"deletions":2}}},{"hash":"90af1e2bb6b059f08fb1e2222f299a762932a1a8","messageTitle":"Disable nric edit in medical information","messageBody":"","fileTypesAndContributionMap":{"functional-code":{"insertions":10,"deletions":20}}},{"hash":"125410f8b34ec20f80e333caf5d058a632bb35b7","messageTitle":"Update prescription to validate NRIC edit","messageBody":"","fileTypesAndContributionMap":{"functional-code":{"insertions":6,"deletions":5}}},{"hash":"8108267c86f912bda3fac23c1b2047868e1b236a","messageTitle":"Fix test result bug to show duplicate error","messageBody":"","fileTypesAndContributionMap":{"functional-code":{"insertions":21,"deletions":18}}},{"hash":"4d11f6c705cd5a094f335bf27e0e0a7739dea90a","messageTitle":"Move nric validation after index checking","messageBody":"","fileTypesAndContributionMap":{"functional-code":{"insertions":4,"deletions":4}}},{"hash":"b92a7919b6b5902586daa63c7df1a9b92a4168ab","messageTitle":"Update edit patient test case","messageBody":"","fileTypesAndContributionMap":{"functional-code":{"insertions":19,"deletions":8},"test-code":{"insertions":10,"deletions":13}}},{"hash":"427c417ef27819a7e907412df40d448f02b440a7","messageTitle":"Polish password validation description","messageBody":"","fileTypesAndContributionMap":{"functional-code":{"insertions":6,"deletions":6}}},{"hash":"e7f528889bc620d1e8233fef6aa29000620b450e","messageTitle":"Fix bug save medbook upon sign up","messageBody":"","fileTypesAndContributionMap":{"functional-code":{"insertions":1,"deletions":0}}},{"hash":"999e64693221bdf748ed92cc08a1b5880cf51a86","messageTitle":"Fix javafx version 17 warning","messageBody":"","fileTypesAndContributionMap":{"functional-code":{"insertions":3,"deletions":2}}},{"hash":"f3d139b5112dc31ba855193e1d8e9cf81a9da65b","messageTitle":"Allow editable data file","messageBody":"","fileTypesAndContributionMap":{"functional-code":{"insertions":12,"deletions":6}}},{"hash":"9fb4176d6fb780a992dc4d0523332712fa7515fc","messageTitle":"Fix java coding style","messageBody":"","fileTypesAndContributionMap":{"functional-code":{"insertions":0,"deletions":1}}},{"hash":"f956654373be02d2c780e81f971dc31143e8aac2","messageTitle":"Update version number","messageBody":"","fileTypesAndContributionMap":{"functional-code":{"insertions":1,"deletions":1}}},{"hash":"57bcc1bd442fb971e5301dc85f4be3f5d6ab3d5d","messageTitle":"Update jar file and password file naming","messageBody":"","tags":["v1.3.1"],"fileTypesAndContributionMap":{"functional-code":{"insertions":1,"deletions":1},"other":{"insertions":1,"deletions":1}}}]},{"date":"2022-04-01","commitResults":[{"hash":"5f90e900de557ad4999e570efb7e97cbd34eb674","messageTitle":"Update UG ToC, getting started and FAQ","messageBody":"","fileTypesAndContributionMap":{"docs":{"insertions":107,"deletions":9}}},{"hash":"d3f4ae797398df3c087c4d432fcf5b9e5023a84c","messageTitle":"Link reset password to FAQ","messageBody":"","fileTypesAndContributionMap":{"docs":{"insertions":1,"deletions":0}}},{"hash":"7a5d4a2c2b13ddac4d98955400868e84b341e26c","messageTitle":"Remove clear command","messageBody":"","fileTypesAndContributionMap":{"functional-code":{"insertions":0,"deletions":4}}},{"hash":"4c982b2d988f1ba719089be81c3f71b4fff49add","messageTitle":"Update sample data tags","messageBody":"","fileTypesAndContributionMap":{"functional-code":{"insertions":6,"deletions":6}}},{"hash":"9a36ec7fbc855e42ce8506f33df71b600976253d","messageTitle":"Disable clear command test cases","messageBody":"","fileTypesAndContributionMap":{"test-code":{"insertions":0,"deletions":7}}},{"hash":"5777356d77d796312cd2fcecad50e10a27cedcc5","messageTitle":"Update release number","messageBody":"","fileTypesAndContributionMap":{"functional-code":{"insertions":1,"deletions":1}}},{"hash":"de7c036d3ca03ec5b7b43e4435e90d8aab266b0a","messageTitle":"Add edit patient to user guide and fix typos","messageBody":"","fileTypesAndContributionMap":{"docs":{"insertions":36,"deletions":8}}},{"hash":"84f5f190d5b182f7f507cbb4d9aa6498307d3db3","messageTitle":"Format UG and add tag to contact","messageBody":"","fileTypesAndContributionMap":{"docs":{"insertions":10,"deletions":10}}}]},{"date":"2022-04-07","commitResults":[{"hash":"f403e7812d8d53a285a800b717d8eaa8746fe13d","messageTitle":"Remove redundant parameter from contact command message","messageBody":"","fileTypesAndContributionMap":{"functional-code":{"insertions":1,"deletions":1}}},{"hash":"a48d9f077237a6d135dae9a62c31e0b239c5610c","messageTitle":"Add more description to valid nric","messageBody":"","fileTypesAndContributionMap":{"docs":{"insertions":14,"deletions":5}}},{"hash":"5dfc226aa378972a71929aa38211fc291c21922c","messageTitle":"Change list patient to view patient for consistency","messageBody":"","fileTypesAndContributionMap":{"docs":{"insertions":9,"deletions":9}}},{"hash":"0e94b057d496e9e6ce7064623171256cd15fbd99","messageTitle":"Add NRIC usage description to contact feature","messageBody":"","fileTypesAndContributionMap":{"functional-code":{"insertions":1,"deletions":1},"docs":{"insertions":41,"deletions":27}}},{"hash":"3cbbfb57b9f1dd98aa8ce1de972450f6d9770f2d","messageTitle":"Update edit invalid index error message","messageBody":"","fileTypesAndContributionMap":{"functional-code":{"insertions":1,"deletions":1}}},{"hash":"f60d6b5980e7a353972d91aa9091483e6b8a316b","messageTitle":"Fix sign up message truncate","messageBody":"","fileTypesAndContributionMap":{"functional-code":{"insertions":2,"deletions":2}}},{"hash":"6b14c49e6f4d26f60a9771622538ff6c49311fde","messageTitle":"Add descriptive message for repeat password","messageBody":"","fileTypesAndContributionMap":{"functional-code":{"insertions":1,"deletions":1}}}]}],"juslam19":[{"date":"2022-03-15","commitResults":[{"hash":"fa4210a62ed51f094e5c864bce113fea5f2cebd4","messageTitle":"Added the basic models for Consultation","messageBody":"(cherry picked from commit 013958f14827212bc69d3421e4239a5b7554e20c)\n","fileTypesAndContributionMap":{"functional-code":{"insertions":1374,"deletions":236},"other":{"insertions":25,"deletions":53},"docs":{"insertions":2,"deletions":2},"test-code":{"insertions":45,"deletions":45}}},{"hash":"3ef9eb8ac6a1fb66ba68e189971e6b030419ba1c","messageTitle":"Organised Ui and Storage for Consultation","messageBody":"(cherry picked from commit a82ffddc69a3f2d2f38109479fbd9d7fdcaf06a5)\n","fileTypesAndContributionMap":{"functional-code":{"insertions":1272,"deletions":193},"other":{"insertions":24,"deletions":29}}},{"hash":"d42d1eb4511a2e3a86b797fce60144910dd0b8ed","messageTitle":"Consultation for AddressBook, ReadOnlyAddressBook, JsonAdaptedConsultation, JsonSerialisableAddressBook","messageBody":"(cherry picked from commit 5b81ebf7a748957b1c5fb9acd042f6289b5d0e50)\n","fileTypesAndContributionMap":{"functional-code":{"insertions":199,"deletions":86},"test-code":{"insertions":13,"deletions":2}}},{"hash":"54d246c2126d56e0646fae53fdc5c7a29ef744a3","messageTitle":"Consultation fixes for Model, ModelManager","messageBody":"(cherry picked from commit cad2ed538c3a1023378c615f116f8401ba86a658)\n","fileTypesAndContributionMap":{"functional-code":{"insertions":56,"deletions":6}}},{"hash":"077a7972432882ff7549d558c2ef91fa97951c04","messageTitle":"About done except for NullPointerException storage issue","messageBody":"(cherry picked from commit 40ff6932becd2231c9be31184dc4aeae4f810f12)\n","fileTypesAndContributionMap":{"functional-code":{"insertions":319,"deletions":17}}},{"hash":"b26d5eb33d09664f63eb30c60c312bfaad04cf64","messageTitle":"Loading is non-functional; committing for error-checking","messageBody":"(cherry picked from commit 782dcc496cf9e3c8876f81ef86bcb3e52ddc92a1)\n","fileTypesAndContributionMap":{"functional-code":{"insertions":29,"deletions":25}}},{"hash":"b397f02eea7ccaa48fbb939e013eef30486532fc","messageTitle":"Working without save function, and fails to display consultations.","messageBody":"","fileTypesAndContributionMap":{"functional-code":{"insertions":27,"deletions":49}}},{"hash":"87b395f1d6b0f3d4d1cbe8cd3bada48ce4623c83","messageTitle":"Loading from storage works, Ui for consultation does not.","messageBody":"","fileTypesAndContributionMap":{"functional-code":{"insertions":32,"deletions":38}}},{"hash":"a9d4ab6861e94192aa5228c2fdef085cf28385e4","messageTitle":"Issue of storage where previously saved consultations delete themselves when new command is issued on next startup.","messageBody":"","fileTypesAndContributionMap":{"functional-code":{"insertions":8,"deletions":10}}}]},{"date":"2022-03-16","commitResults":[{"hash":"5ab62533e7ce4103f17db9d2b583d1611f94b12d","messageTitle":"Saving bug is fixed, Ui is still not functional.","messageBody":"","fileTypesAndContributionMap":{"functional-code":{"insertions":72,"deletions":52}}},{"hash":"e3c4a7b5020b2fae9404b1bd03a98b09b68aa8bd","messageTitle":"Fixed GUI for Consultation","messageBody":"","fileTypesAndContributionMap":{"functional-code":{"insertions":13,"deletions":5}}},{"hash":"81a656d8bf9dfcf50bb1ddd8688a7b5edd03b844","messageTitle":"UI, Storage working. Add and View finished implementing.","messageBody":"","fileTypesAndContributionMap":{"functional-code":{"insertions":89,"deletions":41}}},{"hash":"8094b6c78417494c612fe088fd4edff6f5979436","messageTitle":"Update AddRemark.md","messageBody":"","fileTypesAndContributionMap":{"docs":{"insertions":0,"deletions":4}}},{"hash":"5fe176567a8cef5d8863354f534ea837f098a5da","messageTitle":"Update RemovingFields.md","messageBody":"","fileTypesAndContributionMap":{"docs":{"insertions":1,"deletions":4}}},{"hash":"c290c51c1aa7a3aca3217698cec1a4c6701fe6f3","messageTitle":"Update LogicManager.java","messageBody":"","fileTypesAndContributionMap":{"functional-code":{"insertions":1,"deletions":3}}},{"hash":"db49f45caf0e9bef077c212fb88e0cfa8267d2e1","messageTitle":"Update NameContainsKeywordsPredicateTest.java","messageBody":"","fileTypesAndContributionMap":{"test-code":{"insertions":0,"deletions":4}}},{"hash":"8ac2543913c1198992d9387d4d0c8125fdf62612","messageTitle":"Update UniquePatientListTest.java","messageBody":"","fileTypesAndContributionMap":{"test-code":{"insertions":0,"deletions":4}}},{"hash":"88ba20b7b2c3914d849cfe6e5ba3e4dff2876856","messageTitle":"Update CommandType.java","messageBody":"","fileTypesAndContributionMap":{"functional-code":{"insertions":0,"deletions":4}}},{"hash":"53adf4d80eee5834a84f00b2fedcc6e54003dd09","messageTitle":"Update AddConsultationCommand.java","messageBody":"","fileTypesAndContributionMap":{"functional-code":{"insertions":9,"deletions":1}}}]},{"date":"2022-03-17","commitResults":[{"hash":"23aa7a862e2dc534dff4c35a79999a25150e9d69","messageTitle":"Delete for Consultation is working.","messageBody":"","fileTypesAndContributionMap":{"functional-code":{"insertions":245,"deletions":45}}},{"hash":"353e973efaf9084ac4d492b53a62022def09002c","messageTitle":"Fixed issues with Ubuntu","messageBody":"","fileTypesAndContributionMap":{"functional-code":{"insertions":35,"deletions":37},"test-code":{"insertions":3,"deletions":2}}},{"hash":"fc75ac6f3bfea52612a97308c24e206ba40ce76b","messageTitle":"Please work","messageBody":"","fileTypesAndContributionMap":{"functional-code":{"insertions":1,"deletions":0}}},{"hash":"4276b03aa44396a3143bed038f8fb2baa68a2683","messageTitle":"Please work #2","messageBody":"","fileTypesAndContributionMap":{"functional-code":{"insertions":1,"deletions":36}}},{"hash":"1dabb613988535141a5e024f13b92656ea8c5804","messageTitle":"Fix Checkstyle Pt 1","messageBody":"","fileTypesAndContributionMap":{"functional-code":{"insertions":190,"deletions":131}}},{"hash":"e049c9687b6134f561fac2794154e154c9f6a8c7","messageTitle":"Fix Checkstyle #2","messageBody":"","fileTypesAndContributionMap":{"functional-code":{"insertions":0,"deletions":1}}},{"hash":"2cbde349e3ef46740e60ebb2f0ed98d586d42768","messageTitle":"Fix Checkstyle #3","messageBody":"","fileTypesAndContributionMap":{"functional-code":{"insertions":25,"deletions":40}}},{"hash":"1a451dbebe4a555a99083c0542dc72790c6a5e51","messageTitle":"Fix CheckStyle #4","messageBody":"","fileTypesAndContributionMap":{"functional-code":{"insertions":12,"deletions":14}}},{"hash":"e5b073423ba6caeeffc888ff9c447e2a8c3d1808","messageTitle":"Check CheckStyle conditions","messageBody":"","fileTypesAndContributionMap":{"functional-code":{"insertions":8,"deletions":11}}},{"hash":"6c68ceda44a5cdb901fae60cdac3101b8f3ff6aa","messageTitle":"Check Checkstyle conditions #2","messageBody":"","fileTypesAndContributionMap":{"functional-code":{"insertions":13,"deletions":13}}},{"hash":"84a1df3c429b85813807b90f0904919a998588ee","messageTitle":"Fix all Checkstyle except for accessor methods","messageBody":"","fileTypesAndContributionMap":{"functional-code":{"insertions":14,"deletions":33}}},{"hash":"69c6c199f3797787eafa3d542899477c50d31d41","messageTitle":"Add accessor methods, make fields private","messageBody":"","fileTypesAndContributionMap":{"functional-code":{"insertions":41,"deletions":32}}},{"hash":"729f33669c66e331e7ee68dcde1743f65d033116","messageTitle":"Fix 3 checkstyle issues","messageBody":"","fileTypesAndContributionMap":{"functional-code":{"insertions":3,"deletions":3}}},{"hash":"38d96dd8bcdf832bcad443ddd6b541d5260763bb","messageTitle":"Fix merge issues with Test Cases","messageBody":"","fileTypesAndContributionMap":{"test-code":{"insertions":15,"deletions":573}}},{"hash":"c70c5c492e8cc612a3ad62e66474d810691168a3","messageTitle":"Add missing methods to Test to override","messageBody":"","fileTypesAndContributionMap":{"test-code":{"insertions":33,"deletions":2}}},{"hash":"27724ef84bd7acfad159f372a07bf8e4cb2ded83","messageTitle":"Fix checkstyles issues attempt","messageBody":"","fileTypesAndContributionMap":{"test-code":{"insertions":34,"deletions":35}}},{"hash":"ea48ae073645f6aa15bf8422d0a2f8ac21763d3c","messageTitle":"Fix lexiographical order","messageBody":"","fileTypesAndContributionMap":{"test-code":{"insertions":3,"deletions":3}}},{"hash":"2a39ea29c646ec7bfc3493d68537f901a54e393c","messageTitle":"Fix lexicographical order #2","messageBody":"","fileTypesAndContributionMap":{"test-code":{"insertions":1,"deletions":1}}},{"hash":"971748a5e7102a3cad56411e42fff76ba5f62214","messageTitle":"Fix lexicographical order #3","messageBody":"","fileTypesAndContributionMap":{"test-code":{"insertions":1,"deletions":1}}},{"hash":"275827b0c4eda1f2c520977767bb1ba9f7839c9c","messageTitle":"Comment out some tests in test.java.seedu.address.storage.JsonSerializableAddressBookTest","messageBody":"","fileTypesAndContributionMap":{"test-code":{"insertions":23,"deletions":23}}},{"hash":"1dd1316e2e92391bae03a8b0ceadde09d07811c4","messageTitle":"Comment out test.java.seedu.address.storage.JsonSerializableAddressBookTest","messageBody":"","fileTypesAndContributionMap":{"test-code":{"insertions":25,"deletions":25}}},{"hash":"4e21c0e51f94c36d20044977c2eabbf1ea293d0b","messageTitle":"Fix Consultation-related JavaDocs","messageBody":"","fileTypesAndContributionMap":{"functional-code":{"insertions":80,"deletions":86}}},{"hash":"d4441861f42efef8233f49f3341e603665565c8a","messageTitle":"Fix CheckStyle issues with JavaDocs","messageBody":"","fileTypesAndContributionMap":{"functional-code":{"insertions":10,"deletions":5}}},{"hash":"ef7d2b75b1b35434640891a6f26a841ce9d55f4b","messageTitle":"Change in accordance with PR review","messageBody":"","fileTypesAndContributionMap":{"functional-code":{"insertions":16,"deletions":11},"docs":{"insertions":1,"deletions":1}}},{"hash":"1d6a360b5b0b349fbe733ff7ef9ebd56c4e2d8d6","messageTitle":"Fix formatting issues","messageBody":"","fileTypesAndContributionMap":{"test-code":{"insertions":5,"deletions":0}}},{"hash":"e220693282f592cf65edfc28e1c869cce8d02fed","messageTitle":"Try resolve test issue","messageBody":"","fileTypesAndContributionMap":{"test-code":{"insertions":48,"deletions":47}}},{"hash":"2b9e8bc87c5d9a96a201489a14d42f7da0db283d","messageTitle":"Fix isValidDate to handle leap years","messageBody":"","fileTypesAndContributionMap":{"functional-code":{"insertions":10,"deletions":6}}},{"hash":"a30b22da687309a9ef5c4d8fdf1d92ca78d12cc0","messageTitle":"Delete DeleteCommandConsultation unneeded constant","messageBody":"","fileTypesAndContributionMap":{"functional-code":{"insertions":0,"deletions":6}}}]},{"date":"2022-03-18","commitResults":[{"hash":"9673d32c5c474109be221a5da2ec06d344dec878","messageTitle":"Change Delete Consultation to Index system","messageBody":"","fileTypesAndContributionMap":{"functional-code":{"insertions":46,"deletions":94},"test-code":{"insertions":1,"deletions":0}}},{"hash":"c985e46a93cacb9467dcb9beb74fdae9778a3e41","messageTitle":"Fix Checkstyle for imports","messageBody":"","fileTypesAndContributionMap":{"functional-code":{"insertions":2,"deletions":5}}},{"hash":"5bafeb246231037136a50d87e0ce2c679415ae6f","messageTitle":"Fix Add Consultation","messageBody":"","fileTypesAndContributionMap":{"functional-code":{"insertions":33,"deletions":61}}},{"hash":"042d871008f97349223a330cebae64ee97c2d9dc","messageTitle":"Update CommandType.java","messageBody":"","fileTypesAndContributionMap":{"functional-code":{"insertions":3,"deletions":3}}},{"hash":"0ff80a6de74c9f37c2753056834efc5d6640c5dc","messageTitle":"Fix indentation levels","messageBody":"","fileTypesAndContributionMap":{"functional-code":{"insertions":18,"deletions":21}}},{"hash":"65f2085c15c1eda9763a370c98493cde31e0b016","messageTitle":"Remove unused imports","messageBody":"","fileTypesAndContributionMap":{"test-code":{"insertions":0,"deletions":1}}},{"hash":"05072a05c74d2d7f70776fa8e7671d5a2da3f09d","messageTitle":"Fix Consultation Message Usage","messageBody":"","fileTypesAndContributionMap":{"functional-code":{"insertions":2,"deletions":2}}},{"hash":"c727fef8eb41b673ecfdb1c6a5deb36cde4298d3","messageTitle":"Fix Consultation delete command flow","messageBody":"","fileTypesAndContributionMap":{"functional-code":{"insertions":3,"deletions":4}}}]},{"date":"2022-03-19","commitResults":[{"hash":"576c831b0c011d5234ea739afb629a338f4b32b8","messageTitle":"Fix DeleteConsultation command viewWindow","messageBody":"","fileTypesAndContributionMap":{"functional-code":{"insertions":9,"deletions":11}}},{"hash":"69b41e04abbab90a79f2ee334be005f35d58ed3f","messageTitle":"Fix checkStyle issues","messageBody":"","fileTypesAndContributionMap":{"functional-code":{"insertions":1,"deletions":3}}},{"hash":"9c56a7d202e4248641e73cd9452c1e1929ca5e09","messageTitle":"Change to Joey\u0027s suggestions","messageBody":"","fileTypesAndContributionMap":{"functional-code":{"insertions":10,"deletions":14},"test-code":{"insertions":0,"deletions":1}}},{"hash":"a9faacdaaf746824b5190a33cf54d26c8d86f9aa","messageTitle":"Fix to Joey\u0027s review","messageBody":"","fileTypesAndContributionMap":{"functional-code":{"insertions":1,"deletions":2}}},{"hash":"b89369f887ef4b9a5397075d7423491ac29445f7","messageTitle":"Fix checkStyle","messageBody":"","fileTypesAndContributionMap":{"functional-code":{"insertions":1,"deletions":1}}}]},{"date":"2022-03-26","commitResults":[{"hash":"1bf018ace9d2b81e16ade3ab6efccb2b0aa502b6","messageTitle":"Update DG View","messageBody":"","fileTypesAndContributionMap":{"docs":{"insertions":46,"deletions":3}}},{"hash":"d1815fee5ee58ef8765741b4bdae636c3a74ced5","messageTitle":"Add Justin Lam\u0027s Portfolio","messageBody":"","fileTypesAndContributionMap":{"docs":{"insertions":19,"deletions":3}}},{"hash":"2174a151fd4c5cbeadc7c775dfb3b685107349b2","messageTitle":"Add EOF WhiteSpace","messageBody":"","fileTypesAndContributionMap":{"docs":{"insertions":1,"deletions":1}}},{"hash":"eebd683b8b63af4b0020f3a06a72caa130cca598","messageTitle":"Fix Filenames","messageBody":"","fileTypesAndContributionMap":{"docs":{"insertions":2,"deletions":2}}},{"hash":"4320789ac43b401f871be066a6fc292a9cfc60a0","messageTitle":"Fix github name typo","messageBody":"","fileTypesAndContributionMap":{"docs":{"insertions":3,"deletions":3}}}]},{"date":"2022-03-28","commitResults":[{"hash":"a784c33198f5a8647a9cf94cdd904f3697395dcf","messageTitle":"Modified Consultation fields","messageBody":"","fileTypesAndContributionMap":{"functional-code":{"insertions":236,"deletions":191},"other":{"insertions":9,"deletions":9}}},{"hash":"008f883517b267fac9364c63cb9191ec9b6bd53d","messageTitle":"Fix checkstyle","messageBody":"","fileTypesAndContributionMap":{"functional-code":{"insertions":18,"deletions":10}}},{"hash":"bab28a69a4cbeb46d18b5c877bb0d577c1a2899b","messageTitle":"Add Consultation Edit Feature","messageBody":"","fileTypesAndContributionMap":{"functional-code":{"insertions":295,"deletions":3}}},{"hash":"7be66ec99be031ceb28920fa452d3566f364c889","messageTitle":"Fix Edit Consultation JavaDocs","messageBody":"","fileTypesAndContributionMap":{"functional-code":{"insertions":8,"deletions":8}}},{"hash":"aa1be39012e6908d94a7d9ce636d6c7b97b10f9a","messageTitle":"Fix Messages Format, Accuracy","messageBody":"","fileTypesAndContributionMap":{"functional-code":{"insertions":93,"deletions":78}}}]},{"date":"2022-03-29","commitResults":[{"hash":"257d7dd8451b4dae1f25b684862e3ee48fc73b5a","messageTitle":"Clean up of ResultDisplay Messages Text and Box","messageBody":"","fileTypesAndContributionMap":{"functional-code":{"insertions":50,"deletions":5}}},{"hash":"6e39b64b34651b592eea0bcd6b51d4a8941263f3","messageTitle":"Fix ResultDisplay Size","messageBody":"","fileTypesAndContributionMap":{"functional-code":{"insertions":1,"deletions":1}}}]},{"date":"2022-03-30","commitResults":[{"hash":"6ba736f38e6d18b50a5beca5ec7c5adae2d7adff","messageTitle":"Add ScrollBar, fix checkstyle","messageBody":"","fileTypesAndContributionMap":{"functional-code":{"insertions":56,"deletions":6}}},{"hash":"1695c9e7092ff9effb9dec00af2a4f7e38563214","messageTitle":"Change ScrollBar Colour","messageBody":"","fileTypesAndContributionMap":{"functional-code":{"insertions":1,"deletions":2}}},{"hash":"9bf3dc1a79de54528b1f4f5d211d4f56d99c7757","messageTitle":"Enable Resize, Scroll Button reaction","messageBody":"","fileTypesAndContributionMap":{"functional-code":{"insertions":10,"deletions":1}}},{"hash":"86ab6bed138f5ebdda45a85f63f1159601391ced","messageTitle":"Fix NRIC edit field bug","messageBody":"","fileTypesAndContributionMap":{"functional-code":{"insertions":17,"deletions":33}}},{"hash":"b953a70a15872fa97beb9cb7ad4157d893124354","messageTitle":"Fix checkstyle","messageBody":"","fileTypesAndContributionMap":{"functional-code":{"insertions":1,"deletions":1}}}]},{"date":"2022-03-31","commitResults":[{"hash":"8a2c3d2336c118f6a92001c5583705bf4244af77","messageTitle":"Add Consultation Edit in UG","messageBody":"","fileTypesAndContributionMap":{"docs":{"insertions":13,"deletions":0}}},{"hash":"d4485ff9464730a3d996afdb7b8897ee729ba8a2","messageTitle":"Modify Notes to optional field; Update UG","messageBody":"","fileTypesAndContributionMap":{"functional-code":{"insertions":11,"deletions":15},"docs":{"insertions":6,"deletions":5}}},{"hash":"88292ec3ba343b75d4d3ce10dddc6b5ad228c52e","messageTitle":"Fix checkstyle","messageBody":"","fileTypesAndContributionMap":{"functional-code":{"insertions":2,"deletions":3}}},{"hash":"d8c05ae248eee81fcf14b89db23f1d5a35fe09fe","messageTitle":"Update UG; Clean CSS","messageBody":"","fileTypesAndContributionMap":{"functional-code":{"insertions":5,"deletions":33},"docs":{"insertions":2,"deletions":2}}}]},{"date":"2022-04-06","commitResults":[{"hash":"d59da28f53419480f9a798750c1cfe03160b4eef","messageTitle":"Fix PE-D Complaints","messageBody":"","fileTypesAndContributionMap":{"functional-code":{"insertions":47,"deletions":43},"docs":{"insertions":23,"deletions":10}}},{"hash":"9427be9b22a8983413e4090c5cce1e50e49cda25","messageTitle":"Fix Storage, Edit Consultation","messageBody":"","fileTypesAndContributionMap":{"functional-code":{"insertions":1,"deletions":5}}},{"hash":"ba5410c1de0a6adf98b0f706b733ace3dca22dcc","messageTitle":"Fix GitHub Conflicts","messageBody":"","fileTypesAndContributionMap":{"functional-code":{"insertions":31,"deletions":36}}},{"hash":"5b98dd01d63768e23215e9a042fa4a4e38b273ff","messageTitle":"Fix GitHub Conflicts #2","messageBody":"","fileTypesAndContributionMap":{"functional-code":{"insertions":1,"deletions":0}}},{"hash":"6fe98f8505dc1d20bb380d6de59eb4458a0eead2","messageTitle":"Update to current branch","messageBody":"","fileTypesAndContributionMap":{"functional-code":{"insertions":22,"deletions":7}}},{"hash":"55c41c37f5153ea26d98dd74fceb0c1957194307","messageTitle":"Changes made earlier","messageBody":"","fileTypesAndContributionMap":{"functional-code":{"insertions":33,"deletions":29}}},{"hash":"9b5f649a4bbdb44ff49ae3052f2d928d6e70ef8f","messageTitle":"Fix #2","messageBody":"","fileTypesAndContributionMap":{"functional-code":{"insertions":2,"deletions":2}}},{"hash":"691c8987d89b62dcef33bc3555239396b1e29c30","messageTitle":"Fix Hidden Time Limit","messageBody":"","fileTypesAndContributionMap":{"functional-code":{"insertions":2,"deletions":2}}},{"hash":"cbb2617bbf7b39c8f0c833f56dabb6b1ca5f1a11","messageTitle":"Update UG Consultation, Prescription Delete","messageBody":"","fileTypesAndContributionMap":{"docs":{"insertions":2,"deletions":2}}},{"hash":"f906ed079700ef05fa4d2a6ec244c72c7b623751","messageTitle":"Fix Duplicate bug, Message Consistency","messageBody":"","fileTypesAndContributionMap":{"functional-code":{"insertions":12,"deletions":7}}},{"hash":"dcae4a841b60b405739b1bec3bc9cb2f6d3955d6","messageTitle":"Fixed Date Example Message","messageBody":"","fileTypesAndContributionMap":{"functional-code":{"insertions":1,"deletions":1}}},{"hash":"361886c7b4e81756ded576c956a14585129c87f4","messageTitle":"Rid unused imports","messageBody":"","fileTypesAndContributionMap":{"functional-code":{"insertions":0,"deletions":2}}},{"hash":"704d6c44d0508846633d97fc30b98b67f12b5ac2","messageTitle":"Update PrescriptionDate.java","messageBody":"","fileTypesAndContributionMap":{"functional-code":{"insertions":1,"deletions":1}}},{"hash":"c0399c2a869d47c45157b5ce89dcad71ba227d1a","messageTitle":"Update TestDate.java","messageBody":"","fileTypesAndContributionMap":{"functional-code":{"insertions":1,"deletions":1}}}]},{"date":"2022-04-07","commitResults":[{"hash":"07c1cf8167efb650c14940bc3b05c2d3e91a075e","messageTitle":"Fix UG Description","messageBody":"","fileTypesAndContributionMap":{"docs":{"insertions":4,"deletions":3}}},{"hash":"325d8749f4d74963f31151c9c1d7d0529364c7ae","messageTitle":"Add Edit one field requirement","messageBody":"","fileTypesAndContributionMap":{"functional-code":{"insertions":14,"deletions":0}}},{"hash":"b019568968dbead94275446a3945a2a59e9a7cb7","messageTitle":"Add Medical Edit field requirement, Fix UG","messageBody":"","fileTypesAndContributionMap":{"functional-code":{"insertions":22,"deletions":22},"docs":{"insertions":15,"deletions":0}}}]}],"joey-chance":[{"date":"2022-03-06","commitResults":[{"hash":"bb4bca0ab2a92041f239ad1d470075bc72e3fb5b","messageTitle":"Add Section 3.0 FAQ and Section 4.0 Command Summary to User Guide","messageBody":"","fileTypesAndContributionMap":{"docs":{"insertions":15,"deletions":191}}},{"hash":"3086fcbd6a525a55ac70c15981b6100a81b9b470","messageTitle":"Update docs/UserGuide.md","messageBody":"Co-authored-by: Clement Tee \u003c56408987+clement0010@users.noreply.github.com\u003e","fileTypesAndContributionMap":{"docs":{"insertions":1,"deletions":0}}},{"hash":"80e76c6c5a26fdc431290636556ec7ce2fecd5aa","messageTitle":"Added part that should be retained","messageBody":"","fileTypesAndContributionMap":{"docs":{"insertions":4,"deletions":0}}},{"hash":"8e978a27c018d7ca653e5d8f1153556c3d34b9dc","messageTitle":"Add User Guide sections 2.7, 2.8 and 2.9","messageBody":"","fileTypesAndContributionMap":{"docs":{"insertions":43,"deletions":174}}},{"hash":"04c39a733cf58b2af5a761d6e9b13491d4149235","messageTitle":"Minor fixes","messageBody":"","fileTypesAndContributionMap":{"docs":{"insertions":0,"deletions":1}}},{"hash":"a2372561283a6a942a7c10c3ff6437e91a6241e3","messageTitle":"Create joey-chance.md","messageBody":"","fileTypesAndContributionMap":{"docs":{"insertions":14,"deletions":0}}}]},{"date":"2022-03-07","commitResults":[{"hash":"df7a06bfb43a22eb3bc5359cdbba270278e7b7ac","messageTitle":"Add empty line between header and table to fix how table is rendered on GitHub Pages. Refer to: https://github.com/pages-themes/cayman/issues/82","messageBody":"","fileTypesAndContributionMap":{"docs":{"insertions":2,"deletions":1}}}]},{"date":"2022-03-15","commitResults":[{"hash":"7d8834773f48beb3000e4e857204486a44208d8f","messageTitle":"Add logic for creating test result feature","messageBody":"","fileTypesAndContributionMap":{"functional-code":{"insertions":1094,"deletions":7}}},{"hash":"536057e0101b40b979f9ec9149182f2d9dd33ac8","messageTitle":"Add logic for view test result feature","messageBody":"","fileTypesAndContributionMap":{"functional-code":{"insertions":106,"deletions":0},"test-code":{"insertions":37,"deletions":0}}},{"hash":"d1b7dcf3f00fdab717d8690d2c043c4d4399b6ca","messageTitle":"Revert \"Merge branch \u0027master\u0027 into master\"","messageBody":"This reverts commit d3d248acb92bc9c37df4895352333b7ec2edb9a0.\n","fileTypesAndContributionMap":{"functional-code":{"insertions":9,"deletions":1101}}},{"hash":"3a1367126b04842ebe3fb1a90d2f99d42eeae1e7","messageTitle":"Add view test result","messageBody":"","fileTypesAndContributionMap":{"functional-code":{"insertions":3,"deletions":3}}}]},{"date":"2022-03-16","commitResults":[{"hash":"f90a706dd87bcfe077458329ec5622175ded5608","messageTitle":"Add example command and handle invalid date inputs","messageBody":"","fileTypesAndContributionMap":{"functional-code":{"insertions":20,"deletions":12}}},{"hash":"82d5d014e81deaf428fdbe5fdf6205243c1d104f","messageTitle":"Fix missing EOF and trailing whitespaces","messageBody":"","fileTypesAndContributionMap":{"functional-code":{"insertions":2,"deletions":2},"docs":{"insertions":6,"deletions":6}}},{"hash":"77e4004a62e121dea9336ac98dab5ddb764982ac","messageTitle":"Fix import statements","messageBody":"","fileTypesAndContributionMap":{"functional-code":{"insertions":16,"deletions":16}}},{"hash":"17a07c330258b1a4580b3d8dab9f018dc0135526","messageTitle":"Fix checkstyle","messageBody":"","fileTypesAndContributionMap":{"functional-code":{"insertions":49,"deletions":58}}},{"hash":"73744ce4305db889c7c652c609ac0d654b0e09f0","messageTitle":"Fix import statements and number of characters in line","messageBody":"","fileTypesAndContributionMap":{"functional-code":{"insertions":17,"deletions":10}}},{"hash":"51807f1f9e6cba359d43e9e1f94895a2125659bd","messageTitle":"Fix import statements","messageBody":"","fileTypesAndContributionMap":{"functional-code":{"insertions":2,"deletions":5}}},{"hash":"1773262da421a06ef9980517731836edcbc1e965","messageTitle":"Fix import statements","messageBody":"","fileTypesAndContributionMap":{"test-code":{"insertions":1,"deletions":1}}},{"hash":"bd321a2cd21dd6621dd58b6a1c5d63534f238e0a","messageTitle":"Add JsonProperty","messageBody":"","fileTypesAndContributionMap":{"functional-code":{"insertions":1,"deletions":1}}},{"hash":"dcc404711234b9887a1b8248ddc7d2f0b7db2a5f","messageTitle":"Fix JsonProperty naming","messageBody":"","fileTypesAndContributionMap":{"functional-code":{"insertions":1,"deletions":1}}},{"hash":"b17db54a3414e6d0b5f52edb3a31e0b27dacb88f","messageTitle":"Add logic for view test result","messageBody":"","fileTypesAndContributionMap":{"functional-code":{"insertions":5,"deletions":5}}},{"hash":"33032d8b35ae3d56e5fdcef960bb7a4f54e5dd7f","messageTitle":"Update CliSyntax.java","messageBody":"","fileTypesAndContributionMap":{"functional-code":{"insertions":3,"deletions":3}}},{"hash":"4af445d99ef07042023141d98ab314885e3c30fd","messageTitle":"Add logic and UI for view test result feature","messageBody":"","fileTypesAndContributionMap":{"functional-code":{"insertions":13,"deletions":19}}},{"hash":"a6ac2a309b1440eca9f4fbb53934ead82db96529","messageTitle":"Fix number of characters in line","messageBody":"","fileTypesAndContributionMap":{"functional-code":{"insertions":2,"deletions":1}}},{"hash":"68bf51f92eb95aac4f1765cca6970495049e5578","messageTitle":"Update ViewContactCommand.java","messageBody":"","fileTypesAndContributionMap":{"functional-code":{"insertions":1,"deletions":1}}}]},{"date":"2022-03-17","commitResults":[{"hash":"3bb9e9dc037b34ff5fddb4f186684e19c017b02c","messageTitle":"Add logic and ui for delete test result feature","messageBody":"","fileTypesAndContributionMap":{"functional-code":{"insertions":147,"deletions":1}}},{"hash":"cc1311b5193cf3ab8b96430fd42ed13f31d78f73","messageTitle":"Fix import statements and number of characters in line according to Checkstyle","messageBody":"","fileTypesAndContributionMap":{"functional-code":{"insertions":8,"deletions":7}}},{"hash":"42267f6bd82ce03e84a29e737896ed1ba5345898","messageTitle":"Fix checkstyle","messageBody":"","fileTypesAndContributionMap":{"functional-code":{"insertions":1,"deletions":1}}},{"hash":"540041f8764a3bdb823ebbd2df30c97509c68c2c","messageTitle":"Fix example commands","messageBody":"","fileTypesAndContributionMap":{"functional-code":{"insertions":13,"deletions":6}}},{"hash":"7816670d6a4682a5a46a38680434b481392b476e","messageTitle":"Change ownerNric to patientNric","messageBody":"","fileTypesAndContributionMap":{"functional-code":{"insertions":36,"deletions":36}}}]},{"date":"2022-03-18","commitResults":[{"hash":"b93b696036fa80c6ada1a4efaea18043de7212c5","messageTitle":"Fix bug in delete","messageBody":"","fileTypesAndContributionMap":{"functional-code":{"insertions":4,"deletions":31}}},{"hash":"eb03808f40f0740ad45fcdf10caeaf29d48ac85d","messageTitle":"Remove unused import statements","messageBody":"","fileTypesAndContributionMap":{"functional-code":{"insertions":0,"deletions":3}}},{"hash":"dd73449320695562ba9b32090c8199db59133db1","messageTitle":"Gradle fix","messageBody":"","fileTypesAndContributionMap":{"other":{"insertions":1,"deletions":0}}}]},{"date":"2022-03-25","commitResults":[{"hash":"1fed7a9bad416b27272028225cf8e01e769828bf","messageTitle":"Update Developer Guide to include information regarding the Add commands feature","messageBody":"","fileTypesAndContributionMap":{"docs":{"insertions":25,"deletions":4}}},{"hash":"c652cb5a016d626369f24ffab6f4ffe64432c578","messageTitle":"Add activity diagram for adding medical information for patient example","messageBody":"","fileTypesAndContributionMap":{"docs":{"insertions":17,"deletions":2}}},{"hash":"34489a9ea20c4057e75dc8c12079f4565cdff24f","messageTitle":"Add class diagram for add commands","messageBody":"","fileTypesAndContributionMap":{"docs":{"insertions":32,"deletions":1}}},{"hash":"fc417e0693c2251745f69e08f1cbcbd8a6baf428","messageTitle":"Add logic for Edit Test Result command feature","messageBody":"","fileTypesAndContributionMap":{"functional-code":{"insertions":236,"deletions":6}}},{"hash":"1815099926e7be8a8a7ea8d34ad10f53b751cb2c","messageTitle":"Fix checkstyle","messageBody":"","fileTypesAndContributionMap":{"functional-code":{"insertions":9,"deletions":6}}},{"hash":"7d644f13081be31663cc7d7cac545c54aab36eae","messageTitle":"Update src/main/java/seedu/address/logic/commands/testresult/EditTestResultCommand.java","messageBody":"Co-authored-by: Ho Si Binh \u003c97666199+sibinhho99-nus@users.noreply.github.com\u003e","fileTypesAndContributionMap":{"functional-code":{"insertions":1,"deletions":1}}},{"hash":"19ba9193ad92f59875ab2dc37c3c8ae5452ad258","messageTitle":"Fix checkstyle","messageBody":"","fileTypesAndContributionMap":{"functional-code":{"insertions":8,"deletions":6}}}]},{"date":"2022-03-29","commitResults":[{"hash":"b0f05c186454484d774ff95bf572fca1b67bd6f3","messageTitle":"Add Find Command feature for test results","messageBody":"","fileTypesAndContributionMap":{"functional-code":{"insertions":195,"deletions":10}}},{"hash":"7d0ee72db1dffb98ce915472369493a75207712d","messageTitle":"Fix checkstyle","messageBody":"","fileTypesAndContributionMap":{"functional-code":{"insertions":6,"deletions":6}}}]},{"date":"2022-03-30","commitResults":[{"hash":"0199a358e81ecf01a65d5cd241a876ca27813d1e","messageTitle":"Add FindPrescription","messageBody":"","fileTypesAndContributionMap":{"functional-code":{"insertions":127,"deletions":8}}},{"hash":"5ab2ce6e001531a71dbc5aa91222e068f1fd593f","messageTitle":"Add FindMedical command","messageBody":"","fileTypesAndContributionMap":{"functional-code":{"insertions":149,"deletions":6}}},{"hash":"d6afa7dd71e6eb6fa27f9cefc390b7eb2b40ddae","messageTitle":"Add FindContact command","messageBody":"","fileTypesAndContributionMap":{"functional-code":{"insertions":135,"deletions":1}}},{"hash":"6f5761dc071baa7320ec632204fe1eed236dfce1","messageTitle":"Add FindConsultation command","messageBody":"","fileTypesAndContributionMap":{"functional-code":{"insertions":128,"deletions":1}}},{"hash":"dd19248fe78c60311036cc9d9af58be5066f7b2a","messageTitle":"Fix checkstyle","messageBody":"","fileTypesAndContributionMap":{"functional-code":{"insertions":8,"deletions":6}}}]},{"date":"2022-04-01","commitResults":[{"hash":"09da5a1d88075645f8991aa732d882d785133d6d","messageTitle":"Updating User Guide","messageBody":"","fileTypesAndContributionMap":{"docs":{"insertions":13,"deletions":13}}},{"hash":"da14a7df27dbabc426cad7b296aa4844d4768d59","messageTitle":"Fix User Guide and remove find medical functionality","messageBody":"","fileTypesAndContributionMap":{"functional-code":{"insertions":1,"deletions":1},"docs":{"insertions":4,"deletions":1}}},{"hash":"f7149f905242e3035e7137d70748f7855e74e6b9","messageTitle":"Fix checkstyle","messageBody":"","fileTypesAndContributionMap":{"functional-code":{"insertions":0,"deletions":1}}}]},{"date":"2022-04-04","commitResults":[{"hash":"5a7ebe8893bc67dcdce4ed892e418ce2b19f6c7a","messageTitle":"Remove the redundant check for NRIC and allow keyword to match with NRIC","messageBody":"","fileTypesAndContributionMap":{"functional-code":{"insertions":4,"deletions":8}}},{"hash":"01b2789a76146aa55a1bd27596a2f1e33259a017","messageTitle":"Remove unused import statements","messageBody":"","fileTypesAndContributionMap":{"functional-code":{"insertions":0,"deletions":1}}}]},{"date":"2022-04-05","commitResults":[{"hash":"96b3fe20d87fdbe8f01a7b817500243fbe8d517e","messageTitle":"Add link to find in ToC and add find to command summary","messageBody":"","fileTypesAndContributionMap":{"docs":{"insertions":3,"deletions":0}}},{"hash":"48dcc15fea2b8efbc182d039e341804b1c712b2f","messageTitle":"Fix wrong tag for test date from dt/ to td/","messageBody":"","fileTypesAndContributionMap":{"docs":{"insertions":1,"deletions":1}}}]},{"date":"2022-04-06","commitResults":[{"hash":"0354da3652e15a2d60e2d991909ffd5303a11a8f","messageTitle":"Fix cosmetic issues","messageBody":"","fileTypesAndContributionMap":{"functional-code":{"insertions":29,"deletions":34}}}]},{"date":"2022-04-07","commitResults":[{"hash":"9faa1e23cf1f9b984bfa65774c494f92c88a6854","messageTitle":"Add overloaded test method to facilitate unit testing by adding an extra parameter to pass in the currently viewed patient\u0027s NRIC and Javadoc comments for the corresponding methods","messageBody":"","fileTypesAndContributionMap":{"functional-code":{"insertions":127,"deletions":0}}}]}]},"authorFileTypeContributionMap":{"cheekean5848":{"docs":236,"functional-code":2584,"test-code":1092},"sibinhho99-nus":{"docs":226,"functional-code":2624,"test-code":776},"clement0010":{"docs":344,"functional-code":2951,"test-code":206,"other":5},"juslam19":{"docs":100,"functional-code":2173,"test-code":74},"joey-chance":{"docs":114,"functional-code":2329,"test-code":38,"other":1}},"authorContributionVariance":{"cheekean5848":124931.66,"sibinhho99-nus":94779.69,"clement0010":90095.93,"juslam19":448261.72,"joey-chance":121753.97},"authorDisplayNameMap":{"cheekean5848":"CS2103T-T11-1 LOO ..KEAN","sibinhho99-nus":"CS2103T-T11-1 HO S..BINH","clement0010":"CS2103T-T11-1 CLEM..HENG","juslam19":"CS2103T-T11-1 JUST.. ONN","joey-chance":"CS2103T-T11-1 JOEY..ANCE"}}
