{"authorDailyContributionsMap":{"yunbinmo":[{"date":"2022-02-22","commitResults":[{"hash":"3fbe34634cf795b74da9624acda83515a3158507","messageTitle":"Update AboutUs.md","messageBody":"","fileTypesAndContributionMap":{"docs":{"insertions":51,"deletions":5}}},{"hash":"9fb26ab3cb709396e37e272761d5ff935ee479a2","messageTitle":"Update AboutUs.md","messageBody":"","fileTypesAndContributionMap":{"docs":{"insertions":1,"deletions":1}}}]},{"date":"2022-02-25","commitResults":[{"hash":"096006ecd7868757ec7e1921ed37ce1cf8b8a1b2","messageTitle":"Add user stories for appointments into DG","messageBody":"","fileTypesAndContributionMap":{"docs":{"insertions":14,"deletions":11}}},{"hash":"ba3fd0320a9e3212269501f3f4fa50a159307d05","messageTitle":"Update index.md","messageBody":"","fileTypesAndContributionMap":{"docs":{"insertions":1,"deletions":1}}}]},{"date":"2022-02-28","commitResults":[{"hash":"3fe51324ccc7ccea8d80984f02817d86cef762bc","messageTitle":"Update DeveloperGuide.md","messageBody":"","fileTypesAndContributionMap":{"docs":{"insertions":19,"deletions":7}}},{"hash":"09a18d18e5c09773db7cb530c5604cccba8f0efd","messageTitle":"Update UserGuide.md","messageBody":"","fileTypesAndContributionMap":{"docs":{"insertions":21,"deletions":3}}}]},{"date":"2022-03-02","commitResults":[{"hash":"5d27a9bf2d9756cc22401b6dc67324d4a4be69f3","messageTitle":"Add skeleton code for add appointment command","messageBody":"","fileTypesAndContributionMap":{"functional-code":{"insertions":136,"deletions":11}}}]},{"date":"2022-03-06","commitResults":[{"hash":"13615adc399bed4800880c8a84adb9072bf0dec9","messageTitle":"Implement add/delete/list command for appointments","messageBody":"","fileTypesAndContributionMap":{"functional-code":{"insertions":889,"deletions":20}}},{"hash":"b3a95c72279ea380debee6f791551dce8d32f7a5","messageTitle":"Update UserGuide.md","messageBody":"","fileTypesAndContributionMap":{"docs":{"insertions":2,"deletions":2}}},{"hash":"416df84771dbbdf17e7600e540b502c5e76cef58","messageTitle":"Implement storage function for appointments","messageBody":"","fileTypesAndContributionMap":{"functional-code":{"insertions":350,"deletions":97}}}]},{"date":"2022-03-08","commitResults":[{"hash":"38d5eb6f87720ea8c466c1181086c76a3857f8a4","messageTitle":"Try adding GUI for displaying appointment","messageBody":"","fileTypesAndContributionMap":{"functional-code":{"insertions":215,"deletions":48}}}]},{"date":"2022-03-09","commitResults":[{"hash":"cce2f40d8fb049366eca419323f4fe5feecf9fbc","messageTitle":"Fix an issue in the displayed text of Appointment","messageBody":"","fileTypesAndContributionMap":{"functional-code":{"insertions":1,"deletions":1}}}]},{"date":"2022-03-10","commitResults":[{"hash":"44bdf0ca594b787d9af5106f81074679c03cff60","messageTitle":"Rearrange the GUI for better display","messageBody":"","fileTypesAndContributionMap":{"functional-code":{"insertions":93,"deletions":29}}}]},{"date":"2022-03-11","commitResults":[{"hash":"0883fbb54d63abac04ea4065ae253a32d2d95d50","messageTitle":"Improve GUI for appointment","messageBody":"","fileTypesAndContributionMap":{"functional-code":{"insertions":34,"deletions":46}}},{"hash":"2e6464d767030ff736a0fc8c346d2c9860dea3e8","messageTitle":"Fix Appointment GUI bugs in a previous merge","messageBody":"","fileTypesAndContributionMap":{"functional-code":{"insertions":7,"deletions":12}}}]},{"date":"2022-03-15","commitResults":[{"hash":"30d9087b0228d150ac4badea5c50969cafdab440","messageTitle":"Fix bugs in test cases related to Appointment","messageBody":"","fileTypesAndContributionMap":{"functional-code":{"insertions":19,"deletions":9},"test-code":{"insertions":345,"deletions":62}}},{"hash":"2d078f9584d76ab594ffe4bf3d70c92e852bc40b","messageTitle":"Fix minor bugs during merge","messageBody":"","fileTypesAndContributionMap":{"functional-code":{"insertions":10,"deletions":10}}}]},{"date":"2022-03-17","commitResults":[{"hash":"d729828d4845968da6b474c8237aeb512e6da1eb","messageTitle":"Update UserGuide.md","messageBody":"","fileTypesAndContributionMap":{"docs":{"insertions":1,"deletions":1}}}]},{"date":"2022-03-18","commitResults":[{"hash":"ada3bde42e677217579f6210ac3db08772fb694b","messageTitle":"Implement find appointment command","messageBody":"","fileTypesAndContributionMap":{"functional-code":{"insertions":119,"deletions":5}}},{"hash":"019475cb20aebf26c0806b129f527e9dbeafbf2c","messageTitle":"Fix style issues","messageBody":"","fileTypesAndContributionMap":{"functional-code":{"insertions":0,"deletions":2}}},{"hash":"d7ef27fd0f47ad7c8394f1a66dcc38b3f6489bb4","messageTitle":"Update UserGuide.md","messageBody":"","fileTypesAndContributionMap":{"docs":{"insertions":5,"deletions":1}}},{"hash":"b59edb9d939662e3d1ca171a891eed2d73f0012d","messageTitle":"Implement edit appointment command","messageBody":"","fileTypesAndContributionMap":{"functional-code":{"insertions":220,"deletions":0}}}]},{"date":"2022-03-19","commitResults":[{"hash":"1c910f2348c27872ca6c5a9f62d6a375faf282bb","messageTitle":"Update UserGuide.md","messageBody":"","fileTypesAndContributionMap":{"docs":{"insertions":6,"deletions":1}}},{"hash":"4a759560ed07bfd0e71b49070f04b770f595bda2","messageTitle":"Implement clear appointment command and fix a bug in parsing command","messageBody":"","fileTypesAndContributionMap":{"functional-code":{"insertions":27,"deletions":4}}},{"hash":"6f631e64255ac551ad25d7e26ece51b532981430","messageTitle":"Fix a minor bug in test cases","messageBody":"","fileTypesAndContributionMap":{"test-code":{"insertions":1,"deletions":1}}}]},{"date":"2022-03-20","commitResults":[{"hash":"35d64e5c798ee8c4f91b4d38e155aea579e93025","messageTitle":"Implement sort appointment command","messageBody":"","fileTypesAndContributionMap":{"functional-code":{"insertions":128,"deletions":1},"test-code":{"insertions":6,"deletions":0}}}]},{"date":"2022-03-22","commitResults":[{"hash":"11fadfe360c02e34b53722ea4bf7692d0de95abe","messageTitle":"Update DG related to Model and Appointment","messageBody":"","fileTypesAndContributionMap":{"docs":{"insertions":73,"deletions":28}}},{"hash":"eb5ced87e18831afd61d8a768706ad2d6f67d4ae","messageTitle":"Add test cases of sort command and parser related to Appointment command","messageBody":"","fileTypesAndContributionMap":{"functional-code":{"insertions":1,"deletions":1},"test-code":{"insertions":340,"deletions":6}}}]},{"date":"2022-03-23","commitResults":[{"hash":"0eb82f851866f51c63276c13aee6600e46a99abb","messageTitle":"Add test case for parsers related to Insurance command","messageBody":"","fileTypesAndContributionMap":{"test-code":{"insertions":271,"deletions":0}}}]},{"date":"2022-03-24","commitResults":[{"hash":"3669dfb2c1f8093547e4dd3ce1e005e6eb64a5b8","messageTitle":"Update DeveloperGuide.md","messageBody":"","fileTypesAndContributionMap":{"docs":{"insertions":1,"deletions":1}}},{"hash":"4bc85db204783bfac54783683895177909208582","messageTitle":"Update UserGuide.md","messageBody":"","fileTypesAndContributionMap":{"docs":{"insertions":8,"deletions":0}}}]},{"date":"2022-03-25","commitResults":[{"hash":"38cd74270191ffb5ce2ca49c782d8484ce37b057","messageTitle":"Update DeveloperGuide.md","messageBody":"","fileTypesAndContributionMap":{"docs":{"insertions":1,"deletions":1}}}]},{"date":"2022-03-27","commitResults":[{"hash":"dd3be45fa0f4d0347a47b713ec4c3f0ea482d624","messageTitle":"Update DG related to Appointment and Model","messageBody":"","fileTypesAndContributionMap":{"docs":{"insertions":54,"deletions":7}}},{"hash":"93027d711b7471dea9cdad1ce6849cf4a2570c52","messageTitle":"Update UG sections related to Appointment","messageBody":"","fileTypesAndContributionMap":{"docs":{"insertions":57,"deletions":14}}},{"hash":"f9ebb012c10acca1c06c697fb3f87c000b5b6d87","messageTitle":"Fix typos.","messageBody":"","fileTypesAndContributionMap":{"docs":{"insertions":1,"deletions":1}}}]},{"date":"2022-03-28","commitResults":[{"hash":"d7864557c05669b55448b4506ac9425ed4de0dec","messageTitle":"Rearrange UG table of contents","messageBody":"","fileTypesAndContributionMap":{"docs":{"insertions":41,"deletions":29}}}]},{"date":"2022-03-29","commitResults":[{"hash":"d5e5b886bf31853dc5790c64acf94f5a5f4775e3","messageTitle":"Update UserGuide.md","messageBody":"","fileTypesAndContributionMap":{"docs":{"insertions":23,"deletions":23}}},{"hash":"d641a2b48da1637c9e91e76c9041286378e533a3","messageTitle":"Fix expired appointment display issue and add sample appointment data","messageBody":"","fileTypesAndContributionMap":{"functional-code":{"insertions":29,"deletions":11},"test-code":{"insertions":4,"deletions":4}}}]},{"date":"2022-03-30","commitResults":[{"hash":"0020e6df4c426986b0181cb3e53af75ec766cdd9","messageTitle":"Fix expired record display issue and a minor bug in Record class","messageBody":"","fileTypesAndContributionMap":{"functional-code":{"insertions":16,"deletions":5}}},{"hash":"8e38f5cb7aacca1a78c4b00e8df48c0d7804165a","messageTitle":"Fix a bug in ListRecordCommandTest","messageBody":"","fileTypesAndContributionMap":{"functional-code":{"insertions":0,"deletions":1},"test-code":{"insertions":3,"deletions":3}}},{"hash":"508d257ea1293e499884eabc5390bfef12c191e3","messageTitle":"Add draft PPP","messageBody":"","fileTypesAndContributionMap":{"docs":{"insertions":39,"deletions":30}}}]}],"seksek13":[{"date":"2022-02-22","commitResults":[{"hash":"4a6a76048f4f641cf01850ffd0b4322d49af2cb2","messageTitle":"seksek13 readme update","messageBody":"","fileTypesAndContributionMap":{"docs":{"insertions":57,"deletions":0}}},{"hash":"080b7d3596135c1229ccf23962f66ee8525fc893","messageTitle":"Update AboutUs.md","messageBody":"","fileTypesAndContributionMap":{"docs":{"insertions":1,"deletions":1}}},{"hash":"56a9a8359d37e4c00850f394cd18507903c5fef3","messageTitle":"Update AboutUs.md","messageBody":"","fileTypesAndContributionMap":{"docs":{"insertions":0,"deletions":10}}}]},{"date":"2022-02-23","commitResults":[{"hash":"2943145b46bb0a9c902fb0369b7f392d20230750","messageTitle":"Update UserGuide.md","messageBody":"","fileTypesAndContributionMap":{"docs":{"insertions":29,"deletions":0}}},{"hash":"6c59017e093a49f79f0ac36793ab93a849a37b4f","messageTitle":"Update DeveloperGuide.md","messageBody":"","fileTypesAndContributionMap":{"docs":{"insertions":14,"deletions":10}}}]},{"date":"2022-02-28","commitResults":[{"hash":"1b37a2462f4b40732ffbfae7e6ded4996747902c","messageTitle":"Update AboutUs.md","messageBody":"","fileTypesAndContributionMap":{"docs":{"insertions":1,"deletions":1}}},{"hash":"09c27a9b6c02d4aa9c0ef91a5a4b8aacbb6cab2c","messageTitle":"Update DeveloperGuide.md","messageBody":"","fileTypesAndContributionMap":{"docs":{"insertions":3,"deletions":3}}}]},{"date":"2022-03-10","commitResults":[{"hash":"7206c7083828760d96580566a6ba86d20a79263a","messageTitle":"Update User Guide","messageBody":"","fileTypesAndContributionMap":{"docs":{"insertions":2,"deletions":2}}},{"hash":"772582a1bc886ec31331314348d0998e76b9f451","messageTitle":"Adds Record Command","messageBody":"","fileTypesAndContributionMap":{"functional-code":{"insertions":441,"deletions":7}}}]},{"date":"2022-03-11","commitResults":[{"hash":"ff55fc8fa8268bff86fa3d817cf8815ea224e64d","messageTitle":"Update UserGuide","messageBody":"","fileTypesAndContributionMap":{"docs":{"insertions":1,"deletions":0}}},{"hash":"d2f418871e8ffddf5c98ad001a2b6a467d412441","messageTitle":"Implement add/delete Record function","messageBody":"","fileTypesAndContributionMap":{"functional-code":{"insertions":633,"deletions":33},"other":{"insertions":3,"deletions":3}}},{"hash":"1cf1e55cfac423334078f68f23dca49abafe153e","messageTitle":"Update Record command","messageBody":"","fileTypesAndContributionMap":{"functional-code":{"insertions":196,"deletions":18},"test-code":{"insertions":16,"deletions":4}}},{"hash":"3425da64fb64be9183e6e9760eb6926aee845817","messageTitle":"Update Record start/end date constraint","messageBody":"","fileTypesAndContributionMap":{"functional-code":{"insertions":2,"deletions":2}}},{"hash":"ae64b573354b252a8a0becf746c125b0881b3246","messageTitle":"Change startdate format","messageBody":"","fileTypesAndContributionMap":{"functional-code":{"insertions":2,"deletions":2}}}]},{"date":"2022-03-12","commitResults":[{"hash":"0e8340440965a0f6c91a76159adabe666c884e5b","messageTitle":"Update Start/End Date Format","messageBody":"","fileTypesAndContributionMap":{"functional-code":{"insertions":4,"deletions":5}}},{"hash":"c77db91f2cdd968b37d86b9a429aaef87feff946","messageTitle":"Save add/delete record to file","messageBody":"","fileTypesAndContributionMap":{"functional-code":{"insertions":210,"deletions":7}}},{"hash":"548b7acd47a885f2e09df5a98ca9c669a88bd800","messageTitle":"Implement list record","messageBody":"","fileTypesAndContributionMap":{"functional-code":{"insertions":279,"deletions":21}}}]},{"date":"2022-03-15","commitResults":[{"hash":"4906d3380263a1493a65c77b82f1547764883aeb","messageTitle":"Change startDate/endDate format for records","messageBody":"","fileTypesAndContributionMap":{"functional-code":{"insertions":24,"deletions":22}}},{"hash":"0e8efb7a75881b554aeedd3311683f2cd6e58fe9","messageTitle":"Update constraint to check if record has valid client and insurance index","messageBody":"","fileTypesAndContributionMap":{"functional-code":{"insertions":21,"deletions":7}}}]},{"date":"2022-03-16","commitResults":[{"hash":"d991f16e410628385e494b3c3f9a824f2d2ecb9e","messageTitle":"Fix testcases bugs","messageBody":"","fileTypesAndContributionMap":{"functional-code":{"insertions":19,"deletions":17}}},{"hash":"2b028290c3d9c015936d4aafed4b28413b81f6fc","messageTitle":"Fix checkstyle issues","messageBody":"","fileTypesAndContributionMap":{"functional-code":{"insertions":12,"deletions":17}}},{"hash":"aac6e465190562b4608b99a14a35cf8544ce7199","messageTitle":"no message","messageBody":"","fileTypesAndContributionMap":{"functional-code":{"insertions":2,"deletions":0}}},{"hash":"1397eefc02c89d48e3f612129684b047e1c3207c","messageTitle":"Update list record UI","messageBody":"","fileTypesAndContributionMap":{"functional-code":{"insertions":7,"deletions":9}}},{"hash":"b933999a6452fd876194a8f15ed8aa9007863918","messageTitle":"Store record\u0027s insurance name instead of ID","messageBody":"","fileTypesAndContributionMap":{"functional-code":{"insertions":17,"deletions":5}}},{"hash":"6e3569267e78d46b3906291f82b51825fc92670a","messageTitle":"Minor checkstyle bugs","messageBody":"","fileTypesAndContributionMap":{"functional-code":{"insertions":1,"deletions":1}}},{"hash":"b32ddadf4134a7b04ee95a46ac40e49c3622fa1c","messageTitle":"Edit javadocs","messageBody":"","fileTypesAndContributionMap":{"functional-code":{"insertions":3,"deletions":4}}},{"hash":"31e22d36567b1fcd2f604003e940cfd267a4f387","messageTitle":"EOF newline bug","messageBody":"","fileTypesAndContributionMap":{"functional-code":{"insertions":1,"deletions":1}}},{"hash":"32c7f60baa9d432c7e4e469bc9e1b23400d9b16f","messageTitle":"EOF newline bug","messageBody":"","fileTypesAndContributionMap":{"functional-code":{"insertions":1,"deletions":2}}}]},{"date":"2022-03-17","commitResults":[{"hash":"098c53d1ee4e982efb6e75fb6a1caec5a3735bac","messageTitle":"List records related when client is clicked","messageBody":"","fileTypesAndContributionMap":{"functional-code":{"insertions":26,"deletions":7}}},{"hash":"904130c084542335fc55d6871ef4dae2f275d945","messageTitle":"Fix adding record zero index bug","messageBody":"","fileTypesAndContributionMap":{"functional-code":{"insertions":40,"deletions":4}}}]},{"date":"2022-03-18","commitResults":[{"hash":"7c6c8106454a8c29c7f7e5937ba8db1469530091","messageTitle":"Update UserGuide.md","messageBody":"","fileTypesAndContributionMap":{"docs":{"insertions":35,"deletions":2}}},{"hash":"36cb128085938243804c3b31b76f4035e1b5c22d","messageTitle":"Add find record command","messageBody":"","fileTypesAndContributionMap":{"functional-code":{"insertions":121,"deletions":0}}},{"hash":"94560a5623fdcb2373a0bb84c561b653f4258536","messageTitle":"Add edit record command","messageBody":"","fileTypesAndContributionMap":{"functional-code":{"insertions":312,"deletions":8}}}]},{"date":"2022-03-19","commitResults":[{"hash":"f7c8616adb2843a4daf7d0ca75175309febc9720","messageTitle":"Implement Clear Record Command","messageBody":"","fileTypesAndContributionMap":{"functional-code":{"insertions":24,"deletions":0}}}]},{"date":"2022-03-22","commitResults":[{"hash":"e28a60d8ef52d6735f1663f8b2292d0172948eee","messageTitle":"Implement Test Cases for find appointment/insurance/record","messageBody":"","fileTypesAndContributionMap":{"test-code":{"insertions":247,"deletions":0}}},{"hash":"1ac768100b037afd284fc6d75d27cf36ef6a5da1","messageTitle":"Check for start date and end date when adding record","messageBody":"","fileTypesAndContributionMap":{"functional-code":{"insertions":11,"deletions":9}}},{"hash":"cef56871266892309a57346bdfecb2d2a926d4ac","messageTitle":"Implements constraint for edit record start date and end date","messageBody":"","fileTypesAndContributionMap":{"functional-code":{"insertions":13,"deletions":2}}},{"hash":"d4bb2b540d0876a99343ce96162c6e5973725042","messageTitle":"no message","messageBody":"","fileTypesAndContributionMap":{"functional-code":{"insertions":1,"deletions":1}}},{"hash":"6a051567a6dcb072481927f907886f784b21e3a2","messageTitle":"Minor checkstyle error","messageBody":"","fileTypesAndContributionMap":{"functional-code":{"insertions":2,"deletions":1}}},{"hash":"6b75a28d49141792799b7ef91da6745078ca6c17","messageTitle":"Implements constraint for edit record start date and end date","messageBody":"","fileTypesAndContributionMap":{"functional-code":{"insertions":6,"deletions":5}}},{"hash":"a1a46134be853b10e67c0f6478c7e5caf3464eea","messageTitle":"Minor checkstyle error","messageBody":"","fileTypesAndContributionMap":{"functional-code":{"insertions":4,"deletions":3}}},{"hash":"509b5874bbc2be0af0681ab1776ad42cac5f151a","messageTitle":"Update UiDragram of DG","messageBody":"","fileTypesAndContributionMap":{"docs":{"insertions":24,"deletions":3}}},{"hash":"3e38f0981a2401f0bdbb0638084e01f1a115d2d6","messageTitle":"Update DG","messageBody":"","fileTypesAndContributionMap":{"docs":{"insertions":32,"deletions":3}}},{"hash":"136cd61801e64b7e71acba1a0f0d1e5dc65f71f3","messageTitle":"Update DG","messageBody":"","fileTypesAndContributionMap":{"docs":{"insertions":3,"deletions":2}}}]},{"date":"2022-03-28","commitResults":[{"hash":"9326d7b2ad80520744aec7adfe3e0b229c331148","messageTitle":"Update UserGuide","messageBody":"","fileTypesAndContributionMap":{"docs":{"insertions":25,"deletions":12}}}]},{"date":"2022-03-29","commitResults":[{"hash":"0a469993a2bdcb38fdea82b66584e48ce51bb4d5","messageTitle":"Fix list record index bug","messageBody":"","fileTypesAndContributionMap":{"functional-code":{"insertions":3,"deletions":3}}}]},{"date":"2022-03-30","commitResults":[{"hash":"3eae1ebe4c212e345e342205ada9c20b4fa93f60","messageTitle":"Change UI colors","messageBody":"","fileTypesAndContributionMap":{"functional-code":{"insertions":13,"deletions":13}}},{"hash":"5a8e30c2824f5a434947ab4b5feb1b1f4bd1ac4d","messageTitle":"Improve List UI","messageBody":"","fileTypesAndContributionMap":{"functional-code":{"insertions":14,"deletions":10}}},{"hash":"3dca3eee1d4a23eab7f0476197045045863f4676","messageTitle":"Remove status bar","messageBody":"","fileTypesAndContributionMap":{"functional-code":{"insertions":1,"deletions":47},"other":{"insertions":0,"deletions":2},"docs":{"insertions":1,"deletions":5}}}]},{"date":"2022-03-31","commitResults":[{"hash":"035a6c63c00f85018d48e91b5c4cdc44880c0923","messageTitle":"Update UI","messageBody":"","fileTypesAndContributionMap":{"functional-code":{"insertions":56,"deletions":63}}},{"hash":"12ec10001d7f5847dbc14bc4fdd597b459ef0c47","messageTitle":"Update UI","messageBody":"","fileTypesAndContributionMap":{"functional-code":{"insertions":62,"deletions":74}}},{"hash":"b716be952d5cfc71841dd3f0ef7feb2f3193169a","messageTitle":"Update Ui","messageBody":"","fileTypesAndContributionMap":{"functional-code":{"insertions":42,"deletions":35}}},{"hash":"6167db7eb175df7a785e9b78e256d959e44cc4ce","messageTitle":"Update UI color","messageBody":"","fileTypesAndContributionMap":{"functional-code":{"insertions":29,"deletions":23}}},{"hash":"a1f126baa598fd0b3006c16d11e84045b577d3b1","messageTitle":"Update UI - font color of record","messageBody":"","fileTypesAndContributionMap":{"functional-code":{"insertions":4,"deletions":4}}},{"hash":"b0ddf19da792fbc8209dfe7dd09f88946e55411f","messageTitle":"Minor Change to UI","messageBody":"","fileTypesAndContributionMap":{"functional-code":{"insertions":13,"deletions":13}}},{"hash":"fe0c69f80972b8d11d73d7ba68650e9cb195d748","messageTitle":"update prompt Text font color","messageBody":"","fileTypesAndContributionMap":{"functional-code":{"insertions":3,"deletions":3}}},{"hash":"bf00451ef7607efec5d27949cca74d8a81c05e4b","messageTitle":"Update UserGuide.md","messageBody":"","fileTypesAndContributionMap":{"docs":{"insertions":3,"deletions":5}}}]}],"jessicajacelyn":[{"date":"2022-02-22","commitResults":[{"hash":"a4dbdf306aa1b6b3b2e362637482937c7423963c","messageTitle":"Update AboutUs.md","messageBody":"","fileTypesAndContributionMap":{"docs":{"insertions":3,"deletions":3}}},{"hash":"3d7afa541541f2727ac5b4d2ab67f755420190b6","messageTitle":"Add files via upload","messageBody":"","fileTypesAndContributionMap":{"docs":{"insertions":46,"deletions":0}}},{"hash":"cdc3bf00b6d61effefbd02de68eb03abafbb01ce","messageTitle":"Update jessicajacelyn.md","messageBody":"","fileTypesAndContributionMap":{"docs":{"insertions":2,"deletions":1}}}]},{"date":"2022-02-24","commitResults":[{"hash":"c5ea74865cab3b8bab5a1adc12e10a5a7971b9be","messageTitle":"Update DeveloperGuide.md","messageBody":"Changes made: value proposition, target user profile and glossary.","fileTypesAndContributionMap":{"docs":{"insertions":5,"deletions":4}}}]},{"date":"2022-02-25","commitResults":[{"hash":"2ae56d3c3a6a3e840c7beb79836d773349c20a56","messageTitle":"Update DeveloperGuide.md","messageBody":"Add use case for list client.\n","fileTypesAndContributionMap":{"docs":{"insertions":17,"deletions":3}}}]},{"date":"2022-02-28","commitResults":[{"hash":"a3d740c5a95ac8dabb7af673f23056ba6404e522","messageTitle":"Update DeveloperGuide.md","messageBody":"","fileTypesAndContributionMap":{"docs":{"insertions":12,"deletions":9}}}]},{"date":"2022-03-09","commitResults":[{"hash":"f269182062ee16b0e544fb447bac140b1439f16c","messageTitle":"Update UserGuide.md Added history component and features in the guide.","messageBody":"","fileTypesAndContributionMap":{"other":{"insertions":580,"deletions":0},"docs":{"insertions":14,"deletions":0}}},{"hash":"7153f1709d3f88df1f0bd245e1686f7395f25ecd","messageTitle":"Update DeveloperGuide.md Added user stories related to history feature and words to glossaries.","messageBody":"","fileTypesAndContributionMap":{"docs":{"insertions":22,"deletions":17}}}]},{"date":"2022-03-13","commitResults":[{"hash":"a3a8f9feca78f16197e00967fef7f2f182b99daf","messageTitle":"Add appointment history command App is able to read and recognise the command but backend is in progress","messageBody":"","fileTypesAndContributionMap":{"functional-code":{"insertions":466,"deletions":39}}}]},{"date":"2022-03-15","commitResults":[{"hash":"ecd743eac8f741ae6f121e36432b72e5299e439f","messageTitle":"Complete list expired record feature","messageBody":"","fileTypesAndContributionMap":{"functional-code":{"insertions":506,"deletions":95}}}]},{"date":"2022-03-17","commitResults":[{"hash":"072bf87fee6b0c9191a0dfc792178bb6dbd60080","messageTitle":"Fix bug","messageBody":"","fileTypesAndContributionMap":{"functional-code":{"insertions":110,"deletions":0}}},{"hash":"db40e675aa69b21652b0f33d7b7c0bfedfed9e79","messageTitle":"Fix find insurance and person bug","messageBody":"","fileTypesAndContributionMap":{"functional-code":{"insertions":6,"deletions":4}}},{"hash":"7712fa202149eb90d02e4705393720529717bbdd","messageTitle":"Update UserGuide","messageBody":"","fileTypesAndContributionMap":{"docs":{"insertions":10,"deletions":4}}},{"hash":"621a8f2900f9fb6d185ac072c260956a43e7d313","messageTitle":"Fix checkstyle error","messageBody":"","fileTypesAndContributionMap":{"functional-code":{"insertions":6,"deletions":26}}},{"hash":"a2e796928a6729c85d6881d0fcc591e07d857a33","messageTitle":"Fix checkstyle issue","messageBody":"","fileTypesAndContributionMap":{"functional-code":{"insertions":22,"deletions":1}}}]},{"date":"2022-03-20","commitResults":[{"hash":"b6cdc02d774de9c637be6b58cef675ca0e090b21","messageTitle":"Create tests for history features","messageBody":"","fileTypesAndContributionMap":{"functional-code":{"insertions":0,"deletions":4},"test-code":{"insertions":80,"deletions":0}}},{"hash":"8e8b1e97fd561413584c2fe612706709d5b6ea3a","messageTitle":"Fix checkstyle issues","messageBody":"","fileTypesAndContributionMap":{"test-code":{"insertions":8,"deletions":6}}},{"hash":"759839fb2eb4b56516241aa147056bd069a5ff21","messageTitle":"Complete AddInsuranceCommandTest and AddAppointmentCommandTest","messageBody":"","fileTypesAndContributionMap":{"functional-code":{"insertions":0,"deletions":2},"test-code":{"insertions":736,"deletions":0}}},{"hash":"6c428995c5a9180dfad54de93d134ff4685dedc7","messageTitle":"Complete AddRecordCommandTest and fix checkstyle issues","messageBody":"","fileTypesAndContributionMap":{"test-code":{"insertions":441,"deletions":2}}},{"hash":"8c4345809a7f1ed5a6cf456dfd62f8857f015c68","messageTitle":"Fix checkstyle issue","messageBody":"","fileTypesAndContributionMap":{"test-code":{"insertions":1,"deletions":1}}},{"hash":"3d330e310f55ed8b302cfcb980d712a1183bcddc","messageTitle":"Fix checkstyle issue","messageBody":"","fileTypesAndContributionMap":{"test-code":{"insertions":1,"deletions":1}}},{"hash":"ed4beffd6f5510e33c2d96686306f7e7576f5812","messageTitle":"Add ListAppointmentCommand","messageBody":"","fileTypesAndContributionMap":{"functional-code":{"insertions":1,"deletions":1},"test-code":{"insertions":103,"deletions":6}}},{"hash":"964e13309c2d045fc8473113202557ab0a792012","messageTitle":"Complete ListInsuranceCommandTest","messageBody":"","fileTypesAndContributionMap":{"functional-code":{"insertions":0,"deletions":1},"test-code":{"insertions":58,"deletions":2}}},{"hash":"d50c9354fcd2ea92f1045fd2b51d56bb1af2aa97","messageTitle":"Fic checkstyle issue","messageBody":"","fileTypesAndContributionMap":{"test-code":{"insertions":7,"deletions":6}}}]},{"date":"2022-03-21","commitResults":[{"hash":"ecd77968e549d8fcba286b9cd2742320a313454e","messageTitle":"Create ListRecordCommandTest","messageBody":"","fileTypesAndContributionMap":{"test-code":{"insertions":42,"deletions":0}}},{"hash":"d0370158b7202497c3cb57d487ac3af5660c9bbc","messageTitle":"Fix checkstyle issue","messageBody":"","fileTypesAndContributionMap":{"test-code":{"insertions":2,"deletions":1}}},{"hash":"486af0b48275dabc113b1cc03b25aaf7840111f1","messageTitle":"Create EditAppointmentCommandTest and EditAppointmentDescriptorTest","messageBody":"","fileTypesAndContributionMap":{"test-code":{"insertions":296,"deletions":1}}},{"hash":"9e6ffd299ad54bdb29fddfa3d32ec47d54bc0c0d","messageTitle":"Fix checkstyle issue","messageBody":"","fileTypesAndContributionMap":{"docs":{"insertions":19,"deletions":25},"test-code":{"insertions":0,"deletions":1}}},{"hash":"27b9b0ec184d8750804c10225e62cd07bd0ae28a","messageTitle":"Fix checkstyle issue","messageBody":"","fileTypesAndContributionMap":{"test-code":{"insertions":0,"deletions":1}}},{"hash":"a22aca884b76a6aef17dc0c21ab827b78f0b1a93","messageTitle":"Fix checkstyle issue","messageBody":"","fileTypesAndContributionMap":{"docs":{"insertions":2,"deletions":2}}},{"hash":"c544100dcd9e148030253c7bb0c1feed4a8a21a6","messageTitle":"Fix checkstyle issue","messageBody":"","fileTypesAndContributionMap":{"test-code":{"insertions":2,"deletions":4}}},{"hash":"c9980e5f6ec7e310bf8a93a4ef334257f21aea39","messageTitle":"Fix checkstyle issue","messageBody":"","fileTypesAndContributionMap":{"test-code":{"insertions":18,"deletions":10}}},{"hash":"6ba25be8a0a17922b6f3dfc691af396b8bc2a5b7","messageTitle":"Fix checkstyle issue","messageBody":"","fileTypesAndContributionMap":{"test-code":{"insertions":5,"deletions":3}}},{"hash":"10ee512af1401e9482cf6ac0d7009a32089da047","messageTitle":"Complete EditInsuranceCommandTest and EditInsuranceDescriptorTest","messageBody":"","fileTypesAndContributionMap":{"test-code":{"insertions":310,"deletions":7}}},{"hash":"bf8ce2a84a978790cc1e8dfa3d8c28fa047ebfd1","messageTitle":"Fic checkstyle issue","messageBody":"","fileTypesAndContributionMap":{"test-code":{"insertions":1,"deletions":2}}}]},{"date":"2022-03-25","commitResults":[{"hash":"ea496b1dde4f5b860c479a965d0caf1a578ae99d","messageTitle":"Update logic related diagrams","messageBody":"","fileTypesAndContributionMap":{"docs":{"insertions":1,"deletions":1}}},{"hash":"34b1b42442fe17b888703e7e0a1e3de9311b95a9","messageTitle":"Add history feature in implementation","messageBody":"","fileTypesAndContributionMap":{"docs":{"insertions":37,"deletions":2}}},{"hash":"a355e60883122946934d0718f295c5435d9f42c8","messageTitle":"Fix grammar and typo","messageBody":"","fileTypesAndContributionMap":{"docs":{"insertions":21,"deletions":21}}}]},{"date":"2022-03-29","commitResults":[{"hash":"7c67abe21602f71ea54f4f2f94d6fe3e6bf01456","messageTitle":"Update Userguide.md","messageBody":"","fileTypesAndContributionMap":{"docs":{"insertions":34,"deletions":30}}},{"hash":"930f971edd54e7c678f9f841c6b0292c4c2329a3","messageTitle":"Fix grammar and typo errors at UserGuide.md","messageBody":"","fileTypesAndContributionMap":{"docs":{"insertions":94,"deletions":94}}}]},{"date":"2022-03-30","commitResults":[{"hash":"c61b444700b63dd1c6dbfe033f67e30001707e2c","messageTitle":"Update index.md","messageBody":"","fileTypesAndContributionMap":{"docs":{"insertions":1,"deletions":1}}},{"hash":"845133ac62fe615f5091296dbeda4f6a1f5628a1","messageTitle":"Update index.md","messageBody":"","fileTypesAndContributionMap":{"docs":{"insertions":1,"deletions":1}}},{"hash":"c9abe65bf24139bcaac5bad3246775b2b9e528a5","messageTitle":"Update index.md","messageBody":"","fileTypesAndContributionMap":{"docs":{"insertions":2,"deletions":2}}},{"hash":"ed3f131ba3ef817a24c0d6ef1e15d066e93fb68a","messageTitle":"Update index.md","messageBody":"","fileTypesAndContributionMap":{"docs":{"insertions":1,"deletions":1}}},{"hash":"225aae02cf37fc23fc04cfb83128183557035f04","messageTitle":"Update DG","messageBody":"","fileTypesAndContributionMap":{"docs":{"insertions":14,"deletions":14}}},{"hash":"eb9408354d58171aff9b4083846129f764919610","messageTitle":"Add more sample data","messageBody":"","fileTypesAndContributionMap":{"functional-code":{"insertions":11,"deletions":3}}},{"hash":"82fe33c5fe076bdb7fc2cf856a3c78a9ed0fa1fd","messageTitle":"Update UserGuide.md","messageBody":"","fileTypesAndContributionMap":{"docs":{"insertions":1,"deletions":1}}},{"hash":"9e79fa7e15c6573c34a7d0da9c1948119b3871fb","messageTitle":"Edit all javadocs for commands","messageBody":"","fileTypesAndContributionMap":{"functional-code":{"insertions":37,"deletions":27}}},{"hash":"51b5b7dd73fbc0f667fa43c1474871090e3a98e4","messageTitle":"Fix checkstyle error","messageBody":"","fileTypesAndContributionMap":{"functional-code":{"insertions":2,"deletions":1}}},{"hash":"7a2857dc5a4515440655731bc025a8b5db2ff12b","messageTitle":"Fix checkstyle issue","messageBody":"","fileTypesAndContributionMap":{"functional-code":{"insertions":2,"deletions":2}}},{"hash":"4d457bc93d7d1bd65163f4745ee70cce01e8bcfb","messageTitle":"Update javadocs for parsers","messageBody":"","fileTypesAndContributionMap":{"functional-code":{"insertions":36,"deletions":34}}},{"hash":"98bb344e2cadfc6931e133ac6d57816ac0e315b6","messageTitle":"Update javadocs for models","messageBody":"","fileTypesAndContributionMap":{"functional-code":{"insertions":27,"deletions":27}}},{"hash":"722a09254c964538431f4534514e336d8bca706c","messageTitle":"Fix checkstyle issue","messageBody":"","fileTypesAndContributionMap":{"functional-code":{"insertions":4,"deletions":3}}},{"hash":"12d472ccf0563ea88a98ecce8b7896b9cd190f71","messageTitle":"Update javadocs","messageBody":"","fileTypesAndContributionMap":{"functional-code":{"insertions":18,"deletions":25}}}]}],"zzkzzzz":[{"date":"2022-02-22","commitResults":[{"hash":"94c200ab11cd0716d4f00870747a32411c56d3b3","messageTitle":"Update AboutUs.md","messageBody":"","fileTypesAndContributionMap":{"docs":{"insertions":5,"deletions":13}}},{"hash":"5838c98e3c81495450b88e10901a250a0dd76e32","messageTitle":"Update and rename johndoe.md to zzkzzzz.md","messageBody":"","fileTypesAndContributionMap":{"docs":{"insertions":1,"deletions":1}}},{"hash":"6dad29f16f6d1e396a8ce41a553b5135a6dae7ea","messageTitle":"Update README.md","messageBody":"","fileTypesAndContributionMap":{"docs":{"insertions":17,"deletions":8}}},{"hash":"82f6b063ca6d0c71e1dee15cf397af2d2dbf2886","messageTitle":"Update UserGuide","messageBody":"Update features and examples of add/delete/list client command.","fileTypesAndContributionMap":{"docs":{"insertions":23,"deletions":23}}},{"hash":"7e0dac809033cc687ad413457566d64c807f2af6","messageTitle":"Update UserGuide","messageBody":"Add all commands needed and mark them as todo.","fileTypesAndContributionMap":{"docs":{"insertions":36,"deletions":19}}}]},{"date":"2022-02-23","commitResults":[{"hash":"2cd2fbefc46e0bf5a01e4642be55e5251e12e879","messageTitle":"Update DeveloperGuide.md","messageBody":"Update use case of edit a client in Mr. Agent.","fileTypesAndContributionMap":{"docs":{"insertions":32,"deletions":0}}}]},{"date":"2022-02-24","commitResults":[{"hash":"9cf0b07566967b95720c6570228e96c603b0f73f","messageTitle":"Remove AB3 traces","messageBody":"","fileTypesAndContributionMap":{"docs":{"insertions":7,"deletions":52}}},{"hash":"fb21cc8dc3fdc346bf1fc8c21b664a22789b0565","messageTitle":"Update project scope, NFR and Glossary","messageBody":"","fileTypesAndContributionMap":{"other":{"insertions":0,"deletions":0},"docs":{"insertions":6,"deletions":2}}},{"hash":"ff82ee9efbc6be8d3b8d3935de5f0d265a71b0b5","messageTitle":"Add Insurance, Record and Appoinment classes","messageBody":"","fileTypesAndContributionMap":{"functional-code":{"insertions":24,"deletions":0}}},{"hash":"e480177544b6c8b3880ae59449782cb656312a82","messageTitle":"Update Parser for new command structure","messageBody":"","fileTypesAndContributionMap":{"functional-code":{"insertions":61,"deletions":35}}},{"hash":"fa16dd16961f07ccf098613f31a8f0ba48d1e174","messageTitle":"Rename previous Commands to PersonCommands","messageBody":"","fileTypesAndContributionMap":{"functional-code":{"insertions":22,"deletions":17},"test-code":{"insertions":130,"deletions":130}}}]},{"date":"2022-02-28","commitResults":[{"hash":"725a43579aaf8b1c9d931adc5d16f3930d664929","messageTitle":"Update UserGuide features section","messageBody":"","fileTypesAndContributionMap":{"other":{"insertions":2,"deletions":1},"docs":{"insertions":28,"deletions":19}}},{"hash":"2863907c1465b2d3648aaef4ad85d34384abe9dd","messageTitle":"Implement Add Insurance Command","messageBody":"Implement Insurance Class\nImplement Add Insurance Command Class and Parser\nImplement Insurance Book Class\n","fileTypesAndContributionMap":{"functional-code":{"insertions":931,"deletions":92},"test-code":{"insertions":34,"deletions":34}}}]},{"date":"2022-03-01","commitResults":[{"hash":"f9b4e8d49a901eb874a1ae3ba185154e12dd5fe6","messageTitle":"Update README CI banner","messageBody":"","fileTypesAndContributionMap":{"docs":{"insertions":1,"deletions":1}}}]},{"date":"2022-03-04","commitResults":[{"hash":"ae3b2a9647955e8f3f2ecca806d2ce05e4732180","messageTitle":"Update DeveloperGuide.md","messageBody":"","fileTypesAndContributionMap":{"docs":{"insertions":7,"deletions":6}}}]},{"date":"2022-03-05","commitResults":[{"hash":"c2d998d59342d74a043db9f11c2c7baa4166be97","messageTitle":"Implement Insurance Storage","messageBody":"The Storage component inherits from three components now\n- AddressBookStorage\n- UserPrefStorage\n- InsuranceBookStorage (new)\n\nIt can save Insurance Book data and read them back into corresponding objects.\n","fileTypesAndContributionMap":{"functional-code":{"insertions":364,"deletions":5}}},{"hash":"92603750cf4dfc362753df1533f1d23d2dd90c9a","messageTitle":"Integrate insuranceStorage with Logic and Model","messageBody":"","fileTypesAndContributionMap":{"functional-code":{"insertions":79,"deletions":30}}},{"hash":"1bd1235a9402681da414d69f84172f51916df0cb","messageTitle":"Refactor code","messageBody":"","fileTypesAndContributionMap":{"functional-code":{"insertions":93,"deletions":40}}},{"hash":"1172c53f2f4d6ce147e47cdb1700f5478636b61b","messageTitle":"Implement delete and list insurance commands","messageBody":"","fileTypesAndContributionMap":{"functional-code":{"insertions":126,"deletions":4}}}]},{"date":"2022-03-11","commitResults":[{"hash":"77363d73bfe4885108dc7899c78db5895d2df70b","messageTitle":"Fix UI layout bugs","messageBody":"","fileTypesAndContributionMap":{"functional-code":{"insertions":51,"deletions":86}}},{"hash":"8a16d3c0f0d015c129168f2de85cc42af693bbac","messageTitle":"Add insurance and client display","messageBody":"","fileTypesAndContributionMap":{"functional-code":{"insertions":280,"deletions":57}}},{"hash":"34c7d84b8ff875c7d69eb2b02a882a90b7a7e49f","messageTitle":"Add MousePressListener to ListPanel","messageBody":"","fileTypesAndContributionMap":{"functional-code":{"insertions":155,"deletions":12}}}]},{"date":"2022-03-13","commitResults":[{"hash":"aa0773a83944967feee5e9b5ec0d7851b29c2606","messageTitle":"Fix style issues","messageBody":"","fileTypesAndContributionMap":{"functional-code":{"insertions":119,"deletions":122}}}]},{"date":"2022-03-15","commitResults":[{"hash":"1182859fda19356091582d3821b2dada86e44d75","messageTitle":"Fix delete person and records bugs","messageBody":"","fileTypesAndContributionMap":{"functional-code":{"insertions":45,"deletions":26}}}]},{"date":"2022-03-16","commitResults":[{"hash":"dfb46b436351b6db2b43d8afd39b9e58bc790120","messageTitle":"Fix testcase and checkstyle issues","messageBody":"","fileTypesAndContributionMap":{"functional-code":{"insertions":118,"deletions":78},"test-code":{"insertions":191,"deletions":92}}},{"hash":"db72c2c1d63e42a369e523eaef6c4dbc138ff94b","messageTitle":"Fix checkstyle issues","messageBody":"","fileTypesAndContributionMap":{"functional-code":{"insertions":13,"deletions":21},"test-code":{"insertions":34,"deletions":33}}},{"hash":"bc7fbae4b294cf2883b4b2dff522af56f2d6576f","messageTitle":"Fix checkstyle issues","messageBody":"","fileTypesAndContributionMap":{"functional-code":{"insertions":3,"deletions":3}}},{"hash":"f1e6baf2e661281b8c74366741d37c35a06febad","messageTitle":"Fix checkstyle issues","messageBody":"","fileTypesAndContributionMap":{"test-code":{"insertions":1,"deletions":1}}}]},{"date":"2022-03-17","commitResults":[{"hash":"cde47e767e4e743d8f11eeecf57c130fe53f795c","messageTitle":"Implement edit Insurance Command","messageBody":"","fileTypesAndContributionMap":{"functional-code":{"insertions":231,"deletions":0}}},{"hash":"06884f90182304187fba31a3676d546ab2657d84","messageTitle":"Improve Client Detail UI","messageBody":"","fileTypesAndContributionMap":{"functional-code":{"insertions":135,"deletions":13}}}]},{"date":"2022-03-18","commitResults":[{"hash":"87fe2be33ab9b96fbf9c637a51506ff9906d69a4","messageTitle":"Fix UI display bug","messageBody":"","fileTypesAndContributionMap":{"functional-code":{"insertions":148,"deletions":67}}},{"hash":"d9f69e62133cc955ffaf1fa61af48f6dea70f77f","messageTitle":"Fix UI display bug","messageBody":"","fileTypesAndContributionMap":{"functional-code":{"insertions":12,"deletions":5}}},{"hash":"6672147f4b7a5b94d63bff84c78a306b9434533b","messageTitle":"Fix UI display bug","messageBody":"","fileTypesAndContributionMap":{"functional-code":{"insertions":4,"deletions":1}}}]},{"date":"2022-03-19","commitResults":[{"hash":"e153a7a3d0f6ac9c18abc46a613f91f4c3a7b08d","messageTitle":"Implement clear client and insurance commands","messageBody":"","fileTypesAndContributionMap":{"functional-code":{"insertions":62,"deletions":2}}},{"hash":"d6bf17d78fbe67985a5be147b37354ed32321a48","messageTitle":"Fix clear client test case","messageBody":"","fileTypesAndContributionMap":{"functional-code":{"insertions":2,"deletions":0}}},{"hash":"616309a21ee0850a67be475f1789aeec0572ca05","messageTitle":"Fix clear client test case","messageBody":"","fileTypesAndContributionMap":{"test-code":{"insertions":1,"deletions":1}}}]},{"date":"2022-03-20","commitResults":[{"hash":"94bfea9bc0cca66dd9dbae2484217e98dffb244f","messageTitle":"Fix style issues and messages usage","messageBody":"","fileTypesAndContributionMap":{"functional-code":{"insertions":51,"deletions":63}}},{"hash":"c22c1232a9f24ffab064b232ec119b2e4883b793","messageTitle":"Add delete object testcase","messageBody":"","fileTypesAndContributionMap":{"functional-code":{"insertions":86,"deletions":25},"test-code":{"insertions":510,"deletions":78}}},{"hash":"4c93a1ce2dd5d5bd93ba4c70b0ef13fe55fa104a","messageTitle":"Implement Sort record command","messageBody":"","fileTypesAndContributionMap":{"functional-code":{"insertions":177,"deletions":11},"docs":{"insertions":10,"deletions":10},"test-code":{"insertions":20,"deletions":0}}}]},{"date":"2022-03-21","commitResults":[{"hash":"d57a82dd6a69494ea8505c240eeb8c93a57d3bf1","messageTitle":"Update DG","messageBody":"","fileTypesAndContributionMap":{"functional-code":{"insertions":1,"deletions":1},"docs":{"insertions":84,"deletions":7}}}]},{"date":"2022-03-23","commitResults":[{"hash":"770c7db6f9d7c51c6b069a59d5c95b9aa41361de","messageTitle":"Enable Assertions","messageBody":"","fileTypesAndContributionMap":{"other":{"insertions":5,"deletions":1}}}]},{"date":"2022-03-25","commitResults":[{"hash":"b0b5a2de8c10c09b98e7aeeace77bb0d8b95ca2a","messageTitle":"Update DG","messageBody":"","fileTypesAndContributionMap":{"docs":{"insertions":3,"deletions":3}}},{"hash":"49e776addae647b1346e83d7d8bae281cbec5f9e","messageTitle":"Update DG","messageBody":"","fileTypesAndContributionMap":{"docs":{"insertions":51,"deletions":120}}}]},{"date":"2022-03-28","commitResults":[{"hash":"8bfebeaccdea0ca7e5d781d7978587181011abb6","messageTitle":"Update UG","messageBody":"","fileTypesAndContributionMap":{"functional-code":{"insertions":2,"deletions":3},"docs":{"insertions":81,"deletions":35}}},{"hash":"31b5af50340271a3fc6551f081eea1804605e00d","messageTitle":"Fix insurance display issue","messageBody":"","fileTypesAndContributionMap":{"functional-code":{"insertions":18,"deletions":17}}}]},{"date":"2022-03-29","commitResults":[{"hash":"2d91fbfb4912568d150d1d0893bac3ecfea0a1ea","messageTitle":"Update Protfolio","messageBody":"","fileTypesAndContributionMap":{"docs":{"insertions":61,"deletions":24}}},{"hash":"dfccb6eb7c466cc625b76a1257f1b2016284d15d","messageTitle":"Fix edit/delete reflect bug","messageBody":"","fileTypesAndContributionMap":{"functional-code":{"insertions":177,"deletions":16}}},{"hash":"6b1596dac0b503989b34f6a750dd912154bacd5d","messageTitle":"Fix edit/delete reflect bug","messageBody":"","fileTypesAndContributionMap":{"functional-code":{"insertions":32,"deletions":0}}},{"hash":"fa18068c73574adb0ba9dfcd25d0d66b8f5f7d95","messageTitle":"Remove unused import","messageBody":"","fileTypesAndContributionMap":{"functional-code":{"insertions":0,"deletions":2}}},{"hash":"30c7df7095452c0c6d6f40e9eab345567b656179","messageTitle":"Fix testcase","messageBody":"","fileTypesAndContributionMap":{"functional-code":{"insertions":4,"deletions":0}}}]},{"date":"2022-03-30","commitResults":[{"hash":"328a97d8635942af90cfcd15230e8e7099fd1be0","messageTitle":"Fix UI size","messageBody":"","fileTypesAndContributionMap":{"functional-code":{"insertions":2,"deletions":2}}},{"hash":"c3189dbc99c2731f01d2f229d7a88d99c22d26f7","messageTitle":"Update UserGuide.md","messageBody":"","fileTypesAndContributionMap":{"docs":{"insertions":3,"deletions":0}}}]}]},"authorFileTypeContributionMap":{"yunbinmo":{"docs":249,"functional-code":1916,"test-code":868,"other":1},"seksek13":{"docs":147,"functional-code":2222,"test-code":252},"jessicajacelyn":{"docs":177,"functional-code":1052,"test-code":2038,"other":566},"zzkzzzz":{"docs":287,"functional-code":3145,"test-code":825,"other":5}},"authorContributionVariance":{"yunbinmo":52638.78,"seksek13":37705.96,"jessicajacelyn":80257.46,"zzkzzzz":79768.9},"authorDisplayNameMap":{"yunbinmo":"CS2103-F09-3 MO Y..NBIN","seksek13":"CS2103-F09-3 KOH ..U EN","jessicajacelyn":"CS2103-F09-3 JESS..ELYN","zzkzzzz":"CS2103-F09-3 ZHEN..KANG"}}
