{"authorDailyContributionsMap":{"tomascherian":[{"date":"2022-03-01","commitResults":[{"hash":"c2b61a4b701add134861e1ba3a8621d7c92f8c43","messageTitle":"Update AboutUs.md","messageBody":"","fileTypesAndContributionMap":{"docs":{"insertions":5,"deletions":5}}}]},{"date":"2022-03-03","commitResults":[{"hash":"387d48466e89ca31b9bb890a859c00d1cae8eb0c","messageTitle":"Add PPP tomascherian.md","messageBody":"","fileTypesAndContributionMap":{"docs":{"insertions":23,"deletions":0}}},{"hash":"690befd36e665150902a7489458b6315f751016b","messageTitle":"Update UG to include \u0027add  meeting\u0027 command","messageBody":"","fileTypesAndContributionMap":{"docs":{"insertions":20,"deletions":0}}},{"hash":"852fcdc72405b7620897f499a5748502327ea13d","messageTitle":"Update DG to include use case for \u0027add meeting\u0027","messageBody":"","fileTypesAndContributionMap":{"docs":{"insertions":24,"deletions":1}}},{"hash":"d29a852ffe2e503e471bfb973dea302a6377dd67","messageTitle":"Update tomascherian.md","messageBody":"","fileTypesAndContributionMap":{"docs":{"insertions":2,"deletions":1}}},{"hash":"3a6580db8037fc9af4d55f888dbd60b87b93b19d","messageTitle":"Update tomascherian.md","messageBody":"","fileTypesAndContributionMap":{"docs":{"insertions":1,"deletions":2}}},{"hash":"421e51c18880a6c68a22c77f0e2ad3c44d5e5761","messageTitle":"Update tomascherian.md","messageBody":"","fileTypesAndContributionMap":{"docs":{"insertions":1,"deletions":1}}},{"hash":"0cecd3590b6944eaf670a31e3ef43d9312cb1074","messageTitle":"Update UserGuide.md to correct format of \u0027add meeting\u0027","messageBody":"","fileTypesAndContributionMap":{"docs":{"insertions":2,"deletions":2}}},{"hash":"e40e651723f513a64f4ce680c5353846100dde69","messageTitle":"Update UserGuide.md","messageBody":"","fileTypesAndContributionMap":{"docs":{"insertions":14,"deletions":14}}},{"hash":"cc115ea5d0824ad65bb695a45229212b35fef5c6","messageTitle":"Update README.md","messageBody":"","fileTypesAndContributionMap":{"docs":{"insertions":20,"deletions":11}}},{"hash":"5a1fafede24555c9f1cda089eecd9b1427787717","messageTitle":"Update README.md","messageBody":"","fileTypesAndContributionMap":{"docs":{"insertions":1,"deletions":1}}},{"hash":"ebee4ad2cd373a7a389c80a1b698eca33f62b891","messageTitle":"Update DG to fix typos","messageBody":"","fileTypesAndContributionMap":{"docs":{"insertions":2,"deletions":2}}}]},{"date":"2022-03-10","commitResults":[{"hash":"5986be9e04d3f0d0b3696e47d1a075e6efbd97c0","messageTitle":"Update Model Component to include Meeting","messageBody":"","fileTypesAndContributionMap":{"functional-code":{"insertions":479,"deletions":0}}},{"hash":"91a411c12bc8ac6085490670570854636e4168ef","messageTitle":"Add ParticipantsList.java to Meeting","messageBody":"","fileTypesAndContributionMap":{"functional-code":{"insertions":68,"deletions":11}}},{"hash":"f15e461c823c076b8c3c7767992f9c73c57475be","messageTitle":"Modify ModelManager to support Meeting","messageBody":"","fileTypesAndContributionMap":{"functional-code":{"insertions":151,"deletions":4}}},{"hash":"8d5d6436a114f919dab990bd2c05ba4446c29ef1","messageTitle":"Fix typos and add Javadac comments","messageBody":"","fileTypesAndContributionMap":{"functional-code":{"insertions":31,"deletions":12}}},{"hash":"6b8756480ac17152e447f06d0175fb518ee2886c","messageTitle":"Fix minor typo","messageBody":"","fileTypesAndContributionMap":{"functional-code":{"insertions":1,"deletions":1}}},{"hash":"40a478b48b7cc542072d730628add4b0b508e2eb","messageTitle":"Update ModelStub","messageBody":"","fileTypesAndContributionMap":{"functional-code":{"insertions":0,"deletions":2},"test-code":{"insertions":41,"deletions":3}}},{"hash":"daf6a179c1262b622ea49a2c4cc7400dfa4b348b","messageTitle":"Add MeetingBuilder for testing Meetings","messageBody":"","fileTypesAndContributionMap":{"test-code":{"insertions":118,"deletions":1}}},{"hash":"46edccbbf445adcc84858f0691f78bb8d0fb6fa6","messageTitle":"Fix minor errors","messageBody":"","fileTypesAndContributionMap":{"test-code":{"insertions":3,"deletions":4}}}]},{"date":"2022-03-12","commitResults":[{"hash":"d8fc3a17a61add0eab8eb7bb3d787a7300bdb069","messageTitle":"Fix minor typos","messageBody":"","fileTypesAndContributionMap":{"functional-code":{"insertions":4,"deletions":4}}}]},{"date":"2022-03-24","commitResults":[{"hash":"6502eac3b71d262f964890ed03f95cc073060757","messageTitle":"Update class Diagrams for Model","messageBody":"","fileTypesAndContributionMap":{"docs":{"insertions":55,"deletions":13}}},{"hash":"86b4ec36b131ddd5db4114a7d4e130a92aadc178","messageTitle":"Update DG on Model Component","messageBody":"","fileTypesAndContributionMap":{"docs":{"insertions":4,"deletions":3}}},{"hash":"6c72070ac017b7d45a5d6929d60adef418ad859f","messageTitle":"Fix minor typos in diagrams and DG","messageBody":"","fileTypesAndContributionMap":{"docs":{"insertions":16,"deletions":16}}}]},{"date":"2022-03-31","commitResults":[{"hash":"8d063a15eb369c63f6875fca2519eb1005302677","messageTitle":"Implement command for Edit Meeting","messageBody":"","fileTypesAndContributionMap":{"functional-code":{"insertions":280,"deletions":0}}},{"hash":"3d2a4d39adf33c3486fe13215fcf5fc592d4e383","messageTitle":"Implement parser for Edit Meeting","messageBody":"","fileTypesAndContributionMap":{"functional-code":{"insertions":102,"deletions":0}}},{"hash":"80ba1fd8e47c89edb471b1a17767737885b72db8","messageTitle":"Implement Find Contact feature","messageBody":"","fileTypesAndContributionMap":{"functional-code":{"insertions":163,"deletions":85}}},{"hash":"0cb5d72fcdfe8b1522ee9e9d159f65913bf4a10a","messageTitle":"Modify test cases for Find Contact","messageBody":"","fileTypesAndContributionMap":{"other":{"insertions":27,"deletions":11},"test-code":{"insertions":91,"deletions":52}}},{"hash":"e571e57b5ea2ae7cac15db2679d5313acaf02fbc","messageTitle":"Update Find Contact tests","messageBody":"","fileTypesAndContributionMap":{"test-code":{"insertions":6,"deletions":63}}},{"hash":"eb1c824676f9b2fa65379e6938f7f10197ab147d","messageTitle":"Fix minor typo","messageBody":"","fileTypesAndContributionMap":{"functional-code":{"insertions":2,"deletions":2}}},{"hash":"2579a3a1dba25ea910425201e15fd0ffda3d06d2","messageTitle":"Update Edit Meeting Feature in UG","messageBody":"","fileTypesAndContributionMap":{"docs":{"insertions":18,"deletions":2}}},{"hash":"42bf574ef17e62f95d24a3910f8b8c962b240d10","messageTitle":"Modify Contact Predicates to search multiple-word names and tags","messageBody":"","fileTypesAndContributionMap":{"functional-code":{"insertions":2,"deletions":2}}},{"hash":"4b6af955fb068cc5fe3f426d791c4b7149fa65b1","messageTitle":"Update Find Contact feature inUG","messageBody":"","fileTypesAndContributionMap":{"docs":{"insertions":7,"deletions":9}}},{"hash":"dae0cf14dd54d1d8b723fb63852d8cab143ef5a1","messageTitle":"Modify EditMeetingCommand to improve code quality","messageBody":"","fileTypesAndContributionMap":{"functional-code":{"insertions":17,"deletions":9}}},{"hash":"39822538ff31d86c352d3a8fb50d9642851f55ef","messageTitle":"Add missing Javadoc comment for parseParticipantsIndexForEdit","messageBody":"","fileTypesAndContributionMap":{"functional-code":{"insertions":6,"deletions":0}}},{"hash":"22d71881b5a7807ff17c60bf208fdfcf8ac439aa","messageTitle":"Fix minor error","messageBody":"","fileTypesAndContributionMap":{"functional-code":{"insertions":1,"deletions":1}}},{"hash":"ac537a80491969ae6c98925af877b4931bcfd6e2","messageTitle":"Edit UG findc and editm features","messageBody":"","fileTypesAndContributionMap":{"docs":{"insertions":20,"deletions":5}}}]},{"date":"2022-04-06","commitResults":[{"hash":"fced19e5bc63beb5ceece7f9d775aac914cf7189","messageTitle":"Fix UG documentation bugs","messageBody":"","fileTypesAndContributionMap":{"docs":{"insertions":23,"deletions":21}}}]},{"date":"2022-04-10","commitResults":[{"hash":"c756b955c05a3d439c295ce576c0e21123483f75","messageTitle":"Fix the illegal time format exception","messageBody":"","fileTypesAndContributionMap":{"functional-code":{"insertions":1,"deletions":1}}}]},{"date":"2022-04-11","commitResults":[{"hash":"5d22a0b6f0c79078bc7ca449673998858f9725a5","messageTitle":"Update DG with implementation of findc feature","messageBody":"","fileTypesAndContributionMap":{"docs":{"insertions":157,"deletions":3}}}]}],"cpwill01":[{"date":"2022-02-27","commitResults":[{"hash":"64b8e6fae0e932d255d3510e99015f04516c42ac","messageTitle":"Add skeletal project portfolio page","messageBody":"","fileTypesAndContributionMap":{"docs":{"insertions":25,"deletions":0}}}]},{"date":"2022-02-28","commitResults":[{"hash":"54f74b825764fcad01c48870c338c8ba10276a6b","messageTitle":"Update saving/editing data section of UG","messageBody":"","fileTypesAndContributionMap":{"docs":{"insertions":4,"deletions":7}}}]},{"date":"2022-03-01","commitResults":[{"hash":"283d402752e1c8cb41a105e861c8a8bc2e4a8acb","messageTitle":"Fix typo in saving data section of UG","messageBody":"","fileTypesAndContributionMap":{"docs":{"insertions":1,"deletions":1}}},{"hash":"4ce54ae1cfc3bbd147ae5b6d6b271bd2fb7be7dc","messageTitle":"Update AboutUs.md","messageBody":"","fileTypesAndContributionMap":{"docs":{"insertions":6,"deletions":16}}},{"hash":"67cd6ea6678826918ddda7ff9b94cc3240e9b277","messageTitle":"Update quick start and command summary in UG","messageBody":"","fileTypesAndContributionMap":{"docs":{"insertions":18,"deletions":12}}},{"hash":"cd3a3c7ccc71b0624f7a67b267883fe92a0c2fff","messageTitle":"Update help message to show correct URL to UG","messageBody":"","fileTypesAndContributionMap":{"functional-code":{"insertions":1,"deletions":1}}},{"hash":"211ecfc5f32a560da374244ab37bfa418abc60bd","messageTitle":"Fix typo in command format notes","messageBody":"","fileTypesAndContributionMap":{"docs":{"insertions":6,"deletions":7}}}]},{"date":"2022-03-02","commitResults":[{"hash":"56b058571a52e60529847576df403ba87f87dbf2","messageTitle":"Add contributions to UG, DG and team tasks","messageBody":"","fileTypesAndContributionMap":{"docs":{"insertions":4,"deletions":3}}},{"hash":"634aab91d87b8d541181223f9a1bba1db1238b4c","messageTitle":"Add product scope and user stories to DG","messageBody":"","fileTypesAndContributionMap":{"docs":{"insertions":28,"deletions":14}}},{"hash":"c7e760b3851d7a7a0fe37571de58ac37d36be82d","messageTitle":"Edit user stories to be more specific","messageBody":"","fileTypesAndContributionMap":{"docs":{"insertions":2,"deletions":2}}}]},{"date":"2022-03-03","commitResults":[{"hash":"36eedfcd951fd73a5b7ddf011662915ea524c1a8","messageTitle":"Fix typo and add example in UG","messageBody":"","fileTypesAndContributionMap":{"docs":{"insertions":4,"deletions":3}}},{"hash":"99939100c85ce6523fc13d1d2bbc70de1eb161d9","messageTitle":"Reorganise UG and fix some typos","messageBody":"","fileTypesAndContributionMap":{"docs":{"insertions":40,"deletions":71}}},{"hash":"5eed45dd2b47c2d7a01613548bc26bfba8bee1db","messageTitle":"Fix minor typos in UG","messageBody":"","fileTypesAndContributionMap":{"docs":{"insertions":2,"deletions":2}}},{"hash":"7f32a150016d82ce6446dfabc76e2fe0111633ee","messageTitle":"Fix typo in DG","messageBody":"","fileTypesAndContributionMap":{"docs":{"insertions":1,"deletions":1}}}]},{"date":"2022-03-07","commitResults":[{"hash":"b61377e516c3859cb25737ff547d69bf42b5f5c1","messageTitle":"Implement draft version of JsonAdaptedMeeting","messageBody":"","fileTypesAndContributionMap":{"functional-code":{"insertions":117,"deletions":3}}}]},{"date":"2022-03-08","commitResults":[{"hash":"a0bc0eb984ac115771d3ea5a40ef4034f0c6ae7f","messageTitle":"Add placeholder panel for meeting list","messageBody":"","fileTypesAndContributionMap":{"functional-code":{"insertions":13,"deletions":6}}},{"hash":"42c134fefb475f6fded8ef89b40ed06964feeb1f","messageTitle":"Edit styles and make lists adjustable","messageBody":"","fileTypesAndContributionMap":{"functional-code":{"insertions":33,"deletions":25}}}]},{"date":"2022-03-10","commitResults":[{"hash":"8ffc8c41d943e795259cfebfea326efc20acf532","messageTitle":"Implement GUI support for Meetings","messageBody":"","fileTypesAndContributionMap":{"functional-code":{"insertions":170,"deletions":0}}}]},{"date":"2022-03-12","commitResults":[{"hash":"c2b2d13ea4a84eaa9a3d242368e948e80a6d3db8","messageTitle":"Fix bug and change layout of GUI","messageBody":"","fileTypesAndContributionMap":{"functional-code":{"insertions":30,"deletions":16}}},{"hash":"c1effcdbf88d9244312f25e07a539497d4851362","messageTitle":"Add meeting sample data and update json classes","messageBody":"","fileTypesAndContributionMap":{"functional-code":{"insertions":102,"deletions":29}}},{"hash":"f41681fcf473525fed9e73ae04ca7017a1e53fde","messageTitle":"Implement saving and loading data","messageBody":"","fileTypesAndContributionMap":{"functional-code":{"insertions":37,"deletions":24}}},{"hash":"76d48abdf69d8e588bd4eb351f5a47f7806bdadb","messageTitle":"Add Storage tests; fix Contact and StartTime bugs","messageBody":"","fileTypesAndContributionMap":{"functional-code":{"insertions":14,"deletions":12},"test-code":{"insertions":279,"deletions":69}}},{"hash":"67936b48c0bb2309ab1dbe76eb2898869f4578b0","messageTitle":"Uncomment code","messageBody":"","fileTypesAndContributionMap":{"functional-code":{"insertions":4,"deletions":4}}},{"hash":"ae2906863067eeeeace1d3cc3303bb8e154db37e","messageTitle":"Fix indentation error","messageBody":"","fileTypesAndContributionMap":{"functional-code":{"insertions":1,"deletions":1}}}]},{"date":"2022-03-13","commitResults":[{"hash":"d29ecc101f91eb43a58483aeb18bfe416e82eeb3","messageTitle":"Change app logo","messageBody":"","fileTypesAndContributionMap":{"functional-code":{"insertions":1,"deletions":1}}},{"hash":"cf2db3ddb73ccf90c919ef43ee1e868fd8e70bfc","messageTitle":"Edit layout and styles of GUI","messageBody":"","fileTypesAndContributionMap":{"functional-code":{"insertions":88,"deletions":67}}},{"hash":"cf94489413643723af925b81888bf746f2b7b279","messageTitle":"Refactor Person to Participants in json files","messageBody":"","fileTypesAndContributionMap":{"functional-code":{"insertions":9,"deletions":9},"test-code":{"insertions":1,"deletions":1}}},{"hash":"11ff8513c081de957fb0e066b57f0268b656dd3d","messageTitle":"Implement logic for GUI to get meeting list","messageBody":"","fileTypesAndContributionMap":{"functional-code":{"insertions":10,"deletions":0}}},{"hash":"cf2157500263a17e1f62f558d399aae2b7b070c7","messageTitle":"Fix typo in javadoc comments","messageBody":"","fileTypesAndContributionMap":{"functional-code":{"insertions":1,"deletions":1}}},{"hash":"a7e7522f84c3b7b219ad2a05fa38662dd0291014","messageTitle":"Fix typo in javadoc comments","messageBody":"","fileTypesAndContributionMap":{"functional-code":{"insertions":1,"deletions":1}}}]},{"date":"2022-03-20","commitResults":[{"hash":"1f28c6468fc10fc1fc1ec041eea5b20ad34b51d1","messageTitle":"Add missing user stories","messageBody":"","fileTypesAndContributionMap":{"docs":{"insertions":13,"deletions":6}}}]},{"date":"2022-03-21","commitResults":[{"hash":"78ca79c855ba8bb5414b93139e9bd8c5a32ea9c9","messageTitle":"Enhance delete contact feature","messageBody":"The list of participants for a meeting is not updated even when the\ncorresponding contact is deleted.\n\nThis is problematic as the user needs to manually edit the meeting after\ndeleting a contact to update the participant list.\n\nLet\u0027s enhance the delete contact feature so that deleting a contact\nautomatically updates the participant list of affected meetings.\n","fileTypesAndContributionMap":{"functional-code":{"insertions":43,"deletions":1}}},{"hash":"121ae74eed9b999999d14305238053ab714e4675","messageTitle":"Refactor EditCommand and EditCommandParser","messageBody":"","fileTypesAndContributionMap":{"functional-code":{"insertions":14,"deletions":5},"other":{"insertions":59,"deletions":58},"test-code":{"insertions":9,"deletions":9}}},{"hash":"32d8b0a2718fb16b3fa8cb2cbfab7c7122648977","messageTitle":"Fix regressions from enhancing delete contact","messageBody":"","fileTypesAndContributionMap":{"functional-code":{"insertions":15,"deletions":3}}},{"hash":"2767d3977b236a6aac35c78e52ed91925e918933","messageTitle":"Enhance update contact feature","messageBody":"The list of participants for a meeting is not updated even when the\ncorresponding contact is edited, so the information displayed in the\nmeeting\u0027s participant list may not always be accurate.\n\nLet\u0027s enhance the update contact feature so that editing a contact\nautomatically updates the participant list of affected meetings.\n","fileTypesAndContributionMap":{"functional-code":{"insertions":48,"deletions":11}}}]},{"date":"2022-03-23","commitResults":[{"hash":"9f3afc5bc5f561949bb8c27c867cabc28583d674","messageTitle":"Enable assertions in gradle","messageBody":"","fileTypesAndContributionMap":{"other":{"insertions":4,"deletions":0}}},{"hash":"eb8ac1e8a5efbe51764bbc6bcfd56d49afab7207","messageTitle":"Reorganise UG and update edit contact command format","messageBody":"","fileTypesAndContributionMap":{"docs":{"insertions":53,"deletions":43}}},{"hash":"e7c094d8ac1015fea516407f26edcf3eb615be89","messageTitle":"Fix formatting issues","messageBody":"","fileTypesAndContributionMap":{"docs":{"insertions":4,"deletions":4}}},{"hash":"3c4b6c90b72a10717ebf51d9674a4dae21b4a931","messageTitle":"Update class diagram for Storage","messageBody":"","fileTypesAndContributionMap":{"docs":{"insertions":5,"deletions":1}}}]},{"date":"2022-03-24","commitResults":[{"hash":"fcc5e000d50fe44eef465af67e478b7882cc2929","messageTitle":"Update documentation on UI component","messageBody":"","fileTypesAndContributionMap":{"docs":{"insertions":18,"deletions":8}}},{"hash":"0f597351123b9bfe416d0edf7566056c631c3b39","messageTitle":"Refactor methods to improve readability","messageBody":"","fileTypesAndContributionMap":{"functional-code":{"insertions":15,"deletions":13}}},{"hash":"69ef68ddcd41f005132bac97e5e606d49f1f4453","messageTitle":"Add implementation details of meeting participants","messageBody":"","fileTypesAndContributionMap":{"docs":{"insertions":123,"deletions":24}}},{"hash":"a1bb2929e336cdda98d1c688aec4a0a3c290e3ea","messageTitle":"Fix typo and update old URLs","messageBody":"","fileTypesAndContributionMap":{"docs":{"insertions":3,"deletions":3}}},{"hash":"3a5cd772827c687d659b0b4cd8f96f05eb8ba172","messageTitle":"Implement list meeting command","messageBody":"","fileTypesAndContributionMap":{"functional-code":{"insertions":32,"deletions":7},"other":{"insertions":8,"deletions":8},"test-code":{"insertions":7,"deletions":6}}},{"hash":"badcc41b5701ce2fb29cfc0d3253913cd360b5a3","messageTitle":"Fix checkstyle errors","messageBody":"","fileTypesAndContributionMap":{"test-code":{"insertions":0,"deletions":1}}}]},{"date":"2022-03-26","commitResults":[{"hash":"18c0426da8d0a4b33a286a348115175c69f9febb","messageTitle":"Implement phrase matching in StringUtil","messageBody":"","fileTypesAndContributionMap":{"functional-code":{"insertions":26,"deletions":0},"test-code":{"insertions":40,"deletions":0}}},{"hash":"1f2619ac0f9999807fb6729fabd22f94e372d64d","messageTitle":"Fix checkstyle errors due to long lines","messageBody":"","fileTypesAndContributionMap":{"test-code":{"insertions":6,"deletions":6}}}]},{"date":"2022-03-28","commitResults":[{"hash":"d8de38e669c0d50a95f1f98d94df090befb271fd","messageTitle":"Create Meeting predicates","messageBody":"","fileTypesAndContributionMap":{"functional-code":{"insertions":107,"deletions":0},"test-code":{"insertions":84,"deletions":0}}}]},{"date":"2022-03-29","commitResults":[{"hash":"183035505183098ddf4a01f8957a8c4fd69cd3b0","messageTitle":"Implement find meeting feature","messageBody":"","fileTypesAndContributionMap":{"functional-code":{"insertions":235,"deletions":20},"test-code":{"insertions":50,"deletions":42}}},{"hash":"d201c0c2b220345f0fe8c5f24ae605950eb03118","messageTitle":"Simplify implementation of find meeting","messageBody":"","fileTypesAndContributionMap":{"functional-code":{"insertions":23,"deletions":88}}}]},{"date":"2022-03-30","commitResults":[{"hash":"3a6c7441213deb3af98005b521d7192bb9a05fb5","messageTitle":"Resize result display box","messageBody":"","fileTypesAndContributionMap":{"functional-code":{"insertions":2,"deletions":2}}}]},{"date":"2022-03-31","commitResults":[{"hash":"d33e50940f7e6ba196aca5dd93f268db1300ef9b","messageTitle":"Update UG to include find meeting","messageBody":"","fileTypesAndContributionMap":{"docs":{"insertions":23,"deletions":0}}}]},{"date":"2022-04-01","commitResults":[{"hash":"65060a845de310f5c0b8a2c413bd2de8fe9d790f","messageTitle":"Improve readability of command results","messageBody":"","fileTypesAndContributionMap":{"functional-code":{"insertions":3,"deletions":2}}},{"hash":"155757ec7ce2d8ae5418a06a73017f325fd00c41","messageTitle":"Update Ui sample image","messageBody":"","fileTypesAndContributionMap":{"functional-code":{"insertions":1,"deletions":1}}},{"hash":"07c0837275cf0a8f9bc726ebb997ddca8e26dd7f","messageTitle":"Update version number to 1.3","messageBody":"","fileTypesAndContributionMap":{"functional-code":{"insertions":1,"deletions":1}}},{"hash":"e1f484a8c238924fff2a14ae9e3252c1e3673f69","messageTitle":"Add label to indicate archived meetings","messageBody":"","fileTypesAndContributionMap":{"functional-code":{"insertions":21,"deletions":4}}}]},{"date":"2022-04-05","commitResults":[{"hash":"944870371e25fe004aab397fa59adfcb500594e4","messageTitle":"Fix UG bugs and update index.md","messageBody":"","fileTypesAndContributionMap":{"docs":{"insertions":26,"deletions":17}}}]},{"date":"2022-04-07","commitResults":[{"hash":"ff22535fcc0149a89429a869728b82af3738fd14","messageTitle":"Add tests for find meeting predicates","messageBody":"","fileTypesAndContributionMap":{"test-code":{"insertions":169,"deletions":0}}},{"hash":"26b289b7be760c664c9e3a673912815b28fdb79c","messageTitle":"Add tests for find meeting parser and command","messageBody":"","fileTypesAndContributionMap":{"test-code":{"insertions":220,"deletions":15}}}]}],"YiFei2":[{"date":"2022-03-01","commitResults":[{"hash":"35d85ac0a5813c08d42852f5928ec0f7c643e32b","messageTitle":"Update AboutUs","messageBody":"","fileTypesAndContributionMap":{"docs":{"insertions":5,"deletions":5}}},{"hash":"e2937af6727014f8897b6f9178e012466e3b1c1e","messageTitle":"Update NFR in DG","messageBody":"","fileTypesAndContributionMap":{"docs":{"insertions":5,"deletions":2}}},{"hash":"4286116b3a1cd40b987a91fed0838dfe09bde182","messageTitle":"Add delete meeting use case for DG","messageBody":"","fileTypesAndContributionMap":{"docs":{"insertions":25,"deletions":2}}},{"hash":"604ef4b6e6c8940c45c7611da4422c4b7596f15d","messageTitle":"Add delete meeting feature in UG","messageBody":"","fileTypesAndContributionMap":{"docs":{"insertions":15,"deletions":0}}},{"hash":"4ca847b03431d46e6a495b466d797cc2d43dc7d0","messageTitle":"Update PPP to add contribution to documentation","messageBody":"","fileTypesAndContributionMap":{"docs":{"insertions":26,"deletions":0}}},{"hash":"d2b0a99a194eeb54375ed76c5bfa2718c6bfc84f","messageTitle":"Fix errors in PPP","messageBody":"","fileTypesAndContributionMap":{"docs":{"insertions":3,"deletions":3}}}]},{"date":"2022-03-03","commitResults":[{"hash":"60ab6359e03f5fb18276c1b494e5f580ff0d6272","messageTitle":"Update UG delete meeting","messageBody":"","fileTypesAndContributionMap":{"docs":{"insertions":2,"deletions":2}}},{"hash":"dfe68debfedc20ae0af667046794c1d9383a36c4","messageTitle":"Update DG for delete meeting extension","messageBody":"","fileTypesAndContributionMap":{"docs":{"insertions":1,"deletions":1}}}]},{"date":"2022-03-12","commitResults":[{"hash":"2e42b530b6586499fcc07262f6585b7686d8f60f","messageTitle":"Implement AddMeetingCommand and AddMeetingCommandParser","messageBody":"","fileTypesAndContributionMap":{"functional-code":{"insertions":120,"deletions":0}}},{"hash":"56ed3b5aabf43c16f1fe1633c80cb293a2c74ee9","messageTitle":"Change Meeting to have Set\u003cParticipant\u003e instead of ParticipantList","messageBody":"","fileTypesAndContributionMap":{"functional-code":{"insertions":57,"deletions":61},"test-code":{"insertions":10,"deletions":10}}},{"hash":"2ced97f936fc178feac73808de9def8ed73531de","messageTitle":"Fix testcase to include ALICE in particpants of meeting","messageBody":"","fileTypesAndContributionMap":{"test-code":{"insertions":1,"deletions":1}}},{"hash":"1bd946b9493decae550ea0442c26550415922585","messageTitle":"Fix checkstyle error in MeetingBuilder","messageBody":"","fileTypesAndContributionMap":{"test-code":{"insertions":1,"deletions":1}}}]},{"date":"2022-03-13","commitResults":[{"hash":"dfd633dd63e7965f1e15a9752cf6ab3341e06c22","messageTitle":"Add logic implementation for Add Meeting feature and update UG","messageBody":"","fileTypesAndContributionMap":{"functional-code":{"insertions":170,"deletions":27},"docs":{"insertions":13,"deletions":12}}},{"hash":"7b566fb68c73d17e7b3d701dae2639f4ab8c95ab","messageTitle":"Fix isValidName typo","messageBody":"","fileTypesAndContributionMap":{"functional-code":{"insertions":1,"deletions":1}}},{"hash":"54b57679cb4d498ff2556ea549b277d1011f8e9c","messageTitle":"Fix typos in AddMeetingCommand and UG","messageBody":"","fileTypesAndContributionMap":{"functional-code":{"insertions":1,"deletions":1},"docs":{"insertions":3,"deletions":3}}},{"hash":"d22ad9747d860f11e8d0179e6623f4903ab48802","messageTitle":"Implement logic for delete meeting feature","messageBody":"","fileTypesAndContributionMap":{"functional-code":{"insertions":82,"deletions":0}}},{"hash":"03700226ef906432d2759dda4d2e94643dd9a1b3","messageTitle":"Update UG to fix syntax","messageBody":"","fileTypesAndContributionMap":{"docs":{"insertions":5,"deletions":5}}},{"hash":"420cfaf481c2be6d3e6cc424fb130c0ea6fff02a","messageTitle":"Fix invalid meeting index message, finish implementation for deletem","messageBody":"","fileTypesAndContributionMap":{"functional-code":{"insertions":13,"deletions":4}}},{"hash":"a0063cb961e53bb24eb4195fc143e3163e2bb860","messageTitle":"Fix checkstyle errors","messageBody":"","fileTypesAndContributionMap":{"functional-code":{"insertions":2,"deletions":2}}},{"hash":"4b87aaccc62820dcdbda3e1bb23ffa50b8b54548","messageTitle":"Fix javadoc typos","messageBody":"","fileTypesAndContributionMap":{"functional-code":{"insertions":4,"deletions":4}}}]},{"date":"2022-03-14","commitResults":[{"hash":"b90e5db829e5131042fc7412de909b738fbeed1f","messageTitle":"Fix typo in Meeting","messageBody":"","fileTypesAndContributionMap":{"functional-code":{"insertions":1,"deletions":1}}}]},{"date":"2022-03-21","commitResults":[{"hash":"922ba76b6b9674d075c6e42670a1843fb2208979","messageTitle":"Fix tags constraint to allow for spaces","messageBody":"","fileTypesAndContributionMap":{"functional-code":{"insertions":1,"deletions":1}}}]},{"date":"2022-03-22","commitResults":[{"hash":"f8dc6e789753ed9c5793d751a7b756b1f037d8d4","messageTitle":"Update Tag to allow for punctuations","messageBody":"","fileTypesAndContributionMap":{"functional-code":{"insertions":2,"deletions":2}}},{"hash":"246a3c3d4eb578b08d43ed59f41863620cea918f","messageTitle":"Disallow \u0027/\u0027 characters in tag inputs","messageBody":"","fileTypesAndContributionMap":{"functional-code":{"insertions":4,"deletions":3},"test-code":{"insertions":1,"deletions":1}}},{"hash":"f4d366d8959914e5030ba921e137a8e8a15432fc","messageTitle":"Fix test data for invalid tag to account for allowing punctuation","messageBody":"","fileTypesAndContributionMap":{"test-code":{"insertions":5,"deletions":5}}},{"hash":"fff4fbc8411ae84c45589d7ec53ec90b7c6a257f","messageTitle":"Implement Time parent class and fix bug where meeting end time can be earlier than start time","messageBody":"","fileTypesAndContributionMap":{"functional-code":{"insertions":83,"deletions":83}}}]},{"date":"2022-03-23","commitResults":[{"hash":"3a86bf9f2dd38feb6ec379d6630a5cfddced8194","messageTitle":"Fix javadocs for isValidTime in Time class","messageBody":"","fileTypesAndContributionMap":{"functional-code":{"insertions":1,"deletions":1}}}]},{"date":"2022-03-25","commitResults":[{"hash":"1b527ade9f64e846bb7975ac6063f90dc8a5e2a6","messageTitle":"Update DG for logic component, write implementation for addm feature","messageBody":"","fileTypesAndContributionMap":{"functional-code":{"insertions":0,"deletions":1},"docs":{"insertions":165,"deletions":30}}},{"hash":"442b29329a19f9f5de360091963f9bde4fda92e7","messageTitle":"Scale up AddMeetingSequenceDiagram","messageBody":"","fileTypesAndContributionMap":{"docs":{"insertions":5,"deletions":2}}},{"hash":"218e71da785b11f61660b7f3d0574d7b0abbee26","messageTitle":"Shorten arguments in AddMeetingSequenceDiagram","messageBody":"","fileTypesAndContributionMap":{"docs":{"insertions":7,"deletions":6}}},{"hash":"0b631b0c661a4398c16a96597bc12aeb7b8fa2b1","messageTitle":"Write design considerations for add meeting","messageBody":"","fileTypesAndContributionMap":{"docs":{"insertions":12,"deletions":0}}},{"hash":"f3c413e784b63b6cfc140110929bae379df8b2a9","messageTitle":"Fix trailing whitespaces","messageBody":"","fileTypesAndContributionMap":{"docs":{"insertions":20,"deletions":20}}},{"hash":"7604e742064f3f594dabd020c6a2174864b9ce7a","messageTitle":"Fix newline at AddMeetingSequenceDiagram","messageBody":"","fileTypesAndContributionMap":{"docs":{"insertions":1,"deletions":1}}},{"hash":"1ee3c4197d2539461b883a284484e81343b03868","messageTitle":"Update user guide based on peer reviews","messageBody":"","fileTypesAndContributionMap":{"docs":{"insertions":23,"deletions":13}}},{"hash":"857603d678cca43c816f1038dc35c7f51fd12322","messageTitle":"Fix typo in DG and format of UG tip","messageBody":"","fileTypesAndContributionMap":{"docs":{"insertions":3,"deletions":2}}},{"hash":"bd194e713687cebd47bb2fb450c87a081c4b420e","messageTitle":"Update UG to according to language, style and tone criteria","messageBody":"","fileTypesAndContributionMap":{"functional-code":{"insertions":1,"deletions":1},"docs":{"insertions":59,"deletions":59}}}]},{"date":"2022-03-26","commitResults":[{"hash":"5ff1faa8dd5c152243337b97b90bbf52f4a4c404","messageTitle":"Implement model support for undo/redo","messageBody":"","fileTypesAndContributionMap":{"functional-code":{"insertions":70,"deletions":2}}},{"hash":"75c60ce94bc0255445dd5045ffe63b7d4a1447e0","messageTitle":"Implement redo/undo commands","messageBody":"","fileTypesAndContributionMap":{"functional-code":{"insertions":67,"deletions":27}}}]},{"date":"2022-03-27","commitResults":[{"hash":"fff1b31397d089cd9383e16359b10bdf44852b96","messageTitle":"Implement and bugfix undo/redo features","messageBody":"","fileTypesAndContributionMap":{"functional-code":{"insertions":56,"deletions":21}}},{"hash":"1258ae2bb93809ed7110df6e215c909b262f25bb","messageTitle":"Fix checkstyle errors","messageBody":"","fileTypesAndContributionMap":{"functional-code":{"insertions":19,"deletions":8}}}]},{"date":"2022-03-28","commitResults":[{"hash":"b312d2f1fc898a0c30f4f2dce8a2e7c54ad2f04e","messageTitle":"Fix typo in UG","messageBody":"","fileTypesAndContributionMap":{"docs":{"insertions":1,"deletions":1}}},{"hash":"47e31b9233e473a5ed2ae9f0e5d4c8b4ef2bb242","messageTitle":"Fix modelstub for test","messageBody":"","fileTypesAndContributionMap":{"functional-code":{"insertions":0,"deletions":1},"test-code":{"insertions":30,"deletions":0}}},{"hash":"d706b8e17a3318b2c72864fc1080eec5b88517e5","messageTitle":"Fix checkstyle in test","messageBody":"","fileTypesAndContributionMap":{"test-code":{"insertions":0,"deletions":1}}},{"hash":"45f8642c41af3eac201fbcfd921928029fea0597","messageTitle":"Implement system print for meeting timing clash","messageBody":"","fileTypesAndContributionMap":{"functional-code":{"insertions":37,"deletions":2}}}]},{"date":"2022-03-29","commitResults":[{"hash":"09d021894e72f6ab4af37650a49d5e3d5c3a4d1e","messageTitle":"Implement Undo/Redo for Sortm command","messageBody":"","fileTypesAndContributionMap":{"functional-code":{"insertions":1,"deletions":0}}}]},{"date":"2022-03-30","commitResults":[{"hash":"ce3370bed012a7dc066cb00d45932d8d034912f1","messageTitle":"Implement GUI pop up for meeting time clash","messageBody":"","fileTypesAndContributionMap":{"functional-code":{"insertions":184,"deletions":13}}},{"hash":"e6272fe7b1b82c71035eb77740a34f5e65e8288e","messageTitle":"Add javadoc for isTimingClash","messageBody":"","fileTypesAndContributionMap":{"functional-code":{"insertions":4,"deletions":0}}},{"hash":"784c0bd163ab35288ad07b5340dd7e3bbd8bd342","messageTitle":"Fix testcases","messageBody":"","fileTypesAndContributionMap":{"test-code":{"insertions":7,"deletions":7}}},{"hash":"d0a38fd9ce0d930c05024e8b9085d4db1b8faccf","messageTitle":"Update code based on PR review regarding isTimingClash and isWithin","messageBody":"","fileTypesAndContributionMap":{"functional-code":{"insertions":6,"deletions":7}}},{"hash":"51144033645951c57d903093b6f3aa5819eb7568","messageTitle":"Implement details in display box for clashing meetings","messageBody":"","fileTypesAndContributionMap":{"functional-code":{"insertions":38,"deletions":9},"test-code":{"insertions":4,"deletions":0}}},{"hash":"8f83da8d2f0cda27deda5374b2ecbc17799a7ff0","messageTitle":"Update javadocs and add assertions according to PR review","messageBody":"","fileTypesAndContributionMap":{"functional-code":{"insertions":11,"deletions":5}}},{"hash":"0c7742bf17013786d66f98ea5623e18bf681d39e","messageTitle":"Move Contact folder back to model","messageBody":"","fileTypesAndContributionMap":{"functional-code":{"insertions":470,"deletions":25},"test-code":{"insertions":110,"deletions":15}}}]},{"date":"2022-03-31","commitResults":[{"hash":"4ad5031d6f97c778f1aaa6d7228dce94870e3d2a","messageTitle":"Fix time clash to only be checked for unarchived meetings","messageBody":"","fileTypesAndContributionMap":{"functional-code":{"insertions":16,"deletions":4}}},{"hash":"d851b99e5cb51526fbb5b7c8d11acad9273cc0bb","messageTitle":"Update UG to include Undo/Redo commands","messageBody":"","fileTypesAndContributionMap":{"docs":{"insertions":28,"deletions":0}}}]},{"date":"2022-04-04","commitResults":[{"hash":"ee2c624436a4d0ce4bb98432381ae494429af212","messageTitle":"Fix bug with timeclash and editm","messageBody":"","fileTypesAndContributionMap":{"functional-code":{"insertions":3,"deletions":1}}}]},{"date":"2022-04-05","commitResults":[{"hash":"78ba2b4dcf15412f40ea80c4eb81f13d9d848ec5","messageTitle":"Update PPP","messageBody":"","fileTypesAndContributionMap":{"docs":{"insertions":31,"deletions":15}}}]},{"date":"2022-04-06","commitResults":[{"hash":"cbca21efbc2ff50ac6fbed50399f8f5107ca90fc","messageTitle":"Implement test for AddMeetingCommandIntegration, Undo/Redo commands","messageBody":"","fileTypesAndContributionMap":{"functional-code":{"insertions":5,"deletions":10},"other":{"insertions":6,"deletions":6},"test-code":{"insertions":241,"deletions":30}}}]},{"date":"2022-04-07","commitResults":[{"hash":"79b7e62b49e031e3cd429e76504b94c1d1ddc2f8","messageTitle":"Fix variable name","messageBody":"","fileTypesAndContributionMap":{"functional-code":{"insertions":7,"deletions":7}}}]},{"date":"2022-04-08","commitResults":[{"hash":"60c38c7808acaf49d6095e472543d4741815ac00","messageTitle":"Update DG for AddMeeting and Undo/Redo","messageBody":"","fileTypesAndContributionMap":{"docs":{"insertions":29,"deletions":17}}},{"hash":"75bafad93b1bc03111e2182bb80d94e63c7fde80","messageTitle":"Make AddMeetingSequenceDiagram bigger","messageBody":"","fileTypesAndContributionMap":{"docs":{"insertions":2,"deletions":2}}},{"hash":"8338a5f91b2d7f09b4bed06c64c21d83f18fd4a8","messageTitle":"Include design considerations for meeting clashes","messageBody":"","fileTypesAndContributionMap":{"docs":{"insertions":15,"deletions":0}}}]},{"date":"2022-04-09","commitResults":[{"hash":"e04d5644e779e431d214723b2564db35f32458ff","messageTitle":"Fix typo in DG","messageBody":"","fileTypesAndContributionMap":{"docs":{"insertions":2,"deletions":2}}},{"hash":"26daa68516262d5461d71a13fb07905bc193fe08","messageTitle":"Include note about referencing Create Participant activity","messageBody":"","fileTypesAndContributionMap":{"docs":{"insertions":4,"deletions":0}}}]},{"date":"2022-04-10","commitResults":[{"hash":"f6bbb6593537a42aa2c4cd13ac6c7aef3c52f889","messageTitle":"Fix bugs with isSameContact and editc command","messageBody":"","fileTypesAndContributionMap":{"functional-code":{"insertions":18,"deletions":6},"test-code":{"insertions":11,"deletions":7}}},{"hash":"249361c5d0e958abfdc5b379b394620bd4d1bd5d","messageTitle":"Update to disallow contacts with the same name","messageBody":"","fileTypesAndContributionMap":{"functional-code":{"insertions":3,"deletions":2},"test-code":{"insertions":2,"deletions":2}}},{"hash":"872c32a70137990ad7d8f98e3683fab9e9d89029","messageTitle":"Fix time clash with same meeting during editm bug","messageBody":"","fileTypesAndContributionMap":{"functional-code":{"insertions":17,"deletions":2}}},{"hash":"6fdb05ebb0ea95bfb6c609c2f920f57f5f8dc970","messageTitle":"Edit javadocs for isSameContact","messageBody":"","fileTypesAndContributionMap":{"functional-code":{"insertions":5,"deletions":4}}}]},{"date":"2022-04-11","commitResults":[{"hash":"ce917f35c0d6d4d67999aa3a00832df27bd43c8c","messageTitle":"Add instructions for manual testing for addm, deletem, undo/redo","messageBody":"","fileTypesAndContributionMap":{"docs":{"insertions":49,"deletions":0}}}]}],"rahulprasad01":[{"date":"2022-03-01","commitResults":[{"hash":"0f98fe598580ef5a440871d3c3915514abf3532e","messageTitle":"Updated AboutUs","messageBody":"","fileTypesAndContributionMap":{"docs":{"insertions":4,"deletions":4}}}]},{"date":"2022-03-02","commitResults":[{"hash":"892a8872ec3ccc34e3eb9c6f25dbf1cd504e3f25","messageTitle":"Updated user guide to include add contact and delete contact","messageBody":"","fileTypesAndContributionMap":{"docs":{"insertions":30,"deletions":0}}},{"hash":"ba425593d3a237ab973ad5bc2d2eddaa7acdeaad","messageTitle":"Update DG to include use case for add contact","messageBody":"","fileTypesAndContributionMap":{"docs":{"insertions":24,"deletions":0}}},{"hash":"4959c3259960d2416f9aa9f04ea7251b3f397152","messageTitle":"Update DG to include use case for delete contact","messageBody":"","fileTypesAndContributionMap":{"docs":{"insertions":23,"deletions":0}}},{"hash":"5f1665e2a0255de9a80e38a5a0f83a4467de28f2","messageTitle":"Add project portfolio page","messageBody":"","fileTypesAndContributionMap":{"docs":{"insertions":25,"deletions":0}}},{"hash":"5466dbab8389880018a02c9f5b651e15684e1496","messageTitle":"Update project portfolio page","messageBody":"","fileTypesAndContributionMap":{"docs":{"insertions":2,"deletions":2}}},{"hash":"e86c74e1ec6652d533989036f5578458cfd78eac","messageTitle":"Update project portfolio page","messageBody":"","fileTypesAndContributionMap":{"docs":{"insertions":3,"deletions":1}}},{"hash":"ff86ab3aae84e61938e838d7f739a7f83969deea","messageTitle":"Update project portfolio page","messageBody":"","fileTypesAndContributionMap":{"docs":{"insertions":8,"deletions":4}}},{"hash":"f2caa5e91d1bead5380ece132398c98d11f12faf","messageTitle":"Update project portfolio page","messageBody":"","fileTypesAndContributionMap":{"docs":{"insertions":1,"deletions":5}}}]},{"date":"2022-03-03","commitResults":[{"hash":"3d589c3e1c0cfbc4306b844d4bce84dd09c62d54","messageTitle":"Update UG to fix minor errors","messageBody":"","fileTypesAndContributionMap":{"docs":{"insertions":3,"deletions":3}}},{"hash":"bd9162b3141e2e15bc435b17b01ebaf75146f455","messageTitle":"Update DG to fix errors","messageBody":"","fileTypesAndContributionMap":{"docs":{"insertions":6,"deletions":6}}}]},{"date":"2022-03-09","commitResults":[{"hash":"1e152af117da5b14a2fa6c38ee2b915b1f4b9afc","messageTitle":"Update model to support contact Update parser to support contact Update Logic to support contact Add Sort Command Update tests Update commands to support contact","messageBody":"","fileTypesAndContributionMap":{"functional-code":{"insertions":244,"deletions":205},"other":{"insertions":111,"deletions":101},"docs":{"insertions":2,"deletions":48},"test-code":{"insertions":188,"deletions":143}}},{"hash":"08e2cf1739dec5dafc8d253aa11b92a63860872d","messageTitle":"Remove trailing white space","messageBody":"","fileTypesAndContributionMap":{"docs":{"insertions":8,"deletions":8},"test-code":{"insertions":0,"deletions":1}}}]},{"date":"2022-03-10","commitResults":[{"hash":"1bf722b0ba9d4967f55a9735f4bde9e7e6b3c455","messageTitle":"Update Ui, Test, Storage to support contact","messageBody":"","fileTypesAndContributionMap":{"functional-code":{"insertions":28,"deletions":26},"test-code":{"insertions":45,"deletions":78}}},{"hash":"f747ac856c61a64a6aefc0d46d1bdeedd6767d8c","messageTitle":"Update minor bug fixes","messageBody":"","fileTypesAndContributionMap":{"functional-code":{"insertions":9,"deletions":9},"test-code":{"insertions":4,"deletions":4}}},{"hash":"e58ba1b9f043e5a9bd395b7064a74dd6280f1a8a","messageTitle":"Fix minor indentation erros","messageBody":"","fileTypesAndContributionMap":{"functional-code":{"insertions":12,"deletions":8}}},{"hash":"57ad61e634c77c5faea1749cab094f4d66e96868","messageTitle":"Update to improve code quality","messageBody":"","fileTypesAndContributionMap":{"functional-code":{"insertions":22,"deletions":13}}},{"hash":"305de85a0555a144a08839ae3d418b5b0466b298","messageTitle":"Update to remove check style errors","messageBody":"","fileTypesAndContributionMap":{"functional-code":{"insertions":101,"deletions":56}}},{"hash":"9d8ed6b6e148e08bbed5bbb7b03010e3c62888ba","messageTitle":"Update test","messageBody":"","fileTypesAndContributionMap":{"test-code":{"insertions":5,"deletions":0}}},{"hash":"f8e1c2457e5a52bf0f374880c09ff71bfe0290e2","messageTitle":"Update test","messageBody":"","fileTypesAndContributionMap":{"test-code":{"insertions":64,"deletions":34}}}]},{"date":"2022-03-11","commitResults":[{"hash":"c2262162b6acfef22a1c1edc7374c1e69f2ca9ed","messageTitle":"Update test","messageBody":"","fileTypesAndContributionMap":{"test-code":{"insertions":16,"deletions":16}}}]},{"date":"2022-03-12","commitResults":[{"hash":"0b74e5c2d6c1997f9a75507ae8b3cc1ec726a81f","messageTitle":"Update test to support contact","messageBody":"","fileTypesAndContributionMap":{"functional-code":{"insertions":8,"deletions":11},"test-code":{"insertions":56,"deletions":66}}},{"hash":"96d2f47d0397f626e56e1f3c5241b299ee0334b9","messageTitle":"Remove white space","messageBody":"","fileTypesAndContributionMap":{"docs":{"insertions":10,"deletions":10}}},{"hash":"45bf582ce8cd58c73c85910fddfa7dc081d094f0","messageTitle":"Minor updates","messageBody":"","fileTypesAndContributionMap":{"functional-code":{"insertions":7,"deletions":12},"test-code":{"insertions":1,"deletions":1}}},{"hash":"cbf2e81d834fdd7f6a1a372f7ca155725f31d862","messageTitle":"Minor changes","messageBody":"","fileTypesAndContributionMap":{"docs":{"insertions":2,"deletions":2},"test-code":{"insertions":0,"deletions":4}}},{"hash":"b5023c58c351c277fa177daefd0d276debc1d75a","messageTitle":"Minor changes","messageBody":"","fileTypesAndContributionMap":{"test-code":{"insertions":13,"deletions":21}}},{"hash":"22ad21f0ef42490691ad3f845ec9ac1d75494589","messageTitle":"Update minor changes","messageBody":"","fileTypesAndContributionMap":{"functional-code":{"insertions":7,"deletions":7}}}]},{"date":"2022-03-14","commitResults":[{"hash":"e6e879055bc8b8e00d759979ca576dbd20fcf6a9","messageTitle":"Update minor changes","messageBody":"","fileTypesAndContributionMap":{"functional-code":{"insertions":7,"deletions":7},"other":{"insertions":65,"deletions":63},"docs":{"insertions":15,"deletions":16},"test-code":{"insertions":12,"deletions":12}}},{"hash":"d0e1ff8593dbedfc1583abcfcc4d19a7ccaa1943","messageTitle":"Update minor changes","messageBody":"","fileTypesAndContributionMap":{"functional-code":{"insertions":6,"deletions":6}}},{"hash":"8667fe1e8e13a75a9e98a49b34a5727126f5647e","messageTitle":"Fix sort command","messageBody":"","fileTypesAndContributionMap":{"functional-code":{"insertions":35,"deletions":23},"test-code":{"insertions":1,"deletions":1}}}]},{"date":"2022-03-16","commitResults":[{"hash":"4ac6aa5673fd627498e8e465a1c301dcb37fffb5","messageTitle":"Update NameComparator to sort long names","messageBody":"","fileTypesAndContributionMap":{"functional-code":{"insertions":3,"deletions":4}}}]},{"date":"2022-03-23","commitResults":[{"hash":"a3e23fdfffc332210b7ac1cb56d3ea16ed548692","messageTitle":"Add remind command","messageBody":"","fileTypesAndContributionMap":{"functional-code":{"insertions":185,"deletions":11}}},{"hash":"da1ff01ff2f5999609121e78630a3f6b8da5d5e8","messageTitle":"Update to solve minor bug fixes","messageBody":"","fileTypesAndContributionMap":{"functional-code":{"insertions":10,"deletions":4},"test-code":{"insertions":21,"deletions":21}}},{"hash":"4320d30209121f5e8ce62be143d04e880f1260f2","messageTitle":"Update minor changes","messageBody":"","fileTypesAndContributionMap":{"functional-code":{"insertions":1,"deletions":1},"test-code":{"insertions":20,"deletions":20}}},{"hash":"5a7623869e372441c2e8475bd68f142c7e1c3c91","messageTitle":"Update minor bug fix","messageBody":"","fileTypesAndContributionMap":{"functional-code":{"insertions":1,"deletions":1}}}]},{"date":"2022-03-24","commitResults":[{"hash":"feb319578f948ef8eb6083a42167435c83857fbd","messageTitle":"Update to improve code quality","messageBody":"","fileTypesAndContributionMap":{"functional-code":{"insertions":19,"deletions":16}}},{"hash":"55f61a87347591d76479d8bcd63c9bf1f4c07764","messageTitle":"Update validation regex to not allow empty telegram id","messageBody":"","fileTypesAndContributionMap":{"functional-code":{"insertions":11,"deletions":11}}},{"hash":"88488cb7588b42f57f1b959190ca157fca2abe99","messageTitle":"Update minor bug fixes","messageBody":"","fileTypesAndContributionMap":{"functional-code":{"insertions":1,"deletions":1}}},{"hash":"b671abb4dac4cbfd59e796f88b8b19ca6abc0219","messageTitle":"Add sort meeting feature","messageBody":"","fileTypesAndContributionMap":{"functional-code":{"insertions":67,"deletions":0}}}]},{"date":"2022-03-25","commitResults":[{"hash":"ab1bfa8cf34f3d67268daef51a161128ac011b57","messageTitle":"Update minor bug fixes","messageBody":"","fileTypesAndContributionMap":{"functional-code":{"insertions":4,"deletions":4},"test-code":{"insertions":7,"deletions":0}}},{"hash":"a3a4a17d79077e5e921fada67adcc4b5243303dd","messageTitle":"Update minor bug fixes","messageBody":"","fileTypesAndContributionMap":{"functional-code":{"insertions":3,"deletions":0}}},{"hash":"4eb072292f3fa638a779f6ece8a6af64910b78e4","messageTitle":"Update minor bug fixes","messageBody":"","fileTypesAndContributionMap":{"functional-code":{"insertions":1,"deletions":1}}},{"hash":"709661075c4a9964ba5055fa837b37a0d0632cd9","messageTitle":"Update to improve code quality","messageBody":"","fileTypesAndContributionMap":{"functional-code":{"insertions":6,"deletions":6},"other":{"insertions":4,"deletions":4},"test-code":{"insertions":3,"deletions":3}}},{"hash":"377a630af940d3c94b4e4d3a06cedc11156da53e","messageTitle":"Update minor bug fixes","messageBody":"","fileTypesAndContributionMap":{"functional-code":{"insertions":7,"deletions":3},"test-code":{"insertions":3,"deletions":3}}}]},{"date":"2022-03-28","commitResults":[{"hash":"d4075a5bcf2460b0442e7a186580c8112fc2030b","messageTitle":"Add archive feature","messageBody":"","fileTypesAndContributionMap":{"functional-code":{"insertions":224,"deletions":7}}},{"hash":"6440e72ff5091482238cc09a8bae4910b2681e4d","messageTitle":"Add archive list feature","messageBody":"","fileTypesAndContributionMap":{"functional-code":{"insertions":39,"deletions":14},"test-code":{"insertions":30,"deletions":15}}}]},{"date":"2022-03-29","commitResults":[{"hash":"8026ba3adb3c95bc74fe0ee803d1158db22a58ac","messageTitle":"Fix check style errors","messageBody":"","fileTypesAndContributionMap":{"functional-code":{"insertions":46,"deletions":43},"other":{"insertions":5,"deletions":5},"test-code":{"insertions":26,"deletions":15}}},{"hash":"b42cd9efc394c35b3e5b278675f17bbd02d980c3","messageTitle":"Fix minor bug","messageBody":"","fileTypesAndContributionMap":{"functional-code":{"insertions":1,"deletions":1}}}]},{"date":"2022-03-30","commitResults":[{"hash":"06654007ab3107fa8ae8a4db90134dd2812d03e4","messageTitle":"Update DG to include reminder feature","messageBody":"","fileTypesAndContributionMap":{"functional-code":{"insertions":3,"deletions":3},"other":{"insertions":9,"deletions":9},"docs":{"insertions":86,"deletions":0}}},{"hash":"a282658237638e50300a05926651cae1307575c6","messageTitle":"Add unarchive feature","messageBody":"","fileTypesAndContributionMap":{"functional-code":{"insertions":119,"deletions":12}}},{"hash":"1cd460432630b68fcc1c75065036e6adde2e1a55","messageTitle":"Fix minor error","messageBody":"","fileTypesAndContributionMap":{"functional-code":{"insertions":4,"deletions":0}}}]},{"date":"2022-03-31","commitResults":[{"hash":"978494746a89f20e65488dd06064997330e5ef13","messageTitle":"Add reminder test","messageBody":"","fileTypesAndContributionMap":{"functional-code":{"insertions":5,"deletions":5},"test-code":{"insertions":111,"deletions":5}}},{"hash":"7ce0cfbfe0bab4059cf947aa0ffbe9b585162ab0","messageTitle":"Update UG","messageBody":"","fileTypesAndContributionMap":{"docs":{"insertions":65,"deletions":0}}},{"hash":"2f7aaa77c54024e43b4843302029274c3c3cf85d","messageTitle":"Fix minor error","messageBody":"","fileTypesAndContributionMap":{"functional-code":{"insertions":3,"deletions":3}}},{"hash":"0a99fdb141bef7c0b779f42ababa5bd912a93465","messageTitle":"Fix check style error","messageBody":"","fileTypesAndContributionMap":{"test-code":{"insertions":19,"deletions":25}}},{"hash":"9ad4b791bbc1280f4c4a6cfdec82876a5096fb1a","messageTitle":"Minor bug fix","messageBody":"","fileTypesAndContributionMap":{"functional-code":{"insertions":3,"deletions":3}}},{"hash":"0fd7a097719442d7f148335e24655fb491003ba8","messageTitle":"Fix check style error","messageBody":"","fileTypesAndContributionMap":{"functional-code":{"insertions":2,"deletions":1}}},{"hash":"be553fd4c7f41532f80034d8638cf32bfbb9aee8","messageTitle":"Improve code quality","messageBody":"","fileTypesAndContributionMap":{"functional-code":{"insertions":10,"deletions":10}}},{"hash":"651473c6bccb889201ccf8e0c77d9ec02762d642","messageTitle":"Minor errors","messageBody":"","fileTypesAndContributionMap":{"docs":{"insertions":7,"deletions":7}}},{"hash":"e6ea15be3e8f12a7616af3edd5208557af4623ad","messageTitle":"Update DG","messageBody":"","fileTypesAndContributionMap":{"docs":{"insertions":5,"deletions":3}}}]},{"date":"2022-04-01","commitResults":[{"hash":"6c7e83fdb6a03d0b71482b9797ba5ae566de644f","messageTitle":"Minor bug fixes","messageBody":"","fileTypesAndContributionMap":{"test-code":{"insertions":8,"deletions":8}}}]},{"date":"2022-04-07","commitResults":[{"hash":"cf5f1b70f673691bb0fe3207508357e3c1806110","messageTitle":"Update DG to include archive","messageBody":"","fileTypesAndContributionMap":{"docs":{"insertions":174,"deletions":0}}},{"hash":"467aae8a5fc1c857e46264aa8f9c91d97f4e961e","messageTitle":"Add design considerations for reminder command","messageBody":"","fileTypesAndContributionMap":{"docs":{"insertions":20,"deletions":0}}},{"hash":"542f47b9be757e5ac9cf8572fa13c84663b54b4c","messageTitle":"Bug fixes","messageBody":"","fileTypesAndContributionMap":{"test-code":{"insertions":3,"deletions":3}}}]},{"date":"2022-04-08","commitResults":[{"hash":"fdeb74f24ed0a67562dc6800a8c60d973945f0e8","messageTitle":"Minor bug fixes","messageBody":"","fileTypesAndContributionMap":{"test-code":{"insertions":4,"deletions":4}}}]},{"date":"2022-04-09","commitResults":[{"hash":"535bf78ad0078af88cf7240ce483d1d71f493153","messageTitle":"Update PPP","messageBody":"","fileTypesAndContributionMap":{"docs":{"insertions":55,"deletions":11}}},{"hash":"1eaef77adbc48985c7a3e80c69501aed9e57e2d2","messageTitle":"Update UG","messageBody":"","fileTypesAndContributionMap":{"docs":{"insertions":1,"deletions":0}}},{"hash":"cbaf0e139ebb0db98d84e1b6e9b57f4354b1579f","messageTitle":"Minor bug fixes","messageBody":"","fileTypesAndContributionMap":{"docs":{"insertions":7,"deletions":7}}}]},{"date":"2022-04-10","commitResults":[{"hash":"d6dd655479422bd07a4e0ebfa172c2eaf03bcc1b","messageTitle":"Update reminder sequence diagram","messageBody":"","fileTypesAndContributionMap":{"docs":{"insertions":2,"deletions":2}}},{"hash":"1dc321965a437f6a12833b5768be8bc955f9fea4","messageTitle":"Update PPP","messageBody":"","fileTypesAndContributionMap":{"docs":{"insertions":1,"deletions":1}}}]}]},"authorFileTypeContributionMap":{"tomascherian":{"docs":350,"functional-code":1106,"test-code":231},"cpwill01":{"docs":288,"functional-code":958,"test-code":799,"other":6},"YiFei2":{"docs":435,"functional-code":983,"test-code":287},"rahulprasad01":{"docs":462,"functional-code":988,"test-code":492}},"authorContributionVariance":{"tomascherian":33654.37,"cpwill01":16318.053,"YiFei2":22946.852,"rahulprasad01":31141.877},"authorDisplayNameMap":{"tomascherian":"CS2103T-W12-3 THOM..RIAN","cpwill01":"CS2103T-W12-3 WILL..MING","YiFei2":"CS2103T-W12-3 FONG.. FEI","rahulprasad01":"CS2103T-W12-3 RAHU..ASAD"}}
