{"repoSenseVersion":"49c1d9b5f7","reportGeneratedTime":"Sun Mar 27 12:46:51 2022 UTC+08:00","reportGenerationTime":" 2 minute(s) 4.33 second(s)","zoneId":"UTC+08:00","reportTitle":"CS2103 tP Code Dashboard","repos":[{"location":{"location":"https://github.com/AY2122S2-CS2103-F11-3/tp.git","repoName":"tp","organization":"AY2122S2-CS2103-F11-3"},"branch":"master","displayName":"AY2122S2-CS2103-F11-3/tp[master]","outputFolderName":"AY2122S2-CS2103-F11-3_tp_master"},{"location":{"location":"https://github.com/AY2122S2-CS2103-F11-1/tp.git","repoName":"tp","organization":"AY2122S2-CS2103-F11-1"},"branch":"master","displayName":"AY2122S2-CS2103-F11-1/tp[master]","outputFolderName":"AY2122S2-CS2103-F11-1_tp_master"},{"location":{"location":"https://github.com/AY2122S2-CS2103-W16-2/tp.git","repoName":"tp","organization":"AY2122S2-CS2103-W16-2"},"branch":"master","displayName":"AY2122S2-CS2103-W16-2/tp[master]","outputFolderName":"AY2122S2-CS2103-W16-2_tp_master"},{"location":{"location":"https://github.com/AY2122S2-CS2103-F09-4/tp.git","repoName":"tp","organization":"AY2122S2-CS2103-F09-4"},"branch":"master","displayName":"AY2122S2-CS2103-F09-4/tp[master]","outputFolderName":"AY2122S2-CS2103-F09-4_tp_master"},{"location":{"location":"https://github.com/AY2122S2-CS2103-W16-4/tp.git","repoName":"tp","organization":"AY2122S2-CS2103-W16-4"},"branch":"master","displayName":"AY2122S2-CS2103-W16-4/tp[master]","outputFolderName":"AY2122S2-CS2103-W16-4_tp_master"},{"location":{"location":"https://github.com/AY2122S2-CS2103-F10-2/tp.git","repoName":"tp","organization":"AY2122S2-CS2103-F10-2"},"branch":"master","displayName":"AY2122S2-CS2103-F10-2/tp[master]","outputFolderName":"AY2122S2-CS2103-F10-2_tp_master"},{"location":{"location":"https://github.com/AY2122S2-CS2103-F10-1/tp.git","repoName":"tp","organization":"AY2122S2-CS2103-F10-1"},"branch":"master","displayName":"AY2122S2-CS2103-F10-1/tp[master]","outputFolderName":"AY2122S2-CS2103-F10-1_tp_master"},{"location":{"location":"https://github.com/AY2122S2-CS2103-F11-2/tp.git","repoName":"tp","organization":"AY2122S2-CS2103-F11-2"},"branch":"master","displayName":"AY2122S2-CS2103-F11-2/tp[master]","outputFolderName":"AY2122S2-CS2103-F11-2_tp_master"},{"location":{"location":"https://github.com/AY2122S2-CS2103-F09-2/tp.git","repoName":"tp","organization":"AY2122S2-CS2103-F09-2"},"branch":"master","displayName":"AY2122S2-CS2103-F09-2/tp[master]","outputFolderName":"AY2122S2-CS2103-F09-2_tp_master"},{"location":{"location":"https://github.com/AY2122S2-CS2103-F09-1/tp.git","repoName":"tp","organization":"AY2122S2-CS2103-F09-1"},"branch":"master","displayName":"AY2122S2-CS2103-F09-1/tp[master]","outputFolderName":"AY2122S2-CS2103-F09-1_tp_master"},{"location":{"location":"https://github.com/AY2122S2-CS2103-W16-3/tp.git","repoName":"tp","organization":"AY2122S2-CS2103-W16-3"},"branch":"master","displayName":"AY2122S2-CS2103-W16-3/tp[master]","outputFolderName":"AY2122S2-CS2103-W16-3_tp_master"},{"location":{"location":"https://github.com/AY2122S2-CS2103-W17-4/tp.git","repoName":"tp","organization":"AY2122S2-CS2103-W17-4"},"branch":"master","displayName":"AY2122S2-CS2103-W17-4/tp[master]","outputFolderName":"AY2122S2-CS2103-W17-4_tp_master"},{"location":{"location":"https://github.com/AY2122S2-CS2103-W16-1/tp.git","repoName":"tp","organization":"AY2122S2-CS2103-W16-1"},"branch":"master","displayName":"AY2122S2-CS2103-W16-1/tp[master]","outputFolderName":"AY2122S2-CS2103-W16-1_tp_master"},{"location":{"location":"https://github.com/AY2122S2-CS2103-W17-3/tp.git","repoName":"tp","organization":"AY2122S2-CS2103-W17-3"},"branch":"master","displayName":"AY2122S2-CS2103-W17-3/tp[master]","outputFolderName":"AY2122S2-CS2103-W17-3_tp_master"},{"location":{"location":"https://github.com/AY2122S2-CS2103-W17-1/tp.git","repoName":"tp","organization":"AY2122S2-CS2103-W17-1"},"branch":"master","displayName":"AY2122S2-CS2103-W17-1/tp[master]","outputFolderName":"AY2122S2-CS2103-W17-1_tp_master"},{"location":{"location":"https://github.com/AY2122S2-CS2103-F11-4/tp.git","repoName":"tp","organization":"AY2122S2-CS2103-F11-4"},"branch":"master","displayName":"AY2122S2-CS2103-F11-4/tp[master]","outputFolderName":"AY2122S2-CS2103-F11-4_tp_master"},{"location":{"location":"https://github.com/AY2122S2-CS2103-F09-3/tp.git","repoName":"tp","organization":"AY2122S2-CS2103-F09-3"},"branch":"master","displayName":"AY2122S2-CS2103-F09-3/tp[master]","outputFolderName":"AY2122S2-CS2103-F09-3_tp_master"},{"location":{"location":"https://github.com/AY2122S2-CS2103T-T17-4/tp.git","repoName":"tp","organization":"AY2122S2-CS2103T-T17-4"},"branch":"master","displayName":"AY2122S2-CS2103T-T17-4/tp[master]","outputFolderName":"AY2122S2-CS2103T-T17-4_tp_master"},{"location":{"location":"https://github.com/AY2122S2-CS2103T-T13-4/tp.git","repoName":"tp","organization":"AY2122S2-CS2103T-T13-4"},"branch":"master","displayName":"AY2122S2-CS2103T-T13-4/tp[master]","outputFolderName":"AY2122S2-CS2103T-T13-4_tp_master"},{"location":{"location":"https://github.com/AY2122S2-CS2103T-W14-1/tp.git","repoName":"tp","organization":"AY2122S2-CS2103T-W14-1"},"branch":"master","displayName":"AY2122S2-CS2103T-W14-1/tp[master]","outputFolderName":"AY2122S2-CS2103T-W14-1_tp_master"},{"location":{"location":"https://github.com/AY2122S2-CS2103T-W13-1/tp.git","repoName":"tp","organization":"AY2122S2-CS2103T-W13-1"},"branch":"master","displayName":"AY2122S2-CS2103T-W13-1/tp[master]","outputFolderName":"AY2122S2-CS2103T-W13-1_tp_master"},{"location":{"location":"https://github.com/AY2122S2-CS2103T-W12-2/tp.git","repoName":"tp","organization":"AY2122S2-CS2103T-W12-2"},"branch":"master","displayName":"AY2122S2-CS2103T-W12-2/tp[master]","outputFolderName":"AY2122S2-CS2103T-W12-2_tp_master"},{"location":{"location":"https://github.com/AY2122S2-CS2103T-W09-1/tp.git","repoName":"tp","organization":"AY2122S2-CS2103T-W09-1"},"branch":"master","displayName":"AY2122S2-CS2103T-W09-1/tp[master]","outputFolderName":"AY2122S2-CS2103T-W09-1_tp_master"},{"location":{"location":"https://github.com/AY2122S2-CS2103T-T11-1/tp.git","repoName":"tp","organization":"AY2122S2-CS2103T-T11-1"},"branch":"master","displayName":"AY2122S2-CS2103T-T11-1/tp[master]","outputFolderName":"AY2122S2-CS2103T-T11-1_tp_master"},{"location":{"location":"https://github.com/AY2122S2-CS2103T-T17-2/tp.git","repoName":"tp","organization":"AY2122S2-CS2103T-T17-2"},"branch":"master","displayName":"AY2122S2-CS2103T-T17-2/tp[master]","outputFolderName":"AY2122S2-CS2103T-T17-2_tp_master"},{"location":{"location":"https://github.com/AY2122S2-CS2103T-W09-4/tp.git","repoName":"tp","organization":"AY2122S2-CS2103T-W09-4"},"branch":"master","displayName":"AY2122S2-CS2103T-W09-4/tp[master]","outputFolderName":"AY2122S2-CS2103T-W09-4_tp_master"},{"location":{"location":"https://github.com/AY2122S2-CS2103T-T13-2/tp.git","repoName":"tp","organization":"AY2122S2-CS2103T-T13-2"},"branch":"master","displayName":"AY2122S2-CS2103T-T13-2/tp[master]","outputFolderName":"AY2122S2-CS2103T-T13-2_tp_master"},{"location":{"location":"https://github.com/AY2122S2-CS2103T-W14-2/tp.git","repoName":"tp","organization":"AY2122S2-CS2103T-W14-2"},"branch":"master","displayName":"AY2122S2-CS2103T-W14-2/tp[master]","outputFolderName":"AY2122S2-CS2103T-W14-2_tp_master"},{"location":{"location":"https://github.com/AY2122S2-CS2103T-T13-3/tp.git","repoName":"tp","organization":"AY2122S2-CS2103T-T13-3"},"branch":"master","displayName":"AY2122S2-CS2103T-T13-3/tp[master]","outputFolderName":"AY2122S2-CS2103T-T13-3_tp_master"},{"location":{"location":"https://github.com/AY2122S2-CS2103T-W13-4/tp.git","repoName":"tp","organization":"AY2122S2-CS2103T-W13-4"},"branch":"master","displayName":"AY2122S2-CS2103T-W13-4/tp[master]","outputFolderName":"AY2122S2-CS2103T-W13-4_tp_master"},{"location":{"location":"https://github.com/AY2122S2-CS2103T-T13-1/tp.git","repoName":"tp","organization":"AY2122S2-CS2103T-T13-1"},"branch":"master","displayName":"AY2122S2-CS2103T-T13-1/tp[master]","outputFolderName":"AY2122S2-CS2103T-T13-1_tp_master"},{"location":{"location":"https://github.com/AY2122S2-CS2103T-W09-3/tp.git","repoName":"tp","organization":"AY2122S2-CS2103T-W09-3"},"branch":"master","displayName":"AY2122S2-CS2103T-W09-3/tp[master]","outputFolderName":"AY2122S2-CS2103T-W09-3_tp_master"},{"location":{"location":"https://github.com/AY2122S2-CS2103T-W13-2/tp.git","repoName":"tp","organization":"AY2122S2-CS2103T-W13-2"},"branch":"master","displayName":"AY2122S2-CS2103T-W13-2/tp[master]","outputFolderName":"AY2122S2-CS2103T-W13-2_tp_master"},{"location":{"location":"https://github.com/AY2122S2-CS2103T-T12-2/tp.git","repoName":"tp","organization":"AY2122S2-CS2103T-T12-2"},"branch":"master","displayName":"AY2122S2-CS2103T-T12-2/tp[master]","outputFolderName":"AY2122S2-CS2103T-T12-2_tp_master"},{"location":{"location":"https://github.com/AY2122S2-CS2103T-T17-1/tp.git","repoName":"tp","organization":"AY2122S2-CS2103T-T17-1"},"branch":"master","displayName":"AY2122S2-CS2103T-T17-1/tp[master]","outputFolderName":"AY2122S2-CS2103T-T17-1_tp_master"},{"location":{"location":"https://github.com/AY2122S2-CS2103T-W15-1/tp.git","repoName":"tp","organization":"AY2122S2-CS2103T-W15-1"},"branch":"master","displayName":"AY2122S2-CS2103T-W15-1/tp[master]","outputFolderName":"AY2122S2-CS2103T-W15-1_tp_master"},{"location":{"location":"https://github.com/AY2122S2-CS2103T-W12-3/tp.git","repoName":"tp","organization":"AY2122S2-CS2103T-W12-3"},"branch":"master","displayName":"AY2122S2-CS2103T-W12-3/tp[master]","outputFolderName":"AY2122S2-CS2103T-W12-3_tp_master"},{"location":{"location":"https://github.com/AY2122S2-CS2103T-W11-4/tp.git","repoName":"tp","organization":"AY2122S2-CS2103T-W11-4"},"branch":"master","displayName":"AY2122S2-CS2103T-W11-4/tp[master]","outputFolderName":"AY2122S2-CS2103T-W11-4_tp_master"},{"location":{"location":"https://github.com/AY2122S2-CS2103T-W13-3/tp.git","repoName":"tp","organization":"AY2122S2-CS2103T-W13-3"},"branch":"master","displayName":"AY2122S2-CS2103T-W13-3/tp[master]","outputFolderName":"AY2122S2-CS2103T-W13-3_tp_master"},{"location":{"location":"https://github.com/AY2122S2-CS2103T-W12-1/tp.git","repoName":"tp","organization":"AY2122S2-CS2103T-W12-1"},"branch":"master","displayName":"AY2122S2-CS2103T-W12-1/tp[master]","outputFolderName":"AY2122S2-CS2103T-W12-1_tp_master"},{"location":{"location":"https://github.com/AY2122S2-CS2103T-T09-2/tp.git","repoName":"tp","organization":"AY2122S2-CS2103T-T09-2"},"branch":"master","displayName":"AY2122S2-CS2103T-T09-2/tp[master]","outputFolderName":"AY2122S2-CS2103T-T09-2_tp_master"},{"location":{"location":"https://github.com/AY2122S2-CS2103T-T12-1/tp.git","repoName":"tp","organization":"AY2122S2-CS2103T-T12-1"},"branch":"master","displayName":"AY2122S2-CS2103T-T12-1/tp[master]","outputFolderName":"AY2122S2-CS2103T-T12-1_tp_master"},{"location":{"location":"https://github.com/AY2122S2-CS2103T-T11-3/tp.git","repoName":"tp","organization":"AY2122S2-CS2103T-T11-3"},"branch":"master","displayName":"AY2122S2-CS2103T-T11-3/tp[master]","outputFolderName":"AY2122S2-CS2103T-T11-3_tp_master"},{"location":{"location":"https://github.com/AY2122S2-CS2103T-T12-3/tp.git","repoName":"tp","organization":"AY2122S2-CS2103T-T12-3"},"branch":"master","displayName":"AY2122S2-CS2103T-T12-3/tp[master]","outputFolderName":"AY2122S2-CS2103T-T12-3_tp_master"},{"location":{"location":"https://github.com/AY2122S2-CS2103T-W12-4/tp.git","repoName":"tp","organization":"AY2122S2-CS2103T-W12-4"},"branch":"master","displayName":"AY2122S2-CS2103T-W12-4/tp[master]","outputFolderName":"AY2122S2-CS2103T-W12-4_tp_master"},{"location":{"location":"https://github.com/AY2122S2-CS2103T-T11-2/tp.git","repoName":"tp","organization":"AY2122S2-CS2103T-T11-2"},"branch":"master","displayName":"AY2122S2-CS2103T-T11-2/tp[master]","outputFolderName":"AY2122S2-CS2103T-T11-2_tp_master"},{"location":{"location":"https://github.com/AY2122S2-CS2103T-T12-4/tp.git","repoName":"tp","organization":"AY2122S2-CS2103T-T12-4"},"branch":"master","displayName":"AY2122S2-CS2103T-T12-4/tp[master]","outputFolderName":"AY2122S2-CS2103T-T12-4_tp_master"},{"location":{"location":"https://github.com/AY2122S2-CS2103T-T09-1/tp.git","repoName":"tp","organization":"AY2122S2-CS2103T-T09-1"},"branch":"master","displayName":"AY2122S2-CS2103T-T09-1/tp[master]","outputFolderName":"AY2122S2-CS2103T-T09-1_tp_master"},{"location":{"location":"https://github.com/AY2122S2-CS2103T-T11-4/tp.git","repoName":"tp","organization":"AY2122S2-CS2103T-T11-4"},"branch":"master","displayName":"AY2122S2-CS2103T-T11-4/tp[master]","outputFolderName":"AY2122S2-CS2103T-T11-4_tp_master"},{"location":{"location":"https://github.com/AY2122S2-CS2103T-T09-4/tp.git","repoName":"tp","organization":"AY2122S2-CS2103T-T09-4"},"branch":"master","displayName":"AY2122S2-CS2103T-T09-4/tp[master]","outputFolderName":"AY2122S2-CS2103T-T09-4_tp_master"},{"location":{"location":"https://github.com/AY2122S2-CS2103T-W11-2/tp.git","repoName":"tp","organization":"AY2122S2-CS2103T-W11-2"},"branch":"master","displayName":"AY2122S2-CS2103T-W11-2/tp[master]","outputFolderName":"AY2122S2-CS2103T-W11-2_tp_master"},{"location":{"location":"https://github.com/AY2122S2-CS2103T-W15-2/tp.git","repoName":"tp","organization":"AY2122S2-CS2103T-W15-2"},"branch":"master","displayName":"AY2122S2-CS2103T-W15-2/tp[master]","outputFolderName":"AY2122S2-CS2103T-W15-2_tp_master"},{"location":{"location":"https://github.com/AY2122S2-CS2103T-W15-3/tp.git","repoName":"tp","organization":"AY2122S2-CS2103T-W15-3"},"branch":"master","displayName":"AY2122S2-CS2103T-W15-3/tp[master]","outputFolderName":"AY2122S2-CS2103T-W15-3_tp_master"},{"location":{"location":"https://github.com/AY2122S2-CS2103T-T09-3/tp.git","repoName":"tp","organization":"AY2122S2-CS2103T-T09-3"},"branch":"master","displayName":"AY2122S2-CS2103T-T09-3/tp[master]","outputFolderName":"AY2122S2-CS2103T-T09-3_tp_master"},{"location":{"location":"https://github.com/AY2122S2-CS2103T-W11-3/tp.git","repoName":"tp","organization":"AY2122S2-CS2103T-W11-3"},"branch":"master","displayName":"AY2122S2-CS2103T-W11-3/tp[master]","outputFolderName":"AY2122S2-CS2103T-W11-3_tp_master"},{"location":{"location":"https://github.com/AY2122S2-CS2103T-W09-2/tp.git","repoName":"tp","organization":"AY2122S2-CS2103T-W09-2"},"branch":"master","displayName":"AY2122S2-CS2103T-W09-2/tp[master]","outputFolderName":"AY2122S2-CS2103T-W09-2_tp_master"},{"location":{"location":"https://github.com/AY2122S2-CS2103T-W11-1/tp.git","repoName":"tp","organization":"AY2122S2-CS2103T-W11-1"},"branch":"master","displayName":"AY2122S2-CS2103T-W11-1/tp[master]","outputFolderName":"AY2122S2-CS2103T-W11-1_tp_master"},{"location":{"location":"https://github.com/AY2122S2-CS2103T-T17-3/tp.git","repoName":"tp","organization":"AY2122S2-CS2103T-T17-3"},"branch":"master","displayName":"AY2122S2-CS2103T-T17-3/tp[master]","outputFolderName":"AY2122S2-CS2103T-T17-3_tp_master"},{"location":{"location":"https://github.com/AY2122S2-CS2103T-W14-3/tp.git","repoName":"tp","organization":"AY2122S2-CS2103T-W14-3"},"branch":"master","displayName":"AY2122S2-CS2103T-W14-3/tp[master]","outputFolderName":"AY2122S2-CS2103T-W14-3_tp_master"}],"errorSet":[],"sinceDate":"2022-02-18","untilDate":"2022-03-27","isSinceDateProvided":true,"isUntilDateProvided":false}
