{"authorDailyContributionsMap":{"NatalieTanML":[{"date":"2022-02-23","commitResults":[{"hash":"3842362acef5667eaf7ba425f182f7bf6eb14563","messageTitle":"Update README.md","messageBody":"README.md and Ui.png has been updated to match LinkyTime.\n","fileTypesAndContributionMap":{"docs":{"insertions":35,"deletions":11}}},{"hash":"73c1f9577a3f26177ffd6e06a2e29cbac4ee3f26","messageTitle":"Remove comments","messageBody":"","fileTypesAndContributionMap":{"docs":{"insertions":0,"deletions":20}}},{"hash":"0ce1ddeb9274c577e5ec7f837b5536a40b230b03","messageTitle":"Update AboutUs.md for Nat\u0027s section","messageBody":"","fileTypesAndContributionMap":{"docs":{"insertions":4,"deletions":4}}},{"hash":"53b991f6dbc37c10d4d1f7e726841ade2eff0a18","messageTitle":"Add nat\u0027s PPP page","messageBody":"","fileTypesAndContributionMap":{"docs":{"insertions":45,"deletions":0}}},{"hash":"4158970d318f89773313aa914f0602d8083bdea9","messageTitle":"Update quick start and Add command sections in UG","messageBody":"","fileTypesAndContributionMap":{"docs":{"insertions":60,"deletions":80}}},{"hash":"bb2b05a4e5342f748a1c71c5224560eae479a5b2","messageTitle":"Fix indentation","messageBody":"","fileTypesAndContributionMap":{"docs":{"insertions":3,"deletions":2}}}]},{"date":"2022-02-24","commitResults":[{"hash":"9759f2290a0964e202ec55406788fc576f30d1c6","messageTitle":"Fix link to nat\u0027s PPP","messageBody":"","fileTypesAndContributionMap":{"docs":{"insertions":1,"deletions":1}}},{"hash":"1689cfd53819e647e91d9b0dea493ae8a6ca1dbb","messageTitle":"Fix grammar","messageBody":"","fileTypesAndContributionMap":{"docs":{"insertions":1,"deletions":1}}}]},{"date":"2022-02-28","commitResults":[{"hash":"7f0c9f07b3c15f10a6fa600920549cee857db2b0","messageTitle":"Update User Guide and Developer Guide","messageBody":"Fixed minor grammatical errors, removed some terms from glossary, and\nadded the RepoSense links to all our PPPs.\n","fileTypesAndContributionMap":{"docs":{"insertions":27,"deletions":24}}},{"hash":"7fe23120c4b9eef83eb958fe7ea540a1414d546c","messageTitle":"Fix grammar","messageBody":"Removed any mentions of \u0027Zoom\u0027 as our app should be platform-agnostic\n","fileTypesAndContributionMap":{"docs":{"insertions":8,"deletions":8}}}]},{"date":"2022-03-07","commitResults":[{"hash":"192a965c8bbe431fb0f745cd47c1973a17392b97","messageTitle":"Create MeetingEntry module and models","messageBody":"","fileTypesAndContributionMap":{"functional-code":{"insertions":570,"deletions":0}}}]},{"date":"2022-03-08","commitResults":[{"hash":"2eaca608520c78ac763bb035b5ad85c2ecd1d8cf","messageTitle":"Update IsRecurring to use uppercases","messageBody":"Update code based on suggestions\n","fileTypesAndContributionMap":{"functional-code":{"insertions":33,"deletions":33}}},{"hash":"0ed6122ccc6807991f263c18d068c94c596b8aa4","messageTitle":"Fix spacing","messageBody":"Rename getMeetingTime to getDateTime\n","fileTypesAndContributionMap":{"functional-code":{"insertions":7,"deletions":7}}},{"hash":"589c18674cdc4ee9415f4bc79e4e1578097a80a4","messageTitle":"Update to access private members directly instead","messageBody":"","fileTypesAndContributionMap":{"functional-code":{"insertions":11,"deletions":11}}},{"hash":"b4a8aaaf49090aadc29aaad63e2ecb81eaddc41f","messageTitle":"Implement ParserUtil methods for MeetingEntry","messageBody":"This allows *Parser classes to use these methods.\n","fileTypesAndContributionMap":{"functional-code":{"insertions":68,"deletions":0}}},{"hash":"180e5809575a898642cedf9bc8abd5dbc8ca5c2e","messageTitle":"Moved AB3 Person classes into its own packages","messageBody":"Created MeetingEntry packages in Parser and Command\n","fileTypesAndContributionMap":{"functional-code":{"insertions":19,"deletions":7},"other":{"insertions":36,"deletions":14},"test-code":{"insertions":29,"deletions":18}}}]},{"date":"2022-03-09","commitResults":[{"hash":"902fa550da4e291723355a6a6b3f1a0c166b2ba8","messageTitle":"Create GitHub PR template","messageBody":"","fileTypesAndContributionMap":{"docs":{"insertions":16,"deletions":0}}},{"hash":"0d1229a42e1150cecf3ca9fc615e7b031cf808fb","messageTitle":"Fix trailing whitespace error","messageBody":"","fileTypesAndContributionMap":{"docs":{"insertions":3,"deletions":3}}},{"hash":"0e07531fd0f7e10090895efbb85f445d1cbe8401","messageTitle":"Implement ModuleCode models","messageBody":"","fileTypesAndContributionMap":{"functional-code":{"insertions":232,"deletions":3},"other":{"insertions":7,"deletions":5}}}]},{"date":"2022-03-11","commitResults":[{"hash":"b2424c75d4ad99554892f312bfa1ab0efa48bdce","messageTitle":"Rename MeetingEntryList to UniqueMeetingEntryList","messageBody":"Add final to variable\n","fileTypesAndContributionMap":{"functional-code":{"insertions":1,"deletions":1},"other":{"insertions":8,"deletions":8}}},{"hash":"8005e13f3652b321b45d2448a3f7d99fe0086041","messageTitle":"Fix MeetingEntryList refactor error","messageBody":"","fileTypesAndContributionMap":{"functional-code":{"insertions":3,"deletions":3}}},{"hash":"b9aa59fbcac5992e6e4c70ad947767ab58e6d04d","messageTitle":"Update obj creation to incl module code","messageBody":"Include parser prefixes for Meeting Entry\n\nInclude ParserUtil method for ModuleCode\n","fileTypesAndContributionMap":{"functional-code":{"insertions":29,"deletions":0}}}]},{"date":"2022-03-14","commitResults":[{"hash":"de53c36ae8e31e6f1a4c46fc7855705f89346da2","messageTitle":"Update Meeting Entry GUI","messageBody":"Rename fxml and UI meeting entry classes to be more consistent\n","fileTypesAndContributionMap":{"functional-code":{"insertions":42,"deletions":6},"other":{"insertions":9,"deletions":5}}},{"hash":"518cb960bc9706c97e05f6b7ffe7051840470734","messageTitle":"Fix checkstyle issues","messageBody":"","fileTypesAndContributionMap":{"functional-code":{"insertions":2,"deletions":2}}},{"hash":"2d842a8838813052e818292f5877b2c47797475b","messageTitle":"Fix checkstyle","messageBody":"","fileTypesAndContributionMap":{"functional-code":{"insertions":1,"deletions":1}}},{"hash":"0e3fbc9d709baa4825e2dcf096bfa84a07fc5fcc","messageTitle":"Release v1.2","messageBody":"","fileTypesAndContributionMap":{"functional-code":{"insertions":1,"deletions":1},"other":{"insertions":1,"deletions":1}}}]},{"date":"2022-03-16","commitResults":[{"hash":"e2bd53fdfe61c6aeef3f0fc0f81638b7b695fdba","messageTitle":"Integrate ModuleCode into LinkyTime classes","messageBody":"","fileTypesAndContributionMap":{"functional-code":{"insertions":223,"deletions":24},"test-code":{"insertions":16,"deletions":0}}},{"hash":"337d51081566fd242e647f0de8473b3ec5084d7e","messageTitle":"Implement ModuleCode panel GUI","messageBody":"","fileTypesAndContributionMap":{"functional-code":{"insertions":228,"deletions":25}}}]},{"date":"2022-03-17","commitResults":[{"hash":"a3a9fa5c790476df376ba2d1f39ddb933ddf31ff","messageTitle":"Fix minor style errors","messageBody":"","fileTypesAndContributionMap":{"functional-code":{"insertions":27,"deletions":31}}},{"hash":"cb07913986e0c847e08768defd17b93af4dd4106","messageTitle":"Move import statement","messageBody":"","fileTypesAndContributionMap":{"functional-code":{"insertions":1,"deletions":1}}}]},{"date":"2022-03-21","commitResults":[{"hash":"54f62dde5d857fd67d24b790a33a9f2e1c40f1cc","messageTitle":"Refactor all instances of \"ModuleCode\" to \"Module\"","messageBody":"","fileTypesAndContributionMap":{"functional-code":{"insertions":387,"deletions":387},"other":{"insertions":34,"deletions":34},"docs":{"insertions":4,"deletions":4},"test-code":{"insertions":50,"deletions":50}}},{"hash":"e06abfdb26661fd0d685089e39cd618af3cc12e3","messageTitle":"Implement add module command","messageBody":"","fileTypesAndContributionMap":{"functional-code":{"insertions":118,"deletions":0},"test-code":{"insertions":340,"deletions":108}}},{"hash":"5a33fefbe87068bc13cd641c01815002a14d7856","messageTitle":"Fix checkstyle","messageBody":"","fileTypesAndContributionMap":{"test-code":{"insertions":0,"deletions":1}}}]},{"date":"2022-03-22","commitResults":[{"hash":"9efa63e14d611059aaa1b2fc01bca8f5b48f4212","messageTitle":"Enable assertions","messageBody":"","fileTypesAndContributionMap":{"other":{"insertions":5,"deletions":0}}},{"hash":"7ed15c880674e2bc0e6ef552885e705bb67a75aa","messageTitle":"Update ModuleBuilder to store a String instead","messageBody":"","fileTypesAndContributionMap":{"functional-code":{"insertions":8,"deletions":8},"test-code":{"insertions":20,"deletions":20}}}]},{"date":"2022-03-23","commitResults":[{"hash":"bf99486c88eba51f2fa2bebf3d98b46e17d02064","messageTitle":"Update DG with Delete module implementation","messageBody":"","fileTypesAndContributionMap":{"docs":{"insertions":85,"deletions":2}}},{"hash":"81451502c60a628f1c1c9fb82498d80540e18740","messageTitle":"Remove commented out text from puml file","messageBody":"","fileTypesAndContributionMap":{"docs":{"insertions":0,"deletions":10}}},{"hash":"2f5e0d5bd586ab3fc444eb25c945698db0e689ba","messageTitle":"Fix test case inputs","messageBody":"","fileTypesAndContributionMap":{"test-code":{"insertions":21,"deletions":22}}},{"hash":"253366c1b5d4dcf1756f582234d9ff8f9dc32817","messageTitle":"Fix failing test case","messageBody":"","fileTypesAndContributionMap":{"test-code":{"insertions":2,"deletions":1}}},{"hash":"e1352cdda839a6eff62a072b54b1a817441152dc","messageTitle":"Import static INPUT_FORMAT for meeting date time","messageBody":"","fileTypesAndContributionMap":{"test-code":{"insertions":2,"deletions":2}}},{"hash":"a3b509ca2bc724bde18c3bb116fad8bdfc265c9c","messageTitle":"Test returning null instead of throwing","messageBody":"","fileTypesAndContributionMap":{"functional-code":{"insertions":3,"deletions":2}}},{"hash":"f107fdb97c8ca16d0c39ab79709aec68b872ead7","messageTitle":"Standardize datetime formats","messageBody":"","fileTypesAndContributionMap":{"functional-code":{"insertions":2,"deletions":2},"test-code":{"insertions":12,"deletions":12}}},{"hash":"5dd58e996aa4a93c58011caa78df5b731dfe1f80","messageTitle":"Test throw custom exception","messageBody":"","fileTypesAndContributionMap":{"functional-code":{"insertions":10,"deletions":4}}},{"hash":"16165425203621536735f2de3e5b71ed58e481ca","messageTitle":"Fix checkstyle","messageBody":"","fileTypesAndContributionMap":{"functional-code":{"insertions":2,"deletions":2}}},{"hash":"16aad1d1262c72c501d6925b05f0b9a39ae8b147","messageTitle":"Further simplify input datetime format","messageBody":"","fileTypesAndContributionMap":{"functional-code":{"insertions":6,"deletions":6},"test-code":{"insertions":11,"deletions":11}}}]},{"date":"2022-03-24","commitResults":[{"hash":"29c704868c327657ef177a7859e97db3f2856ab4","messageTitle":"Release v1.2.1","messageBody":"","fileTypesAndContributionMap":{"functional-code":{"insertions":1,"deletions":1}}},{"hash":"b66c12cd110afbcd4799daa947a085687abc42d2","messageTitle":"Add proposed tag to del mod heading","messageBody":"","fileTypesAndContributionMap":{"docs":{"insertions":1,"deletions":1}}}]}],"chuabingquan":[{"date":"2022-02-22","commitResults":[{"hash":"9dcc1a8efc20aa89a11686bbc4d6aa706e1a1a16","messageTitle":"Update user guide","messageBody":"Define use cases and user stories\n\nCo-authored-by: NatalieTanML \u003cnat130613@gmail.com\u003e\nCo-authored-by: justinekoh \u003cjustinetaikoh@gmail.com\u003e\nCo-authored-by: Gnoznaug \u003czhouguanzong@gmail.com\u003e\nCo-authored-by: xMashedxTomatox \u003cxmashedxtomatox@gmail.com\u003e\n","fileTypesAndContributionMap":{"docs":{"insertions":205,"deletions":29}}}]},{"date":"2022-02-23","commitResults":[{"hash":"78e1a7de767677addf90bae4cbd2bf68d21800ee","messageTitle":"Add Bing Quan\u0027s profile","messageBody":"","fileTypesAndContributionMap":{"docs":{"insertions":5,"deletions":5}}}]},{"date":"2022-02-24","commitResults":[{"hash":"71f2b64aaceaf8796ad8e03111c43ae53de73387","messageTitle":"Add PPP skeleton","messageBody":"","fileTypesAndContributionMap":{"docs":{"insertions":46,"deletions":1}}}]},{"date":"2022-02-26","commitResults":[{"hash":"6706d545f461702027c50f7ba50e277fc08cf69f","messageTitle":"Update save and manual edit sections","messageBody":"","fileTypesAndContributionMap":{"docs":{"insertions":4,"deletions":2}}}]},{"date":"2022-02-27","commitResults":[{"hash":"fd74e4bd827f0eebebec9f438fabefcd65ec856c","messageTitle":"Remove duplicate text","messageBody":"","fileTypesAndContributionMap":{"docs":{"insertions":1,"deletions":3}}},{"hash":"5f0db61d2dd72f755b376309959652f8f43e5098","messageTitle":"Update JAR location filename","messageBody":"","fileTypesAndContributionMap":{"docs":{"insertions":1,"deletions":1}}}]},{"date":"2022-02-28","commitResults":[{"hash":"13ac4a72ce1c9cb61f177aaecb983794ade12e3f","messageTitle":"Fix missing div closing tag","messageBody":"","fileTypesAndContributionMap":{"docs":{"insertions":1,"deletions":1}}},{"hash":"43176e7b9b9f21b97332ccf35c7af007532a1759","messageTitle":"Remove redundant line break","messageBody":"","fileTypesAndContributionMap":{"docs":{"insertions":1,"deletions":1}}}]},{"date":"2022-03-08","commitResults":[{"hash":"30339bc3af86071078f9e5dd61e287aa471dce2d","messageTitle":"Mark unmodified variable as final","messageBody":"","fileTypesAndContributionMap":{"functional-code":{"insertions":5,"deletions":5}}}]},{"date":"2022-03-09","commitResults":[{"hash":"017e305cf0d3a831bfff118d47e63c48ef4cf34d","messageTitle":"Implement LinkyTime CRUD layer","messageBody":"","fileTypesAndContributionMap":{"functional-code":{"insertions":271,"deletions":0}}},{"hash":"0ae9b8c1e716f19b8b277e1a767dcf29118c9175","messageTitle":"Implement skeleton to retrieve/persist LinkyTime data from storage","messageBody":"","fileTypesAndContributionMap":{"functional-code":{"insertions":149,"deletions":0}}},{"hash":"b085e65998b45f32a4249bf971529c2bc0d2ab35","messageTitle":"Update UserPrefs to support retrieval of LinkyTime data file","messageBody":"","fileTypesAndContributionMap":{"functional-code":{"insertions":83,"deletions":14}}},{"hash":"dff04dd23a9b2851908aa8dcef70fd6001ee676c","messageTitle":"Update storage interface and implementation to support LinkyTime data","messageBody":"","fileTypesAndContributionMap":{"functional-code":{"insertions":69,"deletions":9}}},{"hash":"38a219335a4f5d866a172b331d95a297d219ab57","messageTitle":"Implement CRUD support for LinkyTime data","messageBody":"","fileTypesAndContributionMap":{"functional-code":{"insertions":244,"deletions":62}}},{"hash":"272ea85d47bdce6f4eb50694291fc701574bb146","messageTitle":"Update test cases to support LinkyTime storage and model changes","messageBody":"","fileTypesAndContributionMap":{"test-code":{"insertions":95,"deletions":25}}}]},{"date":"2022-03-10","commitResults":[{"hash":"b45566f64826beead3aaa96f394c827a8fdb1b19","messageTitle":"Remove duplicate  implementation","messageBody":"","fileTypesAndContributionMap":{"functional-code":{"insertions":4,"deletions":139}}},{"hash":"72904ee8612f2a1d31b42849cb9cd172191ba10e","messageTitle":"Fix correctness of UserPrefs equals method","messageBody":"","fileTypesAndContributionMap":{"functional-code":{"insertions":1,"deletions":0}}},{"hash":"c57a56dbb9ed6a455fe13f3d81c85c3cf6b78ab2","messageTitle":"Disallow passing of null LinkyTime instance as an argument","messageBody":"","fileTypesAndContributionMap":{"functional-code":{"insertions":1,"deletions":1}}},{"hash":"376346802574a99239177fe795ecbb9f1ec8e2c3","messageTitle":"Implement LinkyTime parser","messageBody":"","fileTypesAndContributionMap":{"functional-code":{"insertions":49,"deletions":0}}},{"hash":"8610a8e6ce495a382d95e15b7e4fccdc759d3708","messageTitle":"Implement support for LinkyTime operations on LogicManager","messageBody":"","fileTypesAndContributionMap":{"functional-code":{"insertions":141,"deletions":26}}},{"hash":"7ecfb084f5762a2c10b56d833391634071e122fc","messageTitle":"Update stub to throw assertions for unused methods","messageBody":"","fileTypesAndContributionMap":{"test-code":{"insertions":10,"deletions":10}}}]},{"date":"2022-03-14","commitResults":[{"hash":"2f873d3b11939b8c6708f57a1dd11edf8ed86490","messageTitle":"Load sample meeting entries when no data file is found","messageBody":"","fileTypesAndContributionMap":{"functional-code":{"insertions":51,"deletions":17}}},{"hash":"ae06480662b3553d451999bd78f4dce3f4e65815","messageTitle":"Support serialization and deserialization of meeting entries to storage","messageBody":"","fileTypesAndContributionMap":{"functional-code":{"insertions":190,"deletions":0}}},{"hash":"61df4286fe3af5ba0eda4bfb8387d3cd491ca28f","messageTitle":"Implement retrieval and persistence of meeting entries to/from storage","messageBody":"","fileTypesAndContributionMap":{"functional-code":{"insertions":17,"deletions":44}}},{"hash":"28c42a81173e677a43914fafd9360b263fd8315e","messageTitle":"Validate datetime and module code when converting from JSON","messageBody":"","fileTypesAndContributionMap":{"functional-code":{"insertions":12,"deletions":9}}},{"hash":"10986e6431addf2b7a56c420470c9bdb9f0fb310","messageTitle":"Remove sample address book data","messageBody":"","fileTypesAndContributionMap":{"functional-code":{"insertions":19,"deletions":59}}},{"hash":"8f434063fa56953279a88f00e4ccb769c6e407ab","messageTitle":"Remove references to address book in javadocs","messageBody":"","fileTypesAndContributionMap":{"functional-code":{"insertions":3,"deletions":3}}},{"hash":"291a608023d157291804f2881ab38018ac549627","messageTitle":"Update the example in javadocs to use camel case","messageBody":"","fileTypesAndContributionMap":{"test-code":{"insertions":1,"deletions":1}}}]},{"date":"2022-03-21","commitResults":[{"hash":"a5eca3e6da483c2b615df1b5dd27fdf6814c6364","messageTitle":"Use LocalDateTime to represent meeting date time","messageBody":"","fileTypesAndContributionMap":{"functional-code":{"insertions":39,"deletions":21}}}]},{"date":"2022-03-22","commitResults":[{"hash":"06c8e06387aa0c9179bed921bf230e3503c6fe01","messageTitle":"Remove the need for a leading zero when declaring the day of a datetime","messageBody":"","fileTypesAndContributionMap":{"functional-code":{"insertions":4,"deletions":4}}},{"hash":"60dfb3b898387a87a855d6c9c3c6c0480777b914","messageTitle":"Fix test cases that failed with the new MeetingDateTime implementation","messageBody":"","fileTypesAndContributionMap":{"test-code":{"insertions":12,"deletions":12}}},{"hash":"8ffb59866b1a5c125026079ebc55979431272438","messageTitle":"Update add command usage message to reflect new MeetingDateTime format","messageBody":"","fileTypesAndContributionMap":{"functional-code":{"insertions":1,"deletions":1}}},{"hash":"f81bb0066c5e590c123bffc9a717022ec16cbf32","messageTitle":"Return the next recurring datetime on getDateTime","messageBody":"","fileTypesAndContributionMap":{"functional-code":{"insertions":47,"deletions":7}}},{"hash":"4d3b4a2ead9ef44c49e684ed37e501602c5dff80","messageTitle":"Re-implement recurrent datetime logic for correctness","messageBody":"","fileTypesAndContributionMap":{"functional-code":{"insertions":12,"deletions":3}}},{"hash":"15c388dd4bb7158185c7c0766061ac56c116d4cd","messageTitle":"Return next recurrent datetime at the end of the current one","messageBody":"","fileTypesAndContributionMap":{"functional-code":{"insertions":9,"deletions":8}}},{"hash":"d0aa834b9fd9424447f4284fe8bcde44852bad4b","messageTitle":"Correct example usage by adding a space","messageBody":"","fileTypesAndContributionMap":{"functional-code":{"insertions":1,"deletions":1}}},{"hash":"91d87a06610530e5b80effa5dc23d685478b3308","messageTitle":"Introduce fix to enable GUI to render recurrent meeting date and times","messageBody":"","fileTypesAndContributionMap":{"functional-code":{"insertions":3,"deletions":0}}}]},{"date":"2022-03-23","commitResults":[{"hash":"d6d56992d91d35dc112a30d4233eccdd8c828804","messageTitle":"Change meeting datetime format to `d-M-uuuu h:mma`","messageBody":"","fileTypesAndContributionMap":{"functional-code":{"insertions":22,"deletions":15}}},{"hash":"36ef39b663cb026b560ee32e8400775c5a3dd69b","messageTitle":"Fix tests to support new meeting datetime format","messageBody":"","fileTypesAndContributionMap":{"test-code":{"insertions":16,"deletions":15}}},{"hash":"4b932d15362d64c5b7b63cf5eb21107ae0f157bd","messageTitle":"Update meeting date time constraints message","messageBody":"","fileTypesAndContributionMap":{"functional-code":{"insertions":1,"deletions":1}}},{"hash":"250a3d536542bde971a91b0802e9eecfdf89b60b","messageTitle":"Add javadocs to describe the computation of recurring date and times","messageBody":"","fileTypesAndContributionMap":{"functional-code":{"insertions":14,"deletions":0}}}]},{"date":"2022-03-24","commitResults":[{"hash":"ac8985865e3a60958300fe51689439251e9768a4","messageTitle":"Re-introduce recurrent meetings to test cases","messageBody":"","fileTypesAndContributionMap":{"test-code":{"insertions":12,"deletions":13}}},{"hash":"c914a0c2def614629d830445f889ad10b71ab09d","messageTitle":"Update example usage of meeting datetime format for clarity","messageBody":"","fileTypesAndContributionMap":{"functional-code":{"insertions":2,"deletions":2}}},{"hash":"aeb2ea9bed95997ce08194d63073390fbd89ecca","messageTitle":"Rename getDateTime to getStartDateTime","messageBody":"","fileTypesAndContributionMap":{"functional-code":{"insertions":15,"deletions":15},"test-code":{"insertions":2,"deletions":2}}},{"hash":"da43db234812c33883b6696d08a766fda9368940","messageTitle":"Implement retrieval of meeting end date and time","messageBody":"","fileTypesAndContributionMap":{"functional-code":{"insertions":16,"deletions":0}}}]}],"justinekoh":[{"date":"2022-02-25","commitResults":[{"hash":"9108fedbee2a6d8ddc87871ef7c9cd06a2303223","messageTitle":"Add Justine\u0027s profile to AboutUs","messageBody":"","fileTypesAndContributionMap":{"docs":{"insertions":5,"deletions":14}}}]},{"date":"2022-02-26","commitResults":[{"hash":"f96671fb7a53c83d7c2d7e681b723903683029ca","messageTitle":"Update delete command description","messageBody":"","fileTypesAndContributionMap":{"docs":{"insertions":6,"deletions":7}}},{"hash":"0ec1fb90d82b1e3d83fd8410e365b544a53eaca1","messageTitle":"Add Justine\u0027s Project Portfolio Page","messageBody":"","fileTypesAndContributionMap":{"docs":{"insertions":4,"deletions":6}}},{"hash":"4afc1192b1f4a4dc2f024be2b3157637491df066","messageTitle":"Standardize wording in User Guide and fix some minor formatting issues","messageBody":"","fileTypesAndContributionMap":{"docs":{"insertions":13,"deletions":13}}}]},{"date":"2022-03-13","commitResults":[{"hash":"d097bbc8a8fa00dc83896dadb0b1ec24b6eb6cb5","messageTitle":"Add command to delete meeting entries","messageBody":"","fileTypesAndContributionMap":{"functional-code":{"insertions":98,"deletions":6}}},{"hash":"36e40b86563cf529de98ce90bcfdf3d121c70d32","messageTitle":"Refactor test utility classes to work with LinkyTime","messageBody":"","fileTypesAndContributionMap":{"test-code":{"insertions":154,"deletions":10}}},{"hash":"7638935bcd08b33f68ed5f73278cd9b4bd78eb0b","messageTitle":"Add typical meeting entries and indices for use in test cases","messageBody":"","fileTypesAndContributionMap":{"test-code":{"insertions":52,"deletions":0}}},{"hash":"8f29510d9ba6a6e2bc8ae5370152d2386b70d75c","messageTitle":"Add tests for DeleteCommand and DeleteCommandParser, add some utility classes","messageBody":"","fileTypesAndContributionMap":{"functional-code":{"insertions":36,"deletions":4},"test-code":{"insertions":56,"deletions":39}}},{"hash":"0dce4875288bdb5a7c2e4e712dfc807ea349b661","messageTitle":"Fix checkstyle errors","messageBody":"","fileTypesAndContributionMap":{"functional-code":{"insertions":4,"deletions":3},"test-code":{"insertions":12,"deletions":1}}}]},{"date":"2022-03-14","commitResults":[{"hash":"e845f0c6a2054423934094296f9d81f1a423668e","messageTitle":"Fix typo and exception","messageBody":"","fileTypesAndContributionMap":{"functional-code":{"insertions":1,"deletions":1},"test-code":{"insertions":2,"deletions":2}}},{"hash":"ed57defe6d663fceb3b2184d133e4f30e0218cb6","messageTitle":"Streamline test case and remove unnecessary class","messageBody":"","fileTypesAndContributionMap":{"functional-code":{"insertions":0,"deletions":32},"test-code":{"insertions":1,"deletions":3}}},{"hash":"4e10c7135a0034a6480f9db1ac887d7ca9ee0260","messageTitle":"Fix JavaDocs and refactor CommandTestUtil assertCommandFailure method","messageBody":"","fileTypesAndContributionMap":{"test-code":{"insertions":10,"deletions":8}}},{"hash":"e9fa666ec54e4dd9638d8dc5de9bb7299f26fd42","messageTitle":"Add final modifiers and fix JavaDocs","messageBody":"","fileTypesAndContributionMap":{"functional-code":{"insertions":2,"deletions":3},"test-code":{"insertions":19,"deletions":20}}},{"hash":"965ed3e6ff2c5f3da1622346310f8ef02c0cd79f","messageTitle":"Minor fixes for clarity","messageBody":"","fileTypesAndContributionMap":{"test-code":{"insertions":1,"deletions":1}}},{"hash":"de50928b8615116b229adb5031ee999f25ee74a6","messageTitle":"Fix checkstyle errors","messageBody":"","fileTypesAndContributionMap":{"test-code":{"insertions":2,"deletions":1}}}]},{"date":"2022-03-19","commitResults":[{"hash":"bd4f77e117e6369bb455f5b0e3eca0ce58cba845","messageTitle":"Implement find meeting entry functionality","messageBody":"","fileTypesAndContributionMap":{"functional-code":{"insertions":84,"deletions":1}}}]},{"date":"2022-03-20","commitResults":[{"hash":"15047941f0f76ae3ab1565bfa596dd4e0da02977","messageTitle":"Add and refactor find command and parser test","messageBody":"","fileTypesAndContributionMap":{"test-code":{"insertions":38,"deletions":36}}}]},{"date":"2022-03-21","commitResults":[{"hash":"e760f5c021f8e412199bbb9ea4eb37242de26661","messageTitle":"Fix grammar","messageBody":"","fileTypesAndContributionMap":{"functional-code":{"insertions":1,"deletions":1}}},{"hash":"214db8732f06ec87ede0caa55bb211b5ad9efd8b","messageTitle":"Fix merge errors","messageBody":"","fileTypesAndContributionMap":{"test-code":{"insertions":5,"deletions":2}}},{"hash":"2d08ea3fa6bdff080ddc2c588b7e65deb03e8e8f","messageTitle":"Update UserGuide to include Find command","messageBody":"","fileTypesAndContributionMap":{"docs":{"insertions":16,"deletions":2}}}]},{"date":"2022-03-22","commitResults":[{"hash":"4308eef9b322e1a75baea76dcd68f22da6bcf826","messageTitle":"Change find command implementation","messageBody":"","fileTypesAndContributionMap":{"functional-code":{"insertions":67,"deletions":13}}},{"hash":"cef35cffec5114069c256d72a7233ae982486eba","messageTitle":"Update test cases","messageBody":"","fileTypesAndContributionMap":{"test-code":{"insertions":63,"deletions":28}}}]}],"xMashedxTomatox":[{"date":"2022-02-24","commitResults":[{"hash":"d05a8c9cbbba73221d26bda205d90747d9a8e962","messageTitle":"Add Chen Xiang\u0027s profile in AboutUs","messageBody":"Added information on Chen Xiang\u0027s responsibilities, portfolio and picture in AboutUs.md.","fileTypesAndContributionMap":{"docs":{"insertions":10,"deletions":0}}},{"hash":"20fd1c624bca5873bd308d42bfedea64dc843417","messageTitle":"Update Chen Xiang\u0027s profile in About us","messageBody":"Incorrect portfolio information in Chen Xiang\u0027s section of About us.\n\nUpdated and linked the accurate portfolio information.","fileTypesAndContributionMap":{"docs":{"insertions":1,"deletions":1}}},{"hash":"e6a6047c40bedad8acbb60a7e3cabdbd66244526","messageTitle":"Add Chen Xiang\u0027s ppp-skeleton","messageBody":"Added Chen Xiang\u0027s ppp-skeleton for documentation.","fileTypesAndContributionMap":{"docs":{"insertions":45,"deletions":0}}},{"hash":"e6b0c708302d083dda1a71025b04a5c1ada22c62","messageTitle":"Update ppp-skeleton file name","messageBody":"File name of Chen Xiang\u0027s ppp does not adhere to the naming convention of the project.\n\nUpdating the file name to github_username.md which adheres to the naming convention.","fileTypesAndContributionMap":{"docs":{"insertions":0,"deletions":0}}},{"hash":"ef9c5e6abfb1702aae6697050d81e5d7b011d91a","messageTitle":"Update Chen Xiang\u0027s aboutus filename links","messageBody":"File name of Chen Xiang\u0027s image and ppp link does not adhere to the naming convention of the project.\n\nUpdating the file name of the image and the links to the naming convention of the project.\n","fileTypesAndContributionMap":{"docs":{"insertions":2,"deletions":2}}},{"hash":"df542bdf6c79f8757c7f059cac1557696c176eb7","messageTitle":"Update list command section in UG","messageBody":"Documentation on LinkyTime\u0027s list command was outdated and requires updating.\n\nUpdating documentation to the latest intended implementation.","fileTypesAndContributionMap":{"docs":{"insertions":6,"deletions":1}}}]},{"date":"2022-02-25","commitResults":[{"hash":"fa010db0fa69de7848982cfe261454376bb541ca","messageTitle":"Update list command docs to be in line with glossary","messageBody":"Some keywords mentioned in the added list command docs is not in line with the glossary.\n\nUpdating all the inconsistencies found to be consistent with glossary.","fileTypesAndContributionMap":{"docs":{"insertions":2,"deletions":2}}}]},{"date":"2022-03-12","commitResults":[{"hash":"3b4f9e626670682ccdb4f79090a64afad83a679b","messageTitle":"Add list command","messageBody":"","fileTypesAndContributionMap":{"functional-code":{"insertions":39,"deletions":10}}},{"hash":"f9ebdafc0dba7cb47dfe9085cf17e07c34ca71bd","messageTitle":"Updated UI link to backend model","messageBody":"Added MeetingEntryCard and MeetingEntryListPanel and respective FXML files to replace existing UI model. \n\nUpdated MainWindow to make use of the new ui model.","fileTypesAndContributionMap":{"functional-code":{"insertions":168,"deletions":10}}},{"hash":"01899b0f89533e9fa8a1236ef148c9f709817ef7","messageTitle":"Fix checkstyle errors","messageBody":"","fileTypesAndContributionMap":{"functional-code":{"insertions":22,"deletions":19},"test-code":{"insertions":1,"deletions":1}}},{"hash":"d27cfbee6e2e08fb5a33538f5b9da79889b06fd9","messageTitle":"Fixed minor naming errors","messageBody":"","fileTypesAndContributionMap":{"functional-code":{"insertions":5,"deletions":5}}},{"hash":"dad9c054a1ed629c54581f05ee485be41201b9ce","messageTitle":"Remove legacy dependencies","messageBody":"Removed Logic and LogicManager classes dependencies to addressbook logic.","fileTypesAndContributionMap":{"functional-code":{"insertions":5,"deletions":20},"test-code":{"insertions":31,"deletions":40}}},{"hash":"b6b8b7c8982a4b4814cb67e76bedc36f7156fa30","messageTitle":"Update missing final statements","messageBody":"","fileTypesAndContributionMap":{"functional-code":{"insertions":10,"deletions":10},"test-code":{"insertions":4,"deletions":0}}}]},{"date":"2022-03-14","commitResults":[{"hash":"1c09c7a441429ec5d5948fcf17632d94604bd205","messageTitle":"Update unit and integration tests for list command","messageBody":"","fileTypesAndContributionMap":{"test-code":{"insertions":7,"deletions":7}}}]},{"date":"2022-03-19","commitResults":[{"hash":"f70ce39f8b2d7c020c991b9c43b26b9d615cd72d","messageTitle":"Separated all linkytime and addressbook functionality","messageBody":"","fileTypesAndContributionMap":{"functional-code":{"insertions":416,"deletions":1680},"docs":{"insertions":2,"deletions":2},"test-code":{"insertions":2096,"deletions":2299}}},{"hash":"3ec1f00be2f0bbbec5adba9b96f118400d11015a","messageTitle":"Resolve merge conflicts","messageBody":"","fileTypesAndContributionMap":{"functional-code":{"insertions":559,"deletions":644},"docs":{"insertions":2,"deletions":2},"test-code":{"insertions":14,"deletions":56}}},{"hash":"1f701c858e2a18bb793d0aefd532b86516108b41","messageTitle":"Fixing EOF newlines","messageBody":"","fileTypesAndContributionMap":{"docs":{"insertions":11,"deletions":12}}},{"hash":"6d3e67bfe7ef65e39d3f8764f015fbc4e9a852e6","messageTitle":"Made changes according to PR review and removed some additional files","messageBody":"","fileTypesAndContributionMap":{"functional-code":{"insertions":12,"deletions":570},"test-code":{"insertions":2,"deletions":2}}},{"hash":"88cce56439e10cac4915fe4c680fdfbbd8e747e6","messageTitle":"Replaced obselete misspelling with obsolete","messageBody":"","fileTypesAndContributionMap":{"other":{"insertions":0,"deletions":0},"docs":{"insertions":2,"deletions":2}}}]},{"date":"2022-03-20","commitResults":[{"hash":"1c1a1b85d6cb13b8622d8df629a76572c62f3f6f","messageTitle":"Integrated additional test cases and resolved issues according to PR","messageBody":"","fileTypesAndContributionMap":{"functional-code":{"insertions":34,"deletions":13},"docs":{"insertions":2,"deletions":2},"test-code":{"insertions":308,"deletions":62}}},{"hash":"2a21c4d110bc5cfb27c4cebc3ddee434f8e0bd27","messageTitle":"Made changes according to PR","messageBody":"","fileTypesAndContributionMap":{"test-code":{"insertions":4,"deletions":2}}},{"hash":"2f6f41eb064eda25a75253ba597c3e99d5672647","messageTitle":"Fix CheckStyle issues","messageBody":"","fileTypesAndContributionMap":{"test-code":{"insertions":0,"deletions":1}}},{"hash":"f91d4a49503baca9c718910afe1d34b21c98446a","messageTitle":"Fix paths verification to work across different OS","messageBody":"","fileTypesAndContributionMap":{"functional-code":{"insertions":1,"deletions":1}}},{"hash":"323b9fd83dc4f525da8e5868c66e02c0d4b39d5a","messageTitle":"Fix JsonUserPrefsStorage to work across OS","messageBody":"","fileTypesAndContributionMap":{"functional-code":{"insertions":11,"deletions":2}}},{"hash":"c3376266af2c0259efc5924ef2d7e31fdef6f321","messageTitle":"Updated the serialization of UserPrefs to work across different OS","messageBody":"","fileTypesAndContributionMap":{"functional-code":{"insertions":77,"deletions":22},"test-code":{"insertions":8,"deletions":7}}}]},{"date":"2022-03-21","commitResults":[{"hash":"c834bc411421015ab5f6757123644cdb96e3d12c","messageTitle":"Fix minor issues mentioned in PR","messageBody":"","fileTypesAndContributionMap":{"functional-code":{"insertions":21,"deletions":13},"docs":{"insertions":1,"deletions":1},"test-code":{"insertions":7,"deletions":7}}}]},{"date":"2022-03-22","commitResults":[{"hash":"8ffc066ef9a0febda2bbe211d24920d2810b0fe9","messageTitle":"Add implementation details for list command in DG","messageBody":"","fileTypesAndContributionMap":{"docs":{"insertions":78,"deletions":70}}},{"hash":"053ee87bafd2f9f6da94c931684f286c2457fb35","messageTitle":"Replace all instances of meetingEntry(s) with meeting(s)","messageBody":"","fileTypesAndContributionMap":{"functional-code":{"insertions":367,"deletions":367},"other":{"insertions":137,"deletions":137},"docs":{"insertions":81,"deletions":81},"test-code":{"insertions":366,"deletions":366}}},{"hash":"10b61b4e11d98ff466648cd79906a03b8bccbbb0","messageTitle":"Bugfix test cases for legacy implementation removal","messageBody":"","fileTypesAndContributionMap":{"functional-code":{"insertions":2,"deletions":45},"test-code":{"insertions":8,"deletions":8}}},{"hash":"8d63f78c3979056128e4b667669759cef63f2d4b","messageTitle":"Fix checkstyle issues","messageBody":"","fileTypesAndContributionMap":{"functional-code":{"insertions":1,"deletions":1}}},{"hash":"a46c7cef07cddf30b910f7c33ba2734b320b697f","messageTitle":"Update all Commands for meetings to MeetingCommands","messageBody":"","fileTypesAndContributionMap":{"functional-code":{"insertions":13,"deletions":11},"other":{"insertions":116,"deletions":116},"docs":{"insertions":14,"deletions":34},"test-code":{"insertions":53,"deletions":53}}},{"hash":"56ae4ceae80b9a4f45398a44df5b98378c33410c","messageTitle":"Fixed checkstyle","messageBody":"","fileTypesAndContributionMap":{"test-code":{"insertions":4,"deletions":4}}},{"hash":"bd8ae9dbeb4976b247232e01d35e8d243ee80664","messageTitle":"Remove clear command from meetings","messageBody":"","fileTypesAndContributionMap":{"functional-code":{"insertions":3,"deletions":3},"other":{"insertions":6,"deletions":8},"test-code":{"insertions":7,"deletions":7}}},{"hash":"824964e8e219d54911a30420471e9506785a746b","messageTitle":"Bugfix typos according to PR review","messageBody":"","fileTypesAndContributionMap":{"functional-code":{"insertions":7,"deletions":7},"other":{"insertions":1,"deletions":1},"docs":{"insertions":3,"deletions":3},"test-code":{"insertions":22,"deletions":20}}},{"hash":"1e74a3ec5802b70202a6d945cae25ef192520755","messageTitle":"Bugfix typos according to PR review","messageBody":"","fileTypesAndContributionMap":{"functional-code":{"insertions":1,"deletions":1},"test-code":{"insertions":4,"deletions":4}}},{"hash":"f4753ab8bd8fe8a8deff61e5b3ee91bc904ad1b3","messageTitle":"Update DG and diagram names to the updated version","messageBody":"","fileTypesAndContributionMap":{"docs":{"insertions":25,"deletions":25}}}]},{"date":"2022-03-23","commitResults":[{"hash":"9a9b8cc90caa1be0ef17f2e3c82d65ec399feb6a","messageTitle":"Update DG according to PR reviews","messageBody":"","fileTypesAndContributionMap":{"docs":{"insertions":8,"deletions":8}}}]}],"Gnoznaug":[{"date":"2022-02-23","commitResults":[{"hash":"40118f141dcf1df96aaba85cfb25b154a32e7a43","messageTitle":"Fix developer guide use case indentation","messageBody":"","fileTypesAndContributionMap":{"docs":{"insertions":12,"deletions":12}}},{"hash":"9fa1e0aa9f215fa2f14ae956be42d45e787cd03b","messageTitle":"Fix more indentations","messageBody":"","fileTypesAndContributionMap":{"docs":{"insertions":31,"deletions":31}}},{"hash":"aa20ed280955fa1397a816052ee4a1accfced534","messageTitle":"Fix indentation of \u0027Use case ends\u0027 to 4 spaces","messageBody":"","fileTypesAndContributionMap":{"docs":{"insertions":8,"deletions":8}}},{"hash":"ae6620500b109742ec358ae8bc2d8fa82c39450c","messageTitle":"Add GuanZong ppp skeleton","messageBody":"","fileTypesAndContributionMap":{"docs":{"insertions":45,"deletions":0}}}]},{"date":"2022-02-24","commitResults":[{"hash":"b96dfe43e49c05abe808902517a9c86020c16326","messageTitle":"Add Guanzong\u0027s profile in AboutUs","messageBody":"","fileTypesAndContributionMap":{"docs":{"insertions":5,"deletions":5}}},{"hash":"9ba62b0bb77f51c637f4cda6834eb3d7a37f0f2f","messageTitle":"Fix portfolio link for guanzong","messageBody":"","fileTypesAndContributionMap":{"docs":{"insertions":1,"deletions":1}}},{"hash":"c7c4fa3c3df52f90a79fb7643e3f1633c30c1a4c","messageTitle":"Fix order of names in aboutus","messageBody":"","fileTypesAndContributionMap":{"docs":{"insertions":10,"deletions":10}}}]},{"date":"2022-02-26","commitResults":[{"hash":"c4bdf45013cb6d46fa707f300bc28371cc2dda43","messageTitle":"Update command table for user guide","messageBody":"","fileTypesAndContributionMap":{"docs":{"insertions":6,"deletions":5}}},{"hash":"5248673f40ccfba71a33aa17d612c7cc0f489850","messageTitle":"Add Sort and Open to command table","messageBody":"","fileTypesAndContributionMap":{"docs":{"insertions":2,"deletions":0}}},{"hash":"60aaa76c9ab030971352797825a19c6461605f72","messageTitle":"Add newline at EOF","messageBody":"","fileTypesAndContributionMap":{"docs":{"insertions":1,"deletions":1}}}]},{"date":"2022-03-12","commitResults":[{"hash":"d2a1a1bcda986f8f23c41515c385c05a480444bb","messageTitle":"Implement command for adding meeting entry","messageBody":"","fileTypesAndContributionMap":{"functional-code":{"insertions":138,"deletions":2}}},{"hash":"bb0ef446457b08d73bc0f1973d15d1ac0da3accf","messageTitle":"Refactor test cases regarding AddCommand","messageBody":"","fileTypesAndContributionMap":{"test-code":{"insertions":423,"deletions":137}}},{"hash":"c60a6981db1fa2dd94a534f0588bd272bf082be3","messageTitle":"Fix naming convention and remove deprecated test cases","messageBody":"","fileTypesAndContributionMap":{"functional-code":{"insertions":3,"deletions":3},"test-code":{"insertions":8,"deletions":28}}},{"hash":"5430b7f8c8e60c4f9b063424a52ce0c354fae97c","messageTitle":"Fix more naming, spelling and add final modifier","messageBody":"","fileTypesAndContributionMap":{"functional-code":{"insertions":9,"deletions":8},"test-code":{"insertions":33,"deletions":31}}},{"hash":"e27d1224dcac1caf764b6165328e3923d719279b","messageTitle":"Fix checkstyle errors","messageBody":"","fileTypesAndContributionMap":{"functional-code":{"insertions":2,"deletions":1}}}]},{"date":"2022-03-13","commitResults":[{"hash":"869bb52900dfaf7c185919138992d77cb5b6e3ac","messageTitle":"Fix further naming convention and styling","messageBody":"","fileTypesAndContributionMap":{"functional-code":{"insertions":2,"deletions":5},"test-code":{"insertions":11,"deletions":13}}},{"hash":"e20bd8064f3d23a06f7ef6af827969d7f548879f","messageTitle":"Fix checkstyle and testcase","messageBody":"","fileTypesAndContributionMap":{"test-code":{"insertions":3,"deletions":4}}}]},{"date":"2022-03-14","commitResults":[{"hash":"e5606d014311540b08a77190d058f78520a22a6f","messageTitle":"Fix add command feedback","messageBody":"","fileTypesAndContributionMap":{"functional-code":{"insertions":1,"deletions":1}}},{"hash":"2a7d12d93af878266ff7b3ad8d75e226ba8887ce","messageTitle":"Fix add command feedback for url","messageBody":"","fileTypesAndContributionMap":{"functional-code":{"insertions":1,"deletions":1}}},{"hash":"e02e7cfc9decb9eb51700076f3a7163ae6edb8fc","messageTitle":"Fix naming convention to add underscores","messageBody":"","fileTypesAndContributionMap":{"functional-code":{"insertions":2,"deletions":2}}},{"hash":"1b7e3c90bca7189dc4fdfa7a3b97708dc2d8adaf","messageTitle":"Update user guide to reflect add meeting entry format","messageBody":"","fileTypesAndContributionMap":{"docs":{"insertions":12,"deletions":9}}},{"hash":"b61132fd541cb91fca90e8eb1b542c885eac6ee3","messageTitle":"Fix oversight on command table command format","messageBody":"","fileTypesAndContributionMap":{"docs":{"insertions":1,"deletions":1}}},{"hash":"c8773d9595049fffaeb8e87ec4c7cb2adb0d4520","messageTitle":"Change LINK to URL to follow code base naming convention","messageBody":"","fileTypesAndContributionMap":{"docs":{"insertions":7,"deletions":7}}},{"hash":"182bd256cc6c36555496bf45011b1f69911ca97b","messageTitle":"Fix usage feedback to show URL instead of LINK to follow UG","messageBody":"","fileTypesAndContributionMap":{"functional-code":{"insertions":1,"deletions":1}}},{"hash":"f28d408e123b82ce3ae16ffa92e8cbe8a0c2bb2b","messageTitle":"Fix sentence phrasing for clarity","messageBody":"","fileTypesAndContributionMap":{"docs":{"insertions":1,"deletions":1}}}]},{"date":"2022-03-15","commitResults":[{"hash":"d1e4d06dbd0ff430821c37e6582430f84a2fe1db","messageTitle":"Implement meeting duration","messageBody":"","fileTypesAndContributionMap":{"functional-code":{"insertions":133,"deletions":6},"test-code":{"insertions":63,"deletions":29}}},{"hash":"ef78ef76a3e93d2798d33cbde8d4cde6b87bc746","messageTitle":"Fix typo and include decimal for better testing","messageBody":"","fileTypesAndContributionMap":{"functional-code":{"insertions":1,"deletions":1},"test-code":{"insertions":2,"deletions":2}}}]},{"date":"2022-03-16","commitResults":[{"hash":"ecc0d46a7ae45551f74b77380f10624c7e9f635e","messageTitle":"Fix typos, formatting and naming","messageBody":"","fileTypesAndContributionMap":{"functional-code":{"insertions":13,"deletions":20},"test-code":{"insertions":1,"deletions":1}}},{"hash":"b64a7e9c59780181ea940367bd9234fde816a4d8","messageTitle":"Fix checkstyle","messageBody":"","fileTypesAndContributionMap":{"functional-code":{"insertions":1,"deletions":2}}},{"hash":"b2e7f335a9426a74a434a4b6785556682958db14","messageTitle":"Fix javadoc comment","messageBody":"","fileTypesAndContributionMap":{"functional-code":{"insertions":1,"deletions":1}}}]},{"date":"2022-03-19","commitResults":[{"hash":"eb9b380f44afc4b560baa3ad34c68c21053ef5ec","messageTitle":"Fix naming convention","messageBody":"","fileTypesAndContributionMap":{"functional-code":{"insertions":4,"deletions":4}}}]},{"date":"2022-03-20","commitResults":[{"hash":"4746e2811f45c39babee7954585b7ce2ac188446","messageTitle":"Fix comment spacing","messageBody":"","fileTypesAndContributionMap":{"test-code":{"insertions":2,"deletions":2}}}]},{"date":"2022-03-21","commitResults":[{"hash":"f4920d92b386e18056e5e680d7c45c2c4971c887","messageTitle":"UML diagram for add sequence","messageBody":"","fileTypesAndContributionMap":{"docs":{"insertions":69,"deletions":0}}},{"hash":"647f49b7c72eb2b1b739332ee34626c515053d8c","messageTitle":"Fix testcases that broke due to merging","messageBody":"","fileTypesAndContributionMap":{"test-code":{"insertions":4,"deletions":1}}},{"hash":"2199601b4f308345adf9a33f79f6d9deda84a066","messageTitle":"Update DG with add meeting implementation details","messageBody":"","fileTypesAndContributionMap":{"docs":{"insertions":28,"deletions":64}}}]},{"date":"2022-03-22","commitResults":[{"hash":"b62e42f8b0fe42511e19835cee1b71d322c6c6a3","messageTitle":"Fix typo","messageBody":"","fileTypesAndContributionMap":{"docs":{"insertions":1,"deletions":1}}},{"hash":"965fcca3ea964dc6dc31ab8aec5f148a65490f85","messageTitle":"Fix issues raised in PR review","messageBody":"","fileTypesAndContributionMap":{"docs":{"insertions":43,"deletions":44}}}]},{"date":"2022-03-23","commitResults":[{"hash":"c6f38a9a7533ec9847b7d2ec50a843ceb6968088","messageTitle":"Fix method names","messageBody":"","fileTypesAndContributionMap":{"docs":{"insertions":4,"deletions":4}}},{"hash":"6653c3cd26a9a6a5f4b9ccc46e2155165c4d1b3b","messageTitle":"Fix self-invocation in sequence diagram","messageBody":"","fileTypesAndContributionMap":{"docs":{"insertions":5,"deletions":0}}}]}]},"authorFileTypeContributionMap":{"NatalieTanML":{"docs":192,"functional-code":1134,"test-code":329,"other":6},"chuabingquan":{"docs":166,"functional-code":619,"test-code":19,"other":1},"justinekoh":{"docs":39,"functional-code":167,"test-code":98},"xMashedxTomatox":{"docs":201,"functional-code":1093,"test-code":2695},"Gnoznaug":{"docs":163,"functional-code":195,"test-code":170}},"authorContributionVariance":{"NatalieTanML":78313.484,"chuabingquan":36625.746,"justinekoh":7252.8857,"xMashedxTomatox":2108154.8,"Gnoznaug":20667.504},"authorDisplayNameMap":{"NatalieTanML":"CS2103T-T13-3 TAN ..ALIE","chuabingquan":"CS2103T-T13-3 CHUA..QUAN","justinekoh":"CS2103T-T13-3 JUST.. TAI","xMashedxTomatox":"CS2103T-T13-3 TAN ..IANG","Gnoznaug":"CS2103T-T13-3 ZHOU..ZONG"}}
