{"authorDailyContributionsMap":{"xSaints19x":[{"date":"2022-03-01","commitResults":[{"hash":"d98d1769434614eaef14245180d5ce319e05be9a","messageTitle":"Add skeletal PPP and NFR to developer guide","messageBody":"","fileTypesAndContributionMap":{"docs":{"insertions":55,"deletions":3}}},{"hash":"22589f314fc9854809dd3ba83503639dda29641c","messageTitle":"Standardise terms used for entries to be \"contacts\"","messageBody":"","fileTypesAndContributionMap":{"docs":{"insertions":2,"deletions":2}}},{"hash":"188d117022d00158731124f576facf829508ca75","messageTitle":"Change the system requirement from \"respond\" to \"boot up\"","messageBody":"","fileTypesAndContributionMap":{"docs":{"insertions":1,"deletions":1}}},{"hash":"0e29b377d59e0c2637005d3123f159773edcffaa","messageTitle":"Standardise the word to refer to our product as \"system\" in the NFR","messageBody":"","fileTypesAndContributionMap":{"docs":{"insertions":2,"deletions":2}}}]},{"date":"2022-03-02","commitResults":[{"hash":"b6888a8f1557df55c746dd01e6c6c307fe545649","messageTitle":"Edit the add description on the userguide","messageBody":"","fileTypesAndContributionMap":{"docs":{"insertions":8,"deletions":6}}},{"hash":"63b81fec9e3fc370615ab33f86761b70c6acf386","messageTitle":"Made minor edits to the userguide","messageBody":"","fileTypesAndContributionMap":{"docs":{"insertions":14,"deletions":14}}}]},{"date":"2022-03-09","commitResults":[{"hash":"87f5c0f03612488f87047dbc1b7072be26ddda1a","messageTitle":"Modify the code to be able to accept address as an optional field and make minor touch-ups to the user guide and the add command example","messageBody":"","fileTypesAndContributionMap":{"functional-code":{"insertions":15,"deletions":8},"docs":{"insertions":4,"deletions":4}}}]},{"date":"2022-03-15","commitResults":[{"hash":"307f5e1b673c2f1781ac16741c0737431d99bb63","messageTitle":"Add tests to make sure contact can be successfully added without the optional fields","messageBody":"","fileTypesAndContributionMap":{"test-code":{"insertions":17,"deletions":2}}},{"hash":"bfcfd1ae360bd3c75cf5c69955c99b7c482f8660","messageTitle":"Fix minor checkstyle issue in test","messageBody":"","fileTypesAndContributionMap":{"test-code":{"insertions":2,"deletions":1}}},{"hash":"0871df6c801de59b744358142b0d0ca4166c5a67","messageTitle":"Replace magic literal in AddCommandParserTest.java with a variable","messageBody":"","fileTypesAndContributionMap":{"test-code":{"insertions":3,"deletions":2}}}]}],"weijuey":[{"date":"2022-02-22","commitResults":[{"hash":"00ac47930df2c875bfb4ac2e3dfcb040ef258b14","messageTitle":"Add non-functional skeleton of NoteCommand","messageBody":"","fileTypesAndContributionMap":{"functional-code":{"insertions":63,"deletions":0}}},{"hash":"318d642e1e7d27aee15bfc885300bb52bc5a33c4","messageTitle":"Update parsers to be able to recognise and parse a note command","messageBody":"","fileTypesAndContributionMap":{"functional-code":{"insertions":33,"deletions":1}}},{"hash":"d825cb8b3dba773cbdb0a37140256da49049c7a2","messageTitle":"Update note to be a Note object rather than a String","messageBody":"","fileTypesAndContributionMap":{"functional-code":{"insertions":58,"deletions":3}}},{"hash":"60e91c147fe9009abd6232fb2e04847ac3354793","messageTitle":"Add note to PersonCard display in GUI","messageBody":"","fileTypesAndContributionMap":{"functional-code":{"insertions":3,"deletions":0}}},{"hash":"3d11d4eaceb0faea61421baa63c1a4c24cd06839","messageTitle":"Update usages of Person to include addition of Note field","messageBody":"","fileTypesAndContributionMap":{"functional-code":{"insertions":32,"deletions":12},"test-code":{"insertions":14,"deletions":1}}},{"hash":"0d24c010d4ac2ab856cc24eeac96813395c4c0aa","messageTitle":"Remove need to check for valid note for now, and update JsonAdaptedPersonTest to include the note field","messageBody":"","fileTypesAndContributionMap":{"functional-code":{"insertions":6,"deletions":4},"test-code":{"insertions":11,"deletions":9}}},{"hash":"b67bb0e6090169025cde7bafc9a24c1845ec08dd","messageTitle":"Implement note to be displayable and create test for NoteCommand","messageBody":"","fileTypesAndContributionMap":{"functional-code":{"insertions":27,"deletions":7},"test-code":{"insertions":36,"deletions":0}}},{"hash":"a6a3778205920a7306b299b03d2adbbea2cc0edc","messageTitle":"Fix checkstyle violations","messageBody":"","fileTypesAndContributionMap":{"functional-code":{"insertions":19,"deletions":9},"test-code":{"insertions":0,"deletions":1}}}]},{"date":"2022-03-01","commitResults":[{"hash":"644693ba68a1f3ebff8608a8931afa0acfe7fcad","messageTitle":"Update target user profile, value proposition and user stories in Developer Guide","messageBody":"","fileTypesAndContributionMap":{"docs":{"insertions":25,"deletions":12}}},{"hash":"677ebabbda8d451fb78e43d822ee985cf4750b17","messageTitle":"Standardise use of the term \"contact\" to describe an entry in address book for user stories","messageBody":"","fileTypesAndContributionMap":{"docs":{"insertions":5,"deletions":5}}},{"hash":"2bb26d814b47c16bf454023d1b49a6aebbc59012","messageTitle":"Update existing use cases and create use case for adding labels","messageBody":"","fileTypesAndContributionMap":{"docs":{"insertions":48,"deletions":6}}},{"hash":"43eb00e2c3c5d5097d530895b0dc30f9d09304e3","messageTitle":"Add use cases for filtering contacts based on labels and adding notes to a contact","messageBody":"","fileTypesAndContributionMap":{"docs":{"insertions":34,"deletions":2}}},{"hash":"e154e4dbaf59f447ec8f5a9ece0f7246ddf2dbee","messageTitle":"Add use cases for adding a note to a contact and adding a deadline to a contact","messageBody":"","fileTypesAndContributionMap":{"docs":{"insertions":23,"deletions":1}}},{"hash":"b1d67300707210837fc0bf9ef99bd5820f10e471","messageTitle":"Standardise user cases format and add ambiguous terms used in user stories to glossary","messageBody":"","fileTypesAndContributionMap":{"docs":{"insertions":49,"deletions":26}}},{"hash":"024ac0a5e8e7cb274346fd644340ce820fbffa37","messageTitle":"Correct mistakes in extensions of use cases","messageBody":"","fileTypesAndContributionMap":{"docs":{"insertions":8,"deletions":8}}}]},{"date":"2022-03-02","commitResults":[{"hash":"8e7d4709bfd1a2d65afa5a406119fec45711bdf1","messageTitle":"Implement suggestions to extension 1a for UC05","messageBody":"","fileTypesAndContributionMap":{"docs":{"insertions":5,"deletions":7}}},{"hash":"3f87c2c5955f3cbca5516c4022fa8349e704e9cd","messageTitle":"Add weijuey\u0027s PPP file and correct PPP file names","messageBody":"","fileTypesAndContributionMap":{"docs":{"insertions":47,"deletions":0}}},{"hash":"12c3d60198ea1f4ac27ecc8236ebec545322cf27","messageTitle":"Add note command to user guide and fix a few formatting issues","messageBody":"","fileTypesAndContributionMap":{"docs":{"insertions":20,"deletions":2}}}]},{"date":"2022-03-07","commitResults":[{"hash":"d846531a315397555becfac6e253565e0c587625","messageTitle":"Update NoteCommand messages","messageBody":"","fileTypesAndContributionMap":{"functional-code":{"insertions":6,"deletions":7}}},{"hash":"4065c44e876ffef14719c610540223f8738087a8","messageTitle":"Update Note class to Notes class to support multiple notes","messageBody":"","fileTypesAndContributionMap":{"functional-code":{"insertions":71,"deletions":51}}}]},{"date":"2022-03-09","commitResults":[{"hash":"efc283f92bd2e9bae7b62da3672f586970023819","messageTitle":"Adapt previous implementation of note command and its parser to match planned implementation","messageBody":"","fileTypesAndContributionMap":{"functional-code":{"insertions":30,"deletions":34}}},{"hash":"50f5011c92a07db16cbdf066cf1ef22ee3bb49f9","messageTitle":"Add restriction to note command so that empty strings are not added","messageBody":"","fileTypesAndContributionMap":{"functional-code":{"insertions":23,"deletions":6}}},{"hash":"a2b8f06447267ae70014718e704bf5b804ba7355","messageTitle":"Update JsonAdapted Person and other classes to correctly use notes","messageBody":"","fileTypesAndContributionMap":{"functional-code":{"insertions":21,"deletions":24},"test-code":{"insertions":38,"deletions":24}}},{"hash":"054956f93b82223625fb02a89c1a313af20f30ef","messageTitle":"Add message for no changes to notes and fix usages of Notes","messageBody":"","fileTypesAndContributionMap":{"functional-code":{"insertions":10,"deletions":10}}},{"hash":"94ff3d7730a5fe8ff2c75a9cc2cbc47834e2ea4b","messageTitle":"Add notes display to UI and fix bug with note command","messageBody":"","fileTypesAndContributionMap":{"functional-code":{"insertions":15,"deletions":6}}}]},{"date":"2022-03-10","commitResults":[{"hash":"d0504ede7edae3886e03677ff7add439e5811de4","messageTitle":"Update AddCommandParserTest.java","messageBody":"Remove missing address from compulsory field test\n","fileTypesAndContributionMap":{"test-code":{"insertions":0,"deletions":4}}}]},{"date":"2022-03-13","commitResults":[{"hash":"d4463c266688a482bd4fc86bf5e2a47f0ea257c6","messageTitle":"Update note command tests","messageBody":"","fileTypesAndContributionMap":{"functional-code":{"insertions":1,"deletions":1},"test-code":{"insertions":18,"deletions":4}}},{"hash":"8061a8d1e6dfda52ed17047acde8970a9c9b596c","messageTitle":"Update Person constructors to use Notes","messageBody":"","fileTypesAndContributionMap":{"functional-code":{"insertions":5,"deletions":3}}},{"hash":"333f723a35cbe0abd6e8c25b632b0989a3eb3d82","messageTitle":"Fix NoteCommandTest modifying TypicalPersons and notes\u0027 position in UI","messageBody":"","fileTypesAndContributionMap":{"functional-code":{"insertions":12,"deletions":16},"test-code":{"insertions":19,"deletions":31}}},{"hash":"4436e43d8d9ebcaf4baa2ec66fde398aa4acc37d","messageTitle":"Fix checkstyle violations and add javadocs to Notes\u0027 public methods","messageBody":"","fileTypesAndContributionMap":{"functional-code":{"insertions":18,"deletions":0},"test-code":{"insertions":8,"deletions":9}}},{"hash":"e6334e30272d1fcfe8a9f848314170b38bd01ff6","messageTitle":"Update User Guide to match current note command implementation","messageBody":"","fileTypesAndContributionMap":{"docs":{"insertions":16,"deletions":24}}}]},{"date":"2022-03-14","commitResults":[{"hash":"5da46702b6052464cf66099e2141e37ed5c1585b","messageTitle":"Change notecommand to create a new Person object","messageBody":"","fileTypesAndContributionMap":{"functional-code":{"insertions":11,"deletions":2},"test-code":{"insertions":6,"deletions":4}}},{"hash":"e195c5f89a5c595875d0e15e7e4cefd512f75148","messageTitle":"Add javadoc to updateNotes in NoteCommand","messageBody":"","fileTypesAndContributionMap":{"functional-code":{"insertions":6,"deletions":0}}},{"hash":"e5686df14d6e5d4582003636b0556ec5e4db73e5","messageTitle":"Fix import statements order","messageBody":"","fileTypesAndContributionMap":{"test-code":{"insertions":2,"deletions":2}}}]}],"takufunkai":[{"date":"2022-03-01","commitResults":[{"hash":"e0b39d307026bb1dd2bb5742a9d9c9d72259075d","messageTitle":"Update readme","messageBody":"","fileTypesAndContributionMap":{"docs":{"insertions":22,"deletions":12}}},{"hash":"d82cd34f7a75eb96c399c04f8741b7ac92bc547d","messageTitle":"Add ezekiel\u0027s portfolio","messageBody":"","fileTypesAndContributionMap":{"docs":{"insertions":47,"deletions":0}}},{"hash":"091f2a2ebfbb3b86dc33d54e4c1a232fce3d920c","messageTitle":"Update sample portfolio to reflect our team details","messageBody":"","fileTypesAndContributionMap":{"docs":{"insertions":3,"deletions":2}}},{"hash":"99fd79ebee95bbdb78224bdf938cf4578ce1e178","messageTitle":"Fix line separator issue","messageBody":"","fileTypesAndContributionMap":{"docs":{"insertions":47,"deletions":47}}},{"hash":"4cfaaeb94334d46ac3744a0e098e93b69d8c8731","messageTitle":"Add favourites feature and update description to fit project","messageBody":"","fileTypesAndContributionMap":{"docs":{"insertions":34,"deletions":12}}}]},{"date":"2022-03-02","commitResults":[{"hash":"2ce847f3697f2f18ce84935a0e22d45d2dddfa4c","messageTitle":"Fix typos and add favourites to table of commands","messageBody":"","fileTypesAndContributionMap":{"docs":{"insertions":3,"deletions":2}}}]},{"date":"2022-03-03","commitResults":[{"hash":"9f2ad690c17f3741c32b1bc2ca514e851a8a00cc","messageTitle":"Standardize UG","messageBody":"","fileTypesAndContributionMap":{"docs":{"insertions":30,"deletions":31}}},{"hash":"5ead106f287e0c417c53a519e74979112a6c04a1","messageTitle":"Fix capitalization typo","messageBody":"","fileTypesAndContributionMap":{"docs":{"insertions":1,"deletions":1}}}]},{"date":"2022-03-07","commitResults":[{"hash":"7cdee08576b08235406f34d19e088206f3016106","messageTitle":"Add favourites to model and view","messageBody":"","fileTypesAndContributionMap":{"functional-code":{"insertions":124,"deletions":9}}},{"hash":"09b6cbf8a695498db793f0fac8828c94ac7db60b","messageTitle":"Add favourite to storage","messageBody":"","fileTypesAndContributionMap":{"functional-code":{"insertions":62,"deletions":16},"test-code":{"insertions":32,"deletions":10}}},{"hash":"b28ab5022de6aa2a86316e87590e31bcf8aa3ec6","messageTitle":"Finalize favourite functionality","messageBody":"","fileTypesAndContributionMap":{"functional-code":{"insertions":58,"deletions":9}}},{"hash":"1554810ef3b3f2ea4596bfff679595a9106e028f","messageTitle":"Add favbox ui","messageBody":"","fileTypesAndContributionMap":{"functional-code":{"insertions":24,"deletions":3}}},{"hash":"3bc0d3afaa25033d8609925b0ad07dac3da81faf","messageTitle":"Fix styles and tests","messageBody":"","fileTypesAndContributionMap":{"functional-code":{"insertions":35,"deletions":20},"test-code":{"insertions":2,"deletions":1}}}]},{"date":"2022-03-08","commitResults":[{"hash":"82b3f23c5a09b58948753f5606468334daf7c6e4","messageTitle":"Fix javadocs typo","messageBody":"","fileTypesAndContributionMap":{"functional-code":{"insertions":1,"deletions":1}}}]},{"date":"2022-03-14","commitResults":[{"hash":"e3910b636c32eae117f0f8d340bd361ccd5d3d52","messageTitle":"Add favourite tests","messageBody":"","fileTypesAndContributionMap":{"functional-code":{"insertions":8,"deletions":3},"test-code":{"insertions":41,"deletions":0}}},{"hash":"e8368f5394f70ab789585e959d5477ced66bf213","messageTitle":"Add favourite test to jsonadaptedpersontest","messageBody":"","fileTypesAndContributionMap":{"test-code":{"insertions":10,"deletions":0}}},{"hash":"22b2fcc2b9e6424e9abc20f01139739e65d070cd","messageTitle":"Write favouritecommand tests","messageBody":"","fileTypesAndContributionMap":{"functional-code":{"insertions":0,"deletions":5},"test-code":{"insertions":98,"deletions":0}}},{"hash":"8d56f4cb0cdece1a65c9b9a2641356055c6dcb53","messageTitle":"Add list favourites command and logic","messageBody":"","fileTypesAndContributionMap":{"functional-code":{"insertions":59,"deletions":0}}},{"hash":"9e290f90ce6e7cef5de3fb227139b6e3af58c288","messageTitle":"Add listfavourites test","messageBody":"","fileTypesAndContributionMap":{"test-code":{"insertions":69,"deletions":2}}},{"hash":"ecca160d0dfadaa2db92bdbd05834ccc1a346e11","messageTitle":"Fix checkstyle issues","messageBody":"","fileTypesAndContributionMap":{"functional-code":{"insertions":2,"deletions":2},"test-code":{"insertions":12,"deletions":15}}},{"hash":"68040ea044c831660f0fe1dda3f77adfef6a6439","messageTitle":"Fix checkstyle issues","messageBody":"","fileTypesAndContributionMap":{"functional-code":{"insertions":1,"deletions":3},"test-code":{"insertions":17,"deletions":14}}},{"hash":"4023af68d0e54b9bb05e344022dd6429275bb12e","messageTitle":"Update favs userguide and fix format issues","messageBody":"","fileTypesAndContributionMap":{"docs":{"insertions":21,"deletions":30}}}]},{"date":"2022-03-15","commitResults":[{"hash":"4859bc706fe1462802c475f2c55f97cd8d2d441a","messageTitle":"Add notes arraylist to tests","messageBody":"","fileTypesAndContributionMap":{"test-code":{"insertions":2,"deletions":1}}},{"hash":"6f493eb572bfed371100580c2f08d8c2ab470b63","messageTitle":"Improve star shape for favourites","messageBody":"","fileTypesAndContributionMap":{"functional-code":{"insertions":35,"deletions":15}}},{"hash":"258b2970295a0bd62bd3ba40cf8dda50e908d97a","messageTitle":"Integrate star with fxml","messageBody":"","fileTypesAndContributionMap":{"functional-code":{"insertions":7,"deletions":6}}},{"hash":"1ce6e9e4c4bdf4470011e44f706a04534a51e14b","messageTitle":"Apply law of demeter to favourite method","messageBody":"","fileTypesAndContributionMap":{"functional-code":{"insertions":9,"deletions":7}}},{"hash":"dd8cce22171bd418b8f850bbbaf566f450f6ac81","messageTitle":"Remove unused fxml attribute","messageBody":"","fileTypesAndContributionMap":{"functional-code":{"insertions":1,"deletions":3}}}]}],"tehkokhoe":[{"date":"2022-03-01","commitResults":[{"hash":"befd3e5224330dbb8897ebd77597c78e51cdbc94","messageTitle":"Add deadline feature in user guide and change project name","messageBody":"","fileTypesAndContributionMap":{"docs":{"insertions":14,"deletions":1}}}]},{"date":"2022-03-02","commitResults":[{"hash":"2b34c6dcbffe591f876522cfbd61f766a678ced1","messageTitle":"Adjust grammar mistake and add additional feature to command summary","messageBody":"","fileTypesAndContributionMap":{"docs":{"insertions":11,"deletions":10}}},{"hash":"6f2cfd2d81ddd2a201ba57bb5ea8a560731ad84f","messageTitle":"Add PPP skeleton","messageBody":"","fileTypesAndContributionMap":{"docs":{"insertions":43,"deletions":0}}},{"hash":"c8ca5e7fc5d0f47baaa82097c3905c2b727e846e","messageTitle":"Change PPP name","messageBody":"","fileTypesAndContributionMap":{"docs":{"insertions":1,"deletions":1}}}]},{"date":"2022-03-03","commitResults":[{"hash":"d05a3c26fa07cf43639280e807f82afc9e158ba2","messageTitle":"Change the link for the location of jar file","messageBody":"","fileTypesAndContributionMap":{"docs":{"insertions":1,"deletions":1}}}]},{"date":"2022-03-05","commitResults":[{"hash":"58fe4554bd05d78ed7d8042d5ca7adcf415f792a","messageTitle":"Change User Guide","messageBody":"","fileTypesAndContributionMap":{"docs":{"insertions":16,"deletions":16}}}]},{"date":"2022-03-10","commitResults":[{"hash":"764caeffb8d4f49d20631636116bec750a6853d3","messageTitle":"Adjust UserGuide for deadline","messageBody":"","fileTypesAndContributionMap":{"docs":{"insertions":15,"deletions":15}}},{"hash":"38621c44c9e9809e67ef584035dbc55244721a84","messageTitle":"Add a message for invalid date input","messageBody":"","fileTypesAndContributionMap":{"functional-code":{"insertions":1,"deletions":0}}},{"hash":"79a6d63e1e40c6b9ca34e3701e9a720682140044","messageTitle":"Adjust person dependency","messageBody":"","fileTypesAndContributionMap":{"functional-code":{"insertions":16,"deletions":1}}},{"hash":"4d01551951615d9594d619be663447c1f745c487","messageTitle":"Adjust Person dependency","messageBody":"","fileTypesAndContributionMap":{"functional-code":{"insertions":5,"deletions":1}}},{"hash":"a0eec3fd4816bf7f7e5d607496c4849f933fd308","messageTitle":"Add additional command word cases for enum","messageBody":"","fileTypesAndContributionMap":{"functional-code":{"insertions":12,"deletions":0}}},{"hash":"6e9a8b23ef5aab40cb90d7b65bedadea22a0d1bc","messageTitle":"Add deadline prefix","messageBody":"","fileTypesAndContributionMap":{"functional-code":{"insertions":1,"deletions":0}}},{"hash":"319e149983534fc17a12d5db703b082bb5955dee","messageTitle":"Add parseDeadline","messageBody":"","fileTypesAndContributionMap":{"functional-code":{"insertions":10,"deletions":0}}},{"hash":"b7579274e6e436a34416705883da72a0ff6484ed","messageTitle":"Add deadline to Person model","messageBody":"","fileTypesAndContributionMap":{"functional-code":{"insertions":18,"deletions":3}}},{"hash":"8dc1263e2e5c68364cf003c8e54fa68ad37914e0","messageTitle":"Adjust sample data","messageBody":"","fileTypesAndContributionMap":{"functional-code":{"insertions":14,"deletions":12}}},{"hash":"9493897fb581a8c7cea54c9a0721155c77abf6bc","messageTitle":"Add deadline to JsonAdaptedPerson","messageBody":"","fileTypesAndContributionMap":{"functional-code":{"insertions":28,"deletions":2}}},{"hash":"549c7723b937cd94465e4045640031a9513ac6fb","messageTitle":"Add deadline to UI","messageBody":"","fileTypesAndContributionMap":{"functional-code":{"insertions":4,"deletions":0}}},{"hash":"6932cc77dbd46a5e7bc260a898f934dcff10b8ab","messageTitle":"Add deadline","messageBody":"","fileTypesAndContributionMap":{"functional-code":{"insertions":177,"deletions":0}}},{"hash":"9a054e9226dabed1a589bdd44d7395cf509f03cf","messageTitle":"Adjust Person dependency for Favourite","messageBody":"","fileTypesAndContributionMap":{"functional-code":{"insertions":202,"deletions":0}}},{"hash":"dd7c0dfd45c11141ef9630ad3ed764b7f12087b6","messageTitle":"no message","messageBody":"","fileTypesAndContributionMap":{"functional-code":{"insertions":113,"deletions":0}}}]},{"date":"2022-03-12","commitResults":[{"hash":"ce08a6d60e3f6cef196b11fe2a79ad0a85defcc4","messageTitle":"Resolve Checkstyle","messageBody":"","fileTypesAndContributionMap":{"functional-code":{"insertions":39,"deletions":26},"docs":{"insertions":1,"deletions":1}}},{"hash":"f4b440db21d7ef7122155c7ec635c84175c72f0e","messageTitle":"resolve CI checks","messageBody":"","fileTypesAndContributionMap":{"docs":{"insertions":57,"deletions":35}}},{"hash":"67d6b8b72d2035ca08a8ab50333f6e828ac7a521","messageTitle":"Resolve CI checks","messageBody":"","fileTypesAndContributionMap":{"functional-code":{"insertions":14,"deletions":9},"test-code":{"insertions":33,"deletions":19}}},{"hash":"0a8892038665bc6fb3648dafee50039dfc7c14de","messageTitle":"Resolve CI checks","messageBody":"","fileTypesAndContributionMap":{"functional-code":{"insertions":0,"deletions":1}}},{"hash":"d130a76d8b8281cfcc6373ed8254ed0f6acf323b","messageTitle":"Resolve CI checks","messageBody":"","fileTypesAndContributionMap":{"functional-code":{"insertions":5,"deletions":3},"test-code":{"insertions":1,"deletions":1}}},{"hash":"901db5d3d2717561bbbe4f195d72c73d13ddb791","messageTitle":"Allow edit command to edit deadline","messageBody":"","fileTypesAndContributionMap":{"functional-code":{"insertions":9,"deletions":2}}},{"hash":"30f148716576dab2ce9a9627c43549c2b5596bd3","messageTitle":"Fix minor errors","messageBody":"","fileTypesAndContributionMap":{"functional-code":{"insertions":2,"deletions":2}}},{"hash":"3f8d2be968ab370557fb6be0d31b3990be6e488d","messageTitle":"Add a constant NO_DEADLINE_PLACEHOLDER to prevent magic literals","messageBody":"","fileTypesAndContributionMap":{"functional-code":{"insertions":4,"deletions":3}}}]}],"glennljw":[{"date":"2022-02-28","commitResults":[{"hash":"ef26d3ac8fc538d2c2d030583801371b46553fd6","messageTitle":"Update AboutUs page to include photos and details of project team","messageBody":"","fileTypesAndContributionMap":{"docs":{"insertions":25,"deletions":24}}}]},{"date":"2022-03-01","commitResults":[{"hash":"b1a658e3639091e92e31297efd87721725855b36","messageTitle":"Add glennljw.md","messageBody":"","fileTypesAndContributionMap":{"docs":{"insertions":43,"deletions":0}}},{"hash":"3268e2364d076a252b2662c034d01494d1a059a6","messageTitle":"Fix trailing whitespaces","messageBody":"","fileTypesAndContributionMap":{"docs":{"insertions":5,"deletions":5}}},{"hash":"0e8b1b28e14d08a6a6a8db0e15fb0c7d81d5d970","messageTitle":"Add find tag features in UserGuide.md","messageBody":"","fileTypesAndContributionMap":{"docs":{"insertions":19,"deletions":0}}},{"hash":"5143dbc0986985a948442485bc6a57bfcaae65a7","messageTitle":"Remove find tag command in example commands","messageBody":"","fileTypesAndContributionMap":{"docs":{"insertions":0,"deletions":2}}},{"hash":"2e954c6a0be94f3f54d4a836e4296881892587b7","messageTitle":"Fix inconsistencies in spacings before colons","messageBody":"","fileTypesAndContributionMap":{"docs":{"insertions":2,"deletions":2}}}]},{"date":"2022-03-02","commitResults":[{"hash":"d0648d0a58fa6020ba80cde72bb40f7eff26aa51","messageTitle":"Add backticks for keywords and tags","messageBody":"","fileTypesAndContributionMap":{"docs":{"insertions":2,"deletions":3}}},{"hash":"17ac886508a3c99f92f89663f16c93fb8c80a239","messageTitle":"Standardise user entry as contacts","messageBody":"","fileTypesAndContributionMap":{"docs":{"insertions":5,"deletions":5}}},{"hash":"f076c3e9d3f4ac089ae9865c24a6ba43252e70f7","messageTitle":"Fix typos in findtag feature in user guide","messageBody":"","fileTypesAndContributionMap":{"docs":{"insertions":2,"deletions":2}}}]},{"date":"2022-03-03","commitResults":[{"hash":"24212fa36ce70118feaf02aa29c4b04e38d741af","messageTitle":"Fix release link for dinterieur.jar","messageBody":"","fileTypesAndContributionMap":{"docs":{"insertions":1,"deletions":1}}},{"hash":"bd0792064c48359b7a3ef47a3d13faaad7f1101f","messageTitle":"Add release link to dinterieur.jar","messageBody":"","fileTypesAndContributionMap":{"docs":{"insertions":1,"deletions":1}}},{"hash":"c30c263b3295d9d4e6738bd06e1bc73eaeebdd10","messageTitle":"Change examples in command summary and quick start sections","messageBody":"","fileTypesAndContributionMap":{"docs":{"insertions":2,"deletions":2}}}]},{"date":"2022-03-07","commitResults":[{"hash":"80481ea4df1713fcb0402f84ea1bef7f5a40d238","messageTitle":"Add find tag feature to be able to locate persons with given tag(s)","messageBody":"","fileTypesAndContributionMap":{"functional-code":{"insertions":119,"deletions":0}}},{"hash":"09716e6c93f41eaaf80e703839fe9e46fbe53c10","messageTitle":"Change for-loop to enhanced for-loop in TagContainsKeywordsPredicate to increase readability","messageBody":"","fileTypesAndContributionMap":{"functional-code":{"insertions":2,"deletions":4}}}]}]},"authorFileTypeContributionMap":{"xSaints19x":{"docs":61,"functional-code":14,"test-code":19},"weijuey":{"docs":153,"functional-code":302,"test-code":82},"takufunkai":{"docs":171,"functional-code":206,"test-code":233},"tehkokhoe":{"docs":85,"functional-code":371,"test-code":17,"other":1},"glennljw":{"docs":84,"functional-code":113,"test-code":0}},"authorContributionVariance":{"xSaints19x":268.9408,"weijuey":9249.486,"takufunkai":13113.333,"tehkokhoe":17632.133,"glennljw":828.5042},"authorDisplayNameMap":{"xSaints19x":"CS2103T-T12-2 DAVI..TARA","weijuey":"CS2103T-T12-2 YOON.. JUE","takufunkai":"CS2103T-T12-2 EZEK.. KAI","tehkokhoe":"CS2103T-T12-2 TEH .. HOE","glennljw":"CS2103T-T12-2 GLEN.. WEI"}}
