{"authorDailyContributionsMap":{"xSaints19x":[{"date":"2022-03-01","commitResults":[{"hash":"d98d1769434614eaef14245180d5ce319e05be9a","messageTitle":"Add skeletal PPP and NFR to developer guide","messageBody":"","fileTypesAndContributionMap":{"docs":{"insertions":55,"deletions":3}}},{"hash":"22589f314fc9854809dd3ba83503639dda29641c","messageTitle":"Standardise terms used for entries to be \"contacts\"","messageBody":"","fileTypesAndContributionMap":{"docs":{"insertions":2,"deletions":2}}},{"hash":"188d117022d00158731124f576facf829508ca75","messageTitle":"Change the system requirement from \"respond\" to \"boot up\"","messageBody":"","fileTypesAndContributionMap":{"docs":{"insertions":1,"deletions":1}}},{"hash":"0e29b377d59e0c2637005d3123f159773edcffaa","messageTitle":"Standardise the word to refer to our product as \"system\" in the NFR","messageBody":"","fileTypesAndContributionMap":{"docs":{"insertions":2,"deletions":2}}}]},{"date":"2022-03-02","commitResults":[{"hash":"b6888a8f1557df55c746dd01e6c6c307fe545649","messageTitle":"Edit the add description on the userguide","messageBody":"","fileTypesAndContributionMap":{"docs":{"insertions":8,"deletions":6}}},{"hash":"63b81fec9e3fc370615ab33f86761b70c6acf386","messageTitle":"Made minor edits to the userguide","messageBody":"","fileTypesAndContributionMap":{"docs":{"insertions":14,"deletions":14}}}]},{"date":"2022-03-09","commitResults":[{"hash":"87f5c0f03612488f87047dbc1b7072be26ddda1a","messageTitle":"Modify the code to be able to accept address as an optional field and make minor touch-ups to the user guide and the add command example","messageBody":"","fileTypesAndContributionMap":{"functional-code":{"insertions":15,"deletions":8},"docs":{"insertions":4,"deletions":4}}}]},{"date":"2022-03-15","commitResults":[{"hash":"307f5e1b673c2f1781ac16741c0737431d99bb63","messageTitle":"Add tests to make sure contact can be successfully added without the optional fields","messageBody":"","fileTypesAndContributionMap":{"test-code":{"insertions":17,"deletions":2}}},{"hash":"bfcfd1ae360bd3c75cf5c69955c99b7c482f8660","messageTitle":"Fix minor checkstyle issue in test","messageBody":"","fileTypesAndContributionMap":{"test-code":{"insertions":2,"deletions":1}}},{"hash":"0871df6c801de59b744358142b0d0ca4166c5a67","messageTitle":"Replace magic literal in AddCommandParserTest.java with a variable","messageBody":"","fileTypesAndContributionMap":{"test-code":{"insertions":3,"deletions":2}}}]},{"date":"2022-03-22","commitResults":[{"hash":"4a17d0f50888b7953fe907b563bfc126201f0135","messageTitle":"Make minor fixes to AddCommandParser and Address classes to reduce use of magic literals","messageBody":"","fileTypesAndContributionMap":{"functional-code":{"insertions":3,"deletions":2}}}]},{"date":"2022-03-23","commitResults":[{"hash":"aab05591a962dfa4329559e0fd1675889f72fa3c","messageTitle":"Add high importance flag command to mark contact as high importance and update user guide with the new command","messageBody":"","fileTypesAndContributionMap":{"functional-code":{"insertions":286,"deletions":22},"docs":{"insertions":17,"deletions":0}}},{"hash":"472de0f4002e2b6682c94f7a3c71027e1c5198a7","messageTitle":"Update PersonCard.java to resolve checkstyle issues","messageBody":"","fileTypesAndContributionMap":{"functional-code":{"insertions":0,"deletions":13}}},{"hash":"b5a2d0df05c128fb58c286949367b5689bcb741a","messageTitle":"Fix errors in the test code and change some minor parts in the HighImportance class","messageBody":"","fileTypesAndContributionMap":{"functional-code":{"insertions":3,"deletions":3},"test-code":{"insertions":39,"deletions":13}}}]},{"date":"2022-03-24","commitResults":[{"hash":"1554641861632729a9b202147ea0274d62156905","messageTitle":"Fix test issues to pass CI checks and add statement in build.gradle to enable assertion","messageBody":"","fileTypesAndContributionMap":{"functional-code":{"insertions":1,"deletions":1},"other":{"insertions":5,"deletions":0},"test-code":{"insertions":2,"deletions":2}}},{"hash":"e5cea072829e7609ffe4003295cec4b8795d2cf6","messageTitle":"Change the UI for the high importance flag component to make it look more aesthetically pleasing","messageBody":"","fileTypesAndContributionMap":{"functional-code":{"insertions":7,"deletions":2}}},{"hash":"c6ac33209f54223a8f954612be374332da479998","messageTitle":"Extract out common code and make code more concise","messageBody":"","fileTypesAndContributionMap":{"functional-code":{"insertions":2,"deletions":4}}},{"hash":"9ae6027154e5972f8a16b131719cae2610190164","messageTitle":"Update DG with v1.2 and v1.3 details with v1.3 details to be added on further after completing implementation","messageBody":"","fileTypesAndContributionMap":{"docs":{"insertions":101,"deletions":1}}}]},{"date":"2022-03-25","commitResults":[{"hash":"6c891bd2331e0e233704c6a85022737a687282e3","messageTitle":"Change priority for user story","messageBody":"","fileTypesAndContributionMap":{"docs":{"insertions":1,"deletions":1}}},{"hash":"f102db183ec7cfe5c75401f9700505325eebaab7","messageTitle":"Fixed minor checkstyle issues","messageBody":"","fileTypesAndContributionMap":{"docs":{"insertions":5,"deletions":5}}},{"hash":"3c64c9d88c81f631f3d8d31f052b7c21f063e374","messageTitle":"Revert \"Fixed minor checkstyle issues\"","messageBody":"This reverts commit f102db183ec7cfe5c75401f9700505325eebaab7.\n","fileTypesAndContributionMap":{"docs":{"insertions":5,"deletions":5}}},{"hash":"cfe11ae64777cbcaa852051ea2b7ce2ed790c4ee","messageTitle":"Fix minor checkstyle issues","messageBody":"","fileTypesAndContributionMap":{"docs":{"insertions":5,"deletions":5}}},{"hash":"eacf7054fbd2206fa727eb6fd628bcbbbd749f86","messageTitle":"Add a comment in PersonCard class to start CI check","messageBody":"","fileTypesAndContributionMap":{"functional-code":{"insertions":1,"deletions":0}}},{"hash":"ee1699775e67e7c65a00b49197ad6e5ab9f5fccf","messageTitle":"Fix minor checkstyle issue","messageBody":"","fileTypesAndContributionMap":{"docs":{"insertions":1,"deletions":1}}}]},{"date":"2022-03-28","commitResults":[{"hash":"4ff52d3d8987b20d6d0cf45defa88c4cb4e9a368","messageTitle":"Add ListImportant command to list contacts whose contact status has been changed to high importance","messageBody":"","fileTypesAndContributionMap":{"functional-code":{"insertions":59,"deletions":2},"test-code":{"insertions":1,"deletions":1}}},{"hash":"4158e10819a1d3b66759cb8878a43ffe891ec039","messageTitle":"Update UG for new feature and make minor style changes","messageBody":"","fileTypesAndContributionMap":{"docs":{"insertions":12,"deletions":8}}},{"hash":"442772ba76d5fda744396e8cc86da0005072ad19","messageTitle":"Fix some minor issues","messageBody":"","fileTypesAndContributionMap":{"functional-code":{"insertions":6,"deletions":4},"test-code":{"insertions":1,"deletions":0}}}]},{"date":"2022-03-29","commitResults":[{"hash":"0c62a75509ce57e65bd40b66ff464728cf8e7472","messageTitle":"Optimise imports","messageBody":"","fileTypesAndContributionMap":{"test-code":{"insertions":13,"deletions":14}}},{"hash":"eef9678a4a2ab7ef37f96c5a8d8cb8b9a40df3f3","messageTitle":"Fix some minor issues","messageBody":"","fileTypesAndContributionMap":{"test-code":{"insertions":14,"deletions":14}}},{"hash":"1ce06df386ee03875566173d36bf3bd6bffcd3d6","messageTitle":"Fix checkstyle issue","messageBody":"","fileTypesAndContributionMap":{"test-code":{"insertions":1,"deletions":1}}},{"hash":"3330c546847d0f9bd16c7627e845aacdee1fa219","messageTitle":"Fix minor issue","messageBody":"","fileTypesAndContributionMap":{"functional-code":{"insertions":1,"deletions":1}}},{"hash":"d85e4e8cb04f928f12703f9d738434b7eea17ba5","messageTitle":"Fix issues causing test to fail in CI check","messageBody":"","fileTypesAndContributionMap":{"functional-code":{"insertions":1,"deletions":1},"test-code":{"insertions":1,"deletions":1}}},{"hash":"0941664c7742edf2476d0f30b52e366528a21d3f","messageTitle":"Standardise use of term to refer to people in the address book","messageBody":"","fileTypesAndContributionMap":{"functional-code":{"insertions":1,"deletions":1}}},{"hash":"fca5e8b25ff61dde61e6c21e4199283ab8a65a93","messageTitle":"Standardise term to refer to contacts in the address book","messageBody":"","fileTypesAndContributionMap":{"docs":{"insertions":3,"deletions":3}}},{"hash":"4c39d42477a8c72419a0312b538ca6da1c195f29","messageTitle":"Correct minor spelling mistake in command summary","messageBody":"","fileTypesAndContributionMap":{"docs":{"insertions":19,"deletions":19}}}]}],"weijuey":[{"date":"2022-02-22","commitResults":[{"hash":"00ac47930df2c875bfb4ac2e3dfcb040ef258b14","messageTitle":"Add non-functional skeleton of NoteCommand","messageBody":"","fileTypesAndContributionMap":{"functional-code":{"insertions":63,"deletions":0}}},{"hash":"318d642e1e7d27aee15bfc885300bb52bc5a33c4","messageTitle":"Update parsers to be able to recognise and parse a note command","messageBody":"","fileTypesAndContributionMap":{"functional-code":{"insertions":33,"deletions":1}}},{"hash":"d825cb8b3dba773cbdb0a37140256da49049c7a2","messageTitle":"Update note to be a Note object rather than a String","messageBody":"","fileTypesAndContributionMap":{"functional-code":{"insertions":58,"deletions":3}}},{"hash":"60e91c147fe9009abd6232fb2e04847ac3354793","messageTitle":"Add note to PersonCard display in GUI","messageBody":"","fileTypesAndContributionMap":{"functional-code":{"insertions":3,"deletions":0}}},{"hash":"3d11d4eaceb0faea61421baa63c1a4c24cd06839","messageTitle":"Update usages of Person to include addition of Note field","messageBody":"","fileTypesAndContributionMap":{"functional-code":{"insertions":32,"deletions":12},"test-code":{"insertions":14,"deletions":1}}},{"hash":"0d24c010d4ac2ab856cc24eeac96813395c4c0aa","messageTitle":"Remove need to check for valid note for now, and update JsonAdaptedPersonTest to include the note field","messageBody":"","fileTypesAndContributionMap":{"functional-code":{"insertions":6,"deletions":4},"test-code":{"insertions":11,"deletions":9}}},{"hash":"b67bb0e6090169025cde7bafc9a24c1845ec08dd","messageTitle":"Implement note to be displayable and create test for NoteCommand","messageBody":"","fileTypesAndContributionMap":{"functional-code":{"insertions":27,"deletions":7},"test-code":{"insertions":36,"deletions":0}}},{"hash":"a6a3778205920a7306b299b03d2adbbea2cc0edc","messageTitle":"Fix checkstyle violations","messageBody":"","fileTypesAndContributionMap":{"functional-code":{"insertions":19,"deletions":9},"test-code":{"insertions":0,"deletions":1}}}]},{"date":"2022-03-01","commitResults":[{"hash":"644693ba68a1f3ebff8608a8931afa0acfe7fcad","messageTitle":"Update target user profile, value proposition and user stories in Developer Guide","messageBody":"","fileTypesAndContributionMap":{"docs":{"insertions":25,"deletions":12}}},{"hash":"677ebabbda8d451fb78e43d822ee985cf4750b17","messageTitle":"Standardise use of the term \"contact\" to describe an entry in address book for user stories","messageBody":"","fileTypesAndContributionMap":{"docs":{"insertions":5,"deletions":5}}},{"hash":"2bb26d814b47c16bf454023d1b49a6aebbc59012","messageTitle":"Update existing use cases and create use case for adding labels","messageBody":"","fileTypesAndContributionMap":{"docs":{"insertions":48,"deletions":6}}},{"hash":"43eb00e2c3c5d5097d530895b0dc30f9d09304e3","messageTitle":"Add use cases for filtering contacts based on labels and adding notes to a contact","messageBody":"","fileTypesAndContributionMap":{"docs":{"insertions":34,"deletions":2}}},{"hash":"e154e4dbaf59f447ec8f5a9ece0f7246ddf2dbee","messageTitle":"Add use cases for adding a note to a contact and adding a deadline to a contact","messageBody":"","fileTypesAndContributionMap":{"docs":{"insertions":23,"deletions":1}}},{"hash":"b1d67300707210837fc0bf9ef99bd5820f10e471","messageTitle":"Standardise user cases format and add ambiguous terms used in user stories to glossary","messageBody":"","fileTypesAndContributionMap":{"docs":{"insertions":49,"deletions":26}}},{"hash":"024ac0a5e8e7cb274346fd644340ce820fbffa37","messageTitle":"Correct mistakes in extensions of use cases","messageBody":"","fileTypesAndContributionMap":{"docs":{"insertions":8,"deletions":8}}}]},{"date":"2022-03-02","commitResults":[{"hash":"8e7d4709bfd1a2d65afa5a406119fec45711bdf1","messageTitle":"Implement suggestions to extension 1a for UC05","messageBody":"","fileTypesAndContributionMap":{"docs":{"insertions":5,"deletions":7}}},{"hash":"3f87c2c5955f3cbca5516c4022fa8349e704e9cd","messageTitle":"Add weijuey\u0027s PPP file and correct PPP file names","messageBody":"","fileTypesAndContributionMap":{"docs":{"insertions":47,"deletions":0}}},{"hash":"12c3d60198ea1f4ac27ecc8236ebec545322cf27","messageTitle":"Add note command to user guide and fix a few formatting issues","messageBody":"","fileTypesAndContributionMap":{"docs":{"insertions":20,"deletions":2}}}]},{"date":"2022-03-07","commitResults":[{"hash":"d846531a315397555becfac6e253565e0c587625","messageTitle":"Update NoteCommand messages","messageBody":"","fileTypesAndContributionMap":{"functional-code":{"insertions":6,"deletions":7}}},{"hash":"4065c44e876ffef14719c610540223f8738087a8","messageTitle":"Update Note class to Notes class to support multiple notes","messageBody":"","fileTypesAndContributionMap":{"functional-code":{"insertions":71,"deletions":51}}}]},{"date":"2022-03-09","commitResults":[{"hash":"efc283f92bd2e9bae7b62da3672f586970023819","messageTitle":"Adapt previous implementation of note command and its parser to match planned implementation","messageBody":"","fileTypesAndContributionMap":{"functional-code":{"insertions":30,"deletions":34}}},{"hash":"50f5011c92a07db16cbdf066cf1ef22ee3bb49f9","messageTitle":"Add restriction to note command so that empty strings are not added","messageBody":"","fileTypesAndContributionMap":{"functional-code":{"insertions":23,"deletions":6}}},{"hash":"a2b8f06447267ae70014718e704bf5b804ba7355","messageTitle":"Update JsonAdapted Person and other classes to correctly use notes","messageBody":"","fileTypesAndContributionMap":{"functional-code":{"insertions":21,"deletions":24},"test-code":{"insertions":38,"deletions":24}}},{"hash":"054956f93b82223625fb02a89c1a313af20f30ef","messageTitle":"Add message for no changes to notes and fix usages of Notes","messageBody":"","fileTypesAndContributionMap":{"functional-code":{"insertions":10,"deletions":10}}},{"hash":"94ff3d7730a5fe8ff2c75a9cc2cbc47834e2ea4b","messageTitle":"Add notes display to UI and fix bug with note command","messageBody":"","fileTypesAndContributionMap":{"functional-code":{"insertions":15,"deletions":6}}}]},{"date":"2022-03-10","commitResults":[{"hash":"d0504ede7edae3886e03677ff7add439e5811de4","messageTitle":"Update AddCommandParserTest.java","messageBody":"Remove missing address from compulsory field test\n","fileTypesAndContributionMap":{"test-code":{"insertions":0,"deletions":4}}}]},{"date":"2022-03-13","commitResults":[{"hash":"d4463c266688a482bd4fc86bf5e2a47f0ea257c6","messageTitle":"Update note command tests","messageBody":"","fileTypesAndContributionMap":{"functional-code":{"insertions":1,"deletions":1},"test-code":{"insertions":18,"deletions":4}}},{"hash":"8061a8d1e6dfda52ed17047acde8970a9c9b596c","messageTitle":"Update Person constructors to use Notes","messageBody":"","fileTypesAndContributionMap":{"functional-code":{"insertions":5,"deletions":3}}},{"hash":"333f723a35cbe0abd6e8c25b632b0989a3eb3d82","messageTitle":"Fix NoteCommandTest modifying TypicalPersons and notes\u0027 position in UI","messageBody":"","fileTypesAndContributionMap":{"functional-code":{"insertions":12,"deletions":16},"test-code":{"insertions":19,"deletions":31}}},{"hash":"4436e43d8d9ebcaf4baa2ec66fde398aa4acc37d","messageTitle":"Fix checkstyle violations and add javadocs to Notes\u0027 public methods","messageBody":"","fileTypesAndContributionMap":{"functional-code":{"insertions":18,"deletions":0},"test-code":{"insertions":8,"deletions":9}}},{"hash":"e6334e30272d1fcfe8a9f848314170b38bd01ff6","messageTitle":"Update User Guide to match current note command implementation","messageBody":"","fileTypesAndContributionMap":{"docs":{"insertions":16,"deletions":24}}}]},{"date":"2022-03-14","commitResults":[{"hash":"5da46702b6052464cf66099e2141e37ed5c1585b","messageTitle":"Change notecommand to create a new Person object","messageBody":"","fileTypesAndContributionMap":{"functional-code":{"insertions":11,"deletions":2},"test-code":{"insertions":6,"deletions":4}}},{"hash":"e195c5f89a5c595875d0e15e7e4cefd512f75148","messageTitle":"Add javadoc to updateNotes in NoteCommand","messageBody":"","fileTypesAndContributionMap":{"functional-code":{"insertions":6,"deletions":0}}},{"hash":"e5686df14d6e5d4582003636b0556ec5e4db73e5","messageTitle":"Fix import statements order","messageBody":"","fileTypesAndContributionMap":{"test-code":{"insertions":2,"deletions":2}}}]},{"date":"2022-03-16","commitResults":[{"hash":"626d6e13030684ac3f951033cb6e8585c05bf21e","messageTitle":"Added notes command for seeing all notes of a contact","messageBody":"","fileTypesAndContributionMap":{"functional-code":{"insertions":72,"deletions":0}}},{"hash":"771a0eecdaf2ed7bafed617d26628c429c0754fe","messageTitle":"Limit notes in PersonCard UI to 2 lines of about 100 characters each","messageBody":"","fileTypesAndContributionMap":{"functional-code":{"insertions":1,"deletions":1}}},{"hash":"8650db3e5c73d88ed6e10cd9f04ce3b0e2eb94b4","messageTitle":"Add tests for Notes class and fix checkstyle errors","messageBody":"","fileTypesAndContributionMap":{"functional-code":{"insertions":9,"deletions":7},"test-code":{"insertions":36,"deletions":10}}},{"hash":"58e5117fbd77726939770c663f7daf4f0edd49b1","messageTitle":"Change VALID_NOTES definition to be streamlined with other variables","messageBody":"","fileTypesAndContributionMap":{"test-code":{"insertions":11,"deletions":12}}}]},{"date":"2022-03-19","commitResults":[{"hash":"a1a27e46141f4f23bdc0f2b40b830f4f4dfb3769","messageTitle":"Create skeleton ContactFullView class with planned attributes","messageBody":"","fileTypesAndContributionMap":{"functional-code":{"insertions":83,"deletions":0}}}]},{"date":"2022-03-20","commitResults":[{"hash":"e9c130c13f65fe6e88090246a8a073b5dad478bf","messageTitle":"Create place for contact view in MainWindow","messageBody":"","fileTypesAndContributionMap":{"functional-code":{"insertions":10,"deletions":1}}},{"hash":"c218b9bf6cf09f6c446288809a72288df510e8d1","messageTitle":"Create ContactFullView fxml file and methods to update and clear it","messageBody":"","fileTypesAndContributionMap":{"functional-code":{"insertions":58,"deletions":6}}},{"hash":"bb8871fcf27f72bb3fb998c846dbc588a056d26d","messageTitle":"Create ViewCommand","messageBody":"","fileTypesAndContributionMap":{"functional-code":{"insertions":51,"deletions":0}}},{"hash":"0ad18f7fd48ba808997aa0b5297ddd372a55006a","messageTitle":"Add support for viewing contact in Model","messageBody":"","fileTypesAndContributionMap":{"functional-code":{"insertions":11,"deletions":0}}}]},{"date":"2022-03-21","commitResults":[{"hash":"e3f8497f69a7f46eb1177c8beb9cc308aa1a9db8","messageTitle":"Rework detailed view of person to be wrapped in ObservableList","messageBody":"","fileTypesAndContributionMap":{"functional-code":{"insertions":52,"deletions":0},"other":{"insertions":3,"deletions":22}}},{"hash":"3087155752492a74dfb71d2a23b77d2fb106488d","messageTitle":"Link model, logic and ui for ui to observe person to be viewed in model","messageBody":"","fileTypesAndContributionMap":{"functional-code":{"insertions":29,"deletions":4}}},{"hash":"c75bb21dfc0882076114cb4a31c692dc56a402dd","messageTitle":"Add ViewCommand to address book parser","messageBody":"","fileTypesAndContributionMap":{"functional-code":{"insertions":29,"deletions":0}}}]},{"date":"2022-03-22","commitResults":[{"hash":"40ba34c24947c2a20037bb228baead8fd5a52fb0","messageTitle":"Move detailed contact view to PersonListPanel encapsulation","messageBody":"The original plan for the detailed contact view was such that the\ndetailed view and contact list view could share the space used\noriginally by just the list view, which in implementation, is the\nPersonListPanel.\n\nIt is difficult to accomplish this with the detailed view being\nencapsulated in a ContactFullViewPanel and the list view being\nencapsulated in the PersonListPanel, due to the constraints presented by\nJavaFX and the UI architecture.\n\nTo make it easier to achieve the desired UI effect, let\u0027s,\n* abandon ContactFullViewPanel and move the detailed view to within\nPersonListPanel\u0027s encapsulation\n* rename PersonListPanel to a more accurate name in a future commit.\n","fileTypesAndContributionMap":{"functional-code":{"insertions":46,"deletions":74}}},{"hash":"178732670261e3a9be8d7a8ae7f12fec523102b8","messageTitle":"Modify commands to clear detailed contact view as required","messageBody":"","fileTypesAndContributionMap":{"functional-code":{"insertions":14,"deletions":0}}},{"hash":"8817ff52c102e0bb5bb563f9c40a34ce9655ffd7","messageTitle":"Fix checkstyle errors","messageBody":"","fileTypesAndContributionMap":{"functional-code":{"insertions":15,"deletions":13},"test-code":{"insertions":16,"deletions":0}}},{"hash":"833e946e12a2c6b683b6e45362a1920f9612f2a7","messageTitle":"Add contactFullView as requisite for equality for ModelManager","messageBody":"","fileTypesAndContributionMap":{"functional-code":{"insertions":18,"deletions":17},"test-code":{"insertions":5,"deletions":0}}},{"hash":"cfe71b09b5d47f2b461c242bbad10cfed4651882","messageTitle":"Rename PersonListPanel to ContactDisplayPanel and add logging","messageBody":"","fileTypesAndContributionMap":{"functional-code":{"insertions":3,"deletions":3},"other":{"insertions":13,"deletions":10}}},{"hash":"62dc3b21debf9e98a38daadc0c1a8f0a27f459a1","messageTitle":"Rename ContactFullView to DetailedPersonView","messageBody":"","fileTypesAndContributionMap":{"functional-code":{"insertions":46,"deletions":35},"test-code":{"insertions":5,"deletions":5}}},{"hash":"8667d7b515004a9342d5c95533717a51aeea0052","messageTitle":"Fix checkstyle errors","messageBody":"","fileTypesAndContributionMap":{"functional-code":{"insertions":5,"deletions":5}}}]},{"date":"2022-03-23","commitResults":[{"hash":"91f5f78323e1c358a41a1cce5a8b2d2a2577439e","messageTitle":"Improve DetailedPersonCard display","messageBody":"","fileTypesAndContributionMap":{"functional-code":{"insertions":38,"deletions":27}}},{"hash":"36569e67531ce2672db0ecc155ccf56abba4b3d0","messageTitle":"Add user story for view command","messageBody":"","fileTypesAndContributionMap":{"docs":{"insertions":20,"deletions":19}}}]},{"date":"2022-03-24","commitResults":[{"hash":"5eb7954256c00ee993e0275f887044d864ac3d5e","messageTitle":"Create sequence diagram for Notes implementation part of DG","messageBody":"","fileTypesAndContributionMap":{"docs":{"insertions":44,"deletions":0}}},{"hash":"fd39ab326dd2a74eccb7ed9c8290c905ca107573","messageTitle":"Improve code quality in Notes and update sequence diagram to match","messageBody":"","fileTypesAndContributionMap":{"functional-code":{"insertions":10,"deletions":5},"docs":{"insertions":13,"deletions":8}}},{"hash":"7cfd5a60f32f28222b65fcbdb733c23f94040f0e","messageTitle":"Add Notes implementation to DG and correct Notes sequence diagram","messageBody":"","fileTypesAndContributionMap":{"docs":{"insertions":19,"deletions":0}}},{"hash":"557e65ecd3c3ebfe287f656df4773f49992a6205","messageTitle":"Fix styling in DG","messageBody":"","fileTypesAndContributionMap":{"docs":{"insertions":2,"deletions":0}}},{"hash":"4444dba5098f7d7733a22d10f58c4df3d859ed29","messageTitle":"Create PNG for notes sequence diagram and update image link in DG","messageBody":"","fileTypesAndContributionMap":{"docs":{"insertions":1,"deletions":1}}},{"hash":"224c55c773fcb42ef20a8452dc03990896cd2b7f","messageTitle":"Correct mistakes in note sequence diagram","messageBody":"","fileTypesAndContributionMap":{"docs":{"insertions":9,"deletions":9}}}]},{"date":"2022-03-25","commitResults":[{"hash":"af7c6abe1a9c7c26bc8a8426c98deb4045fc3397","messageTitle":"Ensure Gradle build job works","messageBody":"","fileTypesAndContributionMap":{"docs":{"insertions":1,"deletions":1}}},{"hash":"1cf6e0a8aa227019dc6ab100f4d061bc15fda837","messageTitle":"Change logged info for changes to detailed contact view and add test","messageBody":"","fileTypesAndContributionMap":{"functional-code":{"insertions":2,"deletions":2},"test-code":{"insertions":9,"deletions":0}}}]},{"date":"2022-03-29","commitResults":[{"hash":"52731168cb94ad52cf25cf3d7e3048c95bbd904e","messageTitle":"Refactor detailed view to its own class and UI component","messageBody":"","fileTypesAndContributionMap":{"functional-code":{"insertions":111,"deletions":113},"other":{"insertions":1,"deletions":2}}},{"hash":"1cf4e7635273146de0e6b26f4d97ae03cc6a252e","messageTitle":"Add detailed view mode to MainWindow","messageBody":"","fileTypesAndContributionMap":{"functional-code":{"insertions":10,"deletions":1}}},{"hash":"1e1ee0c5af480f16fd2949c8614d0ed70f0cb078","messageTitle":"Add detailed view as special command result to signal MainWindow","messageBody":"","fileTypesAndContributionMap":{"functional-code":{"insertions":12,"deletions":1}}},{"hash":"58a4e38c07b761b640390ddf82b6dd53f2ecb691","messageTitle":"Add new elements to detailed contact view","messageBody":"","fileTypesAndContributionMap":{"functional-code":{"insertions":29,"deletions":7}}},{"hash":"d9f667ea28a95798bbeb35efc6ab3bf2caa71978","messageTitle":"Fix checkstyle errors, improve code quality and detailed person view GUI","messageBody":"","fileTypesAndContributionMap":{"functional-code":{"insertions":14,"deletions":20},"test-code":{"insertions":12,"deletions":4}}},{"hash":"9ec2142bcca434ef4c016f8dc22f27cf11c57f38","messageTitle":"Standardise features\u0027 subheading and add view command","messageBody":"","fileTypesAndContributionMap":{"docs":{"insertions":8,"deletions":2}}},{"hash":"2f5a5e8e437a47e176e27af10a2ba926a2830c7f","messageTitle":"Add interim explanation for commands\u0027 behaviour in detailed view","messageBody":"","fileTypesAndContributionMap":{"docs":{"insertions":10,"deletions":0}}},{"hash":"7aafe8071b78584c6ab8a217614d56bcb151d8c4","messageTitle":"Add view command to table of commands","messageBody":"","fileTypesAndContributionMap":{"docs":{"insertions":1,"deletions":0}}}]},{"date":"2022-03-30","commitResults":[{"hash":"31bdd35ec0d11fc323346eada18621f85596d9b1","messageTitle":"View: rephrase and move section Others: Add detailed view format to some features","messageBody":"","fileTypesAndContributionMap":{"docs":{"insertions":54,"deletions":37}}},{"hash":"dc0e1c660707d9806f613de2cc4aadc4f7434a31","messageTitle":"Add delete note and delete deadline commands to UG","messageBody":"","fileTypesAndContributionMap":{"docs":{"insertions":27,"deletions":1}}}]}],"takufunkai":[{"date":"2022-03-01","commitResults":[{"hash":"e0b39d307026bb1dd2bb5742a9d9c9d72259075d","messageTitle":"Update readme","messageBody":"","fileTypesAndContributionMap":{"docs":{"insertions":22,"deletions":12}}},{"hash":"d82cd34f7a75eb96c399c04f8741b7ac92bc547d","messageTitle":"Add ezekiel\u0027s portfolio","messageBody":"","fileTypesAndContributionMap":{"docs":{"insertions":47,"deletions":0}}},{"hash":"091f2a2ebfbb3b86dc33d54e4c1a232fce3d920c","messageTitle":"Update sample portfolio to reflect our team details","messageBody":"","fileTypesAndContributionMap":{"docs":{"insertions":3,"deletions":2}}},{"hash":"99fd79ebee95bbdb78224bdf938cf4578ce1e178","messageTitle":"Fix line separator issue","messageBody":"","fileTypesAndContributionMap":{"docs":{"insertions":47,"deletions":47}}},{"hash":"4cfaaeb94334d46ac3744a0e098e93b69d8c8731","messageTitle":"Add favourites feature and update description to fit project","messageBody":"","fileTypesAndContributionMap":{"docs":{"insertions":34,"deletions":12}}}]},{"date":"2022-03-02","commitResults":[{"hash":"2ce847f3697f2f18ce84935a0e22d45d2dddfa4c","messageTitle":"Fix typos and add favourites to table of commands","messageBody":"","fileTypesAndContributionMap":{"docs":{"insertions":3,"deletions":2}}}]},{"date":"2022-03-03","commitResults":[{"hash":"9f2ad690c17f3741c32b1bc2ca514e851a8a00cc","messageTitle":"Standardize UG","messageBody":"","fileTypesAndContributionMap":{"docs":{"insertions":30,"deletions":31}}},{"hash":"5ead106f287e0c417c53a519e74979112a6c04a1","messageTitle":"Fix capitalization typo","messageBody":"","fileTypesAndContributionMap":{"docs":{"insertions":1,"deletions":1}}}]},{"date":"2022-03-07","commitResults":[{"hash":"7cdee08576b08235406f34d19e088206f3016106","messageTitle":"Add favourites to model and view","messageBody":"","fileTypesAndContributionMap":{"functional-code":{"insertions":124,"deletions":9}}},{"hash":"09b6cbf8a695498db793f0fac8828c94ac7db60b","messageTitle":"Add favourite to storage","messageBody":"","fileTypesAndContributionMap":{"functional-code":{"insertions":62,"deletions":16},"test-code":{"insertions":32,"deletions":10}}},{"hash":"b28ab5022de6aa2a86316e87590e31bcf8aa3ec6","messageTitle":"Finalize favourite functionality","messageBody":"","fileTypesAndContributionMap":{"functional-code":{"insertions":58,"deletions":9}}},{"hash":"1554810ef3b3f2ea4596bfff679595a9106e028f","messageTitle":"Add favbox ui","messageBody":"","fileTypesAndContributionMap":{"functional-code":{"insertions":24,"deletions":3}}},{"hash":"3bc0d3afaa25033d8609925b0ad07dac3da81faf","messageTitle":"Fix styles and tests","messageBody":"","fileTypesAndContributionMap":{"functional-code":{"insertions":35,"deletions":20},"test-code":{"insertions":2,"deletions":1}}}]},{"date":"2022-03-08","commitResults":[{"hash":"82b3f23c5a09b58948753f5606468334daf7c6e4","messageTitle":"Fix javadocs typo","messageBody":"","fileTypesAndContributionMap":{"functional-code":{"insertions":1,"deletions":1}}}]},{"date":"2022-03-14","commitResults":[{"hash":"e3910b636c32eae117f0f8d340bd361ccd5d3d52","messageTitle":"Add favourite tests","messageBody":"","fileTypesAndContributionMap":{"functional-code":{"insertions":8,"deletions":3},"test-code":{"insertions":41,"deletions":0}}},{"hash":"e8368f5394f70ab789585e959d5477ced66bf213","messageTitle":"Add favourite test to jsonadaptedpersontest","messageBody":"","fileTypesAndContributionMap":{"test-code":{"insertions":10,"deletions":0}}},{"hash":"22b2fcc2b9e6424e9abc20f01139739e65d070cd","messageTitle":"Write favouritecommand tests","messageBody":"","fileTypesAndContributionMap":{"functional-code":{"insertions":0,"deletions":5},"test-code":{"insertions":98,"deletions":0}}},{"hash":"8d56f4cb0cdece1a65c9b9a2641356055c6dcb53","messageTitle":"Add list favourites command and logic","messageBody":"","fileTypesAndContributionMap":{"functional-code":{"insertions":59,"deletions":0}}},{"hash":"9e290f90ce6e7cef5de3fb227139b6e3af58c288","messageTitle":"Add listfavourites test","messageBody":"","fileTypesAndContributionMap":{"test-code":{"insertions":69,"deletions":2}}},{"hash":"ecca160d0dfadaa2db92bdbd05834ccc1a346e11","messageTitle":"Fix checkstyle issues","messageBody":"","fileTypesAndContributionMap":{"functional-code":{"insertions":2,"deletions":2},"test-code":{"insertions":12,"deletions":15}}},{"hash":"68040ea044c831660f0fe1dda3f77adfef6a6439","messageTitle":"Fix checkstyle issues","messageBody":"","fileTypesAndContributionMap":{"functional-code":{"insertions":1,"deletions":3},"test-code":{"insertions":17,"deletions":14}}},{"hash":"4023af68d0e54b9bb05e344022dd6429275bb12e","messageTitle":"Update favs userguide and fix format issues","messageBody":"","fileTypesAndContributionMap":{"docs":{"insertions":21,"deletions":30}}}]},{"date":"2022-03-15","commitResults":[{"hash":"4859bc706fe1462802c475f2c55f97cd8d2d441a","messageTitle":"Add notes arraylist to tests","messageBody":"","fileTypesAndContributionMap":{"test-code":{"insertions":2,"deletions":1}}},{"hash":"6f493eb572bfed371100580c2f08d8c2ab470b63","messageTitle":"Improve star shape for favourites","messageBody":"","fileTypesAndContributionMap":{"functional-code":{"insertions":35,"deletions":15}}},{"hash":"258b2970295a0bd62bd3ba40cf8dda50e908d97a","messageTitle":"Integrate star with fxml","messageBody":"","fileTypesAndContributionMap":{"functional-code":{"insertions":7,"deletions":6}}},{"hash":"1ce6e9e4c4bdf4470011e44f706a04534a51e14b","messageTitle":"Apply law of demeter to favourite method","messageBody":"","fileTypesAndContributionMap":{"functional-code":{"insertions":9,"deletions":7}}},{"hash":"dd8cce22171bd418b8f850bbbaf566f450f6ac81","messageTitle":"Remove unused fxml attribute","messageBody":"","fileTypesAndContributionMap":{"functional-code":{"insertions":1,"deletions":3}}}]},{"date":"2022-03-24","commitResults":[{"hash":"1f260d65d246ad0047a09989e5edeee58d15033b","messageTitle":"Fix Persons#equals and add negative tests","messageBody":"","fileTypesAndContributionMap":{"functional-code":{"insertions":6,"deletions":3},"test-code":{"insertions":4,"deletions":0}}},{"hash":"3b6dcad136cbfa42970aa1d0387fbcb8e421c937","messageTitle":"Add favourite diagrams and update dg","messageBody":"","fileTypesAndContributionMap":{"docs":{"insertions":229,"deletions":1}}}]},{"date":"2022-03-25","commitResults":[{"hash":"65d7228a58e3f299c59834610231f93f6997c059","messageTitle":"Fix typo to dg","messageBody":"","fileTypesAndContributionMap":{"docs":{"insertions":5,"deletions":2}}},{"hash":"638215ce213107372a194bd1c419343ed62f310c","messageTitle":"Fix ug formatting","messageBody":"","fileTypesAndContributionMap":{"docs":{"insertions":14,"deletions":22}}}]},{"date":"2022-03-27","commitResults":[{"hash":"7a0e7df9bb307a1a62008b9fbbdfe897f592f4a1","messageTitle":"Add addimage command","messageBody":"","fileTypesAndContributionMap":{"functional-code":{"insertions":60,"deletions":0}}},{"hash":"7035c1f90aacfd6e6ef767438978930e81de7cec","messageTitle":"Add upload image functionality","messageBody":"","fileTypesAndContributionMap":{"functional-code":{"insertions":271,"deletions":2}}}]},{"date":"2022-03-28","commitResults":[{"hash":"c377f415e1eccec55054afa7bf0fb34ce6c37eb5","messageTitle":"Add addimg command","messageBody":"","fileTypesAndContributionMap":{"functional-code":{"insertions":148,"deletions":161}}},{"hash":"e40feda1a3f4f9ab7ba6eee3bc349f2240642119","messageTitle":"Add rudimentary image cards","messageBody":"","fileTypesAndContributionMap":{"functional-code":{"insertions":347,"deletions":17}}},{"hash":"be32196926f1b31286e10daf1c92d8bccda6e1f0","messageTitle":"Functional list and add images","messageBody":"","fileTypesAndContributionMap":{"functional-code":{"insertions":135,"deletions":77}}},{"hash":"240adea02f91cd0656e424f44050b5bdf3023f07","messageTitle":"Add indexes","messageBody":"","fileTypesAndContributionMap":{"functional-code":{"insertions":18,"deletions":15}}},{"hash":"239fc4fc51f3f27fcc86137717326b35449f695a","messageTitle":"Add delete functionality","messageBody":"","fileTypesAndContributionMap":{"functional-code":{"insertions":129,"deletions":0}}},{"hash":"97f8d42d03f1505caead16f028388f5f9f7ffbc3","messageTitle":"Add basic tests","messageBody":"","fileTypesAndContributionMap":{"functional-code":{"insertions":62,"deletions":12},"test-code":{"insertions":125,"deletions":19}}},{"hash":"0916bcedacbf69ad5b587b7289527dc44375ee96","messageTitle":"Fix checkstyle","messageBody":"","fileTypesAndContributionMap":{"functional-code":{"insertions":96,"deletions":67},"test-code":{"insertions":11,"deletions":11}}},{"hash":"9d70156ab7e3dd21d37f8ad5ad7350ddafd598b8","messageTitle":"Improve safety and fixed minor bugs","messageBody":"","fileTypesAndContributionMap":{"functional-code":{"insertions":116,"deletions":42},"test-code":{"insertions":12,"deletions":18}}},{"hash":"271683e0cb31a61f8784bf2bcd33ffacec2a7c64","messageTitle":"Fix checkstyle issues","messageBody":"","fileTypesAndContributionMap":{"functional-code":{"insertions":0,"deletions":2},"test-code":{"insertions":2,"deletions":2}}}]},{"date":"2022-03-29","commitResults":[{"hash":"d9687a33b9b4dc26b7f4c85815a01cf8ca24d91d","messageTitle":"Updated UG and help message","messageBody":"","fileTypesAndContributionMap":{"functional-code":{"insertions":1,"deletions":1},"docs":{"insertions":29,"deletions":8}}},{"hash":"5be687c6b8a9fbd4ccb66b235b8489b3f882c0a4","messageTitle":"Fix typos","messageBody":"","fileTypesAndContributionMap":{"docs":{"insertions":3,"deletions":7}}}]},{"date":"2022-03-30","commitResults":[{"hash":"379f9c73a7297c1c711e8462d41b48a66fab7059","messageTitle":"Update version","messageBody":"","fileTypesAndContributionMap":{"functional-code":{"insertions":1,"deletions":1}}}]}],"tehkokhoe":[{"date":"2022-03-01","commitResults":[{"hash":"befd3e5224330dbb8897ebd77597c78e51cdbc94","messageTitle":"Add deadline feature in user guide and change project name","messageBody":"","fileTypesAndContributionMap":{"docs":{"insertions":14,"deletions":1}}}]},{"date":"2022-03-02","commitResults":[{"hash":"2b34c6dcbffe591f876522cfbd61f766a678ced1","messageTitle":"Adjust grammar mistake and add additional feature to command summary","messageBody":"","fileTypesAndContributionMap":{"docs":{"insertions":11,"deletions":10}}},{"hash":"6f2cfd2d81ddd2a201ba57bb5ea8a560731ad84f","messageTitle":"Add PPP skeleton","messageBody":"","fileTypesAndContributionMap":{"docs":{"insertions":43,"deletions":0}}},{"hash":"c8ca5e7fc5d0f47baaa82097c3905c2b727e846e","messageTitle":"Change PPP name","messageBody":"","fileTypesAndContributionMap":{"docs":{"insertions":1,"deletions":1}}}]},{"date":"2022-03-03","commitResults":[{"hash":"d05a3c26fa07cf43639280e807f82afc9e158ba2","messageTitle":"Change the link for the location of jar file","messageBody":"","fileTypesAndContributionMap":{"docs":{"insertions":1,"deletions":1}}}]},{"date":"2022-03-05","commitResults":[{"hash":"58fe4554bd05d78ed7d8042d5ca7adcf415f792a","messageTitle":"Change User Guide","messageBody":"","fileTypesAndContributionMap":{"docs":{"insertions":16,"deletions":16}}}]},{"date":"2022-03-10","commitResults":[{"hash":"764caeffb8d4f49d20631636116bec750a6853d3","messageTitle":"Adjust UserGuide for deadline","messageBody":"","fileTypesAndContributionMap":{"docs":{"insertions":15,"deletions":15}}},{"hash":"38621c44c9e9809e67ef584035dbc55244721a84","messageTitle":"Add a message for invalid date input","messageBody":"","fileTypesAndContributionMap":{"functional-code":{"insertions":1,"deletions":0}}},{"hash":"79a6d63e1e40c6b9ca34e3701e9a720682140044","messageTitle":"Adjust person dependency","messageBody":"","fileTypesAndContributionMap":{"functional-code":{"insertions":16,"deletions":1}}},{"hash":"4d01551951615d9594d619be663447c1f745c487","messageTitle":"Adjust Person dependency","messageBody":"","fileTypesAndContributionMap":{"functional-code":{"insertions":5,"deletions":1}}},{"hash":"a0eec3fd4816bf7f7e5d607496c4849f933fd308","messageTitle":"Add additional command word cases for enum","messageBody":"","fileTypesAndContributionMap":{"functional-code":{"insertions":12,"deletions":0}}},{"hash":"6e9a8b23ef5aab40cb90d7b65bedadea22a0d1bc","messageTitle":"Add deadline prefix","messageBody":"","fileTypesAndContributionMap":{"functional-code":{"insertions":1,"deletions":0}}},{"hash":"319e149983534fc17a12d5db703b082bb5955dee","messageTitle":"Add parseDeadline","messageBody":"","fileTypesAndContributionMap":{"functional-code":{"insertions":10,"deletions":0}}},{"hash":"b7579274e6e436a34416705883da72a0ff6484ed","messageTitle":"Add deadline to Person model","messageBody":"","fileTypesAndContributionMap":{"functional-code":{"insertions":18,"deletions":3}}},{"hash":"8dc1263e2e5c68364cf003c8e54fa68ad37914e0","messageTitle":"Adjust sample data","messageBody":"","fileTypesAndContributionMap":{"functional-code":{"insertions":14,"deletions":12}}},{"hash":"9493897fb581a8c7cea54c9a0721155c77abf6bc","messageTitle":"Add deadline to JsonAdaptedPerson","messageBody":"","fileTypesAndContributionMap":{"functional-code":{"insertions":28,"deletions":2}}},{"hash":"549c7723b937cd94465e4045640031a9513ac6fb","messageTitle":"Add deadline to UI","messageBody":"","fileTypesAndContributionMap":{"functional-code":{"insertions":4,"deletions":0}}},{"hash":"6932cc77dbd46a5e7bc260a898f934dcff10b8ab","messageTitle":"Add deadline","messageBody":"","fileTypesAndContributionMap":{"functional-code":{"insertions":177,"deletions":0}}},{"hash":"9a054e9226dabed1a589bdd44d7395cf509f03cf","messageTitle":"Adjust Person dependency for Favourite","messageBody":"","fileTypesAndContributionMap":{"functional-code":{"insertions":202,"deletions":0}}},{"hash":"dd7c0dfd45c11141ef9630ad3ed764b7f12087b6","messageTitle":"no message","messageBody":"","fileTypesAndContributionMap":{"functional-code":{"insertions":113,"deletions":0}}}]},{"date":"2022-03-12","commitResults":[{"hash":"ce08a6d60e3f6cef196b11fe2a79ad0a85defcc4","messageTitle":"Resolve Checkstyle","messageBody":"","fileTypesAndContributionMap":{"functional-code":{"insertions":39,"deletions":26},"docs":{"insertions":1,"deletions":1}}},{"hash":"f4b440db21d7ef7122155c7ec635c84175c72f0e","messageTitle":"resolve CI checks","messageBody":"","fileTypesAndContributionMap":{"docs":{"insertions":57,"deletions":35}}},{"hash":"67d6b8b72d2035ca08a8ab50333f6e828ac7a521","messageTitle":"Resolve CI checks","messageBody":"","fileTypesAndContributionMap":{"functional-code":{"insertions":14,"deletions":9},"test-code":{"insertions":33,"deletions":19}}},{"hash":"0a8892038665bc6fb3648dafee50039dfc7c14de","messageTitle":"Resolve CI checks","messageBody":"","fileTypesAndContributionMap":{"functional-code":{"insertions":0,"deletions":1}}},{"hash":"d130a76d8b8281cfcc6373ed8254ed0f6acf323b","messageTitle":"Resolve CI checks","messageBody":"","fileTypesAndContributionMap":{"functional-code":{"insertions":5,"deletions":3},"test-code":{"insertions":1,"deletions":1}}},{"hash":"901db5d3d2717561bbbe4f195d72c73d13ddb791","messageTitle":"Allow edit command to edit deadline","messageBody":"","fileTypesAndContributionMap":{"functional-code":{"insertions":9,"deletions":2}}},{"hash":"30f148716576dab2ce9a9627c43549c2b5596bd3","messageTitle":"Fix minor errors","messageBody":"","fileTypesAndContributionMap":{"functional-code":{"insertions":2,"deletions":2}}},{"hash":"3f8d2be968ab370557fb6be0d31b3990be6e488d","messageTitle":"Add a constant NO_DEADLINE_PLACEHOLDER to prevent magic literals","messageBody":"","fileTypesAndContributionMap":{"functional-code":{"insertions":4,"deletions":3}}}]},{"date":"2022-03-15","commitResults":[{"hash":"ddd62c8b825200e660cb53625d367032bf3253c8","messageTitle":"Allow deadline command to support multiple deadlines","messageBody":"","fileTypesAndContributionMap":{"functional-code":{"insertions":104,"deletions":10}}},{"hash":"a18a906f374ba78ca84957d2f69cfd88b0d3d682","messageTitle":"Adjust UI to show a list of deadlines","messageBody":"","fileTypesAndContributionMap":{"functional-code":{"insertions":22,"deletions":19}}},{"hash":"96659d5fdd79008d3e6caabc21d518c71d1642ea","messageTitle":"Make Person Model accept DeadlineList instead of Deadline","messageBody":"","fileTypesAndContributionMap":{"functional-code":{"insertions":16,"deletions":10}}},{"hash":"9b80dc576d4faa2a0c21efc65c4e24acf1086cb0","messageTitle":"Create a function to parse DeadlineList","messageBody":"","fileTypesAndContributionMap":{"functional-code":{"insertions":15,"deletions":0}}},{"hash":"dc7febb3cf890a3088bd76a657c4590e3ca9215c","messageTitle":"Adjust Person dependencies","messageBody":"","fileTypesAndContributionMap":{"functional-code":{"insertions":25,"deletions":25},"test-code":{"insertions":19,"deletions":18}}},{"hash":"8786e340bbccec353c4a04a5e1a762d389f88977","messageTitle":"Fix CI coverage checks","messageBody":"","fileTypesAndContributionMap":{"functional-code":{"insertions":0,"deletions":5}}},{"hash":"b0d15f6c89b3c1e789eb8fddc5bf49ce3235fb2d","messageTitle":"Remove conflict metadata","messageBody":"","fileTypesAndContributionMap":{"functional-code":{"insertions":0,"deletions":4}}}]},{"date":"2022-03-17","commitResults":[{"hash":"c27995cb031c246b97c1e6d5f431781650197fd9","messageTitle":"Update User Guide","messageBody":"","fileTypesAndContributionMap":{"docs":{"insertions":3,"deletions":2}}},{"hash":"9399999a6e1eb9ddd3e049c0282a3ba0c5cbe07c","messageTitle":"Add descriptions associated to deadlines","messageBody":"","fileTypesAndContributionMap":{"functional-code":{"insertions":40,"deletions":33}}},{"hash":"15ef89a878de3d099acf6ef78a241e6ce8b2c386","messageTitle":"Change how deadline is parsed to fit changes to Deadline object","messageBody":"","fileTypesAndContributionMap":{"functional-code":{"insertions":2,"deletions":1}}},{"hash":"5343f43210f2c6f2245364fa4d0eeff42bc016e6","messageTitle":"Allow parseDeadlines to parse descriptions","messageBody":"","fileTypesAndContributionMap":{"functional-code":{"insertions":17,"deletions":4}}},{"hash":"87d35378f634a0f35b6153287ffe483bc7f76ce0","messageTitle":"Change deadline dependencies","messageBody":"","fileTypesAndContributionMap":{"test-code":{"insertions":10,"deletions":2}}},{"hash":"349ebce369e37ab1e56255b6224d937b32d4f386","messageTitle":"Add tests for deadline command","messageBody":"","fileTypesAndContributionMap":{"test-code":{"insertions":125,"deletions":0}}},{"hash":"ab82908cb822b6a9d9169b210dce49b4088316a6","messageTitle":"Add toString method for DeadlineList","messageBody":"","fileTypesAndContributionMap":{"functional-code":{"insertions":16,"deletions":10}}}]},{"date":"2022-03-24","commitResults":[{"hash":"204fce053086ae005d3a2758c298953058f543a8","messageTitle":"Add Deadline command section for DG","messageBody":"","fileTypesAndContributionMap":{"docs":{"insertions":266,"deletions":0}}},{"hash":"7059a3492cb22ff86ebfc5f98d90028fb82baf08","messageTitle":"Change javadocs to refer to correct object","messageBody":"","fileTypesAndContributionMap":{"functional-code":{"insertions":3,"deletions":3}}},{"hash":"bdcc7849a9eac31c6b6436b35bea170ada37d860","messageTitle":"Fix bug for deadline command","messageBody":"Allow deadline command to accept command without specifying date and description,\nfor example \"deadline 1\", which clears the deadlines for the person in the specified\nindex.\n","fileTypesAndContributionMap":{"functional-code":{"insertions":7,"deletions":1}}},{"hash":"1dc655022899fded60fa99786e16f6a6fd2b6981","messageTitle":"Fix table borders","messageBody":"","fileTypesAndContributionMap":{"docs":{"insertions":22,"deletions":14}}},{"hash":"2ee86f12d2aca269a13da1ec873f13132e21336b","messageTitle":"Add newline at EOF to pass checks","messageBody":"","fileTypesAndContributionMap":{"docs":{"insertions":4,"deletions":4}}},{"hash":"9a034952752dc76ed01464ed691c23165f67936e","messageTitle":"Make changes to deadline diagrams","messageBody":"","fileTypesAndContributionMap":{"docs":{"insertions":3,"deletions":2}}}]},{"date":"2022-03-25","commitResults":[{"hash":"b36d79d41aac435f9a0ab243588ea9c54227169f","messageTitle":"Add note addressing limitation of PlantUML","messageBody":"","fileTypesAndContributionMap":{"docs":{"insertions":6,"deletions":0}}},{"hash":"688aec8d8df7246ec91e2331a20cf282f4a2afcc","messageTitle":"Delete low-level classes in sequence diagram","messageBody":"","fileTypesAndContributionMap":{"docs":{"insertions":0,"deletions":59}}},{"hash":"33fe600518bc0b0451dbe1eafffb198ad3c0d12e","messageTitle":"Update PlantUML diagrams","messageBody":"","fileTypesAndContributionMap":{"docs":{"insertions":21,"deletions":23}}},{"hash":"987ed62bb6fe2e1e8f20b95779d4e7abd8e32eea","messageTitle":"add \u003c/div\u003e to close Notes \u003cdiv\u003e","messageBody":"","fileTypesAndContributionMap":{"docs":{"insertions":1,"deletions":0}}}]},{"date":"2022-03-29","commitResults":[{"hash":"ccac6893f8e36bdf67eac7ac216aab8c7008ce48","messageTitle":"Add invalid criteria message","messageBody":"","fileTypesAndContributionMap":{"functional-code":{"insertions":1,"deletions":1}}},{"hash":"cac67dc3582e64897d925ffef6f80037beaba9a5","messageTitle":"Make LogicManager store a SortedList","messageBody":"","fileTypesAndContributionMap":{"functional-code":{"insertions":8,"deletions":2}}},{"hash":"54c3015dc7eedf285e65d4c78fd006e49c553548","messageTitle":"Make LogicManager store SortedList","messageBody":"","fileTypesAndContributionMap":{"functional-code":{"insertions":6,"deletions":0}}},{"hash":"2e04ddfb09469a15bdf1b740ccd7a0246f7b8a65","messageTitle":"Add sort command","messageBody":"","fileTypesAndContributionMap":{"functional-code":{"insertions":4,"deletions":0}}},{"hash":"6d909d1dfb17c7c9b83459f30dba23e2c1703a3b","messageTitle":"Add various sort methods in model","messageBody":"","fileTypesAndContributionMap":{"functional-code":{"insertions":24,"deletions":3}}},{"hash":"0bd167afd306e4af4c467750ac127753cad3640c","messageTitle":"Add various sort methods in model","messageBody":"","fileTypesAndContributionMap":{"functional-code":{"insertions":38,"deletions":0}}},{"hash":"3d57084ca33672882cf194795c68fe7114ee0abc","messageTitle":"Add comparable interface to models","messageBody":"","fileTypesAndContributionMap":{"functional-code":{"insertions":73,"deletions":13}}},{"hash":"f4fe6461f7d9e28b3b46d44eeb86e4c484bc8b6c","messageTitle":"Allow sorted list to be displayed","messageBody":"","fileTypesAndContributionMap":{"functional-code":{"insertions":1,"deletions":1}}},{"hash":"d3c6ff8619d2c3d97446ed41d88aeef6ca9135fc","messageTitle":"Fix model dependencies","messageBody":"","fileTypesAndContributionMap":{"test-code":{"insertions":11,"deletions":0}}},{"hash":"fd19e32a6a3333b1d76130f02637cea5ce9f48f9","messageTitle":"Add various comparators","messageBody":"","fileTypesAndContributionMap":{"functional-code":{"insertions":192,"deletions":0}}},{"hash":"cd7442980afb4af976d14f7651a8d90d25ca4f55","messageTitle":"Update user guide for sort and deadline","messageBody":"","fileTypesAndContributionMap":{"docs":{"insertions":18,"deletions":0}}},{"hash":"0227ed8304c26f6438991812db1d96af08b9d51d","messageTitle":"Add message for sorting list","messageBody":"","fileTypesAndContributionMap":{"functional-code":{"insertions":1,"deletions":0}}},{"hash":"2ef5d0086a975953229a27fff04a8baafb20da40","messageTitle":"Change usage message for deadline command","messageBody":"","fileTypesAndContributionMap":{"functional-code":{"insertions":7,"deletions":3}}},{"hash":"8f4557ffb9f00caff48b1157842bcc24cb68451a","messageTitle":"Add more criteria for sort command","messageBody":"","fileTypesAndContributionMap":{"functional-code":{"insertions":11,"deletions":1}}},{"hash":"92bdaa46ff56f6a397a8eff9653f55a4a12a9714","messageTitle":"Add criteria to list of criterias","messageBody":"","fileTypesAndContributionMap":{"functional-code":{"insertions":5,"deletions":1}}},{"hash":"ac39f0a4d15370e0ecb0422f104eb0ef4917274a","messageTitle":"Add sort methods for favourite and high importance in model","messageBody":"","fileTypesAndContributionMap":{"functional-code":{"insertions":4,"deletions":0}}},{"hash":"81c3b7df7ef2da799cfa2006b2feec85246b554c","messageTitle":"Add sort methods for favourite and high importance","messageBody":"","fileTypesAndContributionMap":{"functional-code":{"insertions":12,"deletions":0}}},{"hash":"6230b11974510876bbbc58cb2793d6c2e07a3bd2","messageTitle":"Optimize java imports","messageBody":"","fileTypesAndContributionMap":{"functional-code":{"insertions":2,"deletions":3}}},{"hash":"f27dfcb651ed34186fc115922402e94c5f29b53a","messageTitle":"Implement comparable interface","messageBody":"","fileTypesAndContributionMap":{"functional-code":{"insertions":29,"deletions":2}}},{"hash":"94ce2926173eb080bf2582657bb72a11cfa8a24b","messageTitle":"Change model dependencies","messageBody":"","fileTypesAndContributionMap":{"test-code":{"insertions":32,"deletions":0}}},{"hash":"9ca882aff5933f180e21aab5267b19ac893a3909","messageTitle":"Add comparator interfaces","messageBody":"","fileTypesAndContributionMap":{"functional-code":{"insertions":24,"deletions":0}}},{"hash":"f498e47c04434c683a883ee2c6118950ca96c672","messageTitle":"Adjust documentation","messageBody":"","fileTypesAndContributionMap":{"functional-code":{"insertions":1,"deletions":1}}}]},{"date":"2022-03-30","commitResults":[{"hash":"2a24e7ee2f1f55e8f3b2f28c7e5cb42c380edc96","messageTitle":"Fix whitespace problems","messageBody":"","fileTypesAndContributionMap":{"functional-code":{"insertions":2,"deletions":2}}},{"hash":"c5f99b205a74b94e45226504101f521cfa8eb8f7","messageTitle":"Show list of criteria in usage message","messageBody":"","fileTypesAndContributionMap":{"functional-code":{"insertions":23,"deletions":2}}}]},{"date":"2022-03-31","commitResults":[{"hash":"224d586f4f253f9e12d267424b192e2695c1e505","messageTitle":"Update summary table","messageBody":"","fileTypesAndContributionMap":{"docs":{"insertions":1,"deletions":0}}}]}],"glennljw":[{"date":"2022-02-28","commitResults":[{"hash":"ef26d3ac8fc538d2c2d030583801371b46553fd6","messageTitle":"Update AboutUs page to include photos and details of project team","messageBody":"","fileTypesAndContributionMap":{"docs":{"insertions":25,"deletions":24}}}]},{"date":"2022-03-01","commitResults":[{"hash":"b1a658e3639091e92e31297efd87721725855b36","messageTitle":"Add glennljw.md","messageBody":"","fileTypesAndContributionMap":{"docs":{"insertions":43,"deletions":0}}},{"hash":"3268e2364d076a252b2662c034d01494d1a059a6","messageTitle":"Fix trailing whitespaces","messageBody":"","fileTypesAndContributionMap":{"docs":{"insertions":5,"deletions":5}}},{"hash":"0e8b1b28e14d08a6a6a8db0e15fb0c7d81d5d970","messageTitle":"Add find tag features in UserGuide.md","messageBody":"","fileTypesAndContributionMap":{"docs":{"insertions":19,"deletions":0}}},{"hash":"5143dbc0986985a948442485bc6a57bfcaae65a7","messageTitle":"Remove find tag command in example commands","messageBody":"","fileTypesAndContributionMap":{"docs":{"insertions":0,"deletions":2}}},{"hash":"2e954c6a0be94f3f54d4a836e4296881892587b7","messageTitle":"Fix inconsistencies in spacings before colons","messageBody":"","fileTypesAndContributionMap":{"docs":{"insertions":2,"deletions":2}}}]},{"date":"2022-03-02","commitResults":[{"hash":"d0648d0a58fa6020ba80cde72bb40f7eff26aa51","messageTitle":"Add backticks for keywords and tags","messageBody":"","fileTypesAndContributionMap":{"docs":{"insertions":2,"deletions":3}}},{"hash":"17ac886508a3c99f92f89663f16c93fb8c80a239","messageTitle":"Standardise user entry as contacts","messageBody":"","fileTypesAndContributionMap":{"docs":{"insertions":5,"deletions":5}}},{"hash":"f076c3e9d3f4ac089ae9865c24a6ba43252e70f7","messageTitle":"Fix typos in findtag feature in user guide","messageBody":"","fileTypesAndContributionMap":{"docs":{"insertions":2,"deletions":2}}}]},{"date":"2022-03-03","commitResults":[{"hash":"24212fa36ce70118feaf02aa29c4b04e38d741af","messageTitle":"Fix release link for dinterieur.jar","messageBody":"","fileTypesAndContributionMap":{"docs":{"insertions":1,"deletions":1}}},{"hash":"bd0792064c48359b7a3ef47a3d13faaad7f1101f","messageTitle":"Add release link to dinterieur.jar","messageBody":"","fileTypesAndContributionMap":{"docs":{"insertions":1,"deletions":1}}},{"hash":"c30c263b3295d9d4e6738bd06e1bc73eaeebdd10","messageTitle":"Change examples in command summary and quick start sections","messageBody":"","fileTypesAndContributionMap":{"docs":{"insertions":2,"deletions":2}}}]},{"date":"2022-03-07","commitResults":[{"hash":"80481ea4df1713fcb0402f84ea1bef7f5a40d238","messageTitle":"Add find tag feature to be able to locate persons with given tag(s)","messageBody":"","fileTypesAndContributionMap":{"functional-code":{"insertions":119,"deletions":0}}},{"hash":"09716e6c93f41eaaf80e703839fe9e46fbe53c10","messageTitle":"Change for-loop to enhanced for-loop in TagContainsKeywordsPredicate to increase readability","messageBody":"","fileTypesAndContributionMap":{"functional-code":{"insertions":2,"deletions":4}}}]},{"date":"2022-03-17","commitResults":[{"hash":"463e5b912e50a7290574f406c99f7d1b4bfc932c","messageTitle":"Fix bug for TagContainsKeywordsPredicate","messageBody":"","fileTypesAndContributionMap":{"functional-code":{"insertions":4,"deletions":0}}},{"hash":"9f5b9b1b9d66c0435aef3c213b89746ad73d6fd7","messageTitle":"Add tests for findtag feature","messageBody":"","fileTypesAndContributionMap":{"test-code":{"insertions":191,"deletions":0}}},{"hash":"4f4adf924e1ae94f7f6e170dbf69cbade7e4b35f","messageTitle":"Reformat code","messageBody":"","fileTypesAndContributionMap":{"functional-code":{"insertions":2,"deletions":2}}}]},{"date":"2022-03-23","commitResults":[{"hash":"1d9101a1d3eda79366a70d18f7abfef2ce4886b9","messageTitle":"Add create tag feature","messageBody":"","fileTypesAndContributionMap":{"functional-code":{"insertions":336,"deletions":2}}},{"hash":"72ff86599816da40e448e27e79ad1c475bebaa0a","messageTitle":"Add function for storage to save created tags","messageBody":"","fileTypesAndContributionMap":{"functional-code":{"insertions":39,"deletions":4}}}]},{"date":"2022-03-24","commitResults":[{"hash":"c156f809f57506fca630daf6b2e70b786581e50d","messageTitle":"Fix typo in CreateTagCommandParser","messageBody":"","fileTypesAndContributionMap":{"functional-code":{"insertions":2,"deletions":3}}},{"hash":"8b6c2da28f17b21b6a1dbd87f954b5b3e09aa679","messageTitle":"Add methods to delete tags from address book model","messageBody":"","fileTypesAndContributionMap":{"functional-code":{"insertions":32,"deletions":0}}},{"hash":"53c4cb5903968c25ae87e3f8a33e3b3bdd62f74f","messageTitle":"Remove unused imports in UniqueTagList","messageBody":"","fileTypesAndContributionMap":{"functional-code":{"insertions":0,"deletions":2}}},{"hash":"f748b4693137849b146b93e555f819d0dc5b9543","messageTitle":"Update docs for UniqueTagList","messageBody":"","fileTypesAndContributionMap":{"functional-code":{"insertions":1,"deletions":1}}},{"hash":"d2dba68dcf7e7b0f228b2b6cfdd70df2ead2fb1b","messageTitle":"Add tests for UniqueTagList","messageBody":"There are currently no tests for UniqueTagList\n\nAdd unit tests for UniqueTagList as well as modify AddressBookStub and Model\nStub to include new methods added so far.\n","fileTypesAndContributionMap":{"functional-code":{"insertions":1,"deletions":2},"test-code":{"insertions":217,"deletions":2}}},{"hash":"3aff15be382974fe2140dc801d85eb3da64c54d6","messageTitle":"Add unit test for JsonAdaptedTag","messageBody":"","fileTypesAndContributionMap":{"test-code":{"insertions":28,"deletions":0}}},{"hash":"6ff833b204149790a9ca34f4c387cd1e7e2fd897","messageTitle":"Add test for isSameTag method for Tag class","messageBody":"","fileTypesAndContributionMap":{"test-code":{"insertions":17,"deletions":0}}},{"hash":"af82d2d2e671d948506e5e4a352ad486d6b444e5","messageTitle":"Add unit test for CreateTagCommand","messageBody":"","fileTypesAndContributionMap":{"test-code":{"insertions":66,"deletions":4}}},{"hash":"7364e86d88f4a02fa80aa84dc4ffbbfe5fb54a00","messageTitle":"Add unit tests for CreateTagCommand, fix getTypicalAddresBook method in TypicalPersons","messageBody":"","fileTypesAndContributionMap":{"functional-code":{"insertions":5,"deletions":5},"test-code":{"insertions":52,"deletions":14}}},{"hash":"47a9f9b6b92c351847f4d62480254c32571cf463","messageTitle":"Add more tests for JsonSerializableAddressBook","messageBody":"","fileTypesAndContributionMap":{"test-code":{"insertions":30,"deletions":3}}},{"hash":"193a1ef72c021e095adddd673bea80e15e37a5f7","messageTitle":"Add UML sequence diagram for find tag feature and update developer guide with implementation of find tag feature","messageBody":"","fileTypesAndContributionMap":{"docs":{"insertions":120,"deletions":0}}},{"hash":"a9572abb0ada2e89d0eee241c7bc3030471a9e91","messageTitle":"Fix typos in the developer guide","messageBody":"","fileTypesAndContributionMap":{"docs":{"insertions":1,"deletions":1}}},{"hash":"775dee6fc4e7ef9aa972f833f8652878dbd65f20","messageTitle":"Fix bug in FindTagSequenceDiagram and added note in dg to include PlantUML limitation for lifeline after destruction","messageBody":"","fileTypesAndContributionMap":{"docs":{"insertions":5,"deletions":0}}},{"hash":"91853c7da384d690e8c632ba85a191230e97342d","messageTitle":"Fix typos and refactor tests","messageBody":"","fileTypesAndContributionMap":{"functional-code":{"insertions":2,"deletions":2},"test-code":{"insertions":66,"deletions":51}}},{"hash":"76ebba97ec3fd85e1a682226eeb72e86468671d0","messageTitle":"Add constructor for TagNotFoundException to throw error message","messageBody":"","fileTypesAndContributionMap":{"functional-code":{"insertions":5,"deletions":1}}}]},{"date":"2022-03-25","commitResults":[{"hash":"6bf8e4f90659b60df74a730c13062974af487799","messageTitle":"Change test method name in CreateTagCommandTest to change the scope of the test","messageBody":"","fileTypesAndContributionMap":{"test-code":{"insertions":4,"deletions":14}}},{"hash":"13c1b4d7fc9d8349a0c253a8e3b74fe5efdc7ace","messageTitle":"Fix typos and missing html closing header in DG","messageBody":"","fileTypesAndContributionMap":{"docs":{"insertions":149,"deletions":143}}},{"hash":"d0a2c3f15522313588a495d4f98434702df8ccad","messageTitle":"Undo some changes to ensure same format throughout","messageBody":"","fileTypesAndContributionMap":{"docs":{"insertions":26,"deletions":26}}}]},{"date":"2022-03-27","commitResults":[{"hash":"91a55ff2b2dff3a68d93d2b4b296cb427297e4b9","messageTitle":"Add command to assign/unassign tag as well as parser for logic handling","messageBody":"","fileTypesAndContributionMap":{"functional-code":{"insertions":292,"deletions":0}}},{"hash":"9f4b862aed15391d9a606def99a23287c2cb71c4","messageTitle":"Add JavaDocs for UnassignTagCommand and AssignTagCommand","messageBody":"","fileTypesAndContributionMap":{"functional-code":{"insertions":11,"deletions":1}}},{"hash":"9784f157dda434f65617359e6c489b5761906940","messageTitle":"Refactor AssignTagCommand and UnassignTagCommand as well as add unit tests","messageBody":"","fileTypesAndContributionMap":{"functional-code":{"insertions":62,"deletions":22},"test-code":{"insertions":260,"deletions":0}}},{"hash":"f9c54328b8f23d54371cae4d8900686bb80d39d4","messageTitle":"Change test methods in unit test","messageBody":"","fileTypesAndContributionMap":{"test-code":{"insertions":10,"deletions":10}}}]},{"date":"2022-03-28","commitResults":[{"hash":"a0abf4b586d4550b594325aa0261dcaf368a5eb8","messageTitle":"Remove ability to edit tags from edit command and update unit tests accordingly","messageBody":"","fileTypesAndContributionMap":{"functional-code":{"insertions":22,"deletions":49},"test-code":{"insertions":16,"deletions":81}}},{"hash":"d792f13eed7223151bd197955c75c1d58594eb3b","messageTitle":"Remove commented out code","messageBody":"","fileTypesAndContributionMap":{"functional-code":{"insertions":0,"deletions":17}}},{"hash":"a949f2473331248fcd80f370bcbedffdcccca6e3","messageTitle":"Rephrase the MESSAGE_USAGE of AssignTagCommand","messageBody":"","fileTypesAndContributionMap":{"functional-code":{"insertions":2,"deletions":1}}},{"hash":"79718c8c4e8d0f3d95ef0b8aa6acce954a94ba8b","messageTitle":"Rephrase the MESSAGE_USAGE of UnassignTagCommand","messageBody":"","fileTypesAndContributionMap":{"functional-code":{"insertions":2,"deletions":1}}}]},{"date":"2022-03-29","commitResults":[{"hash":"ac8a96b5915c170f8a57e96a24e3a105745ef658","messageTitle":"Add create tag, assign tag, unassign tag features to UG","messageBody":"","fileTypesAndContributionMap":{"docs":{"insertions":49,"deletions":0}}},{"hash":"7341b22a590412d2b9504dfaec5690a5e627f043","messageTitle":"Fix typos","messageBody":"","fileTypesAndContributionMap":{"functional-code":{"insertions":9,"deletions":9},"test-code":{"insertions":10,"deletions":10}}},{"hash":"87895e5f6aa88ccd2e3293d2aa2e3caaf1320bce","messageTitle":"Fix grammar errors","messageBody":"","fileTypesAndContributionMap":{"docs":{"insertions":2,"deletions":2}}},{"hash":"73539caa4e4cd5a998b4e77645e9354448780e2e","messageTitle":"Add features to command summary","messageBody":"","fileTypesAndContributionMap":{"docs":{"insertions":19,"deletions":18}}},{"hash":"0008e91e2e40a348a3f8d0f1636cf93006e08ccb","messageTitle":"Fix edit feature to remove ability to edit tags","messageBody":"","fileTypesAndContributionMap":{"docs":{"insertions":8,"deletions":6}}},{"hash":"aac3eb6c54bd3478ffad6631496ca030cc51c9de","messageTitle":"Change hashcode of AddressBook","messageBody":"","fileTypesAndContributionMap":{"functional-code":{"insertions":2,"deletions":1}}},{"hash":"674319fc1b629d487ac7b5f9450550396d85129d","messageTitle":"Add DeleteTag and Predicate for DeleteTag","messageBody":"","fileTypesAndContributionMap":{"functional-code":{"insertions":118,"deletions":0}}}]},{"date":"2022-03-30","commitResults":[{"hash":"c8c107b5936e1210d06c7836074cfc977e093baf","messageTitle":"Remove TagContainsAnyKeywordPredicate and refactor DeleteTagCommand","messageBody":"","fileTypesAndContributionMap":{"functional-code":{"insertions":158,"deletions":79}}},{"hash":"48eb187f79241dfef8d39896b844f25f717d1452","messageTitle":"Remove comments","messageBody":"","fileTypesAndContributionMap":{"functional-code":{"insertions":0,"deletions":1}}},{"hash":"fa0ad03195db390aab5d5ed8b70262342be4112b","messageTitle":"Add feature to delete tag and maintained consistency for tips","messageBody":"","fileTypesAndContributionMap":{"docs":{"insertions":40,"deletions":23}}}]},{"date":"2022-03-31","commitResults":[{"hash":"d6ff55f7b661a51c0476719be0fce40f7b87939f","messageTitle":"Ui update and add ActivatedTagList","messageBody":"","fileTypesAndContributionMap":{"functional-code":{"insertions":264,"deletions":4},"test-code":{"insertions":20,"deletions":0}}},{"hash":"4a85a81230e703368b163a464dde5db680162efd","messageTitle":"Ui update","messageBody":"","fileTypesAndContributionMap":{"functional-code":{"insertions":28,"deletions":1}}},{"hash":"4b9729335dbefbf7afed8ba02aec640f0a6dfa99","messageTitle":"Change colour of tags activated","messageBody":"","fileTypesAndContributionMap":{"functional-code":{"insertions":2,"deletions":2}}},{"hash":"48a693a53f21ed5285b4141f6218abdffc7f67a5","messageTitle":"Remove debug statements","messageBody":"","fileTypesAndContributionMap":{"functional-code":{"insertions":0,"deletions":1}}}]}]},"authorFileTypeContributionMap":{"xSaints19x":{"docs":132,"functional-code":335,"test-code":46,"other":5},"weijuey":{"docs":302,"functional-code":697,"test-code":127},"takufunkai":{"docs":406,"functional-code":1212,"test-code":353},"tehkokhoe":{"docs":308,"functional-code":971,"test-code":202,"other":1},"glennljw":{"docs":371,"functional-code":1355,"test-code":889}},"authorContributionVariance":{"xSaints19x":4343.5747,"weijuey":11135.995,"takufunkai":70936.43,"tehkokhoe":21481.139,"glennljw":31152.24},"authorDisplayNameMap":{"xSaints19x":"CS2103T-T12-2 DAVI..TARA","weijuey":"CS2103T-T12-2 YOON.. JUE","takufunkai":"CS2103T-T12-2 EZEK.. KAI","tehkokhoe":"CS2103T-T12-2 TEH .. HOE","glennljw":"CS2103T-T12-2 GLEN.. WEI"}}
