{"authorDailyContributionsMap":{"Oddcorner":[{"date":"2022-02-23","commitResults":[{"hash":"f837b172e2743256e7d3bb652b42aec34fdb9b82","messageTitle":"docs: update PPP and AboutUs","messageBody":"","fileTypesAndContributionMap":{"docs":{"insertions":44,"deletions":20}}},{"hash":"a206916b783ff1907c409a8ff3ca90607b78be7a","messageTitle":"fix: Incorrect Regex for doubles","messageBody":"","fileTypesAndContributionMap":{"functional-code":{"insertions":1,"deletions":1}}}]},{"date":"2022-02-24","commitResults":[{"hash":"b1f6e0a2e7ac0153607ea3a0f81128b8d68e98b6","messageTitle":"Add view command","messageBody":"","fileTypesAndContributionMap":{"functional-code":{"insertions":178,"deletions":19}}}]},{"date":"2022-03-01","commitResults":[{"hash":"1ba8cc2b7a2d5f15a6cec20489c1cefc08c4490b","messageTitle":"refactor: update Ui layout","messageBody":"Ui layout does not match the mock-up of our intended final product.\n\nThis makes it hard to visualise command outputs and changes made during\ntesting.\n\nLet\u0027s,\n* update Ui layout to be more similar to our mock-up.\n* rename the application window to \"McKitchen\".\n* change application icon to our McKitchen design.\n","fileTypesAndContributionMap":{"functional-code":{"insertions":54,"deletions":43},"test-code":{"insertions":1,"deletions":1}}}]},{"date":"2022-03-03","commitResults":[{"hash":"c1eb405e5ed5c5eca013a4b73fc0fa122bf3cc0e","messageTitle":"fix: update ViewCommand to reflect changes to Recipe class","messageBody":"","fileTypesAndContributionMap":{"functional-code":{"insertions":31,"deletions":22}}},{"hash":"f17d01bef9b3da753a5cab7305fee4718d6e652f","messageTitle":"docs: update PPP","messageBody":"","fileTypesAndContributionMap":{"docs":{"insertions":8,"deletions":6}}}]},{"date":"2022-03-04","commitResults":[{"hash":"f7afdab43ccd139c03c18d2d6dd0199ecd97cabd","messageTitle":"fix: add missing parseTag/parseTags functions","messageBody":"","fileTypesAndContributionMap":{"functional-code":{"insertions":31,"deletions":1}}},{"hash":"26df989aeb7ea9f61729bdbc2fd4872465303159","messageTitle":"fix: add whitespace in prefixes","messageBody":"The prefix for serving size and steps overlapped when being tokenized\nby ArgumentTokenizer.\n\nThis caused a bug that throws StringIndexOutOfBoundsException when\nuser tries to use the current serving size prefix.\n\nLet\u0027s change the prefixes to include trailing whitespace to resolve\nthis bug.\n","fileTypesAndContributionMap":{"functional-code":{"insertions":6,"deletions":6}}}]},{"date":"2022-03-10","commitResults":[{"hash":"299a7b740dd8b517c05b0bb9f3068d0acfb097ae","messageTitle":"feat!: add view command","messageBody":"","fileTypesAndContributionMap":{"functional-code":{"insertions":24,"deletions":71}}},{"hash":"6c56440d9aa1c858016358e30140fffa27800fa0","messageTitle":"docs: update Javadocs for view command classes","messageBody":"","fileTypesAndContributionMap":{"functional-code":{"insertions":38,"deletions":9}}}]},{"date":"2022-03-11","commitResults":[{"hash":"52e8e5439e77912a910a19eea8924940398097fc","messageTitle":"docs: update Javadocs","messageBody":"","fileTypesAndContributionMap":{"functional-code":{"insertions":4,"deletions":1}}},{"hash":"5ed6474a3655091de3b757a7d4c795dbea939c7c","messageTitle":"docs: update Javadocs for ViewCommandParser class","messageBody":"","fileTypesAndContributionMap":{"functional-code":{"insertions":3,"deletions":0}}},{"hash":"b6b229f81df14367fd8d61f19282f32569692792","messageTitle":"refactor: Update recipe content format","messageBody":"Co-authored-by: Yusuf Bin Musa \u003c29030941+yusufaine@users.noreply.github.com\u003e\n","fileTypesAndContributionMap":{"functional-code":{"insertions":20,"deletions":6}}}]},{"date":"2022-03-15","commitResults":[{"hash":"dd0870ec482e6a0f794a7b57868b66ad7253e727","messageTitle":"feat: Update Ui styling to match mockup","messageBody":"","fileTypesAndContributionMap":{"functional-code":{"insertions":128,"deletions":441}}},{"hash":"3dc421d35828926542a0afa301564477bf482433","messageTitle":"fix: switch to local GopherDisplay font","messageBody":"","fileTypesAndContributionMap":{"functional-code":{"insertions":7,"deletions":5}}},{"hash":"0cbb62837c070934e454dcfd58722e45e27f8e37","messageTitle":"fix: update border to apply only to selected recipe card","messageBody":"","fileTypesAndContributionMap":{"functional-code":{"insertions":6,"deletions":2}}},{"hash":"ae3b2e361907e04dab81d0d1f8db705378dc2727","messageTitle":"fix: enable text wrap for recipe name in recipe card","messageBody":"","fileTypesAndContributionMap":{"functional-code":{"insertions":1,"deletions":0}}},{"hash":"d727acef23c82a4e39b30580c552e3ddb7c3b9d2","messageTitle":"fix: change references to person to recipe","messageBody":"PersonListPanel class as well as PersonList fxml files are not\nappropriately named.\n\nThis inconsistent naming throughout the program files might be\nconfusing in the future.\n\nLets rename these files to reference recipes instead.\n","fileTypesAndContributionMap":{"functional-code":{"insertions":17,"deletions":19},"other":{"insertions":10,"deletions":11}}},{"hash":"8f0e04aa754da807684fb76b3cf6cc14083e56aa","messageTitle":"chore: update fonts","messageBody":"","fileTypesAndContributionMap":{"functional-code":{"insertions":26,"deletions":6}}},{"hash":"c5ae6c450350c4204ff00265044ab5d7112388cd","messageTitle":"chore: remove unused label declarations","messageBody":"","fileTypesAndContributionMap":{"functional-code":{"insertions":0,"deletions":6}}}]}],"yusufaine":[{"date":"2022-02-19","commitResults":[{"hash":"60e2438c265ae2e916876d95309548ecda13ea9d","messageTitle":"feat!: add skeleton Recipe template","messageBody":"Simply converted \"Person\" over to \"Recipe\".\nWe would be utilising Tag that was included in AB3.\n\nTODO: review Ingredient, Name, and Recipe\nTODO: Error handling (exceptions)\nTODO: modify Model* and *UserPrefs if needed\nTODO: modify SimpleDataUtil\n","fileTypesAndContributionMap":{"functional-code":{"insertions":301,"deletions":0}}}]},{"date":"2022-02-20","commitResults":[{"hash":"f0752b8d707a72db3fe753b93d9c26fdc30fc764","messageTitle":"feat!: add main RecipeBook and exceptions","messageBody":"modify equality check to make it more readable.\nadd more void methods to be filled in.\n\nTODO: modify Model*, *UserPrefs, and SimpleDataUtil if needed\n","fileTypesAndContributionMap":{"functional-code":{"insertions":160,"deletions":15}}},{"hash":"277d144296e21d798da30f3194ae49b3f5431861","messageTitle":"feat!: add *Model and *Pref files for RecipeBook","messageBody":"update files in model to fit RecipeBook use, left void methods that\nneeds to be updated and some comments within the code\n\nTODO: review model directory file changes and edit where necessary\n      before working on it\n","fileTypesAndContributionMap":{"functional-code":{"insertions":332,"deletions":7}}},{"hash":"3dea750ff23c6415d9e2f1369584bfbf98f01681","messageTitle":"fix: modify Recipe to make Tag user-specified","messageBody":"Find function now has to search through Ingredient and Tag\n\nTODO: review model directory file changes and edit where necessary\n      before working on it\n","fileTypesAndContributionMap":{"functional-code":{"insertions":3,"deletions":1}}},{"hash":"32ea4d7dee700e39ba4abf910dd591fa2116681d","messageTitle":"style: fix checkstyle issue","messageBody":"","fileTypesAndContributionMap":{"functional-code":{"insertions":49,"deletions":26}}},{"hash":"a0c870b480f2e92604d8051be737488cf90e3369","messageTitle":"docs: update AboutUs and PPP","messageBody":"remove johndoe.md and renamed PPP to github username\n","fileTypesAndContributionMap":{"docs":{"insertions":48,"deletions":53}}},{"hash":"84d395ddf237ecb8499a5f9f732af6ef9e5ee889","messageTitle":"docs: update UserGuide and personal PPP","messageBody":"","fileTypesAndContributionMap":{"docs":{"insertions":67,"deletions":155}}}]},{"date":"2022-02-21","commitResults":[{"hash":"0ee42090d831e2a113ef40b04934ec8f09534cc3","messageTitle":"fix: Constructor for Ingredient and Recipe","messageBody":"quantity be double instead of int (0.5l of milk)\n","fileTypesAndContributionMap":{"functional-code":{"insertions":3,"deletions":3}}},{"hash":"7c85918af95ad6f16b2de70dbfc1b07f9cc4b0fb","messageTitle":"fix: update QUANTITY_CONSTRAINTS","messageBody":"Message should now be easier to understadn that positive values are\naccepted including decimals (0.5l of milk)\n","fileTypesAndContributionMap":{"functional-code":{"insertions":2,"deletions":1}}},{"hash":"0717068dd11e34fec2bed254afe895b3f8156807","messageTitle":"docs: update PPP and AboutUs.","messageBody":"Checking to see if this gets picked up as v1.1\n","fileTypesAndContributionMap":{"docs":{"insertions":1,"deletions":1}}},{"hash":"21bd315410ce851d86955a8353654a1e44d5dfa1","messageTitle":"fix: apply PR code review fixes","messageBody":"","fileTypesAndContributionMap":{"functional-code":{"insertions":106,"deletions":50}}}]},{"date":"2022-02-26","commitResults":[{"hash":"1595d6475b3bf1ca50661cbdbb476ca3d9f9d7fd","messageTitle":"fix: update constraint message for Portion to match validity check","messageBody":"","fileTypesAndContributionMap":{"functional-code":{"insertions":1,"deletions":1}}}]},{"date":"2022-02-28","commitResults":[{"hash":"0bd5e8ce0e215e2dfb87fe70b2e1fc9870389317","messageTitle":"docs: update docs for isValidPortion","messageBody":"Co-authored-by: Oddcorner \u003c90017908+Oddcorner@users.noreply.github.com\u003e","fileTypesAndContributionMap":{"functional-code":{"insertions":1,"deletions":1}}},{"hash":"586ecfa7ceaa07c8e7174f21f2fc9b07e13f5c4e","messageTitle":"feat!: create new Parser class based on AB3","messageBody":"refactor: change variable names in model and storage to match DG\n","fileTypesAndContributionMap":{"functional-code":{"insertions":311,"deletions":105},"docs":{"insertions":2,"deletions":2}}},{"hash":"99aa73d26320c230cffeb3acee7eef1b6396127e","messageTitle":"style: fix checkstyle issue","messageBody":"","fileTypesAndContributionMap":{"functional-code":{"insertions":4,"deletions":5}}},{"hash":"6c3c179776f1725a8899219196df5015ff98e3b5","messageTitle":"fix: revert change to ArgumentMultimap::put","messageBody":"Temporarily reverting the change as it was causing the AB3 test cases to fail.\n\nThis was initially changed so that arguments like ingredients and steps\ncan be given as one input by using \",\" as a delimiter. When implementing\nthat feature (add/edit) we\u0027ll have to either modify it for our use later\nor add another method specifically for CSV values.\n","fileTypesAndContributionMap":{"functional-code":{"insertions":1,"deletions":5}}},{"hash":"98edf6fde0100cc34a0e02e88a268e5b2b30dfaa","messageTitle":"fix: checkstyle issue","messageBody":"","fileTypesAndContributionMap":{"functional-code":{"insertions":0,"deletions":1}}}]},{"date":"2022-03-01","commitResults":[{"hash":"8e150873eb664df3c4363bfab48b87ff374b114e","messageTitle":"style: fix checkstyle issue in ClassDiagram","messageBody":"","fileTypesAndContributionMap":{"docs":{"insertions":1,"deletions":1}}},{"hash":"b2a3e9267a237700f003862ec0f4c94064a73634","messageTitle":"style: fix checkstyle issue in Style","messageBody":"","fileTypesAndContributionMap":{"docs":{"insertions":1,"deletions":1}}},{"hash":"a60f0aefb667b071f8f0f5f89e1bcc7a5ab7da15","messageTitle":"docs: Update DG with Model\u0027s Class Diagram","messageBody":"","fileTypesAndContributionMap":{"docs":{"insertions":111,"deletions":107}}},{"hash":"1876fb51967a4cccb931f0904797b14b264416cf","messageTitle":"fix: quantity error message","messageBody":"Co-authored-by: Ryan Aidan  \u003caidanaden@hotmail.com\u003e","fileTypesAndContributionMap":{"functional-code":{"insertions":1,"deletions":1}}},{"hash":"120791b8fdbd296e78574f797397da2490e2b7b0","messageTitle":"fix: update variable name to match our changes","messageBody":"change portion to serving size\n\nCo-authored-by: Ryan Aidan  \u003caidanaden@hotmail.com\u003e","fileTypesAndContributionMap":{"functional-code":{"insertions":1,"deletions":1}}}]},{"date":"2022-03-02","commitResults":[{"hash":"9f6173a177ce20c218d56bf90d5de81eee422f75","messageTitle":"docs: update javadocs","messageBody":"As pointed out by @blaketingyu","fileTypesAndContributionMap":{"functional-code":{"insertions":2,"deletions":2}}},{"hash":"d42e7f8a38f9d87f6be493a98172ab3bf0601223","messageTitle":"fix: update serving size error string","messageBody":"","fileTypesAndContributionMap":{"functional-code":{"insertions":1,"deletions":1}}},{"hash":"c6b558b48ccc90aa4fb59807999a2557e176a3ff","messageTitle":"docs: update javadocs","messageBody":"change portion to servingSize","fileTypesAndContributionMap":{"functional-code":{"insertions":1,"deletions":1}}},{"hash":"f85d50651c61ce2d578375126d2d136f45ce00d4","messageTitle":"fix: apply suggestions from code review","messageBody":"- Use the ServingSize and CompletionTime constraints message that has already been defined in their own class\n\nCo-authored-by: Oddcorner \u003c90017908+Oddcorner@users.noreply.github.com\u003e","fileTypesAndContributionMap":{"functional-code":{"insertions":2,"deletions":3}}}]},{"date":"2022-03-03","commitResults":[{"hash":"0ee6bec536ef0591d25d72443ae2e623e84c7399","messageTitle":"chore: update website and product scope of DG","messageBody":"","fileTypesAndContributionMap":{"docs":{"insertions":14,"deletions":13}}},{"hash":"c4e040236ac6d46db328c362622affefca223d9d","messageTitle":"chore: update Ui mockup and website\u0027s home page","messageBody":"","fileTypesAndContributionMap":{"docs":{"insertions":4,"deletions":4}}},{"hash":"6a5f188a24ceae1787718db41a01a4ac5958afd3","messageTitle":"fix: ensure clear Prefix flags","messageBody":"to-be-confirmed when when we start ms 1.2","fileTypesAndContributionMap":{"functional-code":{"insertions":4,"deletions":3}}}]},{"date":"2022-03-04","commitResults":[{"hash":"29d00a84baa22c9bfea216e3ba10c860f9db5ffc","messageTitle":"fix: allowed creation of Ingredient with 2 fields","messageBody":"Discussed about the case of \"egg 1\" and agreed that the quantifier field\nshould be kept optional. This means that we also remove the valid\nquantifier check.\n\nThis affects the following apart from Ingredient:\n- RecipeBookParserUtil\n- JsonAdaptedIngredient\n","fileTypesAndContributionMap":{"functional-code":{"insertions":40,"deletions":35}}}]},{"date":"2022-03-06","commitResults":[{"hash":"52cfd2620a5c54ae8c085db23a057975d967a480","messageTitle":"docs: update javadocs for Ingredient","messageBody":"","fileTypesAndContributionMap":{"functional-code":{"insertions":2,"deletions":2}}},{"hash":"e9a2d01d62c1595cfa2e86f5516c4c0db13998b2","messageTitle":"fix(minor): changed PREFIX_STEP to *_STEPS for consistency","messageBody":"","fileTypesAndContributionMap":{"functional-code":{"insertions":1,"deletions":1}}},{"hash":"7d8226e27e5f4dc20d109071edc9103ddbd07b53","messageTitle":"style: fix checkstyle issue","messageBody":"","fileTypesAndContributionMap":{"functional-code":{"insertions":1,"deletions":1}}},{"hash":"56ea7def3ac9f7c8b73f59756ddf6e6a4f5546b2","messageTitle":"style: fix checkstyle error","messageBody":"","fileTypesAndContributionMap":{"functional-code":{"insertions":1,"deletions":0}}}]},{"date":"2022-03-10","commitResults":[{"hash":"f76dc4b665eee27b0535fc64c0b6c190b381e5ae","messageTitle":"test: add test files for model/recipe","messageBody":"modified Step to strip input string and check for isEmpty instead of\nisBlank for consistency with Name\n\nRemaining files to run tests on:\n1. Ingredient,\n2. Recipe, and\n3. UniqueRecipeList\n","fileTypesAndContributionMap":{"functional-code":{"insertions":2,"deletions":1},"test-code":{"insertions":101,"deletions":0}}}]},{"date":"2022-03-11","commitResults":[{"hash":"1ca5001b50662148d7c654cd72906be9de45a49d","messageTitle":"feat!: add FindCommand feature","messageBody":"We will have to test this out when all the features start working\ntogether.\n\nusage:\n* find keyword [, comma-seperated keywords]\n","fileTypesAndContributionMap":{"functional-code":{"insertions":150,"deletions":37}}},{"hash":"2929e0a65387dab8b52bc309a3d006154744fc96","messageTitle":"fix (minor): resolved unsafe operation warning","messageBody":"","fileTypesAndContributionMap":{"functional-code":{"insertions":1,"deletions":1}}},{"hash":"8d766665853ca401d250f40c1ecb4536b82a449a","messageTitle":"fix: Find now searches for given phrase","messageBody":"","fileTypesAndContributionMap":{"functional-code":{"insertions":17,"deletions":1}}},{"hash":"4f1b840ccc64791a3d71647872e502e35aaf9304","messageTitle":"docs: update README and index to reflect our codecov","messageBody":"","fileTypesAndContributionMap":{"docs":{"insertions":3,"deletions":3}}}]},{"date":"2022-03-12","commitResults":[{"hash":"7c550f6117006979317e0209724da53d7558ce70","messageTitle":"Apply suggestions from code review","messageBody":"","fileTypesAndContributionMap":{"functional-code":{"insertions":17,"deletions":1}}},{"hash":"36583da4c56dfe9fafffb8f2f8f2dcb609d9459c","messageTitle":"fix: checkstyle issue","messageBody":"","fileTypesAndContributionMap":{"functional-code":{"insertions":0,"deletions":1}}},{"hash":"4a9bb0f28edb583f1d241cef9cfc08d557041278","messageTitle":"fix: update equals issue","messageBody":"","fileTypesAndContributionMap":{"functional-code":{"insertions":1,"deletions":1}}},{"hash":"ba3e96cc8d7c070a40ab2c660e2d618a8c7cfe0b","messageTitle":"refactor: rename parse parameter to userInput","messageBody":"","fileTypesAndContributionMap":{"functional-code":{"insertions":10,"deletions":10}}},{"hash":"d9e908a224f36a22b5a642d944cb2cb80552c53b","messageTitle":"chore: update javadocs and change filename","messageBody":"","fileTypesAndContributionMap":{"functional-code":{"insertions":17,"deletions":5},"other":{"insertions":7,"deletions":4}}},{"hash":"a45ca2a4552197fa6aee26ee62a824cc2350f9a0","messageTitle":"fix: update usage message for FindCommand","messageBody":"","fileTypesAndContributionMap":{"functional-code":{"insertions":1,"deletions":1}}},{"hash":"c92b7de6f556b22919668644f784007daa9859bd","messageTitle":"chore: update parse","messageBody":"","fileTypesAndContributionMap":{"functional-code":{"insertions":1,"deletions":0}}},{"hash":"a69298460a479405455db9fcfcf33bc0b24f7963","messageTitle":"test: add test file for FindCommand","messageBody":"","fileTypesAndContributionMap":{"test-code":{"insertions":7,"deletions":0}}},{"hash":"ddfc28803562be82a1fc6e1e569531226435c7a5","messageTitle":"fix: FindCommand is now case-insensitive","messageBody":"Closes #70.\n","fileTypesAndContributionMap":{"functional-code":{"insertions":10,"deletions":13},"test-code":{"insertions":0,"deletions":7}}},{"hash":"cea0b9f00e030868b903baa3973b9f29641d5c28","messageTitle":"fix: reduce iteration of toString during Find","messageBody":"","fileTypesAndContributionMap":{"functional-code":{"insertions":10,"deletions":8}}}]},{"date":"2022-03-15","commitResults":[{"hash":"c7dfe7d9a31ebf279dba0f05074ec903df4e8260","messageTitle":"docs: update UG with FindCommand","messageBody":"Some of the points were also shifted around and made into a clickable\nlink for easier navigability.\n","fileTypesAndContributionMap":{"docs":{"insertions":31,"deletions":28}}},{"hash":"e9c15d2b8bb1c43ea106bae028e49befeaf44817","messageTitle":"docs: add return to TOC in sub-sections","messageBody":"","fileTypesAndContributionMap":{"docs":{"insertions":19,"deletions":2}}},{"hash":"30af3d8ebbe0773d71e48ca1ca092c3b82c77905","messageTitle":"feat!: implement ListCommand","messageBody":"Closes #78\n","fileTypesAndContributionMap":{"functional-code":{"insertions":48,"deletions":0},"test-code":{"insertions":17,"deletions":0}}},{"hash":"f8036c6cd2562658b2e54542fcbb70784e155de4","messageTitle":"feat!: implement ExitCommand","messageBody":"Closes #80.\n\nTodo: Update test for ExitCommand\n","fileTypesAndContributionMap":{"functional-code":{"insertions":21,"deletions":0},"test-code":{"insertions":5,"deletions":0}}},{"hash":"e14ffd9fa8ad0cdfd2c97cd5769cbf3c36989d23","messageTitle":"feat!: access (view/delete) recipe by index","messageBody":"Closes #83.\nThis can be used to for other index-based operations as well.\n","fileTypesAndContributionMap":{"functional-code":{"insertions":97,"deletions":24}}},{"hash":"800a23d080f83c17b551e5c807dddb06ee236d5c","messageTitle":"fix: update MESSAGE_USAGE to reflect index access","messageBody":"","fileTypesAndContributionMap":{"functional-code":{"insertions":4,"deletions":2}}}]},{"date":"2022-03-16","commitResults":[{"hash":"ee89973a1824c0de3d73668560c961be540f5e68","messageTitle":"feat!: update index flag to use","messageBody":"","fileTypesAndContributionMap":{"functional-code":{"insertions":9,"deletions":7}}}]},{"date":"2022-03-17","commitResults":[{"hash":"2ade3b1966c3f896943a96a30314cfe9d77167a5","messageTitle":"test: improve code coverage for the files below","messageBody":"100% Code Coverage for:\n- CompletionTime\n- Name\n- ServingSize\n- Step\n- Tag\n\nCloses #90.\nCloses #91.\nCloses #92.\nCloses #95.\nCloses #96.\n","fileTypesAndContributionMap":{"test-code":{"insertions":119,"deletions":0}}},{"hash":"bd258aceb266832cbabf509c190bbbdd6c9024f7","messageTitle":"fix: checkstyle issue","messageBody":"","fileTypesAndContributionMap":{"test-code":{"insertions":27,"deletions":24}}},{"hash":"211f31d45b47e2a0f9185842e029c9bbb255cc18","messageTitle":"test: improve code coverage for SearchSet","messageBody":"Closes #98\n","fileTypesAndContributionMap":{"test-code":{"insertions":24,"deletions":0}}},{"hash":"16a881deb068ec6925863cad2f56774b8e123c0b","messageTitle":"fix: checkstyle issue","messageBody":"","fileTypesAndContributionMap":{"test-code":{"insertions":1,"deletions":2}}},{"hash":"75e774c4e585651a4863121a874b9a8cf8a6c8ec","messageTitle":"test: improve test by including invalid case","messageBody":"Implement suggestion in PR from Blake. :+1:\n","fileTypesAndContributionMap":{"test-code":{"insertions":27,"deletions":6}}},{"hash":"e44dac9c1ba22d7d292447015c809aad4ad504c1","messageTitle":"test: include equality check for consistency","messageBody":"","fileTypesAndContributionMap":{"functional-code":{"insertions":24,"deletions":0},"test-code":{"insertions":29,"deletions":6}}}]},{"date":"2022-03-18","commitResults":[{"hash":"8bbc9d12ec47acecd24ad37f74c9702f0cd5373e","messageTitle":"test: improve CC for RecipeBookSyntax","messageBody":"Closes issue #110\n","fileTypesAndContributionMap":{"test-code":{"insertions":11,"deletions":0}}}]}],"gigituang":[{"date":"2022-02-21","commitResults":[{"hash":"0bf2de65520815b843d63e6311598a73e34813bc","messageTitle":"Update Gigi\u0027s info","messageBody":"","fileTypesAndContributionMap":{"docs":{"insertions":7,"deletions":7}}}]},{"date":"2022-02-24","commitResults":[{"hash":"e78a33af38992df8755882f778a3d7a18e85b8f9","messageTitle":"update User Stories in Developer\u0027s Guide","messageBody":"","fileTypesAndContributionMap":{"docs":{"insertions":11,"deletions":8}}}]},{"date":"2022-02-25","commitResults":[{"hash":"c074817967dd8434a67a8baa32f07f9b33cf3b4e","messageTitle":"docs: update DG","messageBody":"","fileTypesAndContributionMap":{"docs":{"insertions":142,"deletions":23}}}]},{"date":"2022-03-01","commitResults":[{"hash":"f1b01589fc67e0e76f0cc4c35513288e6814e579","messageTitle":"docs: updated DG","messageBody":"","fileTypesAndContributionMap":{"docs":{"insertions":352,"deletions":0}}}]},{"date":"2022-03-10","commitResults":[{"hash":"8594306bea4befe413f6cebed8c7611777813cdb","messageTitle":"Adds DELETE command to McKitchen","messageBody":"","fileTypesAndContributionMap":{"functional-code":{"insertions":103,"deletions":30}}},{"hash":"33a88ffe7b7a3bf5526bea966adf020bc9072b81","messageTitle":"Adds DELETE command to McKitchen","messageBody":"","fileTypesAndContributionMap":{"functional-code":{"insertions":1,"deletions":1}}}]},{"date":"2022-03-15","commitResults":[{"hash":"90bc4ad0ca63d8dd913b0133494bf610bcec4dd3","messageTitle":"update getRecipeIndex java docs in DeleteCommand","messageBody":"","fileTypesAndContributionMap":{"functional-code":{"insertions":6,"deletions":0}}}]}],"blaketingyu":[{"date":"2022-02-21","commitResults":[{"hash":"c0bfe318ec955346e0d70729ff6d0159bd93348c","messageTitle":"docs: update AboutUs page, personal PPP","messageBody":"","fileTypesAndContributionMap":{"docs":{"insertions":8,"deletions":5}}},{"hash":"f7df3a2455bf12599e4462c6aa864f25f5aff99f","messageTitle":"docs: update AboutUs page, personal PPP","messageBody":"","fileTypesAndContributionMap":{"docs":{"insertions":35,"deletions":7}}},{"hash":"d3becadfaeb8bac616904782727c7d87398fe964","messageTitle":"docs: fix file name for photo and ppp","messageBody":"","fileTypesAndContributionMap":{"docs":{"insertions":0,"deletions":0}}},{"hash":"5de0d4195d2e496bd4616ad4a1d9a66d82264737","messageTitle":"merge with upstream repo","messageBody":"","fileTypesAndContributionMap":{"docs":{"insertions":3,"deletions":3}}}]},{"date":"2022-02-24","commitResults":[{"hash":"ae8ed8f0ada50ed097871247d7e8ba27ca79f624","messageTitle":"Feature: Refactor Storage","messageBody":"","fileTypesAndContributionMap":{"functional-code":{"insertions":452,"deletions":0}}}]},{"date":"2022-02-25","commitResults":[{"hash":"4ae8560982520fb152ded1005d81d2ac2e11347c","messageTitle":"feat: add storage feature for McKitchen","messageBody":"","fileTypesAndContributionMap":{"functional-code":{"insertions":778,"deletions":11},"other":{"insertions":580,"deletions":0}}},{"hash":"f22dd62bff85620df6117b75c9087112057bd3ee","messageTitle":"style: change the code according to checkstyle","messageBody":"","fileTypesAndContributionMap":{"functional-code":{"insertions":2,"deletions":6},"other":{"insertions":71,"deletions":68}}},{"hash":"5c8740012ca13355c8772e283b2784750b728312","messageTitle":"feat: add storage feature for McKitchen","messageBody":"","fileTypesAndContributionMap":{"other":{"insertions":0,"deletions":580}}}]},{"date":"2022-02-26","commitResults":[{"hash":"2d80bb89b0f2a2cdb42c58c1eb1d3e240b3c3a0c","messageTitle":"fix: rectify javadocs issues and changed Portion class attribute data type to make checking for valid portion stricter","messageBody":"","fileTypesAndContributionMap":{"functional-code":{"insertions":43,"deletions":41}}},{"hash":"1a3dccc5fab06da19e2350ab13fdbf15423c565c","messageTitle":"refactor: rename function isValidSteps to isValidstep","messageBody":"","fileTypesAndContributionMap":{"functional-code":{"insertions":1,"deletions":1}}},{"hash":"211772500f60265a2620a78e1380655f55bf4fde","messageTitle":"refactor: rename function isValidSteps to isValidstep","messageBody":"","fileTypesAndContributionMap":{"functional-code":{"insertions":2,"deletions":2}}},{"hash":"8051af4fb0834ed9527397084190c039ae53f67d","messageTitle":"fix: fix merge conflicts and edit JsonAdaptedRecipe file accordingly to the new attribute, completionTime","messageBody":"","fileTypesAndContributionMap":{"functional-code":{"insertions":22,"deletions":10}}}]},{"date":"2022-02-27","commitResults":[{"hash":"f4637cd94f2efd1677432dbbdaa63939c33618b0","messageTitle":"style: change variable name of stepName to step in JsonAdaptedStep class file","messageBody":"","fileTypesAndContributionMap":{"functional-code":{"insertions":9,"deletions":9}}}]},{"date":"2022-02-28","commitResults":[{"hash":"a178f5e0ea5870d6f244de99c260359ea15e7ef9","messageTitle":"docs: update non-null check for completionTime and add param tag for readOnlyRecipeBook","messageBody":"","fileTypesAndContributionMap":{"functional-code":{"insertions":3,"deletions":1}}}]},{"date":"2022-03-13","commitResults":[{"hash":"e91e2f6b75b90fecfd4fe112280acd2e9d0c1c4f","messageTitle":"test: add tests for storage\u0027s functionalities","messageBody":"These tests ensures that the storage\u0027s loading and reading functionality are working as intended\n\nTests are implemented so that the recipes in the json files are exactly identical to the recipe objects created in the program\n\nLet\u0027s,\n\n* Update the equals method to make checking for identical recipes to be easier\n","fileTypesAndContributionMap":{"test-code":{"insertions":12,"deletions":0}}},{"hash":"1d7890cfee05ecbc97c278a3e38b526df0e41d1f","messageTitle":"test: add tests for storage\u0027s functionalities","messageBody":"These tests ensures that the storage\u0027s loading and reading functionality are working as intended\n\nTests are implemented so that the recipes in the json files are exactly identical to the recipe objects created in the program\n\nLet\u0027s,\n\n* Update the equals method to make checking for identical recipes to be easier\n","fileTypesAndContributionMap":{"functional-code":{"insertions":58,"deletions":14},"test-code":{"insertions":917,"deletions":325}}},{"hash":"c954a760645c26f421d6292293a488f4188380b4","messageTitle":"style: remove unused imports and commented out tests which are yet to be able to be checked","messageBody":"","fileTypesAndContributionMap":{"test-code":{"insertions":50,"deletions":63}}},{"hash":"4233a93e06952c966acec51b0ad5480c31c50c24","messageTitle":"style: Remove whitespaces and added newline at respetive EOFs","messageBody":"","fileTypesAndContributionMap":{"docs":{"insertions":11,"deletions":11}}},{"hash":"90e4c4457fb7667347cc7339538faec634acee81","messageTitle":"style: insert full stop on a new line","messageBody":"","fileTypesAndContributionMap":{"functional-code":{"insertions":2,"deletions":2}}}]},{"date":"2022-03-14","commitResults":[{"hash":"9dd77073ff755779c0748b5cb1f32a8f1893feef","messageTitle":"perf: reuse existing code from ParseIngredients to adhere to the DRY Principle","messageBody":"","fileTypesAndContributionMap":{"functional-code":{"insertions":7,"deletions":37}}},{"hash":"60012757aa9b004668fe706b60e33426ff9a5978","messageTitle":"perf: reuse existing code from ParseIngredients to adhere to the DRY Principle","messageBody":"","fileTypesAndContributionMap":{"functional-code":{"insertions":5,"deletions":1}}},{"hash":"dfef65adab8c93b3a25c98245c471d045a08e876","messageTitle":"fix: change the servingSize check in Recipe class for the equals method in Recipes to work","messageBody":"","fileTypesAndContributionMap":{"functional-code":{"insertions":2,"deletions":8},"test-code":{"insertions":63,"deletions":55}}}]},{"date":"2022-03-15","commitResults":[{"hash":"116af88885af7932653db6cebf09be17123fd28d","messageTitle":"docs: make changes to line spacing and java docs issues","messageBody":"","fileTypesAndContributionMap":{"functional-code":{"insertions":3,"deletions":0},"test-code":{"insertions":0,"deletions":1}}}]},{"date":"2022-03-17","commitResults":[{"hash":"ce8bf66a2127ac96ab8fe9a97da12427035e2297","messageTitle":"docs: update project page","messageBody":"","fileTypesAndContributionMap":{"docs":{"insertions":3,"deletions":3}}}]}],"aidanaden":[{"date":"2022-02-23","commitResults":[{"hash":"77b765ba20bf14ee60b447f55ff43cb8fac1d16a","messageTitle":"Update PPP, AboutUs and add profile picture png","messageBody":"","fileTypesAndContributionMap":{"docs":{"insertions":9,"deletions":9}}}]},{"date":"2022-02-24","commitResults":[{"hash":"d3807264c39cb9c908527ab252f26f6ce8609911","messageTitle":"Recipe: rename directions variable to recipe","messageBody":"","fileTypesAndContributionMap":{"functional-code":{"insertions":9,"deletions":9}}},{"hash":"06319d5210ab4e88abc5c939659fa3b71a720be7","messageTitle":"Recipe: add completionTime attribute to recipe class","messageBody":"","fileTypesAndContributionMap":{"functional-code":{"insertions":12,"deletions":3}}}]},{"date":"2022-02-25","commitResults":[{"hash":"c01521b9ce7a75882c843a98edb4d1a9dfd51baf","messageTitle":"Apply suggestions from code review","messageBody":"Add units for completion time in toString fn\n\nCo-authored-by: Oddcorner \u003c90017908+Oddcorner@users.noreply.github.com\u003e","fileTypesAndContributionMap":{"functional-code":{"insertions":1,"deletions":1}}},{"hash":"27defb2ce3c05083009f94afaf3ca31b13c5cb10","messageTitle":"Add CompletionTime class and update Recipe class to store completion time as CompletionTime object","messageBody":"","fileTypesAndContributionMap":{"functional-code":{"insertions":61,"deletions":4}}},{"hash":"d071a744e5937071518c8c949ca82a401defbdd7","messageTitle":"Update Recipe class equals fn to use getter instead of directly accessing private variable","messageBody":"","fileTypesAndContributionMap":{"functional-code":{"insertions":1,"deletions":1}}},{"hash":"db9a88bcd3e78d399ba303f3a5b45d5d74d33e22","messageTitle":"Fix CompletionTime MESSAGE_CONSTRAINT typo","messageBody":"","fileTypesAndContributionMap":{"functional-code":{"insertions":1,"deletions":1}}},{"hash":"7320bacc2b65d031ae29517534ca89be3e300a0b","messageTitle":"CompletionTime: Update MESSAGE_CONSTRAINTS text to be more accurate","messageBody":"","fileTypesAndContributionMap":{"functional-code":{"insertions":1,"deletions":1}}},{"hash":"6bdc39ecbcbc9738fc79785b4a81d3eec20d2557","messageTitle":"Recipe: Update equals fn to use CompletionTime equals fn to compare equality of completion times","messageBody":"","fileTypesAndContributionMap":{"functional-code":{"insertions":1,"deletions":1}}},{"hash":"2573bf79754f0ebf9cd9ae404cf2373541ea4760","messageTitle":"Update src/main/java/seedu/address/model/recipe/CompletionTime.java","messageBody":"Co-authored-by: Yusuf Bin Musa \u003c29030941+yusufaine@users.noreply.github.com\u003e","fileTypesAndContributionMap":{"functional-code":{"insertions":1,"deletions":1}}},{"hash":"b38f3c0fb09263899575fc003dc32ad9117ad770","messageTitle":"Update src/main/java/seedu/address/model/recipe/Recipe.java","messageBody":"Co-authored-by: Yusuf Bin Musa \u003c29030941+yusufaine@users.noreply.github.com\u003e","fileTypesAndContributionMap":{"functional-code":{"insertions":2,"deletions":2}}}]},{"date":"2022-02-26","commitResults":[{"hash":"49d52e2382dcaaaae7537b19dbc03a14b0837034","messageTitle":"Update src/main/java/seedu/address/model/recipe/Step.java","messageBody":"","fileTypesAndContributionMap":{"functional-code":{"insertions":1,"deletions":1}}}]},{"date":"2022-03-06","commitResults":[{"hash":"f47cc7f75054d24e1fe02f29546363a6baa63c74","messageTitle":"In progress of adding ADD command","messageBody":"","fileTypesAndContributionMap":{"functional-code":{"insertions":615,"deletions":1130},"other":{"insertions":18,"deletions":45},"test-code":{"insertions":2378,"deletions":2795}}}]},{"date":"2022-03-08","commitResults":[{"hash":"c2fee9a51d84fd0f4335bffb482c5824afcab04a","messageTitle":"Add ADD recipe command","messageBody":"","fileTypesAndContributionMap":{"functional-code":{"insertions":146,"deletions":1325},"other":{"insertions":10,"deletions":10},"test-code":{"insertions":962,"deletions":952}}}]},{"date":"2022-03-17","commitResults":[{"hash":"98dcca65c4a013d6c3ceff41a30bb8fd9bb99510","messageTitle":"Refactor: refactor and standardize Command classes","messageBody":"","fileTypesAndContributionMap":{"functional-code":{"insertions":134,"deletions":68}}}]}]},"authorFileTypeContributionMap":{"Oddcorner":{"docs":46,"functional-code":346,"test-code":1},"yusufaine":{"docs":259,"functional-code":1271,"test-code":310},"gigituang":{"docs":383,"functional-code":18,"test-code":0},"blaketingyu":{"docs":46,"functional-code":525,"test-code":740},"aidanaden":{"docs":9,"functional-code":741,"test-code":2889}},"authorContributionVariance":{"Oddcorner":16847.31,"yusufaine":37577.508,"gigituang":5292.4854,"blaketingyu":211207.48,"aidanaden":1945275.5},"authorDisplayNameMap":{"Oddcorner":"CS2103T-T17-2 NG G..OBIN","yusufaine":"CS2103T-T17-2 YUSU..MUSA","gigituang":"CS2103T-T17-2 TUAN..GIGI","blaketingyu":"CS2103T-T17-2 TAN ..G YU","aidanaden":"CS2103T-T17-2 RYAN..RIYA"}}
