{"authorDailyContributionsMap":{"DaneMarc":[{"date":"2022-02-25","commitResults":[{"hash":"40b5f701f2e855ec92e014f276b18af96acae0d6","messageTitle":"Update find function to search all the attributes of a person","messageBody":"","fileTypesAndContributionMap":{"functional-code":{"insertions":46,"deletions":7},"test-code":{"insertions":14,"deletions":14}}},{"hash":"78a50592e67823a750f4cec8365a2d8e7122b72d","messageTitle":"Update AboutUs, DeveloperGuide, UserGuide and add product mockup and PPP","messageBody":"","fileTypesAndContributionMap":{"docs":{"insertions":70,"deletions":18}}},{"hash":"6c73a3f66b3b94dd54c39e1463f56471cfd3c809","messageTitle":"Update AboutUs and DeveloperGuide","messageBody":"","fileTypesAndContributionMap":{"docs":{"insertions":2,"deletions":2}}},{"hash":"2c30f901b19f206137ea4693b8df42f4a08d45eb","messageTitle":"Update FindCommand to comply with checkstyle","messageBody":"","fileTypesAndContributionMap":{"functional-code":{"insertions":2,"deletions":1}}},{"hash":"389d6bbbbc98ddaf627fdb3ec48166f7196f534c","messageTitle":"Update AddressBookParserTest to comply with checkstyle","messageBody":"","fileTypesAndContributionMap":{"test-code":{"insertions":1,"deletions":1}}}]},{"date":"2022-03-03","commitResults":[{"hash":"5a99791924787c488923f094e11d0b342cf53587","messageTitle":"Update PersonContainsKeywordsPredicate","messageBody":"","fileTypesAndContributionMap":{"functional-code":{"insertions":1,"deletions":1}}}]},{"date":"2022-03-09","commitResults":[{"hash":"65c09e5a1efd619602e6a1db8dd168eb78f113b7","messageTitle":"Add the ability to chain multiple commands using the \u0027|\u0027 operator","messageBody":"","fileTypesAndContributionMap":{"functional-code":{"insertions":19,"deletions":9}}},{"hash":"10af6282308ba847d13a15a445759996e501b0e8","messageTitle":"Update user guide and PPP","messageBody":"","fileTypesAndContributionMap":{"docs":{"insertions":6,"deletions":2}}}]},{"date":"2022-03-12","commitResults":[{"hash":"5bda543205336fa6971a9924f3bd62962be2067a","messageTitle":"Update containsWordIgnoreCase method to allow partial matches (#43)","messageBody":"","fileTypesAndContributionMap":{"functional-code":{"insertions":3,"deletions":6},"test-code":{"insertions":1,"deletions":1}}}]},{"date":"2022-03-20","commitResults":[{"hash":"935cd28f0e1ecf30ba3196eff1027f24e94d0deb","messageTitle":"Fix flowpane styling","messageBody":"","fileTypesAndContributionMap":{"functional-code":{"insertions":7,"deletions":1}}},{"hash":"350e2054539611788c8f6b7da67fe77724e0b916","messageTitle":"Update UI","messageBody":"Kept the old css file for future use\n","fileTypesAndContributionMap":{"functional-code":{"insertions":190,"deletions":19}}},{"hash":"c1651f3ab002b9359f312847be13d5e8b3e79ed0","messageTitle":"Update membership tags, menu bar and spacing","messageBody":"","fileTypesAndContributionMap":{"functional-code":{"insertions":28,"deletions":39}}}]},{"date":"2022-03-21","commitResults":[{"hash":"e7af85b33d012eaf5756f2899ea57fe681897b74","messageTitle":"Minor UI tweaks","messageBody":"","fileTypesAndContributionMap":{"functional-code":{"insertions":8,"deletions":20}}},{"hash":"ee6f19b6fc8f61c5ec375ebfb450b32576d23b92","messageTitle":"Refactor MainWindow.fxml and minor ui tweaks","messageBody":"","fileTypesAndContributionMap":{"functional-code":{"insertions":13,"deletions":14}}},{"hash":"2b56f80b050f8b6a77ed73ab05e03423ea11d8d4","messageTitle":"Add the ability to switch themes, minor UI tweaks and refactor","messageBody":"Also added a new app icon\n","fileTypesAndContributionMap":{"functional-code":{"insertions":301,"deletions":411},"test-code":{"insertions":1,"deletions":1}}}]},{"date":"2022-03-22","commitResults":[{"hash":"10ef8c040822b5efaa98a8e8846d47bbae5a544c","messageTitle":"Refactor stylesheets and minor UI tweaks","messageBody":"","fileTypesAndContributionMap":{"functional-code":{"insertions":93,"deletions":160}}},{"hash":"0ba5c3e1432d55126011ec88f5dbbf29431e8036","messageTitle":"Update UI","messageBody":"","fileTypesAndContributionMap":{"functional-code":{"insertions":33,"deletions":15}}},{"hash":"343a66521ce940b791077980348fa505ea0f9731","messageTitle":"Change membership tag color","messageBody":"","fileTypesAndContributionMap":{"functional-code":{"insertions":1,"deletions":1}}}]},{"date":"2022-03-24","commitResults":[{"hash":"7c48445969cd554927d0ed6f90c95ea357c68089","messageTitle":"Update DG, add asserts, and minor UI tweaks","messageBody":"","fileTypesAndContributionMap":{"functional-code":{"insertions":9,"deletions":5},"docs":{"insertions":21,"deletions":0}}}]},{"date":"2022-03-26","commitResults":[{"hash":"fb51fc5ae8a88211addc6ac03b0e9b179316c715","messageTitle":"Add autocomplete/autocorrect","messageBody":"","fileTypesAndContributionMap":{"functional-code":{"insertions":51,"deletions":0}}},{"hash":"4002c438d5d58350182ef9a62fe4edfc957d2978","messageTitle":"Formatting changes","messageBody":"","fileTypesAndContributionMap":{"functional-code":{"insertions":1,"deletions":4}}},{"hash":"6677c162fec78a5d0cd4c7755d8d187fdd98a7aa","messageTitle":"Fix checkstyle","messageBody":"","fileTypesAndContributionMap":{"functional-code":{"insertions":8,"deletions":7}}},{"hash":"e56cbba4ac4efd7e8c2d4738c11990b944fc4fd2","messageTitle":"Change activation key to ctrl, performance improvements","messageBody":"","fileTypesAndContributionMap":{"functional-code":{"insertions":13,"deletions":12}}}]},{"date":"2022-03-27","commitResults":[{"hash":"56b6bb552175bd1e7295c46f9e2188986ce75827","messageTitle":"Update to handle edge cases such as empty inputs (#96)","messageBody":"","fileTypesAndContributionMap":{"functional-code":{"insertions":24,"deletions":16}}},{"hash":"9dcb7bd4cea8995072722b2fc0163bcbf326d7f9","messageTitle":"Update find function","messageBody":"","fileTypesAndContributionMap":{"functional-code":{"insertions":6,"deletions":8}}},{"hash":"bcf9f6604a3c87516d5eda548f30a5c7a6e287f5","messageTitle":"Formatting","messageBody":"","fileTypesAndContributionMap":{"functional-code":{"insertions":1,"deletions":1}}},{"hash":"ddb0e28f4d588162517175232e7ad27d38dc5464","messageTitle":"Update UI","messageBody":"","fileTypesAndContributionMap":{"functional-code":{"insertions":30,"deletions":35}}},{"hash":"75dbe5cc0670dc66cfa6f697cfefac99c07f4189","messageTitle":"Change autocomplete key to TAB and update UserGuide","messageBody":"","fileTypesAndContributionMap":{"functional-code":{"insertions":11,"deletions":12},"docs":{"insertions":21,"deletions":15}}},{"hash":"11ac01d44826af6d0bdeaeafb7771aa172edcd4b","messageTitle":"Add theme saving","messageBody":"","fileTypesAndContributionMap":{"functional-code":{"insertions":14,"deletions":3},"test-code":{"insertions":6,"deletions":6}}}]},{"date":"2022-03-28","commitResults":[{"hash":"b89b45b3034eaf1bc15ab7168bd3e2490543359e","messageTitle":"Update find to allow partial matches for tags","messageBody":"","fileTypesAndContributionMap":{"functional-code":{"insertions":2,"deletions":2}}},{"hash":"c1500715c37511d99565b02cb0f7c57a5813aa2d","messageTitle":"Move command execution logic to PersonListPanel to handle deselection","messageBody":"","fileTypesAndContributionMap":{"functional-code":{"insertions":47,"deletions":31}}},{"hash":"72a2784dfc2a3eb63d97499301c8bf3f8d551821","messageTitle":"Fix checkstyle","messageBody":"","fileTypesAndContributionMap":{"functional-code":{"insertions":2,"deletions":3}}}]},{"date":"2022-03-29","commitResults":[{"hash":"95f5a3b9c66017d6401629b2e1ffbb8a1a0d4f84","messageTitle":"Add tests for command chaining and update tests for find and storage","messageBody":"","fileTypesAndContributionMap":{"test-code":{"insertions":104,"deletions":3}}},{"hash":"77ce65fd2683db445179af39376c9c5a298c45e6","messageTitle":"Update membership ui","messageBody":"","fileTypesAndContributionMap":{"functional-code":{"insertions":14,"deletions":21}}}]},{"date":"2022-03-30","commitResults":[{"hash":"e6bb773b94d941a25abadd5be4bbcc765b6adab7","messageTitle":"Update command chaining to ignore commands preceding an invalid command","messageBody":"","fileTypesAndContributionMap":{"functional-code":{"insertions":23,"deletions":10},"test-code":{"insertions":5,"deletions":6}}},{"hash":"49b205096017f57bcf5c1c62f98c558fc1775566","messageTitle":"Update command completion/correction to prioritise completion","messageBody":"","fileTypesAndContributionMap":{"functional-code":{"insertions":14,"deletions":4}}},{"hash":"4212c23130b8b2dfb06c778bc8abf877c820fa55","messageTitle":"Formatting","messageBody":"","fileTypesAndContributionMap":{"functional-code":{"insertions":0,"deletions":2}}},{"hash":"1c2c4b7e3c1f9c37d4b0701fa098fe7a9c67a54f","messageTitle":"Update command completion/correction","messageBody":"","fileTypesAndContributionMap":{"functional-code":{"insertions":4,"deletions":3}}},{"hash":"703c64d58ddc1fbd68797f85f8a30a5507202be9","messageTitle":"PERFORMANCE IMPROVEMENTS","messageBody":"","fileTypesAndContributionMap":{"functional-code":{"insertions":1,"deletions":1}}},{"hash":"a241dcbf0194b540c805ae7624c05db161b853ea","messageTitle":"Update UserGuide, index and command execution performance","messageBody":"","fileTypesAndContributionMap":{"functional-code":{"insertions":19,"deletions":14},"docs":{"insertions":34,"deletions":14}}},{"hash":"804178acc1f0cc4ebac5ae99a06a146b8652ee34","messageTitle":"Change variable name","messageBody":"","fileTypesAndContributionMap":{"functional-code":{"insertions":3,"deletions":3}}},{"hash":"2e44f271792be588e73a0d4834119fa8275af02b","messageTitle":"Brought in try catch in LogicManager","messageBody":"","fileTypesAndContributionMap":{"functional-code":{"insertions":7,"deletions":7}}},{"hash":"268194a30d0388786b764d5ea9fac5f9741c84eb","messageTitle":"Fix bug","messageBody":"","fileTypesAndContributionMap":{"functional-code":{"insertions":2,"deletions":3}}},{"hash":"d9494a474602c4c32c05c8d584817b1c8779e175","messageTitle":"Minor tweaks","messageBody":"","fileTypesAndContributionMap":{"functional-code":{"insertions":7,"deletions":7}}}]},{"date":"2022-03-31","commitResults":[{"hash":"6e5d0fb87c127a281becca374f17fbfc5cd753e1","messageTitle":"Minor twerks","messageBody":"","fileTypesAndContributionMap":{"functional-code":{"insertions":10,"deletions":16}}},{"hash":"d3ba53aa009455a3bbd2c5279bb998abd544ff4d","messageTitle":"Update PersonCard UI","messageBody":"","fileTypesAndContributionMap":{"functional-code":{"insertions":1,"deletions":1}}},{"hash":"fd4c4ef3efdf15e3f11cbd78c66dba367fcd5a57","messageTitle":"Update DG","messageBody":"","fileTypesAndContributionMap":{"docs":{"insertions":60,"deletions":11}}},{"hash":"890f69deaaf9452f813e9609d6da03fc6dd1c853","messageTitle":"Update UI","messageBody":"","fileTypesAndContributionMap":{"functional-code":{"insertions":4,"deletions":4}}}]}],"TypeDefinition":[{"date":"2022-03-02","commitResults":[{"hash":"1f68fc95c9a6eaaba079a7a1050a2d26e9c49376","messageTitle":"Make person fields more modular.","messageBody":"","fileTypesAndContributionMap":{"functional-code":{"insertions":134,"deletions":49},"other":{"insertions":1,"deletions":1},"docs":{"insertions":2,"deletions":2},"test-code":{"insertions":4,"deletions":4}}},{"hash":"29c9661f870ee28b4740bdd892969ae4330351c3","messageTitle":"Fix checkstyle issues","messageBody":"","fileTypesAndContributionMap":{"functional-code":{"insertions":24,"deletions":7}}},{"hash":"e4d6a5b16f3290894e005db936cdb7edee60f3d8","messageTitle":"Fix checkstyle issues","messageBody":"","fileTypesAndContributionMap":{"functional-code":{"insertions":21,"deletions":15}}},{"hash":"d190e24564dd30312bd7f6cf3de182195bf55cac","messageTitle":"Fix test case failure","messageBody":"","fileTypesAndContributionMap":{"functional-code":{"insertions":7,"deletions":5}}},{"hash":"ff4fef8623a27c685b8546beab904a663d54b7dd","messageTitle":"Fix issues as pointed out in PR #16","messageBody":"","fileTypesAndContributionMap":{"functional-code":{"insertions":18,"deletions":4}}},{"hash":"b317b8b4a1df8f6d056780ca50e2444201c254d6","messageTitle":"Fix checkstyle issues","messageBody":"","fileTypesAndContributionMap":{"functional-code":{"insertions":1,"deletions":1}}}]},{"date":"2022-03-03","commitResults":[{"hash":"c5c6166c1eed2639e192c76afd3c6195c9ef8996","messageTitle":"Revert back to before the refactor","messageBody":"This project is awful. I can\u0027t do anything about it short of deleting it\nand rewriting it from the ground up. So I\u0027m just going to revert it to\nthe way it was and we\u0027ll have to deal with it.\n\nI know this git commit does not follow the git convention. I don\u0027t care.\nI hate it.\n","fileTypesAndContributionMap":{"functional-code":{"insertions":61,"deletions":185},"other":{"insertions":1,"deletions":1},"test-code":{"insertions":4,"deletions":4}}},{"hash":"370d6fa579bea06f68bcc1f9793647365607c839","messageTitle":"Add remarks to person","messageBody":"","fileTypesAndContributionMap":{"functional-code":{"insertions":235,"deletions":27},"test-code":{"insertions":69,"deletions":16}}},{"hash":"6d652bad90070015395c924c4508637f534e05ea","messageTitle":"Fix checkstyle issue","messageBody":"","fileTypesAndContributionMap":{"functional-code":{"insertions":2,"deletions":2}}},{"hash":"b6da0b5c3b3c640b05f212a4e44376db0b132389","messageTitle":"Update documents","messageBody":"","fileTypesAndContributionMap":{"docs":{"insertions":36,"deletions":4}}}]},{"date":"2022-03-04","commitResults":[{"hash":"f0ac8e805b0523f6a20b8db15b9238e5ec13260b","messageTitle":"Refactor the code so that adding fields to Person is modular.","messageBody":"","fileTypesAndContributionMap":{"functional-code":{"insertions":541,"deletions":466},"other":{"insertions":30,"deletions":31},"docs":{"insertions":2,"deletions":2},"test-code":{"insertions":164,"deletions":308}}}]},{"date":"2022-03-05","commitResults":[{"hash":"32cf676a54e8374940f860a94929196fbfb6cab4","messageTitle":"Fix crash when remark is not provided when adding a person","messageBody":"","fileTypesAndContributionMap":{"functional-code":{"insertions":52,"deletions":52},"test-code":{"insertions":8,"deletions":9}}},{"hash":"43e2c97c7c92ba51d20606ff9cf73a4b430c0775","messageTitle":"Fix issues according to code review for PR #24","messageBody":"","fileTypesAndContributionMap":{"functional-code":{"insertions":27,"deletions":10}}}]},{"date":"2022-03-10","commitResults":[{"hash":"7ecb4328af49e3ffb8f4602d317ac5363fb31bf6","messageTitle":"Fix a deep copy/shallow copy bug in Person","messageBody":"","fileTypesAndContributionMap":{"functional-code":{"insertions":2,"deletions":2}}}]},{"date":"2022-03-12","commitResults":[{"hash":"18193f645d809cbcfe66a655608f320b93cc0865","messageTitle":"Remove unecessary field parsers","messageBody":"There are parsers for every field in Person, which comprehensive tests\nfor each of the parser. However, these parsers are are duplicates of the\nsame functionality as the constructors of the fields themselves, with\nthe only exception being a String.trim() call.\n\nRemoving these duplicated code improves the code quality and vastly\nreduces the number of tests necessary.\n\nAs a step towards better code quality, let\u0027s remove all of these\nduplicated, useless, worthless, trash, shit code. Doing so will improve\nour efficiency, decrease our workload, and improve our sanity.\n","fileTypesAndContributionMap":{"functional-code":{"insertions":144,"deletions":216},"test-code":{"insertions":66,"deletions":212}}},{"hash":"c57cc95a58a3c992428789d4bcb40bea9f8aa3ce","messageTitle":"Fix checkstyle issues","messageBody":"","fileTypesAndContributionMap":{"functional-code":{"insertions":13,"deletions":3},"test-code":{"insertions":0,"deletions":15}}},{"hash":"45087b384b7a11e5c5fa1f15510b501f4c52fdfa","messageTitle":"[Resolves #40] Remove unecessary field parsers (#42)","messageBody":"* Remove unecessary field parsers\r\n\r\nThere are parsers for every field in Person, which comprehensive tests\r\nfor each of the parser. However, these parsers are are duplicates of the\r\nsame functionality as the constructors of the fields themselves, with\r\nthe only exception being a String.trim() call.\r\n\r\nRemoving these duplicated code improves the code quality and vastly\r\nreduces the number of tests necessary.\r\n\r\nAs a step towards better code quality, let\u0027s remove all of these\r\nduplicated, useless, worthless, trash, shit code. Doing so will improve\r\nour efficiency, decrease our workload, and improve our sanity.\r\n\r\n* Fix checkstyle issues","fileTypesAndContributionMap":{"functional-code":{"insertions":154,"deletions":216},"test-code":{"insertions":66,"deletions":227}}},{"hash":"d0d847c8696cf707efebe80beb2012f2288bd090","messageTitle":"[Resolves #41] Make the saving system adaptable to any new Fields in Person","messageBody":"","fileTypesAndContributionMap":{"functional-code":{"insertions":103,"deletions":315},"test-code":{"insertions":1,"deletions":435}}}]},{"date":"2022-03-13","commitResults":[{"hash":"d6747e40957f41fca4f0c64a911ec247a93a08b4","messageTitle":"Fix the test cases so that they better reflect the current state of the application","messageBody":"","fileTypesAndContributionMap":{"functional-code":{"insertions":77,"deletions":90},"other":{"insertions":1,"deletions":16},"test-code":{"insertions":456,"deletions":528}}},{"hash":"cebc9da59de6ad64695d3cc49ea3526d329072cb","messageTitle":"Fix the test cases so that they better reflect the current state of the application","messageBody":"","fileTypesAndContributionMap":{"other":{"insertions":1,"deletions":1},"test-code":{"insertions":14,"deletions":12}}},{"hash":"828c25336488432409dcdf4bb66b786f57e09393","messageTitle":"Made a method to add and remove tags from Person","messageBody":"","fileTypesAndContributionMap":{"functional-code":{"insertions":70,"deletions":10},"test-code":{"insertions":14,"deletions":14}}}]},{"date":"2022-03-17","commitResults":[{"hash":"9379a991baee609ed6cd62ae5c4d1d9a3343d8ba","messageTitle":"Set optional fields to appear in a FlowPane instead of a label","messageBody":"","fileTypesAndContributionMap":{"functional-code":{"insertions":17,"deletions":17}}},{"hash":"2cde34091cd584873fd3d5e720328fdef08df335","messageTitle":"Fix checkstyle issue","messageBody":"","fileTypesAndContributionMap":{"functional-code":{"insertions":1,"deletions":0}}}]},{"date":"2022-03-22","commitResults":[{"hash":"3bc9abeae15d6c132b9632bf8b6fc9775383be42","messageTitle":"Enable assertions","messageBody":"","fileTypesAndContributionMap":{"other":{"insertions":5,"deletions":1}}},{"hash":"cba7305a71ee0c151d01b721ed0102082c60b84f","messageTitle":"Enable assertions (#75)","messageBody":"","fileTypesAndContributionMap":{"other":{"insertions":5,"deletions":1}}}]},{"date":"2022-03-24","commitResults":[{"hash":"8b86a1ce592f5e4719f78a92973aea6616585038","messageTitle":"Add AppendCommand \u0026 RemoveCommand","messageBody":"","fileTypesAndContributionMap":{"functional-code":{"insertions":271,"deletions":30},"test-code":{"insertions":23,"deletions":26}}},{"hash":"3d704b320a7f8b2fd7ac6f469b05d2cb14898930","messageTitle":"Update version number","messageBody":"","fileTypesAndContributionMap":{"functional-code":{"insertions":1,"deletions":1}}}]},{"date":"2022-03-25","commitResults":[{"hash":"b442d9af5fce8e92f551b567c3b5518a48ac2c49","messageTitle":"Add command history","messageBody":"","fileTypesAndContributionMap":{"functional-code":{"insertions":54,"deletions":3}}},{"hash":"7dca5fcd0dfd907091d881bdc59419e050bf3f1f","messageTitle":"Update preferences.json","messageBody":"","fileTypesAndContributionMap":{"functional-code":{"insertions":3,"deletions":3}}}]},{"date":"2022-03-26","commitResults":[{"hash":"7ab65fe6a76fbd90fc879ed44a4a60afd310a6a0","messageTitle":"Add unique id to Person for transactions to reference","messageBody":"","fileTypesAndContributionMap":{"functional-code":{"insertions":70,"deletions":40},"test-code":{"insertions":5,"deletions":7}}}]},{"date":"2022-03-27","commitResults":[{"hash":"486c84108982d9dae1eeae4b0b830901f3852f94","messageTitle":"Update User Guide (#95)","messageBody":"* Update user guide\r\n\r\n* Update Ui.png\r\n\r\n* Delete preferences.json\r\n\r\n* Remove segment in UG for command not done by me","fileTypesAndContributionMap":{"functional-code":{"insertions":11,"deletions":5},"docs":{"insertions":110,"deletions":73}}},{"hash":"66eaae669263686f909aa10bbdeb8ad10336421f","messageTitle":"Update user guide","messageBody":"","fileTypesAndContributionMap":{"docs":{"insertions":18,"deletions":4}}},{"hash":"a13b4a30366735bb11a1f9f689e3a98692c2c34c","messageTitle":"Update user guide (#97)","messageBody":"* Update user guide\r\n\r\n* Update Ui.png\r\n\r\n* Delete preferences.json\r\n\r\n* Remove segment in UG for command not done by me\r\n\r\n* Update user guide","fileTypesAndContributionMap":{"docs":{"insertions":18,"deletions":4}}},{"hash":"63835c0deb44b95c73f53a1a7050d68d7b520a6b","messageTitle":"Update user guide","messageBody":"","fileTypesAndContributionMap":{"docs":{"insertions":27,"deletions":25}}},{"hash":"6e672bda3b35d622884dfce3409b109df28f091e","messageTitle":"Update user guide","messageBody":"","fileTypesAndContributionMap":{"docs":{"insertions":9,"deletions":9}}},{"hash":"1d96d672ceb984227de03739b1e089065eda380e","messageTitle":"Update user guide","messageBody":"","fileTypesAndContributionMap":{"docs":{"insertions":25,"deletions":25}}},{"hash":"269a593008059ac4cbbabb68e38dc6d7636d01de","messageTitle":"Update user guide","messageBody":"","fileTypesAndContributionMap":{"docs":{"insertions":19,"deletions":21}}},{"hash":"5d1f2eee061998c8915d569389ca5fe25ad76def","messageTitle":"Update command summary in user guide","messageBody":"","fileTypesAndContributionMap":{"docs":{"insertions":80,"deletions":74}}},{"hash":"00b9b57e084bc6695beba602a9a782e865206796","messageTitle":"Update UserGuide.md","messageBody":"","fileTypesAndContributionMap":{"docs":{"insertions":1,"deletions":1}}},{"hash":"5faf6f518412a92bded0d1c1d6da23ffb77536e5","messageTitle":"Add RemarkCommand to user guide","messageBody":"","fileTypesAndContributionMap":{"docs":{"insertions":15,"deletions":1}}},{"hash":"d196773acdcdbcc7bd61701ffe3e249a66d883e7","messageTitle":"Update user guide","messageBody":"","fileTypesAndContributionMap":{"docs":{"insertions":56,"deletions":26}}},{"hash":"85873ae4398e1548da276b7d17049b7341f31995","messageTitle":"Update user guide","messageBody":"","fileTypesAndContributionMap":{"docs":{"insertions":8,"deletions":0}}},{"hash":"b19b81ab92c6f41fd5f76c59110a063266f7dad2","messageTitle":"Add GUI Overview to UserGuide.md","messageBody":"","fileTypesAndContributionMap":{"docs":{"insertions":2,"deletions":2}}},{"hash":"2d0b654858b87c001e976222ba3975a1820fc111","messageTitle":"Update README","messageBody":"","fileTypesAndContributionMap":{"docs":{"insertions":25,"deletions":8}}},{"hash":"d39732258ed74c22571982cbfbcbb02aaa8dded6","messageTitle":"Update README.md","messageBody":"","fileTypesAndContributionMap":{"docs":{"insertions":1,"deletions":1}}},{"hash":"f3cf1272f9001013f9e123e646bad4dbc63e14bf","messageTitle":"Update UserGuide.md","messageBody":"","fileTypesAndContributionMap":{"docs":{"insertions":1,"deletions":1}}},{"hash":"79b47fac19a853daf7904023a044dc2ca4c77f1a","messageTitle":"Update index.md","messageBody":"","fileTypesAndContributionMap":{"docs":{"insertions":23,"deletions":5}}},{"hash":"ee42f866900a5cec7d48642dc894ab71b1c120c0","messageTitle":"Update index.md","messageBody":"","fileTypesAndContributionMap":{"docs":{"insertions":0,"deletions":2}}},{"hash":"c76aac4f4fa9ea43a2881133641f70ed2522d6c6","messageTitle":"Update index.md","messageBody":"","fileTypesAndContributionMap":{"docs":{"insertions":1,"deletions":1}}},{"hash":"823e15da5f8a1e08216f113fdbaf6d159568f139","messageTitle":"Update UserGuide.md","messageBody":"","fileTypesAndContributionMap":{"docs":{"insertions":2,"deletions":0}}},{"hash":"bdd5c44c113da9eeaff39533165be55f9ecfb287","messageTitle":"Update UserGuide.md","messageBody":"","fileTypesAndContributionMap":{"docs":{"insertions":1,"deletions":1}}},{"hash":"d013c93abb4609b7e653927aead3ae552120e862","messageTitle":"Update UserGuide.md","messageBody":"","fileTypesAndContributionMap":{"docs":{"insertions":6,"deletions":6}}},{"hash":"258c1cae318fc9978eea2c589d225d2b78efdd2a","messageTitle":"Update UserGuide.md","messageBody":"","fileTypesAndContributionMap":{"docs":{"insertions":1,"deletions":1}}}]},{"date":"2022-03-28","commitResults":[{"hash":"37cfa266f8db1f9a431ec1b145766d96683067d5","messageTitle":"Update UserGuide.md","messageBody":"","fileTypesAndContributionMap":{"docs":{"insertions":1,"deletions":1}}},{"hash":"cfccb26e04facb54886f39de6c3cba7c9673e50b","messageTitle":"Update UserGuide.md","messageBody":"","fileTypesAndContributionMap":{"docs":{"insertions":9,"deletions":1}}}]},{"date":"2022-03-30","commitResults":[{"hash":"2772fc12de92a49739cc89a121a0afc6deaffd7f","messageTitle":"Updated command messages and error messages","messageBody":"","fileTypesAndContributionMap":{"functional-code":{"insertions":59,"deletions":66}}},{"hash":"a4aa5de79b1add3120c33fcaf866f910d0ddd874","messageTitle":"Update user guide \u0026 changes some command outputs","messageBody":"","fileTypesAndContributionMap":{"functional-code":{"insertions":16,"deletions":15},"other":{"insertions":1,"deletions":1},"docs":{"insertions":3,"deletions":3}}},{"hash":"871bd9835feeae73ef07c2e003981097e945e449","messageTitle":"Update UserGuide.md","messageBody":"","fileTypesAndContributionMap":{"docs":{"insertions":1,"deletions":1}}},{"hash":"3c5ccd19a504bfda3e2636bdc110ac1103490741","messageTitle":"Update version number","messageBody":"","fileTypesAndContributionMap":{"functional-code":{"insertions":1,"deletions":1}}},{"hash":"11e7fe2835245707cb39c951cb4f6e5e5d715e2f","messageTitle":"Unify command output \u0026 errors to have the same grammatical style","messageBody":"","fileTypesAndContributionMap":{"functional-code":{"insertions":101,"deletions":98},"test-code":{"insertions":23,"deletions":24}}},{"hash":"7b66a08175d0c08135c122b69091aa64816ca22b","messageTitle":"Fix typos in command outputs","messageBody":"","fileTypesAndContributionMap":{"functional-code":{"insertions":27,"deletions":19}}},{"hash":"2c51b8d66e37a1e4c3b010a89e8a866a87acc3a5","messageTitle":"Fix command output typos","messageBody":"","fileTypesAndContributionMap":{"functional-code":{"insertions":19,"deletions":19}}},{"hash":"4678b4505c87e13e0d7edfaf0648e790a0b53b81","messageTitle":"Fix broken test case","messageBody":"","fileTypesAndContributionMap":{"test-code":{"insertions":1,"deletions":1}}},{"hash":"42ae738a5283fc031a1535bde70b1152cff72c2b","messageTitle":"Update addTransaction output","messageBody":"","fileTypesAndContributionMap":{"functional-code":{"insertions":1,"deletions":2}}}]},{"date":"2022-03-31","commitResults":[{"hash":"73078578798f81a0a83796b0fe4cf0328b8fa074","messageTitle":"Update command output \u0026 user guide","messageBody":"","fileTypesAndContributionMap":{"functional-code":{"insertions":9,"deletions":9},"docs":{"insertions":14,"deletions":13}}},{"hash":"6116d1b33fe9fdb72cc164756e81767d1ecf8c0b","messageTitle":"Update user guide on INDEX","messageBody":"","fileTypesAndContributionMap":{"functional-code":{"insertions":9,"deletions":9},"docs":{"insertions":21,"deletions":13}}}]}],"LapisRaider":[{"date":"2022-03-01","commitResults":[{"hash":"b2af33e1c3c5a41479456fec6e37a12d17183289","messageTitle":"Dummy commit","messageBody":"Triggers CI to confirm CI is able to upload generated coverage data to CodeCov.","fileTypesAndContributionMap":{"docs":{"insertions":1,"deletions":0}}},{"hash":"af40671357e166e8fca239992bf2eb3ead2eaf22","messageTitle":"Update Readme to have Codecov badge","messageBody":"","fileTypesAndContributionMap":{"docs":{"insertions":1,"deletions":0}}},{"hash":"2af6bca42d339ca043c4e73e72e29f3478036519","messageTitle":"Update README.md","messageBody":"","fileTypesAndContributionMap":{"docs":{"insertions":0,"deletions":1}}}]},{"date":"2022-03-03","commitResults":[{"hash":"799de9983c470b819a0c055ee77e709d1a49c091","messageTitle":"Update edit command to use updated person\u0027s fields","messageBody":"When new fields are added into person class, they also need to be manually added and updated to editCommand and editCommandParser.\n\nUpdate with changes made from PR #16. Allows the fields to be modified and updated in one place without having to update edit command and edit command parser.\n\nThe decoupling will help make things smoother in the future and the process more efficient. Chances of bugs are also reduced since everything will be in a single place. Reduces the need to make multiple changes when new fields are added.\n","fileTypesAndContributionMap":{"functional-code":{"insertions":44,"deletions":62}}},{"hash":"8aaaf2b4ad3d8be1c9ab93a2b4a4720d5da298bd","messageTitle":"Check if person\u0027s primary key is violated in edit command","messageBody":"User can input multiple people with the same emails or other fields that are suppose to be unique with the same values.\n\nMake editCommand check whether when a user edits a field value, there is already an existing value.\n\nHelps prevent duplicate or \u0027fake\u0027 persons from populating the addressBook.\n","fileTypesAndContributionMap":{"functional-code":{"insertions":68,"deletions":0}}},{"hash":"758f852400fb16761bda2467e37e118681d6e4bf","messageTitle":"Fix checkstyle issue for AddressBook","messageBody":"","fileTypesAndContributionMap":{"functional-code":{"insertions":8,"deletions":8}}},{"hash":"133e5163fd25b0af0093dbfe53e5a44ced1af01d","messageTitle":"Fix issues with testcases related to EditPersonDescriptor","messageBody":"","fileTypesAndContributionMap":{"test-code":{"insertions":26,"deletions":12}}},{"hash":"1f1a8875bb53dc7b9503c7375082b2280b5eb847","messageTitle":"Modify same field violation in addressBook to use isSamePerson instead","messageBody":"There\u0027s redundant codes for checking whether the person\u0027s edit data is already in the addressBook.\n\nModify to use the function isSamePerson instead and isSamePerson would now check the fields that should not be duplicated in the addressBook instead of just checking the name since people can have the same name.\n","fileTypesAndContributionMap":{"functional-code":{"insertions":17,"deletions":55},"test-code":{"insertions":2,"deletions":7}}},{"hash":"2d3548e922e7d520edbae725a9b0c053dda7fe73","messageTitle":"Update test cases","messageBody":"","fileTypesAndContributionMap":{"test-code":{"insertions":5,"deletions":10}}},{"hash":"66a4bea0b5c20b4f5318f5be43419eb7745221a2","messageTitle":"Editcommand supports remark","messageBody":"","fileTypesAndContributionMap":{"functional-code":{"insertions":10,"deletions":6}}},{"hash":"ada6e9350f8baaa030a0fca2d220a9b54afcfffb","messageTitle":"Make email the special key instead of name","messageBody":"","fileTypesAndContributionMap":{"functional-code":{"insertions":8,"deletions":3}}},{"hash":"3c1eb08f28002c6fb8fa0208060b6aacafa4d8f9","messageTitle":"Fix checkstyle issues","messageBody":"","fileTypesAndContributionMap":{"functional-code":{"insertions":3,"deletions":3},"test-code":{"insertions":11,"deletions":11}}},{"hash":"85a5c20e7e16e5cc0391f77d997872d082625a79","messageTitle":"Update test cases","messageBody":"","fileTypesAndContributionMap":{"functional-code":{"insertions":4,"deletions":3},"test-code":{"insertions":29,"deletions":1}}},{"hash":"d3c74a67b245392fd363d6cf2fb4c5eab7adbf38","messageTitle":"Update documentation","messageBody":"","fileTypesAndContributionMap":{"docs":{"insertions":82,"deletions":16}}}]},{"date":"2022-03-11","commitResults":[{"hash":"ff67d6a7ae6274c511ffaf0719d16de23ee322f1","messageTitle":"Set up base for sortCommand","messageBody":"","fileTypesAndContributionMap":{"functional-code":{"insertions":152,"deletions":0}}}]},{"date":"2022-03-12","commitResults":[{"hash":"debc44812a0fb555d797d4e95a663d71029cc2d3","messageTitle":"Able to sort base on a single attribute","messageBody":"","fileTypesAndContributionMap":{"functional-code":{"insertions":35,"deletions":13}}},{"hash":"2b2b00e12a6a7846f95b039f1218e42a0a1b3eba","messageTitle":"Able to chain multiple attributes for sorting","messageBody":"","fileTypesAndContributionMap":{"functional-code":{"insertions":9,"deletions":3}}},{"hash":"10d7b39f00d267aa4ec5a742882f11d1ef49cfbe","messageTitle":"Fix checkstyle issues","messageBody":"","fileTypesAndContributionMap":{"functional-code":{"insertions":37,"deletions":42}}},{"hash":"0da4312bafd264fb4aee8f0f92bcbbb1cb2d5eaa","messageTitle":"Add header comments for sort related functions and class","messageBody":"","fileTypesAndContributionMap":{"functional-code":{"insertions":63,"deletions":13}}},{"hash":"816c90a22e0f673f1857aa2e3912efe943a5c9e0","messageTitle":"Update test case","messageBody":"","fileTypesAndContributionMap":{"test-code":{"insertions":6,"deletions":0}}},{"hash":"2ba017db9a8c96895186dd6063bf9f51b205fa8c","messageTitle":"Add error checking for sort command","messageBody":"","fileTypesAndContributionMap":{"functional-code":{"insertions":29,"deletions":7}}}]},{"date":"2022-03-16","commitResults":[{"hash":"1f82c15e5e781a2cbd7e6552e5ce4cae93d4c09a","messageTitle":"Fix null error when sorting with desc","messageBody":"","fileTypesAndContributionMap":{"functional-code":{"insertions":1,"deletions":1}}},{"hash":"5401bc11c6db26691ccbb7f0dde17106c2da492b","messageTitle":"Sort command can sort birthday and not tags","messageBody":"","fileTypesAndContributionMap":{"functional-code":{"insertions":2,"deletions":1}}},{"hash":"a87f1d49a7f09e96d25eed77fce13068f33f460c","messageTitle":"Add test case for sortCommandParser","messageBody":"","fileTypesAndContributionMap":{"functional-code":{"insertions":45,"deletions":3},"test-code":{"insertions":271,"deletions":0}}},{"hash":"c31449bc7392acc51014fb19e388676e4c0738b1","messageTitle":"Modify and add more test case for SortCommand","messageBody":"","fileTypesAndContributionMap":{"functional-code":{"insertions":7,"deletions":1},"test-code":{"insertions":337,"deletions":92}}}]},{"date":"2022-03-17","commitResults":[{"hash":"861c8981326b7e7efcb69efeae5ee28146b8449b","messageTitle":"Make Field class implement comparable.","messageBody":"Currently in sort command, it is sorting by the string value of the fields.\n\nHowever, some fields does not use string value.\n\nThus, to make it more modular, we should abstract the comparing to be done in the fields instead.\n","fileTypesAndContributionMap":{"functional-code":{"insertions":79,"deletions":5}}},{"hash":"c48ed07c0863a8266d8e97ca85013d7e4f7ca33b","messageTitle":"Add sort test case for birthday","messageBody":"","fileTypesAndContributionMap":{"test-code":{"insertions":17,"deletions":11}}},{"hash":"8317bfe0b9a954b2b3b01b186b982a1bd147c56d","messageTitle":"Sort command sorts null to have lesser priority","messageBody":"","fileTypesAndContributionMap":{"functional-code":{"insertions":33,"deletions":10},"test-code":{"insertions":2,"deletions":2}}},{"hash":"1c24c2eab4d64a8c8ad9344e1831f1aa985cf885","messageTitle":"Add new test cases for SortCommand","messageBody":"","fileTypesAndContributionMap":{"test-code":{"insertions":12,"deletions":2}}},{"hash":"7778181fc8d003d4a15e459933fc34419ed28de2","messageTitle":"Fix checkstyle issue","messageBody":"","fileTypesAndContributionMap":{"functional-code":{"insertions":15,"deletions":24},"test-code":{"insertions":91,"deletions":51}}},{"hash":"4324f4f7a1958214cdf5823bace75d457823c8c7","messageTitle":"Add test case for sorting with phone number","messageBody":"","fileTypesAndContributionMap":{"test-code":{"insertions":32,"deletions":0}}}]},{"date":"2022-03-24","commitResults":[{"hash":"85099503264b7b9a8e997b614918fc4e865564f7","messageTitle":"Add undoCommand, addressBookTempStorage base files","messageBody":"","fileTypesAndContributionMap":{"functional-code":{"insertions":92,"deletions":0}}},{"hash":"0dff60df328f8bfaedf4b8bab8f3d11df63fa413","messageTitle":"Setup temperary address book storage","messageBody":"","fileTypesAndContributionMap":{"functional-code":{"insertions":56,"deletions":3},"other":{"insertions":8,"deletions":6},"test-code":{"insertions":1,"deletions":1}}},{"hash":"58d62373dc5bdb0c01920c9af3d311690c57e33a","messageTitle":"Able to undo previously execueted commands","messageBody":"","fileTypesAndContributionMap":{"functional-code":{"insertions":54,"deletions":5}}},{"hash":"1d779d2ea3c9c69be77e0100a9eb039ba371e20b","messageTitle":"Add header comments","messageBody":"","fileTypesAndContributionMap":{"functional-code":{"insertions":37,"deletions":1}}},{"hash":"0bb0969c155515335e163b7a6560a2bede36dc1e","messageTitle":"Able to clean up and delete temporary files","messageBody":"","fileTypesAndContributionMap":{"functional-code":{"insertions":48,"deletions":7}}},{"hash":"f928bdeb4b2f60a800f90cf205d6d2f2799de5df","messageTitle":"Update developer guide for sortCommand","messageBody":"","fileTypesAndContributionMap":{"docs":{"insertions":79,"deletions":8}}},{"hash":"b3fa86da60e98a0da940de3d1818a4a88bd56f10","messageTitle":"Add user guide for sort command","messageBody":"","fileTypesAndContributionMap":{"docs":{"insertions":30,"deletions":0}}},{"hash":"82d2a5d6ce4d91aecab4552d93421dcec492ee38","messageTitle":"Add exceptions for undoing","messageBody":"","fileTypesAndContributionMap":{"functional-code":{"insertions":60,"deletions":37}}},{"hash":"e83a171c0ffe2dbf87f5839e619bbba0966ba5e6","messageTitle":"Add header comments to LogicManager","messageBody":"","fileTypesAndContributionMap":{"functional-code":{"insertions":20,"deletions":2}}},{"hash":"895a7f5a513dd786a93c2d2d03f3899ba03af16e","messageTitle":"Fix checkstyle issues","messageBody":"","fileTypesAndContributionMap":{"functional-code":{"insertions":13,"deletions":14},"test-code":{"insertions":2,"deletions":1}}},{"hash":"cdc2bd571245af78a23e69a53ed4a9d5fc53d5d2","messageTitle":"Fix testcase for storageManagerTest","messageBody":"","fileTypesAndContributionMap":{"test-code":{"insertions":2,"deletions":0}}}]},{"date":"2022-03-27","commitResults":[{"hash":"bfc2b943aa6724ec909bd9d213dc12d8fd9288f6","messageTitle":"Add undo command to user guide","messageBody":"","fileTypesAndContributionMap":{"docs":{"insertions":24,"deletions":2}}}]},{"date":"2022-03-29","commitResults":[{"hash":"610c75f853a92b520e2fd522fa1f7f65c1a56220","messageTitle":"Add tests for SerializableTempAddressBookStorage","messageBody":"","fileTypesAndContributionMap":{"functional-code":{"insertions":3,"deletions":1},"test-code":{"insertions":122,"deletions":0}}},{"hash":"633d1f4bf7dca09e137bc117fd0c757d7f0949af","messageTitle":"Add test for undoCommand","messageBody":"","fileTypesAndContributionMap":{"test-code":{"insertions":19,"deletions":0}}},{"hash":"cbe29e08ac1f075f0a8b2e14a353802b1bc1e409","messageTitle":"Add test for logicManager","messageBody":"","fileTypesAndContributionMap":{"functional-code":{"insertions":1,"deletions":1},"test-code":{"insertions":117,"deletions":0}}},{"hash":"7da71a5d41ed7e0289681cb6ea1313d4ad2bbdc7","messageTitle":"Add tests for handling temporary address book exceptions","messageBody":"","fileTypesAndContributionMap":{"test-code":{"insertions":140,"deletions":1}}},{"hash":"b411e352d65e84344bcd9df30f7ef37db06c924e","messageTitle":"Add tests for integration of LogicManager with files","messageBody":"","fileTypesAndContributionMap":{"functional-code":{"insertions":6,"deletions":3},"test-code":{"insertions":120,"deletions":0}}}]},{"date":"2022-03-30","commitResults":[{"hash":"d912e83721bbe3d2cd5fc24f6d22dfcf152f71fc","messageTitle":"Add more test cases for temporary files","messageBody":"","fileTypesAndContributionMap":{"test-code":{"insertions":32,"deletions":20}}},{"hash":"8de250836e38d9b81f68cc7aee543749c5c0abee","messageTitle":"Fix checkstyle errors","messageBody":"","fileTypesAndContributionMap":{"test-code":{"insertions":62,"deletions":53}}},{"hash":"7c1726aa5af77b42190c8e859446522295920f26","messageTitle":"Fix test case failing for LogicManagerTest","messageBody":"","fileTypesAndContributionMap":{"test-code":{"insertions":2,"deletions":2}}},{"hash":"089f7a73decfca2fe22ec94685b3e9f8bc452e3d","messageTitle":"Update developer guide with undo command information","messageBody":"","fileTypesAndContributionMap":{"docs":{"insertions":95,"deletions":58}}}]}],"zunedz":[{"date":"2022-03-04","commitResults":[{"hash":"875ba5943affff692f5acf114a9d1c7fa95b6b5e","messageTitle":"add picture and update aboutUs page","messageBody":"","fileTypesAndContributionMap":{"docs":{"insertions":10,"deletions":0}}},{"hash":"744be010aafd97eebb3135640f48fd6535d229e4","messageTitle":"add PPP","messageBody":"","fileTypesAndContributionMap":{"docs":{"insertions":32,"deletions":0}}}]},{"date":"2022-03-15","commitResults":[{"hash":"d2fd8308bb5e342d39d4e87ff98652556f82c577","messageTitle":"add Transaction field and amount field for transaction","messageBody":"","fileTypesAndContributionMap":{"functional-code":{"insertions":321,"deletions":0}}},{"hash":"a2d1f98b0f3f8733d5109e5c56f03505ec194192","messageTitle":"add due date field in transaction","messageBody":"","fileTypesAndContributionMap":{"functional-code":{"insertions":6,"deletions":7}}},{"hash":"f5a0b48521561abe9b266d4df002f46ce1ece328","messageTitle":"add transaction date field to transaction","messageBody":"","fileTypesAndContributionMap":{"functional-code":{"insertions":68,"deletions":2}}}]},{"date":"2022-03-16","commitResults":[{"hash":"dce05d61d4d45fa86128d51d6013a174d1193588","messageTitle":"implement transaction registry, transaction parser","messageBody":"","fileTypesAndContributionMap":{"functional-code":{"insertions":67,"deletions":16}}},{"hash":"f24711837be93db19e4916989a288573cf10c82c","messageTitle":"refactor code, remove arrowhead style code","messageBody":"","fileTypesAndContributionMap":{"functional-code":{"insertions":6,"deletions":5}}},{"hash":"6debf34c8db81822ba9d5c1d0d7fb3514ac20f6a","messageTitle":"implement transaction parser","messageBody":"","fileTypesAndContributionMap":{"functional-code":{"insertions":65,"deletions":5}}},{"hash":"0cdd41978b47be4e275d232e6f7525e878fcedaa","messageTitle":"partially implement addtransaction command","messageBody":"","fileTypesAndContributionMap":{"functional-code":{"insertions":13,"deletions":1}}},{"hash":"8ab4943ae0a2c1cca5257a1cd110ff3d9e7ca0b9","messageTitle":"finish implementing person","messageBody":"","fileTypesAndContributionMap":{"functional-code":{"insertions":54,"deletions":45}}},{"hash":"788df7193ae199695596d38d3bc4e29198e45838","messageTitle":"implement Add transaction command","messageBody":"","fileTypesAndContributionMap":{"functional-code":{"insertions":41,"deletions":22}}},{"hash":"5887db736ffb59e306764764bba4ab4a799f5935","messageTitle":"fix bugs","messageBody":"","fileTypesAndContributionMap":{"functional-code":{"insertions":6,"deletions":14}}},{"hash":"aa1b75e13810d464b5165a59d6d98c35fe088fd0","messageTitle":"fix Person class hashcode and toString","messageBody":"","fileTypesAndContributionMap":{"functional-code":{"insertions":19,"deletions":3}}},{"hash":"59ae56ad46b7b59a145de9687acc5cf81fc50350","messageTitle":"implement GUI minimum","messageBody":"","fileTypesAndContributionMap":{"functional-code":{"insertions":19,"deletions":6}}},{"hash":"bef135922e260c2c43f8bcd8f3bb891f5b335cc1","messageTitle":"fix checkstyle issues","messageBody":"","fileTypesAndContributionMap":{"functional-code":{"insertions":64,"deletions":26}}},{"hash":"0f5b15668b7f8cba222fe3e8b822e3e2644437ae","messageTitle":"Add Transaction to a client (#57)","messageBody":"* add Transaction field and amount field for transaction\r\n\r\n* add due date field in transaction\r\n\r\n* add transaction date field to transaction\r\n\r\n* implement transaction registry, transaction parser\r\n\r\n* refactor code, remove arrowhead style code\r\n\r\n* implement transaction parser\r\n\r\n* partially implement addtransaction command\r\n\r\n* finish implementing person\r\n\r\n* implement Add transaction command\r\n\r\n* fix bugs\r\n\r\n* fix Person class hashcode and toString\r\n\r\n* implement GUI minimum\r\n\r\n* fix checkstyle issues","fileTypesAndContributionMap":{"functional-code":{"insertions":605,"deletions":8}}}]},{"date":"2022-03-17","commitResults":[{"hash":"2d001d9f529655a9bc4dbef00c7f5cd6b1ff2c53","messageTitle":"add right panel for transaction list","messageBody":"","fileTypesAndContributionMap":{"functional-code":{"insertions":211,"deletions":15}}},{"hash":"58646c47ac968448f4e0bc75056be2f092f8830a","messageTitle":"fix checkstyle issues","messageBody":"","fileTypesAndContributionMap":{"functional-code":{"insertions":0,"deletions":11}}},{"hash":"42c7f30441bd81de2f529d3bc612b9d3eccf562c","messageTitle":"fix checkstyle issues","messageBody":"","fileTypesAndContributionMap":{"functional-code":{"insertions":0,"deletions":5}}},{"hash":"a7f4deadc0e970ebd1313f7a9a6e6435f1837a82","messageTitle":"Transaction enhancement (#64)","messageBody":"* add Transaction field and amount field for transaction\r\n\r\n* add due date field in transaction\r\n\r\n* add transaction date field to transaction\r\n\r\n* implement transaction registry, transaction parser\r\n\r\n* refactor code, remove arrowhead style code\r\n\r\n* implement transaction parser\r\n\r\n* partially implement addtransaction command\r\n\r\n* finish implementing person\r\n\r\n* implement Add transaction command\r\n\r\n* fix bugs\r\n\r\n* fix Person class hashcode and toString\r\n\r\n* implement GUI minimum\r\n\r\n* fix checkstyle issues\r\n\r\n* add note field to transaction\r\n\r\n* add note field to transaction finish\r\n\r\n* add note field to transaction finish final\r\n\r\n* implement listTransactionCommand to list transactions associated with a person\r\n\r\n* fix checkstyle issues\r\n\r\n* fix bugs for invalid date inserted to add transaction\r\n\r\n* fix checkstyle issues","fileTypesAndContributionMap":{"functional-code":{"insertions":210,"deletions":11},"test-code":{"insertions":11,"deletions":0}}},{"hash":"f9987528454854715776bdb4f1587c96d1a9b0fb","messageTitle":"integrate transactionListCard with the new panel","messageBody":"","fileTypesAndContributionMap":{"functional-code":{"insertions":15,"deletions":13}}},{"hash":"ac310150fe9a9d54d536cd2066b7601945c93322","messageTitle":"remove transactions from person\u0027s toString()","messageBody":"","fileTypesAndContributionMap":{"functional-code":{"insertions":0,"deletions":5}}},{"hash":"e4edac18da40a768a7dd7242f443cfaf5f4ca34e","messageTitle":"polish UI","messageBody":"","fileTypesAndContributionMap":{"functional-code":{"insertions":8,"deletions":5}}},{"hash":"f5d53015428470b4c98ead038a54caeb71df5294","messageTitle":"finish implementing transaction card (still ugly)","messageBody":"","fileTypesAndContributionMap":{"functional-code":{"insertions":12,"deletions":16}}},{"hash":"a002d27bacf45dae400eaf69951f82618f4ef585","messageTitle":"fix checkstyle issues","messageBody":"","fileTypesAndContributionMap":{"functional-code":{"insertions":0,"deletions":2}}},{"hash":"6bafd0e149e77226e48aec76fd4c8b437d49ab4d","messageTitle":"fix bug - invalid birthday date","messageBody":"","fileTypesAndContributionMap":{"functional-code":{"insertions":4,"deletions":4}}},{"hash":"1cc1ba909b5ea7398cbec42895be2f004b7abdc4","messageTitle":"improve abstraction","messageBody":"","fileTypesAndContributionMap":{"functional-code":{"insertions":46,"deletions":12}}}]},{"date":"2022-03-18","commitResults":[{"hash":"0720d91ccd8ef96c6f42b284dd3b9ce5a756ae05","messageTitle":"minor changes","messageBody":"","fileTypesAndContributionMap":{"functional-code":{"insertions":2,"deletions":2}}}]},{"date":"2022-03-23","commitResults":[{"hash":"aa750aa511765917b8573f292a78c29b505d70f1","messageTitle":"add skeleton test files","messageBody":"","fileTypesAndContributionMap":{"test-code":{"insertions":24,"deletions":0}}},{"hash":"fbeb52f2bc96aa7cb11cd1d6ad9e41c563a6c563","messageTitle":"add AMount test","messageBody":"","fileTypesAndContributionMap":{"test-code":{"insertions":53,"deletions":0}}},{"hash":"c455c384d55f41445fae027868c66a9404f75674","messageTitle":"edit zunedz.md","messageBody":"","fileTypesAndContributionMap":{"docs":{"insertions":1,"deletions":1}}},{"hash":"b4cdaf86454b5328d841fca48bd10c1d0d4d6870","messageTitle":"add tests for DueDate and Transaction Date","messageBody":"","fileTypesAndContributionMap":{"functional-code":{"insertions":10,"deletions":12},"test-code":{"insertions":102,"deletions":4}}}]},{"date":"2022-03-24","commitResults":[{"hash":"fd51af54cb5327db4f08a83a58fea3c48449cffb","messageTitle":"add tests for Note","messageBody":"","fileTypesAndContributionMap":{"test-code":{"insertions":17,"deletions":0}}},{"hash":"17dad732d200f6c31d800bfe1c9f69950b724f86","messageTitle":"add tests for transaction","messageBody":"","fileTypesAndContributionMap":{"functional-code":{"insertions":4,"deletions":0},"test-code":{"insertions":104,"deletions":0}}},{"hash":"c9cda58da0f97c6adc35a02097ad5ea35b892210","messageTitle":"fix checkstyle issues","messageBody":"","fileTypesAndContributionMap":{"functional-code":{"insertions":0,"deletions":2}}},{"hash":"87a3c1ea26ef4927eef639a0d24022830065bb82","messageTitle":"fix checkstyle issues","messageBody":"","fileTypesAndContributionMap":{"test-code":{"insertions":17,"deletions":15}}},{"hash":"52c588802a7ddba48e1cfdff06e56c8833bdea90","messageTitle":"update modelStub","messageBody":"","fileTypesAndContributionMap":{"test-code":{"insertions":1,"deletions":1}}},{"hash":"233bdc23f64b67cd4b2e5e72a1c99f44546119db","messageTitle":"update DG for Transaction implementation","messageBody":"","fileTypesAndContributionMap":{"docs":{"insertions":35,"deletions":1}}}]},{"date":"2022-03-25","commitResults":[{"hash":"5202a3adc43b4776e781c03492301d88a7257d70","messageTitle":"add TransactionList class","messageBody":"","fileTypesAndContributionMap":{"functional-code":{"insertions":103,"deletions":0}}},{"hash":"70d204b33a63deb34d0d8b2873c14886c598ff0c","messageTitle":"modify transactionlist","messageBody":"","fileTypesAndContributionMap":{"functional-code":{"insertions":1,"deletions":5}}},{"hash":"2d6dd046b0530e42588a646f7be1e3b1e9187fb0","messageTitle":"add transactionList in addressbook","messageBody":"","fileTypesAndContributionMap":{"functional-code":{"insertions":57,"deletions":4}}},{"hash":"708d24a34c537673c6d25a44d23c19ed37d74b53","messageTitle":"modify Model and modelManager to add transaction","messageBody":"","fileTypesAndContributionMap":{"functional-code":{"insertions":57,"deletions":20}}},{"hash":"cbb6717675606d9b9f31b61ecc22f671d566a3f6","messageTitle":"refactore transactions, commands","messageBody":"","fileTypesAndContributionMap":{"functional-code":{"insertions":45,"deletions":71}}},{"hash":"c7fc01f9f0abc22f1afdabea8179233cc799b0cf","messageTitle":"finish refactoring","messageBody":"","fileTypesAndContributionMap":{"functional-code":{"insertions":34,"deletions":7},"test-code":{"insertions":19,"deletions":2}}},{"hash":"2ada1f15e11b45840bbf2a229bfaff255045a16b","messageTitle":"refactor more code, use lambda functions","messageBody":"","fileTypesAndContributionMap":{"functional-code":{"insertions":127,"deletions":46}}},{"hash":"03f485879a37bf3a18ade8a0a73522019578ee18","messageTitle":"edit TransactionListCard to show the person id","messageBody":"","fileTypesAndContributionMap":{"functional-code":{"insertions":9,"deletions":9}}},{"hash":"6aaafbcc15e6f037b3ac7bf2f4675e59d80114bd","messageTitle":"fix filter transaction bug","messageBody":"","fileTypesAndContributionMap":{"functional-code":{"insertions":2,"deletions":2}}},{"hash":"d0ea23f81c6cfbfd0b7c6c6395f259295e0b44cc","messageTitle":"fix merge conflict","messageBody":"","fileTypesAndContributionMap":{"functional-code":{"insertions":374,"deletions":10},"test-code":{"insertions":4,"deletions":1}}},{"hash":"242439a8df404c5bac9dcea37a741c162a41f2b4","messageTitle":"Update tempStorage to store persons and transactions","messageBody":"","fileTypesAndContributionMap":{"functional-code":{"insertions":5,"deletions":8}}},{"hash":"ff3026f037f31cf136a128da38395efe0607b468","messageTitle":"update error message for findTransaction","messageBody":"","fileTypesAndContributionMap":{"functional-code":{"insertions":60,"deletions":18},"other":{"insertions":5,"deletions":2},"test-code":{"insertions":6,"deletions":5}}},{"hash":"ba44944756b23205fd7487fb030f8545f5de9233","messageTitle":"fix checkstyle issues and update tests","messageBody":"","fileTypesAndContributionMap":{"functional-code":{"insertions":47,"deletions":31},"test-code":{"insertions":63,"deletions":21}}}]},{"date":"2022-03-26","commitResults":[{"hash":"4326251cf724a05dab760bdd6991905fddbcea07","messageTitle":"add deleteTransaction command","messageBody":"","fileTypesAndContributionMap":{"functional-code":{"insertions":90,"deletions":13}}},{"hash":"2aa973c72db9b1e060f632ccc47c43b295c27131","messageTitle":"fix checkstyle issues","messageBody":"","fileTypesAndContributionMap":{"functional-code":{"insertions":15,"deletions":4}}},{"hash":"631525e9268b2390a97f60b87b9d72dde940de0b","messageTitle":"remove unused attributes from Person","messageBody":"","fileTypesAndContributionMap":{"functional-code":{"insertions":2,"deletions":43}}},{"hash":"3b2d09d1b71099a553d441e2c86fd02aa34cf595","messageTitle":"change identifier to unique id","messageBody":"","fileTypesAndContributionMap":{"functional-code":{"insertions":30,"deletions":21},"test-code":{"insertions":8,"deletions":8}}},{"hash":"87f883f4c6d423e4a627d07c2376f58869f5364c","messageTitle":"when delete a person, its associated transactions will also be deleted","messageBody":"","fileTypesAndContributionMap":{"functional-code":{"insertions":27,"deletions":0}}},{"hash":"017aee30fce2464bde94a71efb637b64a2f72093","messageTitle":"fix checkstyle issues","messageBody":"","fileTypesAndContributionMap":{"functional-code":{"insertions":4,"deletions":0}}},{"hash":"88b3488ab37bcd559440f4eba4b659845aa8ace3","messageTitle":"fix checkstyle issues","messageBody":"","fileTypesAndContributionMap":{"test-code":{"insertions":5,"deletions":0}}}]},{"date":"2022-03-27","commitResults":[{"hash":"9df3b7d80992f146402d1fe9069ca792f6470edd","messageTitle":"add click handler on personCard","messageBody":"","fileTypesAndContributionMap":{"functional-code":{"insertions":50,"deletions":7}}},{"hash":"6caa121b8612c1f596a1a9ebfc4edccab5b9c024","messageTitle":"fix checkstyle issues","messageBody":"","fileTypesAndContributionMap":{"functional-code":{"insertions":0,"deletions":2}}},{"hash":"37dc3d773c1c2580002d65199efe681a17227e2c","messageTitle":"change to mouse left click","messageBody":"","fileTypesAndContributionMap":{"functional-code":{"insertions":3,"deletions":1}}},{"hash":"0cd8426f4dc3cc8f65b9a4a37b5b9d18c9263b4e","messageTitle":"update userguide.md","messageBody":"","fileTypesAndContributionMap":{"docs":{"insertions":95,"deletions":17}}},{"hash":"e03a6c321e5c91c123dc4722d73840f8ef03dd6b","messageTitle":"fix ug","messageBody":"","fileTypesAndContributionMap":{"docs":{"insertions":2,"deletions":2}}}]},{"date":"2022-03-28","commitResults":[{"hash":"010efc410d6522b6a7093550d300e7c9ad2377e6","messageTitle":"add isPaid attribute","messageBody":"","fileTypesAndContributionMap":{"functional-code":{"insertions":127,"deletions":5}}},{"hash":"42536335b41650f329ea93b0ae560b757eb52f08","messageTitle":"display transaction status","messageBody":"","fileTypesAndContributionMap":{"functional-code":{"insertions":7,"deletions":1}}},{"hash":"262aede72025c889327e502302a3f4714a5e4f05","messageTitle":"fix checkstyle issues","messageBody":"","fileTypesAndContributionMap":{"functional-code":{"insertions":18,"deletions":15}}},{"hash":"afdce5729493cd43ba11685eebae2a628da73b70","messageTitle":"remove unused exception","messageBody":"","fileTypesAndContributionMap":{"functional-code":{"insertions":0,"deletions":21}}},{"hash":"242784285fcc4f9378e441f491e88676a92962f2","messageTitle":"fix delete person","messageBody":"","fileTypesAndContributionMap":{"functional-code":{"insertions":1,"deletions":1}}},{"hash":"a8e776d475f3f31cd0c74b1b6bb8e332ec4bb3d1","messageTitle":"set due date must be after transaction date","messageBody":"","fileTypesAndContributionMap":{"functional-code":{"insertions":38,"deletions":3}}},{"hash":"078a194c61c493891f386b49178b02ddb8a51987","messageTitle":"set due date must be after transaction date","messageBody":"","fileTypesAndContributionMap":{"functional-code":{"insertions":10,"deletions":8}}},{"hash":"7f69d3d0b4dc36e23397bd0bd3ac1b8471154aec","messageTitle":"rename interface","messageBody":"","fileTypesAndContributionMap":{"functional-code":{"insertions":2,"deletions":2},"other":{"insertions":2,"deletions":2}}},{"hash":"f876d9caceb909fcccec19e07574ec415d898de4","messageTitle":"add pay and unpay command","messageBody":"","fileTypesAndContributionMap":{"functional-code":{"insertions":235,"deletions":21},"other":{"insertions":1,"deletions":1}}},{"hash":"ab35a39f8b121e714e9b7b95a75864604783bf5e","messageTitle":"add transaction id to differentiate identical transactions","messageBody":"","fileTypesAndContributionMap":{"functional-code":{"insertions":25,"deletions":7}}},{"hash":"75c3950822befed277f2dd8bc061d7ca6cf9a4f7","messageTitle":"fix checkstyle issues","messageBody":"","fileTypesAndContributionMap":{"functional-code":{"insertions":55,"deletions":17}}}]},{"date":"2022-03-29","commitResults":[{"hash":"b670f73a1864629110bf331dd78a37d15cf75113","messageTitle":"add test cases and rename classes","messageBody":"","fileTypesAndContributionMap":{"functional-code":{"insertions":11,"deletions":11},"other":{"insertions":2,"deletions":2},"test-code":{"insertions":229,"deletions":0}}},{"hash":"0bbf78d61f19c00c3eed56e73a8b005104e26df9","messageTitle":"fix commandresult of addTransaction","messageBody":"","fileTypesAndContributionMap":{"functional-code":{"insertions":11,"deletions":11}}},{"hash":"657c0dacae9058bc3e1c157a7958c7a280c0cb23","messageTitle":"remove redundant code","messageBody":"","fileTypesAndContributionMap":{"functional-code":{"insertions":0,"deletions":1},"test-code":{"insertions":13,"deletions":2}}},{"hash":"1458de00b54a9c045dfddb8732dc8d2ba8333d3a","messageTitle":"add addTransaction test cases","messageBody":"","fileTypesAndContributionMap":{"test-code":{"insertions":9,"deletions":32}}}]},{"date":"2022-03-30","commitResults":[{"hash":"2fe429046af33e4e96c69a4b13a55a268ffc8348","messageTitle":"add addTransactionCommand and parser test cases","messageBody":"","fileTypesAndContributionMap":{"functional-code":{"insertions":8,"deletions":7},"test-code":{"insertions":236,"deletions":17}}},{"hash":"ec1ebeff83a1ab13d57da6a98635d77aa148fb6e","messageTitle":"update test case","messageBody":"","fileTypesAndContributionMap":{"test-code":{"insertions":3,"deletions":2}}},{"hash":"77fd062fd8410a7f4a48ba17c4d5403295145fd0","messageTitle":"fix checkstyle issues","messageBody":"","fileTypesAndContributionMap":{"test-code":{"insertions":0,"deletions":1}}},{"hash":"c810b8b64a5d66411c9abd7de360f7762c03f53e","messageTitle":"add test cases for deleteTransactionCOmmand","messageBody":"","fileTypesAndContributionMap":{"functional-code":{"insertions":2,"deletions":2},"test-code":{"insertions":210,"deletions":22}}},{"hash":"4911ce3bb7a063ed6e12a5109670b0d1713d5e9d","messageTitle":"add test cases for deleteTransactionCommandParser","messageBody":"","fileTypesAndContributionMap":{"test-code":{"insertions":33,"deletions":0}}},{"hash":"36869248bc8019196c641328a87f1663d70a3b44","messageTitle":"rename variable and add listTransactionCommand test","messageBody":"","fileTypesAndContributionMap":{"test-code":{"insertions":42,"deletions":1}}},{"hash":"ad45f36e400db4ffc5a8b47d5ad57b6cc5c04047","messageTitle":"add test cases for find transaction command","messageBody":"","fileTypesAndContributionMap":{"functional-code":{"insertions":1,"deletions":1},"test-code":{"insertions":141,"deletions":8}}},{"hash":"8ae8c2f2ea124231fe7e5a3fbea8ed66c5cd7385","messageTitle":"add test cases for find transacxtion command parser","messageBody":"","fileTypesAndContributionMap":{"test-code":{"insertions":22,"deletions":4}}},{"hash":"883f439de1d7f56ef62fcb8a074ea2a8c5378ba6","messageTitle":"add pay and unpay command test cases","messageBody":"","fileTypesAndContributionMap":{"functional-code":{"insertions":17,"deletions":5},"test-code":{"insertions":125,"deletions":0}}},{"hash":"4769b7cdd4f225480322072782f08f3a97672e35","messageTitle":"add test cases for unpay command","messageBody":"","fileTypesAndContributionMap":{"test-code":{"insertions":125,"deletions":0}}},{"hash":"303158c706a9a8cae3d241c8b744e8978aa8e912","messageTitle":"fix bugs and add tcs for parsers","messageBody":"","fileTypesAndContributionMap":{"functional-code":{"insertions":2,"deletions":2},"test-code":{"insertions":50,"deletions":0}}},{"hash":"8d8df6db6285e9cfda83e6643288fc98e3893892","messageTitle":"fix checkstyle issues","messageBody":"","fileTypesAndContributionMap":{"functional-code":{"insertions":2,"deletions":4},"test-code":{"insertions":46,"deletions":57}}},{"hash":"c2518e3b2a60ab9db32ed8e098a1b5a482e9f49d","messageTitle":"revert changes","messageBody":"","fileTypesAndContributionMap":{"functional-code":{"insertions":1,"deletions":1}}},{"hash":"f2bdf503b0eec4012219660e97347dd1f13857e0","messageTitle":"remove square bracket in command example","messageBody":"","fileTypesAndContributionMap":{"functional-code":{"insertions":1,"deletions":1}}},{"hash":"67b6a7afccd938556ed6aa23e986648ed7060de6","messageTitle":"Update Userguide.md","messageBody":"","fileTypesAndContributionMap":{"docs":{"insertions":58,"deletions":9}}}]}],"KeithCZW":[{"date":"2022-03-01","commitResults":[{"hash":"696c6e2a0bb1546e5302d3d3cb9e149cfc3b792d","messageTitle":"Add DeleteKeyword Command It deletes all filtered people from addressbook","messageBody":"","fileTypesAndContributionMap":{"functional-code":{"insertions":52,"deletions":0}}},{"hash":"1abb7562bf24a641c6bb8005f7ec6ea9c5005793","messageTitle":"Fix checkstyle errors","messageBody":"","fileTypesAndContributionMap":{"functional-code":{"insertions":1,"deletions":6}}},{"hash":"58a6a6030bf9d471e200e27d9bfeb69edc65f4c1","messageTitle":"Another checkstyle fix","messageBody":"","fileTypesAndContributionMap":{"functional-code":{"insertions":1,"deletions":1}}}]},{"date":"2022-03-02","commitResults":[{"hash":"91303d07386f02b86e24783e143e28e30d9f571d","messageTitle":"Change DeleteKeywordCommand to DeleteFilteredCommand in order to remove ambiguity","messageBody":"","fileTypesAndContributionMap":{"functional-code":{"insertions":3,"deletions":3},"other":{"insertions":3,"deletions":3}}}]},{"date":"2022-03-03","commitResults":[{"hash":"43fa70db94056e7b06a26db4cfb6f21e4ee2cb10","messageTitle":"Add image and PPP Also update aboutus and userguide","messageBody":"","fileTypesAndContributionMap":{"docs":{"insertions":47,"deletions":3}}}]},{"date":"2022-03-05","commitResults":[{"hash":"b3aa176c95a964cb079d843f93611229dac493f6","messageTitle":"Remove John Doe from AboutUs Slight update to DG Replaced AB3 with CinnamonBun in UG","messageBody":"","fileTypesAndContributionMap":{"docs":{"insertions":5,"deletions":13}}},{"hash":"36770e565836f71a71700d06f2b39d1de981fc05","messageTitle":"More changes to ReadMe and user guide.","messageBody":"","fileTypesAndContributionMap":{"docs":{"insertions":9,"deletions":9}}},{"hash":"046fc972f3079e611f384c31177e7f81fdbf10d0","messageTitle":"Also updated index","messageBody":"","fileTypesAndContributionMap":{"docs":{"insertions":4,"deletions":4}}},{"hash":"421dfc7707b974ffc708b4166eae0eb8b172f2d2","messageTitle":"Small change to readme, forgot to remove one AB3","messageBody":"","fileTypesAndContributionMap":{"docs":{"insertions":1,"deletions":1}}}]},{"date":"2022-03-12","commitResults":[{"hash":"13deab9c82129d06d8df12e19fb627f03b79ec2e","messageTitle":"Add Membership functionality (#37)","messageBody":"* Add DeleteFilteredCommand J unit tests\r\nAdd Membership functionality\r\n\r\n* Gave memberships a theme similar to tags\r\nMemberships now can be stored as JSON\r\n\r\n* Add newline to end of file of DarkTheme to comply with build\r\n\r\n* Fix checkstyle errors\r\n\r\n* Fix PersonCard error\r\n\r\n* Remake membership to be a single membership\r\n\r\n* Change Person equals function\r\n\r\n* Remove MembershipParser\r\n\r\nCo-authored-by: Keith \u003ckeith_4.2@hotmail.com\u003e","fileTypesAndContributionMap":{"functional-code":{"insertions":290,"deletions":6},"test-code":{"insertions":31,"deletions":0}}}]},{"date":"2022-03-18","commitResults":[{"hash":"6867d5111b2fc75c057773abfd6d0e7c680c45e9","messageTitle":"Add Membership,AddMembershipCommand,AddMembershipParser test cases.","messageBody":"","fileTypesAndContributionMap":{"functional-code":{"insertions":8,"deletions":2},"test-code":{"insertions":211,"deletions":0}}},{"hash":"84ee94d671bb679f4666bd3bb6acfd9144b7b673","messageTitle":"More comment for test cases","messageBody":"","fileTypesAndContributionMap":{"test-code":{"insertions":2,"deletions":0}}},{"hash":"4be11bd9d17f2d9b658c33489fb0fda39bbcf49c","messageTitle":"Change line seperator settings","messageBody":"","fileTypesAndContributionMap":{"test-code":{"insertions":94,"deletions":94}}}]},{"date":"2022-03-23","commitResults":[{"hash":"36db8223dcc6c55f32a0c4c06e4a6aed18c5e149","messageTitle":"Updated DG with membership proposed implementation.","messageBody":"","fileTypesAndContributionMap":{"docs":{"insertions":23,"deletions":3}}},{"hash":"22272e510910e105f3b4d5c1317fa9110f76849c","messageTitle":"Merge conflict resolve","messageBody":"","fileTypesAndContributionMap":{"functional-code":{"insertions":3,"deletions":5}}},{"hash":"411a9937beb370e5c44b8a77acaec761a1437e02","messageTitle":"Changed back accidentally changed AddTransactionCommand.","messageBody":"","fileTypesAndContributionMap":{"functional-code":{"insertions":6,"deletions":4}}},{"hash":"d2b5caa3273505150509979b6db327d82dea5d00","messageTitle":"Added back newline into end of file.","messageBody":"","fileTypesAndContributionMap":{"functional-code":{"insertions":1,"deletions":1}}}]},{"date":"2022-03-27","commitResults":[{"hash":"a76546544e62e7d0c484e83d345dfb1e7091c6a4","messageTitle":"Fixed some small errors","messageBody":"","fileTypesAndContributionMap":{"functional-code":{"insertions":4,"deletions":2}}},{"hash":"93be41a464554e481f51d37df7547c2bf4329c0f","messageTitle":"AddMembership documentation added","messageBody":"","fileTypesAndContributionMap":{"docs":{"insertions":22,"deletions":0}}}]},{"date":"2022-03-28","commitResults":[{"hash":"f97f5de7073e189053e6883461aef1c74e6408b0","messageTitle":"Refactor DeleteFilltered to ClearFiltered. Membership removal functionality added.","messageBody":"","fileTypesAndContributionMap":{"functional-code":{"insertions":109,"deletions":7},"other":{"insertions":3,"deletions":3},"test-code":{"insertions":4,"deletions":4}}},{"hash":"aaa02b20fc078daf7e889d8b782107e3191494cc","messageTitle":"Added tiers to membership","messageBody":"","fileTypesAndContributionMap":{"functional-code":{"insertions":72,"deletions":30}}},{"hash":"e7859c79ea82a4e85290f54d6e2f2b2c603273e7","messageTitle":"Membership tiers now different colours","messageBody":"","fileTypesAndContributionMap":{"functional-code":{"insertions":17,"deletions":2}}},{"hash":"07a4833910740067870bb989c06e1066c5058e5d","messageTitle":"Remove unused imports","messageBody":"","fileTypesAndContributionMap":{"functional-code":{"insertions":3,"deletions":4}}}]},{"date":"2022-03-29","commitResults":[{"hash":"3ddbccd7830be8072cc877143361297dce28eeb0","messageTitle":"Fix membership and addmembership test cases","messageBody":"","fileTypesAndContributionMap":{"test-code":{"insertions":37,"deletions":26}}},{"hash":"a792766c8fa2d2f5d8f6ae23c11856e2ca884fda","messageTitle":"Membership compareTo function updated MembershipTest added two new test cases","messageBody":"","fileTypesAndContributionMap":{"functional-code":{"insertions":11,"deletions":4},"test-code":{"insertions":21,"deletions":2}}},{"hash":"6aaba6a3b84609da65fe79b41fb93667ee823525","messageTitle":"Add ListMembers functionality","messageBody":"","fileTypesAndContributionMap":{"functional-code":{"insertions":113,"deletions":0}}}]},{"date":"2022-03-30","commitResults":[{"hash":"e3696333ff8af2af8d33c520f31f3b25167dbf87","messageTitle":"Add test cases for : RemoveMembershipCommand PersonContainsMembershipPredicate AddMembershipCommand ListMembersCommand and their parsers","messageBody":"","fileTypesAndContributionMap":{"functional-code":{"insertions":3,"deletions":3},"test-code":{"insertions":322,"deletions":1}}},{"hash":"becaa50a65fd4f04c8ed3a1ff14f5aa99a4bce69","messageTitle":"Fix Message error in ListMembersCommandTest","messageBody":"","fileTypesAndContributionMap":{"test-code":{"insertions":2,"deletions":2}}},{"hash":"df2f6df564ef87b3d90b1582292b0521c4c60e22","messageTitle":"Fix predicate check error","messageBody":"","fileTypesAndContributionMap":{"functional-code":{"insertions":6,"deletions":6},"test-code":{"insertions":7,"deletions":5}}},{"hash":"e60dda19d7ef64c80794655d3f0963c72ca377db","messageTitle":"Change PersonContainsMembershipPredicate to use Membership tiers instead of String.","messageBody":"","fileTypesAndContributionMap":{"functional-code":{"insertions":18,"deletions":14},"test-code":{"insertions":20,"deletions":29}}},{"hash":"e788c6567d0ed1ea5fd3b45e615900d9329946e9","messageTitle":"Change membership getValue function to be equivalent to toString function. Allows find to find the date of a membership","messageBody":"","fileTypesAndContributionMap":{"functional-code":{"insertions":7,"deletions":7},"test-code":{"insertions":5,"deletions":5}}},{"hash":"6af0c5fc99b0b0f63649a60289fe62ff4fe97e46","messageTitle":"Fix checkstyle","messageBody":"","fileTypesAndContributionMap":{"functional-code":{"insertions":1,"deletions":1}}}]},{"date":"2022-03-31","commitResults":[{"hash":"f79f41bc606c8f3793fadf449a298fc98f7203a1","messageTitle":"Update UG.","messageBody":"","fileTypesAndContributionMap":{"docs":{"insertions":52,"deletions":16}}}]}]},"authorFileTypeContributionMap":{"DaneMarc":{"docs":166,"functional-code":606,"test-code":78},"TypeDefinition":{"docs":332,"functional-code":1344,"test-code":661,"other":6},"LapisRaider":{"docs":260,"functional-code":521,"test-code":1041},"zunedz":{"docs":182,"functional-code":2036,"test-code":1528},"KeithCZW":{"docs":122,"functional-code":556,"test-code":583}},"authorContributionVariance":{"DaneMarc":18674.615,"TypeDefinition":209870.17,"LapisRaider":36138.23,"zunedz":111825.13,"KeithCZW":12516.574},"authorDisplayNameMap":{"DaneMarc":"CS2103T-W09-2 DANE..ISAN","TypeDefinition":"CS2103T-W09-2 LIM ..ERRY","LapisRaider":"CS2103T-W09-2 LIM ..NGIE","zunedz":"CS2103T-W09-2 DAFF..DILA","KeithCZW":"CS2103T-W09-2 CHEN..EITH"}}
