{"authorDailyContributionsMap":{"DaneMarc":[{"date":"2022-02-25","commitResults":[{"hash":"40b5f701f2e855ec92e014f276b18af96acae0d6","messageTitle":"Update find function to search all the attributes of a person","messageBody":"","fileTypesAndContributionMap":{"functional-code":{"insertions":46,"deletions":7},"test-code":{"insertions":14,"deletions":14}}},{"hash":"78a50592e67823a750f4cec8365a2d8e7122b72d","messageTitle":"Update AboutUs, DeveloperGuide, UserGuide and add product mockup and PPP","messageBody":"","fileTypesAndContributionMap":{"docs":{"insertions":70,"deletions":18}}},{"hash":"6c73a3f66b3b94dd54c39e1463f56471cfd3c809","messageTitle":"Update AboutUs and DeveloperGuide","messageBody":"","fileTypesAndContributionMap":{"docs":{"insertions":2,"deletions":2}}},{"hash":"2c30f901b19f206137ea4693b8df42f4a08d45eb","messageTitle":"Update FindCommand to comply with checkstyle","messageBody":"","fileTypesAndContributionMap":{"functional-code":{"insertions":2,"deletions":1}}},{"hash":"389d6bbbbc98ddaf627fdb3ec48166f7196f534c","messageTitle":"Update AddressBookParserTest to comply with checkstyle","messageBody":"","fileTypesAndContributionMap":{"test-code":{"insertions":1,"deletions":1}}}]},{"date":"2022-03-03","commitResults":[{"hash":"5a99791924787c488923f094e11d0b342cf53587","messageTitle":"Update PersonContainsKeywordsPredicate","messageBody":"","fileTypesAndContributionMap":{"functional-code":{"insertions":1,"deletions":1}}}]}],"TypeDefinition":[{"date":"2022-03-02","commitResults":[{"hash":"1f68fc95c9a6eaaba079a7a1050a2d26e9c49376","messageTitle":"Make person fields more modular.","messageBody":"","fileTypesAndContributionMap":{"functional-code":{"insertions":134,"deletions":49},"other":{"insertions":1,"deletions":1},"docs":{"insertions":2,"deletions":2},"test-code":{"insertions":4,"deletions":4}}},{"hash":"29c9661f870ee28b4740bdd892969ae4330351c3","messageTitle":"Fix checkstyle issues","messageBody":"","fileTypesAndContributionMap":{"functional-code":{"insertions":24,"deletions":7}}},{"hash":"e4d6a5b16f3290894e005db936cdb7edee60f3d8","messageTitle":"Fix checkstyle issues","messageBody":"","fileTypesAndContributionMap":{"functional-code":{"insertions":21,"deletions":15}}},{"hash":"d190e24564dd30312bd7f6cf3de182195bf55cac","messageTitle":"Fix test case failure","messageBody":"","fileTypesAndContributionMap":{"functional-code":{"insertions":7,"deletions":5}}},{"hash":"ff4fef8623a27c685b8546beab904a663d54b7dd","messageTitle":"Fix issues as pointed out in PR #16","messageBody":"","fileTypesAndContributionMap":{"functional-code":{"insertions":18,"deletions":4}}},{"hash":"b317b8b4a1df8f6d056780ca50e2444201c254d6","messageTitle":"Fix checkstyle issues","messageBody":"","fileTypesAndContributionMap":{"functional-code":{"insertions":1,"deletions":1}}}]},{"date":"2022-03-03","commitResults":[{"hash":"c5c6166c1eed2639e192c76afd3c6195c9ef8996","messageTitle":"Revert back to before the refactor","messageBody":"This project is awful. I can\u0027t do anything about it short of deleting it\nand rewriting it from the ground up. So I\u0027m just going to revert it to\nthe way it was and we\u0027ll have to deal with it.\n\nI know this git commit does not follow the git convention. I don\u0027t care.\nI hate it.\n","fileTypesAndContributionMap":{"functional-code":{"insertions":61,"deletions":185},"other":{"insertions":1,"deletions":1},"test-code":{"insertions":4,"deletions":4}}},{"hash":"370d6fa579bea06f68bcc1f9793647365607c839","messageTitle":"Add remarks to person","messageBody":"","fileTypesAndContributionMap":{"functional-code":{"insertions":235,"deletions":27},"test-code":{"insertions":69,"deletions":16}}},{"hash":"6d652bad90070015395c924c4508637f534e05ea","messageTitle":"Fix checkstyle issue","messageBody":"","fileTypesAndContributionMap":{"functional-code":{"insertions":2,"deletions":2}}},{"hash":"b6da0b5c3b3c640b05f212a4e44376db0b132389","messageTitle":"Update documents","messageBody":"","fileTypesAndContributionMap":{"docs":{"insertions":36,"deletions":4}}}]}],"LapisRaider":[{"date":"2022-03-01","commitResults":[{"hash":"b2af33e1c3c5a41479456fec6e37a12d17183289","messageTitle":"Dummy commit","messageBody":"Triggers CI to confirm CI is able to upload generated coverage data to CodeCov.","fileTypesAndContributionMap":{"docs":{"insertions":1,"deletions":0}}},{"hash":"af40671357e166e8fca239992bf2eb3ead2eaf22","messageTitle":"Update Readme to have Codecov badge","messageBody":"","fileTypesAndContributionMap":{"docs":{"insertions":1,"deletions":0}}},{"hash":"2af6bca42d339ca043c4e73e72e29f3478036519","messageTitle":"Update README.md","messageBody":"","fileTypesAndContributionMap":{"docs":{"insertions":0,"deletions":1}}}]},{"date":"2022-03-03","commitResults":[{"hash":"799de9983c470b819a0c055ee77e709d1a49c091","messageTitle":"Update edit command to use updated person\u0027s fields","messageBody":"When new fields are added into person class, they also need to be manually added and updated to editCommand and editCommandParser.\n\nUpdate with changes made from PR #16. Allows the fields to be modified and updated in one place without having to update edit command and edit command parser.\n\nThe decoupling will help make things smoother in the future and the process more efficient. Chances of bugs are also reduced since everything will be in a single place. Reduces the need to make multiple changes when new fields are added.\n","fileTypesAndContributionMap":{"functional-code":{"insertions":44,"deletions":62}}},{"hash":"8aaaf2b4ad3d8be1c9ab93a2b4a4720d5da298bd","messageTitle":"Check if person\u0027s primary key is violated in edit command","messageBody":"User can input multiple people with the same emails or other fields that are suppose to be unique with the same values.\n\nMake editCommand check whether when a user edits a field value, there is already an existing value.\n\nHelps prevent duplicate or \u0027fake\u0027 persons from populating the addressBook.\n","fileTypesAndContributionMap":{"functional-code":{"insertions":68,"deletions":0}}},{"hash":"758f852400fb16761bda2467e37e118681d6e4bf","messageTitle":"Fix checkstyle issue for AddressBook","messageBody":"","fileTypesAndContributionMap":{"functional-code":{"insertions":8,"deletions":8}}},{"hash":"133e5163fd25b0af0093dbfe53e5a44ced1af01d","messageTitle":"Fix issues with testcases related to EditPersonDescriptor","messageBody":"","fileTypesAndContributionMap":{"test-code":{"insertions":26,"deletions":12}}},{"hash":"1f1a8875bb53dc7b9503c7375082b2280b5eb847","messageTitle":"Modify same field violation in addressBook to use isSamePerson instead","messageBody":"There\u0027s redundant codes for checking whether the person\u0027s edit data is already in the addressBook.\n\nModify to use the function isSamePerson instead and isSamePerson would now check the fields that should not be duplicated in the addressBook instead of just checking the name since people can have the same name.\n","fileTypesAndContributionMap":{"functional-code":{"insertions":17,"deletions":55},"test-code":{"insertions":2,"deletions":7}}},{"hash":"2d3548e922e7d520edbae725a9b0c053dda7fe73","messageTitle":"Update test cases","messageBody":"","fileTypesAndContributionMap":{"test-code":{"insertions":5,"deletions":10}}},{"hash":"66a4bea0b5c20b4f5318f5be43419eb7745221a2","messageTitle":"Editcommand supports remark","messageBody":"","fileTypesAndContributionMap":{"functional-code":{"insertions":10,"deletions":6}}},{"hash":"ada6e9350f8baaa030a0fca2d220a9b54afcfffb","messageTitle":"Make email the special key instead of name","messageBody":"","fileTypesAndContributionMap":{"functional-code":{"insertions":8,"deletions":3}}},{"hash":"3c1eb08f28002c6fb8fa0208060b6aacafa4d8f9","messageTitle":"Fix checkstyle issues","messageBody":"","fileTypesAndContributionMap":{"functional-code":{"insertions":3,"deletions":3},"test-code":{"insertions":11,"deletions":11}}},{"hash":"85a5c20e7e16e5cc0391f77d997872d082625a79","messageTitle":"Update test cases","messageBody":"","fileTypesAndContributionMap":{"functional-code":{"insertions":4,"deletions":3},"test-code":{"insertions":29,"deletions":1}}},{"hash":"d3c74a67b245392fd363d6cf2fb4c5eab7adbf38","messageTitle":"Update documentation","messageBody":"","fileTypesAndContributionMap":{"docs":{"insertions":82,"deletions":16}}}]}],"zunedz":[{"date":"2022-03-04","commitResults":[{"hash":"875ba5943affff692f5acf114a9d1c7fa95b6b5e","messageTitle":"add picture and update aboutUs page","messageBody":"","fileTypesAndContributionMap":{"docs":{"insertions":10,"deletions":0}}},{"hash":"744be010aafd97eebb3135640f48fd6535d229e4","messageTitle":"add PPP","messageBody":"","fileTypesAndContributionMap":{"docs":{"insertions":32,"deletions":0}}}]}],"KeithCZW":[{"date":"2022-03-01","commitResults":[{"hash":"696c6e2a0bb1546e5302d3d3cb9e149cfc3b792d","messageTitle":"Add DeleteKeyword Command It deletes all filtered people from addressbook","messageBody":"","fileTypesAndContributionMap":{"functional-code":{"insertions":52,"deletions":0}}},{"hash":"1abb7562bf24a641c6bb8005f7ec6ea9c5005793","messageTitle":"Fix checkstyle errors","messageBody":"","fileTypesAndContributionMap":{"functional-code":{"insertions":1,"deletions":6}}},{"hash":"58a6a6030bf9d471e200e27d9bfeb69edc65f4c1","messageTitle":"Another checkstyle fix","messageBody":"","fileTypesAndContributionMap":{"functional-code":{"insertions":1,"deletions":1}}}]},{"date":"2022-03-02","commitResults":[{"hash":"91303d07386f02b86e24783e143e28e30d9f571d","messageTitle":"Change DeleteKeywordCommand to DeleteFilteredCommand in order to remove ambiguity","messageBody":"","fileTypesAndContributionMap":{"functional-code":{"insertions":3,"deletions":3},"other":{"insertions":3,"deletions":3}}}]},{"date":"2022-03-03","commitResults":[{"hash":"43fa70db94056e7b06a26db4cfb6f21e4ee2cb10","messageTitle":"Add image and PPP Also update aboutus and userguide","messageBody":"","fileTypesAndContributionMap":{"docs":{"insertions":47,"deletions":3}}}]}]},"authorFileTypeContributionMap":{"DaneMarc":{"docs":69,"functional-code":47,"test-code":14},"TypeDefinition":{"docs":38,"functional-code":236,"test-code":69,"other":1},"LapisRaider":{"docs":82,"functional-code":17,"test-code":35},"zunedz":{"docs":40,"functional-code":0,"test-code":0},"KeithCZW":{"docs":47,"functional-code":46,"test-code":0}},"authorContributionVariance":{"DaneMarc":1968.5333,"TypeDefinition":29921.445,"LapisRaider":16425.715,"zunedz":109.76,"KeithCZW":357.09332},"authorDisplayNameMap":{"DaneMarc":"CS2103T-W09-2 DANE..ISAN","TypeDefinition":"CS2103T-W09-2 LIM ..ERRY","LapisRaider":"CS2103T-W09-2 LIM ..NGIE","zunedz":"CS2103T-W09-2 DAFF..DILA","KeithCZW":"CS2103T-W09-2 CHEN..EITH"}}
