{"authorDailyContributionsMap":{"cashewnade":[{"date":"2022-03-02","commitResults":[{"hash":"554776cb7467ec2ae104848de4e96b872e5338a5","messageTitle":"Update User Guide","messageBody":"close AY2122S2-CS2103T-T17-3#14","fileTypesAndContributionMap":{"docs":{"insertions":199,"deletions":81}}},{"hash":"14d608b584f2e4244191acf1970474824476d762","messageTitle":"Remove trailing whitespaces","messageBody":"","fileTypesAndContributionMap":{"docs":{"insertions":5,"deletions":5}}},{"hash":"dc940b2d001e27913abbd3f6e6e7eda15037cef6","messageTitle":"Update User Guide to include tag and untag commands","messageBody":"","fileTypesAndContributionMap":{"docs":{"insertions":13,"deletions":7}}},{"hash":"ed436773eb14734de3fff028a98887bbfff04b2a","messageTitle":"Update User Guide to add empty line at end of file","messageBody":"","fileTypesAndContributionMap":{"docs":{"insertions":1,"deletions":1}}},{"hash":"f024c05954379404e8ed01cf8e6d2e00923deab5","messageTitle":"Add Kexin\u0027s Skeletal PPP","messageBody":"","fileTypesAndContributionMap":{"docs":{"insertions":18,"deletions":0}}},{"hash":"ba768ded38a1fdb4a04cf1b17cc2e6140a74de49","messageTitle":"Update skeletal PPP by adding line at end of file","messageBody":"","fileTypesAndContributionMap":{"docs":{"insertions":2,"deletions":2}}},{"hash":"f0bcd9ff83447c74ea6a58cf2376b4ca0c9d8ff2","messageTitle":"Update User Guide based on PR comments","messageBody":"","fileTypesAndContributionMap":{"docs":{"insertions":20,"deletions":20}}},{"hash":"138da23f7c09db0d1f265c7ef8284f4977b006eb","messageTitle":"Update User Guide to change format of tag and untag commands","messageBody":"","fileTypesAndContributionMap":{"docs":{"insertions":4,"deletions":4}}},{"hash":"a74955574ea6509fadf2b5b885aaf797728a7912","messageTitle":"Update User Guide to remove unused parameters in add and edit commands","messageBody":"","fileTypesAndContributionMap":{"docs":{"insertions":1,"deletions":1}}}]}],"ngjunkang":[{"date":"2022-03-01","commitResults":[{"hash":"d3b7c6e688108d88069a0f1546a0a99a38d31e1c","messageTitle":"Update use cases of Developer Guide v1.1","messageBody":"This commit will close #4 by updating use cases to reflect the user\njourney map for AIA.\n\nLet\u0027s add the following use cases,\n* Add a new contact\n* Update a contact\n* List all contacts in Address Book\n* Delete a contact\n* Find contact by keyword\n* Set previously contacted date\n* List all contacts in Address Book within a designated time frame\n* Set reminder\n* View reminders of a contact\n* View reminders on a date\n* Delete a reminder\n* Show all tags\n* Show all contacts that are tagged to a tag\n* Add a tag to a contact\n* Delete a tag from a contact\n","fileTypesAndContributionMap":{"docs":{"insertions":274,"deletions":8}}},{"hash":"b3c22ae6a190c05544e923deec8fc90ec995f3fa","messageTitle":"Update glossary of Developer Guide v1.1","messageBody":"This commit closes #6 by updating glossary to explain commonly used\nterms in the Developer Guide.\n\nLet\u0027s add the following terms,\n* Address Book\n* Application\n* MSS\n","fileTypesAndContributionMap":{"docs":{"insertions":3,"deletions":2}}},{"hash":"b2cd066967354dc00f4ce16957fff4161fc2a81c","messageTitle":"Add Jun Kang\u0027s Skeletal PPP","messageBody":"This commit will close #7.\n","fileTypesAndContributionMap":{"docs":{"insertions":17,"deletions":0}}},{"hash":"8470a5470538eaa38e591a50ebf09ebde3a94e44","messageTitle":"Add back Mainsteam OS to the glossary","messageBody":"","fileTypesAndContributionMap":{"docs":{"insertions":3,"deletions":2}}}]},{"date":"2022-03-02","commitResults":[{"hash":"05bb85034853cf4a07f4ac448c85e439e5feeea5","messageTitle":"Update use cases according to review comments","messageBody":"","fileTypesAndContributionMap":{"docs":{"insertions":55,"deletions":7}}}]},{"date":"2022-03-07","commitResults":[{"hash":"b36bedde9107a31d19c386f0e12f872bcaaba5e7","messageTitle":"Add function to filter contacts by a tag","messageBody":"The existing tagging system is under-developed, as users cannot do\nanything else, besides adding and removing a set of tags.\n\nTo provide users a better user experience, users will be able to filter\ncontacts by a tag, just like Instagram tag filtering system, with the\ncommand `#TAG`. Example: #friends will filter those contacts that are\ntagged with `friends`.\n\nLet\u0027s,\n* Add an alternate path in parseCommand to return HashtagCommand\n* Add HashtagCommand for the execution of the filtering by Tag\n* Add HashtagCommandParser to parse user input to a Tag object\n* Add case-insensitive hasTagIgnoreCase(Tag) to check if Person has Tag\n* Add PersonContainsTagPredicate to test if a Person is tagged to a Tag\n* Add case-insensitive equality check isSameTagIgnoreCase(Tag) in Tag\n\nThis commit mainly uses the existing abstraction only.\n\nResolves #34 less test cases (see the next commit).\n","fileTypesAndContributionMap":{"functional-code":{"insertions":172,"deletions":1}}},{"hash":"202720ba5829498178847fb7365c931eba0b0bbd","messageTitle":"Add test cases to fully resolve #34","messageBody":"Test cases are added to ensure that the application has no regression\nafter the previous commit that resolve #34.\n\nLet\u0027s,\n* Add test method parseCommand_hashtag to AddressBookParserTest\n* Add HashtagCommandParserTest\n  * Add parse_emptyArg_throwsParseException()\n  * Add parse_notAlphanumeric_throwsParseException()\n  * Add parse_validArgs_returnsHashtagCommand()\n* Add HashtagCommandTest\n  * Add isHashTag_hashTag_returnsTrue()\n  * Add isHashTag_notHashTag_returnFalse()\n  * Add execute_noMatchingTag_noPersonFound()\n  * Add execute_matchingTag_multiplePersonsFound()\n  * Add equals()\n* Add PersonContainsTagPredicateTest\n  * Add constructor_null_throwsNullPointerException()\n  * Add test_personContainsTag_returnsTrue()\n  * Add test_personDoesNotContainsTag_returnsFalse()\n  * Add equals()\n* Update PersonTest\n  * Add hasTagIgnoreCase_hasTagIgnoreCase_returnsTrue()\n  * Add hasTagIgnoreCase_noTagOrNull_returnsFalse()\n* Update TagTest\n  * Add isSameTagIgnoreCase_notSameTagOrNull_returnsFalse()\n  * Add isSameTagIgnoreCase_sameTag_returnsTrue()\n","fileTypesAndContributionMap":{"test-code":{"insertions":247,"deletions":0}}},{"hash":"e8676d7d8eba7f001a9d37c4be4962d5df309cd6","messageTitle":"Add public access modifier to some test methods","messageBody":"","fileTypesAndContributionMap":{"test-code":{"insertions":5,"deletions":5}}},{"hash":"11e49efb194fb74180e73e6c0c9f396a5eba717e","messageTitle":"Update Tag\u0027s equals() to be case-insensitive","messageBody":"It is better for tags to be case-insensitive, so that duplicates but\ndifferent capitalisation cannot be considered as different.\n\nLet\u0027s,\n* Update Tag\u0027s equals()\n* Remove isSameTagIgnoreCase(Tag) in Tag, replaced by equals()\n* Update hasTagIgnoreCase(Tag) in Person to hasTag(Tag), uses equals()\n* Update affected test cases\n","fileTypesAndContributionMap":{"functional-code":{"insertions":4,"deletions":19},"test-code":{"insertions":33,"deletions":17}}},{"hash":"99957db8b6465735a8a5a8cc8b001a722b5bd804","messageTitle":"Update Tag\u0027s hashCode() to fix Set\u003cTag\u003e.contains","messageBody":"","fileTypesAndContributionMap":{"functional-code":{"insertions":1,"deletions":1}}},{"hash":"cab508e2f3ffb4975b9054fe0c0c687aa61a622a","messageTitle":"Refactor HashtagCommand\u0027s isHashtag to isHashtagCommand","messageBody":"","fileTypesAndContributionMap":{"functional-code":{"insertions":7,"deletions":3},"test-code":{"insertions":8,"deletions":8}}},{"hash":"0db277874570c54864c4dc41796d6e1e3ac80c22","messageTitle":"Refactor PersonContainsTagPredicate to PersonWithTagPredicate","messageBody":"","fileTypesAndContributionMap":{"functional-code":{"insertions":6,"deletions":6},"other":{"insertions":18,"deletions":18},"test-code":{"insertions":11,"deletions":11}}}]},{"date":"2022-03-08","commitResults":[{"hash":"f883513e38ade02ce0e2efb02d733d5cfae049b0","messageTitle":"Add command to add a tag to a contact","messageBody":"The existing tagging system only allows user to overwrite the tags of a\nspecified contact, via the edit command.\n\nThis commit will allow users to add tags to a specified contact, one at\na time, instead of overwriting all the tags.\n\nLet\u0027s,\n* Add an alternate path in parseCommand to return AddTagCommand\n* Add AddTagCommand for add tag command execution\n* Add AddTagCommandParser to parse user input to create AddTagCommand\n\nThe implementation mainly uses the existing abstraction.\n\nResolves #36.\n","fileTypesAndContributionMap":{"functional-code":{"insertions":182,"deletions":0}}},{"hash":"52b31e6c9906f6c5fd2d9dc480eeef50495b3be1","messageTitle":"Add test cases to fully resolve #36","messageBody":"Test cases are added to ensure that the application has no regression\nafter the previous commit that resolve #36.\n\nLet\u0027s,\n* Add test method parseCommand_addTag to AddressBookParserTest\n* Add AddTagCommandParserTest\n  * Add parse_noTag_failure()\n  * Add parse_invalidTag_failure()\n  * Add parse_noIndex_failure()\n  * Add parse_invalidIndex_failure()\n  * Add parse_allFieldsSpecified_success()\n  * Add parse_multipleTag_acceptsLast()\n* Add AddTagCommandTest\n  * Add constructor_anyFieldsNull_throwsNullPointerException()\n  * Add execute_validIndexUnfilteredList_success()\n  * Add execute_duplicatedTagUnfilteredList_throwsCommandException()\n  * Add execute_invalidIndexUnfilteredList_throwsCommandException()\n  * Add execute_validIndexFilteredList_success()\n  * Add execute_duplicatedTagFilteredList_throwsCommandException()\n  * Add execute_invalidIndexFilteredList_throwsCommandException()\n  * Add equals()\n* Add addTags to PersonBuilder to allow adding of tags, not overwriting\n* Add INDEX_FOURTH_PERSON to TypicalIndexes\n","fileTypesAndContributionMap":{"test-code":{"insertions":299,"deletions":2}}},{"hash":"a47c8f50cfe591e634167200b2503c2edcf8caa0","messageTitle":"Add test method parse_additionalPrefix_failure()","messageBody":"","fileTypesAndContributionMap":{"test-code":{"insertions":13,"deletions":0}}}]},{"date":"2022-03-15","commitResults":[{"hash":"288c15efe7a21ee897ec94f3d37005bacc658111","messageTitle":"Add command to delete a tag from contact","messageBody":"The existing tagging system only allows user to clear all the tags of a\nspecified contact, via the edit command.\n\nThis commit will allow users to delete tags from a specified contact,\none at a time, instead of clearing all the tags.\n\nLet\u0027s,\n* Add an alternate path in parseCommand to return DeleteTagCommand\n* Add DeleteTagCommand for delete tag command execution\n* Add DeleteTagCommandParser to parse user input to DeleteTagCommand\n* Fix AddCommand to AddTagCommand in AddTagCommandParser JavaDoc\n\nThe implementation mainly uses the existing abstraction.\n\nResolves #35 less test cases (see the next commit).\n","fileTypesAndContributionMap":{"functional-code":{"insertions":190,"deletions":1}}},{"hash":"df042106dfe45013a5413b1ba566f64adf600195","messageTitle":"Add test cases to fully resolve #35","messageBody":"Test cases are added to ensure that the application has no regression\nafter the previous commit that resolve #35.\n\nLet\u0027s,\n* Add test method parseCommand_deleteTag to AddressBookParserTest\n* Add DeleteTagCommandParserTest\n  * Add parse_noTag_failure()\n  * Add parse_invalidTag_failure()\n  * Add parse_noIndex_failure()\n  * Add parse_invalidIndex_failure()\n  * Add parse_additionalPrefix_failure()\n  * Add parse_allFieldsSpecified_success()\n  * Add parse_multipleTag_acceptsLast()\n* Add DeleteTagCommandTest\n  * Add constructor_anyFieldsNull_throwsNullPointerException()\n  * Add execute_validIndexUnfilteredList_success()\n  * Add execute_missingTagUnfilteredList_throwsCommandException()\n  * Add execute_invalidIndexUnfilteredList_throwsCommandException()\n  * Add execute_validIndexFilteredList_success()\n  * Add execute_missingTagFilteredList_throwsCommandException()\n  * Add execute_invalidIndexFilteredList_throwsCommandException()\n  * Add equals()\n* Add deleteTags to PersonBuilder to allow deleting of tags\n","fileTypesAndContributionMap":{"test-code":{"insertions":297,"deletions":0}}},{"hash":"ffa2c0e8fb894509501110cddc4510b334df0976","messageTitle":"Fix JavaDocs in AddTagCommand, DeleteTagCommand","messageBody":"The existing JavaDoc comments do not conform to the JavaDocs convention\nthat we are supposed to follow, as it lacks the @param and @return.\n\nLet\u0027s,\n* Fix the JavaDocs for createPersonWithDeletedTag in DeleteTagCommand\n* Fix the JavaDocs for createPersonWithAddedTag in AddTagCommand\n","fileTypesAndContributionMap":{"functional-code":{"insertions":8,"deletions":0}}}]}],"pyk595":[{"date":"2022-03-01","commitResults":[{"hash":"ff602c24f7ce9172ee17f1882abe1fdfbe6d80fd","messageTitle":"Update user profile,stories and value proposition for v1.1","messageBody":"The target user profile, user stories and value proposition\nreflect the requirements of AB3.\n\nThis is not representative of the requirements for AIA.\n\nLet\u0027s update the target user profile, user stories and\nvalue proposition in linewith designated requirements\nof AIA to close AY2122S2-CS2103T-T17-3#3 as part of\nthe v1.1 increment.\n","fileTypesAndContributionMap":{"docs":{"insertions":16,"deletions":92}}},{"hash":"fb3f29c94c00aa99b3cc4077d3c3c24a3d32f5f6","messageTitle":"Update Non-Functional Requirements","messageBody":"The non-functional requirements are designated for that of AB3.\n\nThis is not representative of the requirements for AIA.\n\nLet\u0027s update the non-functional requirements to reflect the\nrequirements necessary for AIA to close AY2122S2-CS2103T-T17-3#5\nas part of the v1.1 increment for developer guide.\n","fileTypesAndContributionMap":{"docs":{"insertions":13,"deletions":2}}},{"hash":"03e5c5ccc611539b3015ad7dd3eb29f1797d40a3","messageTitle":"Add Yuan Ker\u0027s Skeletal PPP","messageBody":"This commit will close AY2122S2-CS2103T-T17-3#8.\n","fileTypesAndContributionMap":{"docs":{"insertions":24,"deletions":0}}},{"hash":"092248485a58db36aefc3557452a903a62a48e98","messageTitle":"Change name of markdown to match requirement","messageBody":"","fileTypesAndContributionMap":{"docs":{"insertions":0,"deletions":0}}},{"hash":"18cce5b63d2d209e8fcf5bbd7f58d7ad09d6be11","messageTitle":"Remove specifications for OS in NFR","messageBody":"","fileTypesAndContributionMap":{"docs":{"insertions":1,"deletions":1}}},{"hash":"ed9ccaf4cc19c0153018611abc0aa5336b2f8490","messageTitle":"Add contributions to team-based tasks","messageBody":"","fileTypesAndContributionMap":{"docs":{"insertions":5,"deletions":0}}}]},{"date":"2022-03-02","commitResults":[{"hash":"15911ede158fdbbd09fc1cee35216c5c0f53a5d1","messageTitle":"Remove extra whitespace","messageBody":"","fileTypesAndContributionMap":{"docs":{"insertions":1,"deletions":1}}}]},{"date":"2022-03-04","commitResults":[{"hash":"8475c4f7fda49f72d4ae71a466322a9c7d9895be","messageTitle":"Add custom date model","messageBody":"The application does not have a date class to handle time based\nevents easily.\n\nLet\u0027s make a custom date class for future increments like\nadding a birthdate, adding a reminder and adding last\ncontacted date.\n","fileTypesAndContributionMap":{"functional-code":{"insertions":56,"deletions":0},"test-code":{"insertions":49,"deletions":0}}},{"hash":"57aa97cf8e4ecd4b114128a58e12b76a20e81425","messageTitle":"Add custom date model","messageBody":"The application does not have a date class to handle time based\nevents easily.\n\nLet\u0027s make a custom date class to close AY2122S2-CS2103T-T17-3#29\nso future increments like adding a birthdate, adding a\nreminder and adding previous contacted date can manipulate\ntime based events.\n","fileTypesAndContributionMap":{"test-code":{"insertions":0,"deletions":1}}}]},{"date":"2022-03-05","commitResults":[{"hash":"ba24f622811f99be0b4ab748c8ed9433e92a9712","messageTitle":"Update Date class to PR suggestions","messageBody":"","fileTypesAndContributionMap":{"other":{"insertions":23,"deletions":15}}},{"hash":"6fe47ecca0319d93da1141f0a3c5ffe8c0c0a2bb","messageTitle":"Fix checkstyle issues","messageBody":"","fileTypesAndContributionMap":{"functional-code":{"insertions":2,"deletions":2},"test-code":{"insertions":1,"deletions":0}}},{"hash":"56d0302ce7af38fd914348058424dace94ab5fc4","messageTitle":"Update help feature","messageBody":"Help feature directs users to the AB3 user guide. This is\nmisleading as AIA is a different application from AB3.\n\nLet\u0027s do a quick fix by changing the link to the AIA user guide.\n\nThis will close AY2122S2-CS2103T-T17-3#31 by providing relevant\nuser support.\n","fileTypesAndContributionMap":{"functional-code":{"insertions":1,"deletions":1}}},{"hash":"69d161b811bb38145916cb7dde1381ee0f158ed6","messageTitle":"Update JavaDoc comments","messageBody":"","fileTypesAndContributionMap":{"functional-code":{"insertions":6,"deletions":5}}},{"hash":"0e73a110da61cd15b5f46085be7994b9851c1401","messageTitle":"Add constant for twenty years limit","messageBody":"","fileTypesAndContributionMap":{"functional-code":{"insertions":1,"deletions":1}}},{"hash":"0cd5ea71f874a9bc2682215b574f0498a2a8274d","messageTitle":"Remove range check on LocalDate","messageBody":"The DocumentedDate class has a check that throws an\nIllegalValueException.\n\nAs future increments would fix input and ensure LocalDate\nparameters passed to the DocumentDate class would be valid,\nsuch a check is unnecessary.\n\nLet\u0027s remove this check for better code readability.\n","fileTypesAndContributionMap":{"functional-code":{"insertions":1,"deletions":7},"test-code":{"insertions":4,"deletions":6}}}]},{"date":"2022-03-08","commitResults":[{"hash":"827ee2f8da9e74f161078651b7982730358afba8","messageTitle":"Add birthdate field to contacts","messageBody":"The addressbook does not hold birthdates for contacts. To allow\nusers to store birthdates for contacts, we need to create\na birthdate field for each contact.\n\nLet\u0027s do the following to close AY2122S2-CS2103T-T17-3#28:\n- Create a BirthDate model\n- Update Person model to hold BirthDate\n- Update FXML and person card to show BirthDate on GUI\n- Ensure dependencies are functional\n- Update and write new tests for BirthDate\n","fileTypesAndContributionMap":{"functional-code":{"insertions":156,"deletions":8},"test-code":{"insertions":344,"deletions":46}}},{"hash":"841495341fd7f45b55ae9a1134d56fdde483be26","messageTitle":"Update edit BirthDate feature","messageBody":"The edit birthDate feature has bugs and is unable to update. To\nhandle the edit feature properly, we need to ensure functionality.\n\nLet\u0027s do the following:\n- Update EditCommandParser\n- Update isValidDate method\n- Update BirthDate::equals method\n- Add more tests for edit feature\n- Patch code based on PR review suggestions\n","fileTypesAndContributionMap":{"functional-code":{"insertions":51,"deletions":24},"test-code":{"insertions":158,"deletions":145}}},{"hash":"898205d5df65b5d7cd5fb0249dfc06b88a8b78ca","messageTitle":"Handle merge conflicts in AddTagCommand class","messageBody":"","fileTypesAndContributionMap":{"functional-code":{"insertions":3,"deletions":1}}}]},{"date":"2022-03-09","commitResults":[{"hash":"a2442017f631fdc626af6546570b68ee91f235da","messageTitle":"Fix code as per PR review","messageBody":"","fileTypesAndContributionMap":{"test-code":{"insertions":55,"deletions":43}}},{"hash":"dc07652d4e3edc6cd396b4389d7683d3c9949393","messageTitle":"Add more tests for BirthDate::equals method","messageBody":"","fileTypesAndContributionMap":{"test-code":{"insertions":9,"deletions":2}}}]},{"date":"2022-03-15","commitResults":[{"hash":"8c471feb95b9bc253d896e6310f39a10e097e48d","messageTitle":"Add Birthday Command","messageBody":"The application does not allow users to look for persons with\nbirthdays today easily. This prevents them from having a\nsnapshot of who to send well wishes to.\n\nLet\u0027s do the following to close AY2122S2-CS2103T-T17-3#58:\n- Add a predicate to use for filtering for birthdays\n- Add a designated command for applying the predicate filter\n- Write tests for edge cases for better code and path coverage\n","fileTypesAndContributionMap":{"functional-code":{"insertions":52,"deletions":2},"test-code":{"insertions":96,"deletions":0}}},{"hash":"92e586a13090bcc8b97864769d8dbaccf65438e1","messageTitle":"Fix execute_listHasNoPersons_showsEmptyList() method","messageBody":"","fileTypesAndContributionMap":{"test-code":{"insertions":1,"deletions":0}}},{"hash":"cf94672718b3b66fe7e3764358229fbf1226c76a","messageTitle":"Add check for general commands","messageBody":"General commands like list, exit, help, clear and birthdays\ncan accept input with arguments. This may be considered a bug.\n\nTo prevent improper usage of the application, we should change\nthe command input acceptance to be stricter.\n\nLet\u0027s do the following to close AY2122S2-CS2103T-T17-3#60:\n- Add a check for general commands\n- Update tests to check for improper argument usage\n","fileTypesAndContributionMap":{"functional-code":{"insertions":16,"deletions":1},"test-code":{"insertions":19,"deletions":5}}},{"hash":"4fc98600e24307e6a329333c86c425cccd526c6e","messageTitle":"Update BirthdayCommandTest test cases","messageBody":"","fileTypesAndContributionMap":{"test-code":{"insertions":30,"deletions":16}}}]},{"date":"2022-03-16","commitResults":[{"hash":"a761087a9e1bb647d94d69ca83e0be5f5ccd8bef","messageTitle":"Update Application Window Name","messageBody":"Application window shows the name of Address Book Level 3. This\nis not representative of our product.\n\nLet\u0027s change the name to AIA App to close AY2122S2-CS2103T-T17-3#61.\n","fileTypesAndContributionMap":{"functional-code":{"insertions":1,"deletions":1}}}]}],"bloodofme":[{"date":"2022-03-01","commitResults":[{"hash":"aad93df56013b03e45d8ad5508b5b159b057970a","messageTitle":"Complete Skeletal PPP","messageBody":"","fileTypesAndContributionMap":{"docs":{"insertions":33,"deletions":50}}},{"hash":"5d1a5c73b0c9a523e2072338b783373f95e0c7f6","messageTitle":"Add AboutUs","messageBody":"","fileTypesAndContributionMap":{"docs":{"insertions":22,"deletions":34}}},{"hash":"ca9c259f74ee1a8ec83620205b59281ad05f0804","messageTitle":"Update README","messageBody":"","fileTypesAndContributionMap":{"docs":{"insertions":11,"deletions":10}}},{"hash":"166a81bb07b386015c29aa446b149f0867a130f1","messageTitle":"README and AboutUs for v1.1","messageBody":"This commit will close\nhttps://github.com/AY2122S2-CS2103T-T17-3/tp/issues/11 by updating AIA\u0027s\nREADME and AboutUs.\n","fileTypesAndContributionMap":{"docs":{"insertions":8,"deletions":8}}}]},{"date":"2022-03-02","commitResults":[{"hash":"d86c46f0ca14aeebcb0897e8d3075de766f9076a","messageTitle":"Update portfolio for member","messageBody":"","fileTypesAndContributionMap":{"docs":{"insertions":3,"deletions":2}}},{"hash":"24f62026858a3a66aaa0ef1d22caabae2e84ccf2","messageTitle":"Resolve Changes","messageBody":"","fileTypesAndContributionMap":{"docs":{"insertions":2,"deletions":2}}}]},{"date":"2022-03-03","commitResults":[{"hash":"bde782bb034360cb4f6d7eca9a33f1df38ac980f","messageTitle":"Update Nadine\u0027s skeletal PPP","messageBody":"","fileTypesAndContributionMap":{"docs":{"insertions":12,"deletions":21}}},{"hash":"c419896ab75c69ef6cc187b01d1be93df3506aa6","messageTitle":"Checkstyle","messageBody":"","fileTypesAndContributionMap":{"docs":{"insertions":3,"deletions":3}}},{"hash":"dbe75140565578c2357c0a1b58360cac6ff1fe25","messageTitle":"Update Nadine\u0027s PPP for v1.1","messageBody":"This commit will close\nhttps://github.com/AY2122S2-CS2103T-T17-3/tp/issues/25 by updating PPP\nfor team member Nadine.\n","fileTypesAndContributionMap":{"docs":{"insertions":3,"deletions":3}}}]},{"date":"2022-03-09","commitResults":[{"hash":"4613c682360808eef50c7315a681e325cfc6893a","messageTitle":"Start on Recents task","messageBody":"","fileTypesAndContributionMap":{"functional-code":{"insertions":330,"deletions":41},"test-code":{"insertions":276,"deletions":29}}},{"hash":"1e37d9772b86f40e1655dc9dcd2aed5f561117a3","messageTitle":"Test case","messageBody":"","fileTypesAndContributionMap":{"test-code":{"insertions":2,"deletions":2}}}]},{"date":"2022-03-10","commitResults":[{"hash":"6b18c0414b7774ed74a5dee9f53d671a23fd9474","messageTitle":"Adds Recents Feature","messageBody":"The addressbook does not account for recent contacted dates for\ncontacts. To allow users to store recent contacted ate for contacts,\n\nWe need to:\n- Create Parser and Command the contacted feature [Solves\nhttps://github.com/AY2122S2-CS2103T-T17-3/tp/issues/40]\n- Take in user inputs for recents tab [Solves\nhttps://github.com/AY2122S2-CS2103T-T17-3/tp/issues/39]\n- Update model to take in recent dates [Solves\nhttps://github.com/AY2122S2-CS2103T-T17-3/tp/issues/38]\n- Update FXML and person card to show RecentDate on GUI\n\nA particular test case has been comment out for the\nJsonAdaptedPersonTest, will be resolved soon\n","fileTypesAndContributionMap":{"functional-code":{"insertions":149,"deletions":45},"test-code":{"insertions":194,"deletions":50}}}]},{"date":"2022-03-11","commitResults":[{"hash":"a95a49751a0bc62bcbe183f0fefeb0d9886f8101","messageTitle":"CheckStyle","messageBody":"","fileTypesAndContributionMap":{"functional-code":{"insertions":1,"deletions":1},"docs":{"insertions":1,"deletions":1},"test-code":{"insertions":2,"deletions":2}}},{"hash":"c120e2c164381930088df0e43671667c94fe8f8c","messageTitle":"Commit Recent Date into repo","messageBody":"","fileTypesAndContributionMap":{"functional-code":{"insertions":46,"deletions":0},"test-code":{"insertions":45,"deletions":0}}},{"hash":"3ee3a584f9eaeea7bb3dd76c2e20392d4114b8af","messageTitle":"CheckStyle","messageBody":"","fileTypesAndContributionMap":{"functional-code":{"insertions":44,"deletions":27}}},{"hash":"54fc87fd1b632a873c3a8042e8e67411119edbcd","messageTitle":"CheckStyle","messageBody":"","fileTypesAndContributionMap":{"functional-code":{"insertions":6,"deletions":6},"test-code":{"insertions":29,"deletions":33}}},{"hash":"cbb18aff1fe055b5ea0283576c6da8e5c9291001","messageTitle":"Fix Unit Test and Checkstyle","messageBody":"","fileTypesAndContributionMap":{"functional-code":{"insertions":29,"deletions":5},"test-code":{"insertions":26,"deletions":19}}},{"hash":"56a83257e4d8c590a302b6c65fa723ec3e4297af","messageTitle":"Fix code according to Yuan Ker\u0027s review","messageBody":"","fileTypesAndContributionMap":{"functional-code":{"insertions":12,"deletions":5}}}]},{"date":"2022-03-14","commitResults":[{"hash":"23b55cb40ab08c2b6ea5163ab582e8619661eef5","messageTitle":"Solve failed test cases for Unit Tests","messageBody":"Due to bugs, some test cases failled to pass. This commit solves issue\nhttps://github.com/AY2122S2-CS2103T-T17-3/tp/issues/54\n","fileTypesAndContributionMap":{"functional-code":{"insertions":133,"deletions":45},"test-code":{"insertions":110,"deletions":42}}}]},{"date":"2022-03-15","commitResults":[{"hash":"f83e683b2cd5973f4ed8d102411ac3db2e977f92","messageTitle":"Update test cases for ContactedCommand class","messageBody":"Uni test cases does not cover enough code. This issue solves\nhttps://github.com/AY2122S2-CS2103T-T17-3/tp/issues/53\n","fileTypesAndContributionMap":{"functional-code":{"insertions":1,"deletions":16},"test-code":{"insertions":65,"deletions":9}}},{"hash":"172b57399cba9b7bfc79ea6dd213642dab9939bd","messageTitle":"Clean up code according to JunKang\u0027s comments","messageBody":"","fileTypesAndContributionMap":{"functional-code":{"insertions":3,"deletions":28}}}]}]},"authorFileTypeContributionMap":{"cashewnade":{"docs":219,"functional-code":0,"test-code":0},"ngjunkang":{"docs":298,"functional-code":540,"test-code":869},"pyk595":{"docs":54,"functional-code":232,"test-code":432},"bloodofme":{"docs":54,"functional-code":493,"test-code":561}},"authorContributionVariance":{"cashewnade":5259.0586,"ngjunkang":29988.705,"pyk595":32881.363,"bloodofme":28040.559},"authorDisplayNameMap":{"cashewnade":"CS2103T-T17-3 SHI ..EXIN","ngjunkang":"CS2103T-T17-3 NG J..KANG","pyk595":"CS2103T-T17-3 PANG.. KER","bloodofme":"CS2103T-T17-3 CHIU..DINE"}}
