{"authorDailyContributionsMap":{"cashewnade":[{"date":"2022-03-02","commitResults":[{"hash":"554776cb7467ec2ae104848de4e96b872e5338a5","messageTitle":"Update User Guide","messageBody":"close AY2122S2-CS2103T-T17-3#14","fileTypesAndContributionMap":{"docs":{"insertions":199,"deletions":81}}},{"hash":"14d608b584f2e4244191acf1970474824476d762","messageTitle":"Remove trailing whitespaces","messageBody":"","fileTypesAndContributionMap":{"docs":{"insertions":5,"deletions":5}}},{"hash":"dc940b2d001e27913abbd3f6e6e7eda15037cef6","messageTitle":"Update User Guide to include tag and untag commands","messageBody":"","fileTypesAndContributionMap":{"docs":{"insertions":13,"deletions":7}}},{"hash":"ed436773eb14734de3fff028a98887bbfff04b2a","messageTitle":"Update User Guide to add empty line at end of file","messageBody":"","fileTypesAndContributionMap":{"docs":{"insertions":1,"deletions":1}}},{"hash":"f024c05954379404e8ed01cf8e6d2e00923deab5","messageTitle":"Add Kexin\u0027s Skeletal PPP","messageBody":"","fileTypesAndContributionMap":{"docs":{"insertions":18,"deletions":0}}},{"hash":"ba768ded38a1fdb4a04cf1b17cc2e6140a74de49","messageTitle":"Update skeletal PPP by adding line at end of file","messageBody":"","fileTypesAndContributionMap":{"docs":{"insertions":2,"deletions":2}}},{"hash":"f0bcd9ff83447c74ea6a58cf2376b4ca0c9d8ff2","messageTitle":"Update User Guide based on PR comments","messageBody":"","fileTypesAndContributionMap":{"docs":{"insertions":20,"deletions":20}}},{"hash":"138da23f7c09db0d1f265c7ef8284f4977b006eb","messageTitle":"Update User Guide to change format of tag and untag commands","messageBody":"","fileTypesAndContributionMap":{"docs":{"insertions":4,"deletions":4}}},{"hash":"a74955574ea6509fadf2b5b885aaf797728a7912","messageTitle":"Update User Guide to remove unused parameters in add and edit commands","messageBody":"","fileTypesAndContributionMap":{"docs":{"insertions":1,"deletions":1}}}]},{"date":"2022-03-11","commitResults":[{"hash":"c92c34e6e23366433ac14114c730a1ddfe0bf1f0","messageTitle":"Add Reminder class","messageBody":"this will close AY2122S2-CS2103T-3#47","fileTypesAndContributionMap":{"functional-code":{"insertions":177,"deletions":1}}}]},{"date":"2022-03-16","commitResults":[{"hash":"d7042fc20a02f2688aeb264557d0edca2a68c393","messageTitle":"Adjust Reminder field in Person","messageBody":"The current Reminder implementation only allows user to assign at most one Reminder to a contact, which is undesirable as there could be multiple reminders for multiple events with one contact.\n\nTo allow multiple Reminder for each contact, we should store a Collection of Reminder instead of a Reminder in the Person class.\n\nLet’s\n* Add a ReminderList class for a list that is catered to only the Reminders\n* Change the Reminder field in Person to ReminderList\n\nThis commit will close AY2122S2-CS2103T-T17-3#49","fileTypesAndContributionMap":{"functional-code":{"insertions":88,"deletions":0}}},{"hash":"46408b41ade6906365b8ff45b269e35f851e50cb","messageTitle":"Add commands to view reminders","messageBody":"The current Reminder system implementation does not provide a way to display reminders. \n\nThis commit will provide two ways to view the reminders. One way is to specify the contact index, in which all of the reminders associated with the specified contact will be displayed. Otherwise users can choose to specify a date, in which all of the reminders happening on the specified date will be displayed. In the event which the date is not given, reminders happening today will be shown instead.\n\nLet\u0027s\n* Add ListDateReminderCommand to execute list reminders by date command.\n* Add ListDateReminderCommandParser to parse user inputs to ListDateReminderCommand.\n* Add ListContactReminderCommand to execute list reminders by contact command.\n* Add ListContactReminderCommandParser to parse user inputs to ListContactReminderCommand.\n\nThis commit will close AY2122S2-CS2103T-T17-3#50","fileTypesAndContributionMap":{"functional-code":{"insertions":238,"deletions":13}}},{"hash":"ad96f5a89c9139a8619636736e20d3606cd84840","messageTitle":"Change structure of Reminder Class","messageBody":"The current implementation of the Reminder class does not capture the comparable nature of the Reminder dates.\n\nLet\u0027s\n* Add a ReminderDate class to add the comparable property.\n* Add a ReminderDescription class to capture the ReminderDescriptions.\n\nThis commit will close AY2122S2-CS2103T-T17-3#47","fileTypesAndContributionMap":{"functional-code":{"insertions":128,"deletions":19}}},{"hash":"7f185393be21a84d621ac8c7c9f5889e44c1d888","messageTitle":"Add command to add and forget a reminder","messageBody":"The current Reminder system implementation does not allow addition or deletion of Reminder from a contact.\n\nThis commit will allow the deletion of a reminder.\n\nLet\u0027s\\\n* Add AddRemindercommand to execute add reminder commands.\n* Add AddReminderCommandParser to parse user inputs to AddReminderCommand.\n* Add DeleteReminderCommand to execute delete reminder commands.\n* Add DeleteReminderCommandParser to parse user inputs to DeleteReminderCommand.\n\nThis commit will close AY2122S2-CS2103T-T17-3#48","fileTypesAndContributionMap":{"functional-code":{"insertions":218,"deletions":7}}},{"hash":"ba40c24d522abb2b3ff7d756f764fd21bdef4774","messageTitle":"Change naming of variables","messageBody":"","fileTypesAndContributionMap":{"functional-code":{"insertions":36,"deletions":22}}},{"hash":"814b585c1594fadc5874bc492685389caa38f79a","messageTitle":"Checkstyle","messageBody":"","fileTypesAndContributionMap":{"functional-code":{"insertions":2,"deletions":2},"docs":{"insertions":7,"deletions":7}}},{"hash":"4d725de034e04e1dfab4333ae8d845fffc4334a9","messageTitle":"Checkstyle","messageBody":"","fileTypesAndContributionMap":{"functional-code":{"insertions":6,"deletions":6}}},{"hash":"3c53ceaebbf004a87fa52ed3d5e87d7be469b7a6","messageTitle":"Checkstyle","messageBody":"","fileTypesAndContributionMap":{"functional-code":{"insertions":55,"deletions":38}}},{"hash":"e55bd7f027ca828ac55d8a0dfae14f41cb7d19f6","messageTitle":"Checkstyle","messageBody":"","fileTypesAndContributionMap":{"functional-code":{"insertions":53,"deletions":45}}},{"hash":"0dec657085f23e7fa7014a5681b5597f2834ef4c","messageTitle":"Checkstyle","messageBody":"","fileTypesAndContributionMap":{"functional-code":{"insertions":18,"deletions":35}}},{"hash":"3930d7eadf2748d48d9f090641354ed65fc3e893","messageTitle":"Checkstyle","messageBody":"","fileTypesAndContributionMap":{"test-code":{"insertions":5,"deletions":1}}},{"hash":"3661db1a74ca8157317040d6f29023b5417e709c","messageTitle":"Checkstyle","messageBody":"","fileTypesAndContributionMap":{"functional-code":{"insertions":15,"deletions":6}}},{"hash":"c18a9656d825425b9e5017424fd13256022cb944","messageTitle":"Fix bugs in Reminder Class","messageBody":"Removed unused empty() method. Adjusted toString() method to display dates for reminders.","fileTypesAndContributionMap":{"functional-code":{"insertions":7,"deletions":12}}}]},{"date":"2022-03-17","commitResults":[{"hash":"88330ac7f972ef43c35f2e334c9e4afec6f03b7a","messageTitle":"Fix code according to Yuan Ker\u0027s reviews","messageBody":"","fileTypesAndContributionMap":{"functional-code":{"insertions":19,"deletions":3}}}]},{"date":"2022-03-26","commitResults":[{"hash":"10326b7b6f41c3904c6f273e90fb44d99a469df9","messageTitle":"Update Reminder Features","messageBody":"this will close AY2122S2-CS2103T-T17-3#63","fileTypesAndContributionMap":{"functional-code":{"insertions":204,"deletions":29},"test-code":{"insertions":69,"deletions":8}}},{"hash":"a91d6c722fc7146008681dc73a94d059c59207db","messageTitle":"Checkstyle","messageBody":"","fileTypesAndContributionMap":{"functional-code":{"insertions":1,"deletions":3},"test-code":{"insertions":1,"deletions":4}}}]},{"date":"2022-03-27","commitResults":[{"hash":"dd288e1f3e3280eeb0c328e5b20df9480afe6dbe","messageTitle":"Checkstyle","messageBody":"","fileTypesAndContributionMap":{"functional-code":{"insertions":0,"deletions":1},"test-code":{"insertions":51,"deletions":13}}},{"hash":"fb4423effc0f90b153edd17c30f569012e9ec445","messageTitle":"Checkstyle","messageBody":"","fileTypesAndContributionMap":{"functional-code":{"insertions":0,"deletions":2}}},{"hash":"3016b931f013f22f88f4be24173e4270e19574c7","messageTitle":"Checkstyle","messageBody":"","fileTypesAndContributionMap":{"test-code":{"insertions":1,"deletions":2}}}]},{"date":"2022-03-29","commitResults":[{"hash":"be234e0841c662952a0e970898f7019e179459e7","messageTitle":"Add Test Cases","messageBody":"The current JUnit tests are insufficient, which allows bugs to occur. Let\u0027s write some test cases to ensure code quality and functionality, at the same time increase testability of the code.","fileTypesAndContributionMap":{"functional-code":{"insertions":66,"deletions":24},"test-code":{"insertions":901,"deletions":1}}},{"hash":"3cb8bbd316da1d82e606e35a65eab05a01257e11","messageTitle":"Checkstyle","messageBody":"","fileTypesAndContributionMap":{"functional-code":{"insertions":0,"deletions":1}}},{"hash":"4b61e43be0bb3e3621cf36158913210f564e07db","messageTitle":"Update Test Cases","messageBody":"Updated the test cases for Reminder\u0027s feature to cover more methods and lines.","fileTypesAndContributionMap":{"functional-code":{"insertions":31,"deletions":4},"test-code":{"insertions":272,"deletions":0}}},{"hash":"40f6272c64e250139e2537d1c7b876a6cdedd0b0","messageTitle":"Checkstyle","messageBody":"","fileTypesAndContributionMap":{"test-code":{"insertions":2,"deletions":3}}}]},{"date":"2022-03-31","commitResults":[{"hash":"0b3bb43bc54a4e2adbb70cb9b4f05d3a0f2ff087","messageTitle":"Tweak code based on peer review feedback","messageBody":"","fileTypesAndContributionMap":{"functional-code":{"insertions":128,"deletions":107},"test-code":{"insertions":79,"deletions":131}}},{"hash":"3483025c34684cb3c3bcea9dc593db666409c174","messageTitle":"Checkstyle","messageBody":"","fileTypesAndContributionMap":{"test-code":{"insertions":1,"deletions":1}}},{"hash":"349ab03be8e21e8e14fb4898e3bf47361abf9572","messageTitle":"Change test case","messageBody":"Test cases have been changed to suit the new method signature of deleteReminderCommand.","fileTypesAndContributionMap":{"test-code":{"insertions":34,"deletions":0}}},{"hash":"c3e0b344b6e0afaa977d8b78c37621cad82ae5b2","messageTitle":"Tweak code based on peer review","messageBody":"","fileTypesAndContributionMap":{"functional-code":{"insertions":89,"deletions":67},"test-code":{"insertions":12,"deletions":10}}}]},{"date":"2022-04-07","commitResults":[{"hash":"ec132350fa5d45de92d4722edc91103db3072da2","messageTitle":"Fix bug where reminder dates can be in the past","messageBody":"There has been a bug where users are able to add reminder dates that is in the past, which should not be the case as reminders are supposed to remind users. \n\nLet\u0027s fix the bug by adding date checks before adding a reminder to close AY2122S2-CS2103T-T17-3#141","fileTypesAndContributionMap":{"functional-code":{"insertions":19,"deletions":6},"test-code":{"insertions":29,"deletions":15}}},{"hash":"a99156adc1c7e9dad405565fc40458f7ad4a1ce8","messageTitle":"Checkstyle","messageBody":"","fileTypesAndContributionMap":{"functional-code":{"insertions":0,"deletions":1},"test-code":{"insertions":0,"deletions":1}}}]},{"date":"2022-04-08","commitResults":[{"hash":"b329430eff791abc1ee260f37a8ea3e309b6dbe1","messageTitle":"Fix reminder bug","messageBody":"Current implementation throws an error when the saved reminder date has passed, which prevents users from reading the address book. Let\u0027s add a check when parsing saved reminder dates.","fileTypesAndContributionMap":{"functional-code":{"insertions":31,"deletions":3}}}]}],"ngjunkang":[{"date":"2022-03-01","commitResults":[{"hash":"d3b7c6e688108d88069a0f1546a0a99a38d31e1c","messageTitle":"Update use cases of Developer Guide v1.1","messageBody":"This commit will close #4 by updating use cases to reflect the user\njourney map for AIA.\n\nLet\u0027s add the following use cases,\n* Add a new contact\n* Update a contact\n* List all contacts in Address Book\n* Delete a contact\n* Find contact by keyword\n* Set previously contacted date\n* List all contacts in Address Book within a designated time frame\n* Set reminder\n* View reminders of a contact\n* View reminders on a date\n* Delete a reminder\n* Show all tags\n* Show all contacts that are tagged to a tag\n* Add a tag to a contact\n* Delete a tag from a contact\n","fileTypesAndContributionMap":{"docs":{"insertions":274,"deletions":8}}},{"hash":"b3c22ae6a190c05544e923deec8fc90ec995f3fa","messageTitle":"Update glossary of Developer Guide v1.1","messageBody":"This commit closes #6 by updating glossary to explain commonly used\nterms in the Developer Guide.\n\nLet\u0027s add the following terms,\n* Address Book\n* Application\n* MSS\n","fileTypesAndContributionMap":{"docs":{"insertions":3,"deletions":2}}},{"hash":"b2cd066967354dc00f4ce16957fff4161fc2a81c","messageTitle":"Add Jun Kang\u0027s Skeletal PPP","messageBody":"This commit will close #7.\n","fileTypesAndContributionMap":{"docs":{"insertions":17,"deletions":0}}},{"hash":"8470a5470538eaa38e591a50ebf09ebde3a94e44","messageTitle":"Add back Mainsteam OS to the glossary","messageBody":"","fileTypesAndContributionMap":{"docs":{"insertions":3,"deletions":2}}}]},{"date":"2022-03-02","commitResults":[{"hash":"05bb85034853cf4a07f4ac448c85e439e5feeea5","messageTitle":"Update use cases according to review comments","messageBody":"","fileTypesAndContributionMap":{"docs":{"insertions":55,"deletions":7}}}]},{"date":"2022-03-07","commitResults":[{"hash":"b36bedde9107a31d19c386f0e12f872bcaaba5e7","messageTitle":"Add function to filter contacts by a tag","messageBody":"The existing tagging system is under-developed, as users cannot do\nanything else, besides adding and removing a set of tags.\n\nTo provide users a better user experience, users will be able to filter\ncontacts by a tag, just like Instagram tag filtering system, with the\ncommand `#TAG`. Example: #friends will filter those contacts that are\ntagged with `friends`.\n\nLet\u0027s,\n* Add an alternate path in parseCommand to return HashtagCommand\n* Add HashtagCommand for the execution of the filtering by Tag\n* Add HashtagCommandParser to parse user input to a Tag object\n* Add case-insensitive hasTagIgnoreCase(Tag) to check if Person has Tag\n* Add PersonContainsTagPredicate to test if a Person is tagged to a Tag\n* Add case-insensitive equality check isSameTagIgnoreCase(Tag) in Tag\n\nThis commit mainly uses the existing abstraction only.\n\nResolves #34 less test cases (see the next commit).\n","fileTypesAndContributionMap":{"functional-code":{"insertions":172,"deletions":1}}},{"hash":"202720ba5829498178847fb7365c931eba0b0bbd","messageTitle":"Add test cases to fully resolve #34","messageBody":"Test cases are added to ensure that the application has no regression\nafter the previous commit that resolve #34.\n\nLet\u0027s,\n* Add test method parseCommand_hashtag to AddressBookParserTest\n* Add HashtagCommandParserTest\n  * Add parse_emptyArg_throwsParseException()\n  * Add parse_notAlphanumeric_throwsParseException()\n  * Add parse_validArgs_returnsHashtagCommand()\n* Add HashtagCommandTest\n  * Add isHashTag_hashTag_returnsTrue()\n  * Add isHashTag_notHashTag_returnFalse()\n  * Add execute_noMatchingTag_noPersonFound()\n  * Add execute_matchingTag_multiplePersonsFound()\n  * Add equals()\n* Add PersonContainsTagPredicateTest\n  * Add constructor_null_throwsNullPointerException()\n  * Add test_personContainsTag_returnsTrue()\n  * Add test_personDoesNotContainsTag_returnsFalse()\n  * Add equals()\n* Update PersonTest\n  * Add hasTagIgnoreCase_hasTagIgnoreCase_returnsTrue()\n  * Add hasTagIgnoreCase_noTagOrNull_returnsFalse()\n* Update TagTest\n  * Add isSameTagIgnoreCase_notSameTagOrNull_returnsFalse()\n  * Add isSameTagIgnoreCase_sameTag_returnsTrue()\n","fileTypesAndContributionMap":{"test-code":{"insertions":247,"deletions":0}}},{"hash":"e8676d7d8eba7f001a9d37c4be4962d5df309cd6","messageTitle":"Add public access modifier to some test methods","messageBody":"","fileTypesAndContributionMap":{"test-code":{"insertions":5,"deletions":5}}},{"hash":"11e49efb194fb74180e73e6c0c9f396a5eba717e","messageTitle":"Update Tag\u0027s equals() to be case-insensitive","messageBody":"It is better for tags to be case-insensitive, so that duplicates but\ndifferent capitalisation cannot be considered as different.\n\nLet\u0027s,\n* Update Tag\u0027s equals()\n* Remove isSameTagIgnoreCase(Tag) in Tag, replaced by equals()\n* Update hasTagIgnoreCase(Tag) in Person to hasTag(Tag), uses equals()\n* Update affected test cases\n","fileTypesAndContributionMap":{"functional-code":{"insertions":4,"deletions":19},"test-code":{"insertions":33,"deletions":17}}},{"hash":"99957db8b6465735a8a5a8cc8b001a722b5bd804","messageTitle":"Update Tag\u0027s hashCode() to fix Set\u003cTag\u003e.contains","messageBody":"","fileTypesAndContributionMap":{"functional-code":{"insertions":1,"deletions":1}}},{"hash":"cab508e2f3ffb4975b9054fe0c0c687aa61a622a","messageTitle":"Refactor HashtagCommand\u0027s isHashtag to isHashtagCommand","messageBody":"","fileTypesAndContributionMap":{"functional-code":{"insertions":7,"deletions":3},"test-code":{"insertions":8,"deletions":8}}},{"hash":"0db277874570c54864c4dc41796d6e1e3ac80c22","messageTitle":"Refactor PersonContainsTagPredicate to PersonWithTagPredicate","messageBody":"","fileTypesAndContributionMap":{"functional-code":{"insertions":6,"deletions":6},"other":{"insertions":18,"deletions":18},"test-code":{"insertions":11,"deletions":11}}}]},{"date":"2022-03-08","commitResults":[{"hash":"f883513e38ade02ce0e2efb02d733d5cfae049b0","messageTitle":"Add command to add a tag to a contact","messageBody":"The existing tagging system only allows user to overwrite the tags of a\nspecified contact, via the edit command.\n\nThis commit will allow users to add tags to a specified contact, one at\na time, instead of overwriting all the tags.\n\nLet\u0027s,\n* Add an alternate path in parseCommand to return AddTagCommand\n* Add AddTagCommand for add tag command execution\n* Add AddTagCommandParser to parse user input to create AddTagCommand\n\nThe implementation mainly uses the existing abstraction.\n\nResolves #36.\n","fileTypesAndContributionMap":{"functional-code":{"insertions":182,"deletions":0}}},{"hash":"52b31e6c9906f6c5fd2d9dc480eeef50495b3be1","messageTitle":"Add test cases to fully resolve #36","messageBody":"Test cases are added to ensure that the application has no regression\nafter the previous commit that resolve #36.\n\nLet\u0027s,\n* Add test method parseCommand_addTag to AddressBookParserTest\n* Add AddTagCommandParserTest\n  * Add parse_noTag_failure()\n  * Add parse_invalidTag_failure()\n  * Add parse_noIndex_failure()\n  * Add parse_invalidIndex_failure()\n  * Add parse_allFieldsSpecified_success()\n  * Add parse_multipleTag_acceptsLast()\n* Add AddTagCommandTest\n  * Add constructor_anyFieldsNull_throwsNullPointerException()\n  * Add execute_validIndexUnfilteredList_success()\n  * Add execute_duplicatedTagUnfilteredList_throwsCommandException()\n  * Add execute_invalidIndexUnfilteredList_throwsCommandException()\n  * Add execute_validIndexFilteredList_success()\n  * Add execute_duplicatedTagFilteredList_throwsCommandException()\n  * Add execute_invalidIndexFilteredList_throwsCommandException()\n  * Add equals()\n* Add addTags to PersonBuilder to allow adding of tags, not overwriting\n* Add INDEX_FOURTH_PERSON to TypicalIndexes\n","fileTypesAndContributionMap":{"test-code":{"insertions":299,"deletions":2}}},{"hash":"a47c8f50cfe591e634167200b2503c2edcf8caa0","messageTitle":"Add test method parse_additionalPrefix_failure()","messageBody":"","fileTypesAndContributionMap":{"test-code":{"insertions":13,"deletions":0}}}]},{"date":"2022-03-15","commitResults":[{"hash":"288c15efe7a21ee897ec94f3d37005bacc658111","messageTitle":"Add command to delete a tag from contact","messageBody":"The existing tagging system only allows user to clear all the tags of a\nspecified contact, via the edit command.\n\nThis commit will allow users to delete tags from a specified contact,\none at a time, instead of clearing all the tags.\n\nLet\u0027s,\n* Add an alternate path in parseCommand to return DeleteTagCommand\n* Add DeleteTagCommand for delete tag command execution\n* Add DeleteTagCommandParser to parse user input to DeleteTagCommand\n* Fix AddCommand to AddTagCommand in AddTagCommandParser JavaDoc\n\nThe implementation mainly uses the existing abstraction.\n\nResolves #35 less test cases (see the next commit).\n","fileTypesAndContributionMap":{"functional-code":{"insertions":190,"deletions":1}}},{"hash":"df042106dfe45013a5413b1ba566f64adf600195","messageTitle":"Add test cases to fully resolve #35","messageBody":"Test cases are added to ensure that the application has no regression\nafter the previous commit that resolve #35.\n\nLet\u0027s,\n* Add test method parseCommand_deleteTag to AddressBookParserTest\n* Add DeleteTagCommandParserTest\n  * Add parse_noTag_failure()\n  * Add parse_invalidTag_failure()\n  * Add parse_noIndex_failure()\n  * Add parse_invalidIndex_failure()\n  * Add parse_additionalPrefix_failure()\n  * Add parse_allFieldsSpecified_success()\n  * Add parse_multipleTag_acceptsLast()\n* Add DeleteTagCommandTest\n  * Add constructor_anyFieldsNull_throwsNullPointerException()\n  * Add execute_validIndexUnfilteredList_success()\n  * Add execute_missingTagUnfilteredList_throwsCommandException()\n  * Add execute_invalidIndexUnfilteredList_throwsCommandException()\n  * Add execute_validIndexFilteredList_success()\n  * Add execute_missingTagFilteredList_throwsCommandException()\n  * Add execute_invalidIndexFilteredList_throwsCommandException()\n  * Add equals()\n* Add deleteTags to PersonBuilder to allow deleting of tags\n","fileTypesAndContributionMap":{"test-code":{"insertions":297,"deletions":0}}},{"hash":"ffa2c0e8fb894509501110cddc4510b334df0976","messageTitle":"Fix JavaDocs in AddTagCommand, DeleteTagCommand","messageBody":"The existing JavaDoc comments do not conform to the JavaDocs convention\nthat we are supposed to follow, as it lacks the @param and @return.\n\nLet\u0027s,\n* Fix the JavaDocs for createPersonWithDeletedTag in DeleteTagCommand\n* Fix the JavaDocs for createPersonWithAddedTag in AddTagCommand\n","fileTypesAndContributionMap":{"functional-code":{"insertions":8,"deletions":0}}}]},{"date":"2022-03-21","commitResults":[{"hash":"8f3807b5b0fdcf5fbcf9ba246c374defce182669","messageTitle":"Add support to show all tags","messageBody":"The existing tagging system do not allow user to list all the tags that\nare in the AddressBook.\n\nThis commit will allow user to list all existing tags in AddressBook.\n\nThe tags for the command will not be persistent (not saved in storage),\nand will only be kept in memory. During runtime, the list of tags will\nbe populated in UniqueTagList and then updated accordingly upon every\ncommand affecting the tag list.\n\nLet\u0027s,\n* Update AddressBook to hold UniqueTagList that will hold all tags\n  * Initialise UniqueTagList in the constructor\n  * Update all CRUD methods to update UniqueTagList\n  * Add methods getUniqueTagList, getNumberOfUniqueTags to handle tags\n  * Improve equals\u0027 readability\n  * Update equals and hashCode to include UniqueTagList in comparison\n* Update AddressBookParser\n  * Rename isValidCommand to checkEmptyArguments, with method JavaDoc.\n  * Add an alternate path in parseCommand to return ListTagsCommand\n* Add method signatures for this command to Model\n  * Add getUniqueTagList()\n  * Add getNumberOfUniqueTags()\n  * Update ModelStub in AddCommandTest\n* Implement getUniqueTagList(), getNumberOfUniqueTags() in ModelManager\n* Update Tag to be comparable alphabetically\n* Improve equals\u0027 readability in Tag\n* Add ListTagsCommand for list tags command execution\n* Add interface for UniqueTagList for read-only purposes\n* Implement UniqueTagList to keep track of all tags in AddressBook\n\nReadOnlyUniqueTagList is designed to protect UniqueTagList so that\nother classes cannot modify UniqueTagList. It is also reinforced by\ngetCopy method of UniqueTagList, so that the original copy is immutable\nby other classes.\n\nResolves #33.\n","fileTypesAndContributionMap":{"functional-code":{"insertions":333,"deletions":17},"test-code":{"insertions":11,"deletions":0}}},{"hash":"85ea893600b7309f924c72ff13fee3273b965e11","messageTitle":"Add test cases to fully resolve #33","messageBody":"Test cases are added to ensure that the application has no regression\nafter the previous commit that resolve #33.\n\nLet\u0027s,\n* Add test method parseCommand_tags to AddressBookParserTest\n* Add equals test method to AddressBookTest\n* Add compareTo test method to TagTest\n* Add ListTagsCommandTest\n  * Add execute_tagsExist_success()\n  * Add execute_noPerson_noTagMessage()\n  * Add execute_noTags_noTagMessage()\n* Add UniqueTagListTest\n  * Add getCopy()\n  * Add addTags_validTagSet_success()\n  * Add addTags_nullTag_throwsNullPointerException()\n  * Add addTags_nullTagSet_throwsNullPointerException()\n  * Add removeTags_removeExistentTag_success()\n  * Add removeTags_removeNonExistentTag_throwsAssertionError()\n  * Add removeTags_nullTag_throwsNullPointerException()\n  * Add removeTags_nullTagSet_throwsNullPointerException()\n  * Add clearTags()\n  * Add getUniqueTagList()\n  * Add getUniqueTagListSize()\n  * Add equals()\n  * Add toString_moreThanFiveUniqueTags_success()\n","fileTypesAndContributionMap":{"test-code":{"insertions":229,"deletions":0}}},{"hash":"bda0ab6300e82590c68e355e51211fde7fe343cf","messageTitle":"Enable assertions in build.gradle","messageBody":"","fileTypesAndContributionMap":{"other":{"insertions":4,"deletions":0}}},{"hash":"144b375b09bf18b369e54c445914eccea86fbbfa","messageTitle":"Add logging to removeTags() of UniqueTagList","messageBody":"","fileTypesAndContributionMap":{"functional-code":{"insertions":9,"deletions":1}}}]},{"date":"2022-03-23","commitResults":[{"hash":"8d88867964c0db610bab4e95f45863e2406c0c2f","messageTitle":"Fix SLAP violation for HashtagCommandParser","messageBody":"Some parsing process of HashtagCommandParser was done in\nAddressBookParser and violates the SLAP and SRP.\n\nThis commit also upgrades the HashtagCommandParser, by using\nArgumentTokenizer.tokenize method using hashtag prefix, that uses the\nexisting classes rather than writing primitive statements, like\n.substring and .startsWith.\n\nLet\u0027s\n* Shift isHashtagCommand to HashtagCommandParser\n* Utilise ArgumentTokenizer.tokenize in isHashtagCommand\n* Utilise ArgumentTokenizer.tokenize in HashtagCommandParser\n* Shift isHashtagCommand test cases to HashtagCommandParserTest\n* Make minor changes to HashtagCommandParserTest for the changes made\n","fileTypesAndContributionMap":{"functional-code":{"insertions":50,"deletions":9},"test-code":{"insertions":39,"deletions":23}}},{"hash":"50e87795ea43601a79ce6810880aed5acefc5db3","messageTitle":"Fix minor typos, improve equals\u0027 implementation","messageBody":"","fileTypesAndContributionMap":{"functional-code":{"insertions":12,"deletions":17},"test-code":{"insertions":6,"deletions":6}}}]},{"date":"2022-03-24","commitResults":[{"hash":"0608a4009b25a46637b05c245d8743af41726e57","messageTitle":"Update use case inclusion format","messageBody":"When including a use case, the steps was repeated, which was incorrect.\n\nLets,\n* Remove the repeated steps in the inclusion\n* Fix UC12 extension to a scenario of \"no tags\"\n","fileTypesAndContributionMap":{"docs":{"insertions":19,"deletions":36}}}]},{"date":"2022-03-27","commitResults":[{"hash":"d3bc66ed481fe8728ffc028fea737d6e9c2004a0","messageTitle":"Update User Guide\u0027s usage section","messageBody":"","fileTypesAndContributionMap":{"docs":{"insertions":11,"deletions":11}}}]},{"date":"2022-03-28","commitResults":[{"hash":"eaf40661cd2e03bfec92d198dbe972ac5116f016","messageTitle":"Update User Guide\u0027s features section","messageBody":"","fileTypesAndContributionMap":{"docs":{"insertions":49,"deletions":48}}},{"hash":"df98d71eafd0bebb1981505cab1c3ce6728267db","messageTitle":"Fix ToC of User Guide","messageBody":"","fileTypesAndContributionMap":{"docs":{"insertions":79,"deletions":79}}},{"hash":"ef91b6a41b8994e4f50b7eb25f02a43e9693559c","messageTitle":"Fix title, add page break","messageBody":"","fileTypesAndContributionMap":{"docs":{"insertions":46,"deletions":1}}},{"hash":"12964777429f10eb369ce5312bb48894ef437963","messageTitle":"Add UniqueTagList to Model UML diagram","messageBody":"","fileTypesAndContributionMap":{"docs":{"insertions":9,"deletions":1}}}]},{"date":"2022-03-31","commitResults":[{"hash":"106210b2e2e781796cdae5daefa587fb4a2c93e1","messageTitle":"Update UI for more command display space","messageBody":"","fileTypesAndContributionMap":{"functional-code":{"insertions":15,"deletions":13}}},{"hash":"b3e3f52995730fe2950a292230d1796e28036b4a","messageTitle":"Update shadowJar archiveName to AIA.jar","messageBody":"","fileTypesAndContributionMap":{"other":{"insertions":1,"deletions":1}}}]},{"date":"2022-04-02","commitResults":[{"hash":"ce183a817174a1ec1302cff71dc9fb0ef2ba43c6","messageTitle":"Update AddCommand MESSAGE_USAGE","messageBody":"","fileTypesAndContributionMap":{"functional-code":{"insertions":14,"deletions":9}}},{"hash":"b2aeef4d2e44ee3d20997048a6a3561b25c749cc","messageTitle":"Fix tag in ToC and command summary","messageBody":"","fileTypesAndContributionMap":{"docs":{"insertions":2,"deletions":2}}}]},{"date":"2022-04-04","commitResults":[{"hash":"b7c86a7f5e32359d98a2f55aa1b2b83041b0c929","messageTitle":"Add Tag implementation in Developer\u0027s Guide","messageBody":"The implementation of the tagging feature should be well-documented in\nthe Developer\u0027s guide in order for future developers to make changes to\nit safety, or it can be referred to when there\u0027s some expected bugs.\n\nLet\u0027s,\n* Add a detailed class diagram focusing on Tag\n* Add a brief explanation of the Tag implementation\n* Add detailed descriptions of all classes related to Tag\n","fileTypesAndContributionMap":{"docs":{"insertions":73,"deletions":0}}},{"hash":"92df33537b117932eea0320dbff9eea7adcbeedc","messageTitle":"Add tagging sequence diagrams to Developer Guide","messageBody":"Sequence Diagrams was not added to the tagging feature implementation.\n\nLet\u0027s,\n* Add sequence diagram for removing tags from UniqueTagList\n* Add sequence diagram for adding tags to UniqueTagList\n* Add sequence diagram for updating UniqueTagList during setPerson\n* Update Developer Guide with the new sequence diagram\n","fileTypesAndContributionMap":{"docs":{"insertions":216,"deletions":2}}},{"hash":"597bb96322b5e08e4b47a0c77e4c27b9332afd41","messageTitle":"Fix EOF error in puml files","messageBody":"","fileTypesAndContributionMap":{"docs":{"insertions":3,"deletions":3}}},{"hash":"2508a94d8b95029bd6387c73f9f37ab346f07691","messageTitle":"Change image width to 500","messageBody":"","fileTypesAndContributionMap":{"docs":{"insertions":1,"deletions":1}}},{"hash":"57fa0930ea3cbfb723b1096f2ab64b6d81bedd7e","messageTitle":"Fix image name, typo","messageBody":"","fileTypesAndContributionMap":{"docs":{"insertions":1,"deletions":4}}},{"hash":"d9c41963e1d93b53ec7cd996bb651f8cfcf79ce2","messageTitle":"Add indent to images","messageBody":"","fileTypesAndContributionMap":{"docs":{"insertions":2,"deletions":2}}}]},{"date":"2022-04-05","commitResults":[{"hash":"f0dba89abbaa2ad2a67cded08a2f26602b812072","messageTitle":"Add design considerations for tagging system","messageBody":"Design considerations are important to inform other developers about\nyour choice of implementation.\n\nLet\u0027s,\n* Address the aspect of how tags are assigned to Person\n* Address the aspect of how unique tags are stored in `UniqueTagList`\n","fileTypesAndContributionMap":{"docs":{"insertions":24,"deletions":0}}},{"hash":"31afb4644ba755fbab2a644afccbcfbcd3614e33","messageTitle":"Add break lines","messageBody":"","fileTypesAndContributionMap":{"docs":{"insertions":3,"deletions":2}}},{"hash":"8ed326666311011139fe7ee13659319197f41a78","messageTitle":"Move image of alternative tag implementation","messageBody":"","fileTypesAndContributionMap":{"docs":{"insertions":3,"deletions":11}}},{"hash":"275745b66c0f9c2d20a73a69ae7f8305172545a5","messageTitle":"Fix grammar mistakes","messageBody":"","fileTypesAndContributionMap":{"docs":{"insertions":2,"deletions":2}}}]},{"date":"2022-04-06","commitResults":[{"hash":"0ff1e505a6c4381e37375e6c32855af72781dce8","messageTitle":"Add in-page hyperlinks to date format","messageBody":"","fileTypesAndContributionMap":{"docs":{"insertions":7,"deletions":6}}},{"hash":"33016a5ef92beeb7b1368d31e0aba31ae951b171","messageTitle":"Add tag constraint in User Guide","messageBody":"","fileTypesAndContributionMap":{"docs":{"insertions":8,"deletions":0}}},{"hash":"8751607dd2033b8b1064e882d17f31f566248e0a","messageTitle":"Resolve conflict fully","messageBody":"","fileTypesAndContributionMap":{"docs":{"insertions":0,"deletions":4}}},{"hash":"2416373756a5446dd4afee2cb97fa69679ee566d","messageTitle":"Change order of birth date and tag in edit","messageBody":"","fileTypesAndContributionMap":{"docs":{"insertions":1,"deletions":1}}}]},{"date":"2022-04-07","commitResults":[{"hash":"83ef606fa12465ef1a34ef8d8329b099c49f5a81","messageTitle":"Change AB3 links to project links","messageBody":"","fileTypesAndContributionMap":{"docs":{"insertions":7,"deletions":7}}},{"hash":"d2e5b8d9cebed30b81bae3dd07350bca04557b55","messageTitle":"Remove unneccessary classes of Person","messageBody":"","fileTypesAndContributionMap":{"docs":{"insertions":1,"deletions":5}}},{"hash":"eee2fd2bb81c75be6f602c8f769e247b95a8e25d","messageTitle":"Add message to refer reader to tagging section","messageBody":"","fileTypesAndContributionMap":{"docs":{"insertions":6,"deletions":0}}},{"hash":"edef7625405d004338f2249374a88020420a2d0f","messageTitle":"Improve the writing of the previous commit","messageBody":"","fileTypesAndContributionMap":{"docs":{"insertions":1,"deletions":1}}},{"hash":"b6ec2335085076a5500f2d5fbc12be957751cce2","messageTitle":"Change link to md format","messageBody":"","fileTypesAndContributionMap":{"docs":{"insertions":1,"deletions":3}}}]},{"date":"2022-04-08","commitResults":[{"hash":"789430bc6ea6c597af630ed2d8065d3f81e52ec1","messageTitle":"Update Jun Kang\u0027s PPP","messageBody":"","fileTypesAndContributionMap":{"docs":{"insertions":27,"deletions":3}}},{"hash":"0117e322fd0816be8fcf6c7ffc718e74d7f8bae7","messageTitle":"Fix typo in PR number","messageBody":"","fileTypesAndContributionMap":{"docs":{"insertions":1,"deletions":1}}},{"hash":"65e5a21fb81f148eca3ede5991e625c82c300469","messageTitle":"Fix plurality","messageBody":"","fileTypesAndContributionMap":{"docs":{"insertions":1,"deletions":1}}}]}],"pyk595":[{"date":"2022-03-01","commitResults":[{"hash":"ff602c24f7ce9172ee17f1882abe1fdfbe6d80fd","messageTitle":"Update user profile,stories and value proposition for v1.1","messageBody":"The target user profile, user stories and value proposition\nreflect the requirements of AB3.\n\nThis is not representative of the requirements for AIA.\n\nLet\u0027s update the target user profile, user stories and\nvalue proposition in linewith designated requirements\nof AIA to close AY2122S2-CS2103T-T17-3#3 as part of\nthe v1.1 increment.\n","fileTypesAndContributionMap":{"docs":{"insertions":16,"deletions":92}}},{"hash":"fb3f29c94c00aa99b3cc4077d3c3c24a3d32f5f6","messageTitle":"Update Non-Functional Requirements","messageBody":"The non-functional requirements are designated for that of AB3.\n\nThis is not representative of the requirements for AIA.\n\nLet\u0027s update the non-functional requirements to reflect the\nrequirements necessary for AIA to close AY2122S2-CS2103T-T17-3#5\nas part of the v1.1 increment for developer guide.\n","fileTypesAndContributionMap":{"docs":{"insertions":13,"deletions":2}}},{"hash":"03e5c5ccc611539b3015ad7dd3eb29f1797d40a3","messageTitle":"Add Yuan Ker\u0027s Skeletal PPP","messageBody":"This commit will close AY2122S2-CS2103T-T17-3#8.\n","fileTypesAndContributionMap":{"docs":{"insertions":24,"deletions":0}}},{"hash":"092248485a58db36aefc3557452a903a62a48e98","messageTitle":"Change name of markdown to match requirement","messageBody":"","fileTypesAndContributionMap":{"docs":{"insertions":0,"deletions":0}}},{"hash":"18cce5b63d2d209e8fcf5bbd7f58d7ad09d6be11","messageTitle":"Remove specifications for OS in NFR","messageBody":"","fileTypesAndContributionMap":{"docs":{"insertions":1,"deletions":1}}},{"hash":"ed9ccaf4cc19c0153018611abc0aa5336b2f8490","messageTitle":"Add contributions to team-based tasks","messageBody":"","fileTypesAndContributionMap":{"docs":{"insertions":5,"deletions":0}}}]},{"date":"2022-03-02","commitResults":[{"hash":"15911ede158fdbbd09fc1cee35216c5c0f53a5d1","messageTitle":"Remove extra whitespace","messageBody":"","fileTypesAndContributionMap":{"docs":{"insertions":1,"deletions":1}}}]},{"date":"2022-03-04","commitResults":[{"hash":"8475c4f7fda49f72d4ae71a466322a9c7d9895be","messageTitle":"Add custom date model","messageBody":"The application does not have a date class to handle time based\nevents easily.\n\nLet\u0027s make a custom date class for future increments like\nadding a birthdate, adding a reminder and adding last\ncontacted date.\n","fileTypesAndContributionMap":{"functional-code":{"insertions":56,"deletions":0},"test-code":{"insertions":49,"deletions":0}}},{"hash":"57aa97cf8e4ecd4b114128a58e12b76a20e81425","messageTitle":"Add custom date model","messageBody":"The application does not have a date class to handle time based\nevents easily.\n\nLet\u0027s make a custom date class to close AY2122S2-CS2103T-T17-3#29\nso future increments like adding a birthdate, adding a\nreminder and adding previous contacted date can manipulate\ntime based events.\n","fileTypesAndContributionMap":{"test-code":{"insertions":0,"deletions":1}}}]},{"date":"2022-03-05","commitResults":[{"hash":"ba24f622811f99be0b4ab748c8ed9433e92a9712","messageTitle":"Update Date class to PR suggestions","messageBody":"","fileTypesAndContributionMap":{"other":{"insertions":23,"deletions":15}}},{"hash":"6fe47ecca0319d93da1141f0a3c5ffe8c0c0a2bb","messageTitle":"Fix checkstyle issues","messageBody":"","fileTypesAndContributionMap":{"functional-code":{"insertions":2,"deletions":2},"test-code":{"insertions":1,"deletions":0}}},{"hash":"56d0302ce7af38fd914348058424dace94ab5fc4","messageTitle":"Update help feature","messageBody":"Help feature directs users to the AB3 user guide. This is\nmisleading as AIA is a different application from AB3.\n\nLet\u0027s do a quick fix by changing the link to the AIA user guide.\n\nThis will close AY2122S2-CS2103T-T17-3#31 by providing relevant\nuser support.\n","fileTypesAndContributionMap":{"functional-code":{"insertions":1,"deletions":1}}},{"hash":"69d161b811bb38145916cb7dde1381ee0f158ed6","messageTitle":"Update JavaDoc comments","messageBody":"","fileTypesAndContributionMap":{"functional-code":{"insertions":6,"deletions":5}}},{"hash":"0e73a110da61cd15b5f46085be7994b9851c1401","messageTitle":"Add constant for twenty years limit","messageBody":"","fileTypesAndContributionMap":{"functional-code":{"insertions":1,"deletions":1}}},{"hash":"0cd5ea71f874a9bc2682215b574f0498a2a8274d","messageTitle":"Remove range check on LocalDate","messageBody":"The DocumentedDate class has a check that throws an\nIllegalValueException.\n\nAs future increments would fix input and ensure LocalDate\nparameters passed to the DocumentDate class would be valid,\nsuch a check is unnecessary.\n\nLet\u0027s remove this check for better code readability.\n","fileTypesAndContributionMap":{"functional-code":{"insertions":1,"deletions":7},"test-code":{"insertions":4,"deletions":6}}}]},{"date":"2022-03-08","commitResults":[{"hash":"827ee2f8da9e74f161078651b7982730358afba8","messageTitle":"Add birthdate field to contacts","messageBody":"The addressbook does not hold birthdates for contacts. To allow\nusers to store birthdates for contacts, we need to create\na birthdate field for each contact.\n\nLet\u0027s do the following to close AY2122S2-CS2103T-T17-3#28:\n- Create a BirthDate model\n- Update Person model to hold BirthDate\n- Update FXML and person card to show BirthDate on GUI\n- Ensure dependencies are functional\n- Update and write new tests for BirthDate\n","fileTypesAndContributionMap":{"functional-code":{"insertions":156,"deletions":8},"test-code":{"insertions":344,"deletions":46}}},{"hash":"841495341fd7f45b55ae9a1134d56fdde483be26","messageTitle":"Update edit BirthDate feature","messageBody":"The edit birthDate feature has bugs and is unable to update. To\nhandle the edit feature properly, we need to ensure functionality.\n\nLet\u0027s do the following:\n- Update EditCommandParser\n- Update isValidDate method\n- Update BirthDate::equals method\n- Add more tests for edit feature\n- Patch code based on PR review suggestions\n","fileTypesAndContributionMap":{"functional-code":{"insertions":51,"deletions":24},"test-code":{"insertions":158,"deletions":145}}},{"hash":"898205d5df65b5d7cd5fb0249dfc06b88a8b78ca","messageTitle":"Handle merge conflicts in AddTagCommand class","messageBody":"","fileTypesAndContributionMap":{"functional-code":{"insertions":3,"deletions":1}}}]},{"date":"2022-03-09","commitResults":[{"hash":"a2442017f631fdc626af6546570b68ee91f235da","messageTitle":"Fix code as per PR review","messageBody":"","fileTypesAndContributionMap":{"test-code":{"insertions":55,"deletions":43}}},{"hash":"dc07652d4e3edc6cd396b4389d7683d3c9949393","messageTitle":"Add more tests for BirthDate::equals method","messageBody":"","fileTypesAndContributionMap":{"test-code":{"insertions":9,"deletions":2}}}]},{"date":"2022-03-15","commitResults":[{"hash":"8c471feb95b9bc253d896e6310f39a10e097e48d","messageTitle":"Add Birthday Command","messageBody":"The application does not allow users to look for persons with\nbirthdays today easily. This prevents them from having a\nsnapshot of who to send well wishes to.\n\nLet\u0027s do the following to close AY2122S2-CS2103T-T17-3#58:\n- Add a predicate to use for filtering for birthdays\n- Add a designated command for applying the predicate filter\n- Write tests for edge cases for better code and path coverage\n","fileTypesAndContributionMap":{"functional-code":{"insertions":52,"deletions":2},"test-code":{"insertions":96,"deletions":0}}},{"hash":"92e586a13090bcc8b97864769d8dbaccf65438e1","messageTitle":"Fix execute_listHasNoPersons_showsEmptyList() method","messageBody":"","fileTypesAndContributionMap":{"test-code":{"insertions":1,"deletions":0}}},{"hash":"cf94672718b3b66fe7e3764358229fbf1226c76a","messageTitle":"Add check for general commands","messageBody":"General commands like list, exit, help, clear and birthdays\ncan accept input with arguments. This may be considered a bug.\n\nTo prevent improper usage of the application, we should change\nthe command input acceptance to be stricter.\n\nLet\u0027s do the following to close AY2122S2-CS2103T-T17-3#60:\n- Add a check for general commands\n- Update tests to check for improper argument usage\n","fileTypesAndContributionMap":{"functional-code":{"insertions":16,"deletions":1},"test-code":{"insertions":19,"deletions":5}}},{"hash":"4fc98600e24307e6a329333c86c425cccd526c6e","messageTitle":"Update BirthdayCommandTest test cases","messageBody":"","fileTypesAndContributionMap":{"test-code":{"insertions":30,"deletions":16}}}]},{"date":"2022-03-16","commitResults":[{"hash":"a761087a9e1bb647d94d69ca83e0be5f5ccd8bef","messageTitle":"Update Application Window Name","messageBody":"Application window shows the name of Address Book Level 3. This\nis not representative of our product.\n\nLet\u0027s change the name to AIA App to close AY2122S2-CS2103T-T17-3#61.\n","fileTypesAndContributionMap":{"functional-code":{"insertions":1,"deletions":1}}}]},{"date":"2022-03-17","commitResults":[{"hash":"2b73085315f801d4b2b6023476c0a8c0f62ccb31","messageTitle":"Add backup function","messageBody":"The application will discard existing save file when an error\noccurs during reading. This is detrimental because the user will\nlose all data if they made a small error during a manual edit of\nthe save file.\n\nLet\u0027s create a backup of the save file upon receipt of an Illegal\nValue Exception in the readAddressBook method.\n\nThis will close AY2122S2-CS2103T-T17-3#64.\n","fileTypesAndContributionMap":{"functional-code":{"insertions":25,"deletions":0}}}]},{"date":"2022-03-19","commitResults":[{"hash":"8f92899b237779ee9b1b84648151053858d94841","messageTitle":"Fix code to follow coding standard","messageBody":"","fileTypesAndContributionMap":{"functional-code":{"insertions":2,"deletions":3}}}]},{"date":"2022-03-20","commitResults":[{"hash":"b22f1ac624967ccc0780588d9e505cf81e3677cd","messageTitle":"Fix contact card display","messageBody":"Dates appear too aggressive and users do not know the displayed\ndate is the date of birth. This can be considered a feature flaw\nby users.\n\nLet\u0027s do the following to close AY2122S2-CS2103T-T17-3#69:\n- Change the to string output of DocumentedDate objects\n- Add a Date of birth label in PersonCard objects\n","fileTypesAndContributionMap":{"functional-code":{"insertions":5,"deletions":5},"test-code":{"insertions":3,"deletions":3}}},{"hash":"0cd1350cc07f8acb73f9348dfcab338f0874de1d","messageTitle":"Edit DG to reflect changes to saving data","messageBody":"","fileTypesAndContributionMap":{"docs":{"insertions":12,"deletions":3}}},{"hash":"b6e259a3931649beffee57a138489c68906da430","messageTitle":"Fix missing steps in simulating missing/corrupt data files","messageBody":"","fileTypesAndContributionMap":{"docs":{"insertions":2,"deletions":0}}}]},{"date":"2022-03-21","commitResults":[{"hash":"2be9b19ac1c95755fae7db3f5f5172390d6fb7a5","messageTitle":"Add getLatestContactedInfoEntry method","messageBody":"The way latest ContactedInfo object is retrieved breaks abstraction.\nThis increases coupling and may potentially be a problem\nbecause there are no checks for a null value.\n\nLet\u0027s do the following to close AY2122S2-CS2103T-T17-3#71:\n- Create the getLastestContactedInfoEntry method\n- Edit Person and PersonCard classes to use the new method\n","fileTypesAndContributionMap":{"functional-code":{"insertions":26,"deletions":12}}}]},{"date":"2022-03-22","commitResults":[{"hash":"41e656367f683e4f14c37980d6a22161ace3ba25","messageTitle":"Add Filter by Date Functionality","messageBody":"The application does not have a filter by date of latest contact\nfeature. This creates minor inconveniences for the user when\nthey try to look for persons they were in contact with recently.\n\nLet\u0027s do the following to close AY2122S2-CS2103T-T17-3#68:\n- Write a new predicate for filtering by date\n- Create a new ContactedWithinRangeCommand and the\nequivalent parser\n- Write tests for quality assurance\n","fileTypesAndContributionMap":{"functional-code":{"insertions":168,"deletions":0},"test-code":{"insertions":155,"deletions":1}}}]},{"date":"2022-03-23","commitResults":[{"hash":"7cc5f13489d6face99ed61961b52710a89b74f12","messageTitle":"Fix contactedInfo parse","messageBody":"","fileTypesAndContributionMap":{"functional-code":{"insertions":1,"deletions":1}}}]},{"date":"2022-03-24","commitResults":[{"hash":"849f5a9fd16fb03c9cf4f242ab4f4e617956c5ac","messageTitle":"Delete Trailing Whitespaces","messageBody":"","fileTypesAndContributionMap":{"docs":{"insertions":2,"deletions":2}}},{"hash":"df886e9f5b3b582ca1462fe9c41b407f91bdcb20","messageTitle":"Remove whitespace","messageBody":"","fileTypesAndContributionMap":{"docs":{"insertions":6,"deletions":6}}},{"hash":"6c08c038a0e70b42a861c1d442c7a7f0b6b2a1fe","messageTitle":"Add use case for birthdays command","messageBody":"","fileTypesAndContributionMap":{"docs":{"insertions":14,"deletions":0}}},{"hash":"d91474b8a459d50e5ea6ad27a7a12812f21e6d58","messageTitle":"Delete whitespace","messageBody":"","fileTypesAndContributionMap":{"docs":{"insertions":1,"deletions":1}}}]},{"date":"2022-03-26","commitResults":[{"hash":"fe6dafb3be79245ebd1755b1229b9a0ec91f8f30","messageTitle":"Update ContactedInfo related Commands","messageBody":"Unit tests for ListContactedInfoCommand and\nDeleteContactedInfoCommand classes are sparse. This leaves room\nfor unforeseen errors and bugs.\n\nLet\u0027s do the following to close AY2122S2-CS2103T-T17-3#82:\n- Add unit tests for DeleteContactedInfoCommand\n- Add unit tests for ListContactedInfoCommand\n- Conduct smoke tests and bug fixes on both commands\n- Refactor code in ListContactedInfoCommand for better\ntestability\n","fileTypesAndContributionMap":{"functional-code":{"insertions":53,"deletions":21},"test-code":{"insertions":185,"deletions":20}}}]},{"date":"2022-03-27","commitResults":[{"hash":"0b2a5c9fd3188c5bc256f11b4b402c603ead7a4f","messageTitle":"Fix naming of variables and checks","messageBody":"","fileTypesAndContributionMap":{"functional-code":{"insertions":30,"deletions":19},"test-code":{"insertions":18,"deletions":18}}},{"hash":"e2d23966e17e10dd3d2287151a393574915eecec","messageTitle":"Change MESSAGE_EMPTY_CONTACTED_INFORMATION","messageBody":"","fileTypesAndContributionMap":{"functional-code":{"insertions":1,"deletions":1}}},{"hash":"9341faf74aa13db5da05f556bd264a082cf846eb","messageTitle":"Fix DeleteContactedInfoCommandParser","messageBody":"","fileTypesAndContributionMap":{"functional-code":{"insertions":2,"deletions":28}}},{"hash":"65ebb2e9963da414cb82fc70eda24894424ecab2","messageTitle":"Add ContactedOutsideRangeCommand","messageBody":"There is no functionality for retrieving contacts who were\ncontacted more than a given number of days ago. This would cause\nminor inconveniences to the user who was promised such\nfunctionality.\n\nLet\u0027s do the following to close AY2122S2-CS2103T-T17-3#94 and\nclose AY2122S2-CS2103T-T17-3#78:\n- Add ContactedOutsideRangeCommand class\n- Add ContactedOutsideRangeCommandParser class\n- Add PersonOutsideDateRangePredicate class\n- Write relevant unit tests for quality assurance\n","fileTypesAndContributionMap":{"functional-code":{"insertions":145,"deletions":3},"test-code":{"insertions":376,"deletions":0}}},{"hash":"ac4c35879e82126c7f74ad53f6d47bb97d2706a4","messageTitle":"Update birthday predicate","messageBody":"","fileTypesAndContributionMap":{"functional-code":{"insertions":1,"deletions":1}}},{"hash":"9c489ff3e4effb9c50b6f49ebbc6918d57a2c870","messageTitle":"Fix JavaDoc comments","messageBody":"","fileTypesAndContributionMap":{"functional-code":{"insertions":3,"deletions":3}}},{"hash":"696dae90978d4d98a30c41204d99b1419fcdaacc","messageTitle":"Fix JavaDocs and comments","messageBody":"","fileTypesAndContributionMap":{"functional-code":{"insertions":26,"deletions":12},"test-code":{"insertions":18,"deletions":2}}},{"hash":"d9e7184ad1b39cabc865e796332c8bbdbcdf648b","messageTitle":"Update user guide","messageBody":"","fileTypesAndContributionMap":{"docs":{"insertions":14,"deletions":7}}},{"hash":"089a6c0bfe22a2846fbb770098938f886292f1fc","messageTitle":"Change usage of after feature","messageBody":"","fileTypesAndContributionMap":{"docs":{"insertions":4,"deletions":4}}},{"hash":"e226b418e28def8e9ee85ddcf8f1c8ab095e7778","messageTitle":"Remove interesting features section","messageBody":"","fileTypesAndContributionMap":{"docs":{"insertions":4,"deletions":20}}}]},{"date":"2022-03-28","commitResults":[{"hash":"298949d4e2b36450ffa384e4dd1dc391448273fe","messageTitle":"Change quick start","messageBody":"","fileTypesAndContributionMap":{"docs":{"insertions":6,"deletions":6}}},{"hash":"2003e29815894860a9c09af96fd753058a391065","messageTitle":"Define quotations","messageBody":"","fileTypesAndContributionMap":{"docs":{"insertions":1,"deletions":0}}},{"hash":"c642be765ed56a8b97d5f615cd836369bd81a95b","messageTitle":"Fix after command label","messageBody":"","fileTypesAndContributionMap":{"docs":{"insertions":2,"deletions":2}}},{"hash":"d6d903b3af0f24374dcca743f9c6e48d410ca02d","messageTitle":"Fix command summary table for within and after","messageBody":"","fileTypesAndContributionMap":{"docs":{"insertions":2,"deletions":2}}},{"hash":"c2b9e4430c620e3813ade0fc7337d0af0fc6410e","messageTitle":"Fix Command summary","messageBody":"","fileTypesAndContributionMap":{"docs":{"insertions":6,"deletions":6}}},{"hash":"f450c21eedd2687c454aeb6b762347c5698d9d8b","messageTitle":"Fix UG for pdf format","messageBody":"","fileTypesAndContributionMap":{"docs":{"insertions":33,"deletions":28}}},{"hash":"e1e002a62d52dd7fb089a28e310987f36bdb1dd7","messageTitle":"Remove trailing whitespace","messageBody":"","fileTypesAndContributionMap":{"docs":{"insertions":1,"deletions":1}}},{"hash":"da384b41dfedd8160e147e9ecd63753b54383c71","messageTitle":"Clean up inconsistencies in UG","messageBody":"","fileTypesAndContributionMap":{"docs":{"insertions":16,"deletions":19}}},{"hash":"3b7751cac1af9a9e9a7b704de6ed3a2f7b925b79","messageTitle":"Remove trailing whitespace","messageBody":"","fileTypesAndContributionMap":{"docs":{"insertions":1,"deletions":1}}},{"hash":"e788eec69e3204209a3cec84f3d80470f9323587","messageTitle":"Add check for Recent Date Objects","messageBody":"ContactedInfo objects can be created with future dates. This will\ncause bugs because you will have an inaccurate output from the\ngetDaysPassed method.\n\nLet\u0027s do the following to close AY2122S2-CS2103T-T17-3#108:\n- Add a check in the RecentDate class\n- Update the isValidContactedInfo method\n- Add an assertion in the getDaysPassed method\n- Perform adequate testing on the new check\n","fileTypesAndContributionMap":{"functional-code":{"insertions":23,"deletions":4},"test-code":{"insertions":31,"deletions":5}}}]},{"date":"2022-03-30","commitResults":[{"hash":"d68b732d6f7b15c609b8d2a97be5c83ae26b11f5","messageTitle":"Update User Guide","messageBody":"The user guide has certain inconsistencies and inaccuracies.\r\nThis may confuse readers using the guide.\r\n\r\nLet\u0027s do the following to close AY2122S2-CS2103T-T17-3#116:\r\n- Edit front matters for a more targeted value proposition and \r\nusage description\r\n- Edit features for more user friendliness and accuracy\r\n- Edit contents page and heading titles","fileTypesAndContributionMap":{"docs":{"insertions":94,"deletions":75}}},{"hash":"e3497dd7d2fe2c1700396ef79c97aa49dc9ce131","messageTitle":"Delete trailing whitespace","messageBody":"","fileTypesAndContributionMap":{"docs":{"insertions":1,"deletions":1}}},{"hash":"d8a0f130ab9f5ea65cd102268f438549047419c5","messageTitle":"Fix spelling","messageBody":"","fileTypesAndContributionMap":{"docs":{"insertions":1,"deletions":1}}},{"hash":"04ee849c89917530518af2e5779807f8319cb61a","messageTitle":"Fix language","messageBody":"","fileTypesAndContributionMap":{"docs":{"insertions":3,"deletions":3}}},{"hash":"b420c485753331d08a45bf3ba5e8313dfa9fbc91","messageTitle":"Fix spelling","messageBody":"","fileTypesAndContributionMap":{"docs":{"insertions":1,"deletions":1}}}]},{"date":"2022-03-31","commitResults":[{"hash":"cc5232a9739e499b5b6cdf4a4ec2d9d5c7f63410","messageTitle":"Fix text formatting in result display","messageBody":"The application is still showing output from v1.2, which may\nconfuse users.\n\nTo ensure the application is up to date with the changes to the\nuser guide, let\u0027s change the following to close AY2122S2-CS2103T-T17-3#122:\n- Update command usage texts\n- Remove deprecated parse exception from AddressBookParser and\nLogicManager\n- Update UniqueTagList\n- Update StatusBarFooter\n- Update MainApp logger messages\n","fileTypesAndContributionMap":{"functional-code":{"insertions":51,"deletions":63},"test-code":{"insertions":1,"deletions":1}}},{"hash":"c148bd6915fb1ca3529b84aa4b4bc240d530ee47","messageTitle":"Fix test cases","messageBody":"","fileTypesAndContributionMap":{"test-code":{"insertions":3,"deletions":3}}},{"hash":"992e1544a833382b8b67daae09a2e3bf2a3badb5","messageTitle":"Initialise commandResult to null","messageBody":"","fileTypesAndContributionMap":{"functional-code":{"insertions":3,"deletions":1}}},{"hash":"48c08a959c4181bfc6dd046b07ce74e674cf8067","messageTitle":"Remove unnecessary declaration","messageBody":"","fileTypesAndContributionMap":{"functional-code":{"insertions":1,"deletions":3}}},{"hash":"1d5a0fa265e389667445b21abaa98bf2f126a5ec","messageTitle":"Stanrdardise people and contacts","messageBody":"","fileTypesAndContributionMap":{"functional-code":{"insertions":29,"deletions":26},"docs":{"insertions":6,"deletions":6},"test-code":{"insertions":1,"deletions":1}}},{"hash":"3a0b3a3489f699e352266e874817a619a3f2673c","messageTitle":"Update command summary","messageBody":"","fileTypesAndContributionMap":{"docs":{"insertions":3,"deletions":3}}},{"hash":"dda68f7dd213dbf073c665c5b34002808743decd","messageTitle":"Fix grammar","messageBody":"","fileTypesAndContributionMap":{"functional-code":{"insertions":2,"deletions":2}}},{"hash":"ffc0c6da6c906d44cd270191b996244b7e6b5fb7","messageTitle":"Add check for Description","messageBody":"Description length for logs does not have an upper bound. This\nopens up the application to possible exploits like exceedingly\nlong descriptions that will cause the application to slow down.\n\nLet\u0027s do the following to close AY2122S2-CS2103T-T17-3#128:\n- Add a check for ContactedInfo Decscriptions\n- Add a format prompt for date in AddContactedInfoCommand Usage\n- Add format prompts for other dates\n- Update definition of zero-padded in user guide\n","fileTypesAndContributionMap":{"functional-code":{"insertions":41,"deletions":8},"docs":{"insertions":1,"deletions":1},"test-code":{"insertions":72,"deletions":0}}},{"hash":"797fa68650d7dc81f39ef2cac1458722e862477c","messageTitle":"Vary test cases to check for different characters","messageBody":"","fileTypesAndContributionMap":{"test-code":{"insertions":2,"deletions":2}}},{"hash":"a61f0d115592d12ad0b440d9f7609694bb1609c0","messageTitle":"Standardise language in user guide","messageBody":"","fileTypesAndContributionMap":{"docs":{"insertions":1,"deletions":1}}},{"hash":"a4b1c37869fb7dac2ac36cd90a4da9de60383708","messageTitle":"Change duplicate person message","messageBody":"","fileTypesAndContributionMap":{"functional-code":{"insertions":1,"deletions":1}}}]},{"date":"2022-04-04","commitResults":[{"hash":"c6fb82f9e316dfd50934e374035ba7127c920e5b","messageTitle":"Fix isValidEmail","messageBody":"The application does not trigger the invalid email response when\nusers do not insert a period between domain name and domain label.\n\nLet\u0027s do the following to close AY2122S2-2103T-T17#133:\n- Fix isValidEmail method\n- Edit tests for isValidEmail\n","fileTypesAndContributionMap":{"functional-code":{"insertions":9,"deletions":1},"test-code":{"insertions":6,"deletions":3}}},{"hash":"b675008a048defbf42940bb1eefad48d43945a64","messageTitle":"Fix date related bugs","messageBody":"There is a bug where the user\u0027s local language will change the\ndisplayed documented dates. Users are also able to add future\ndates into the birth date field.\n\nLet\u0027s do the following:\n- Set display date locale to english to close AY2122S2-CS2103T-T17-3#134\n- Add check for birth date field to close AY2122S2-CS2103T-T17-3#135\n","fileTypesAndContributionMap":{"functional-code":{"insertions":9,"deletions":2},"test-code":{"insertions":35,"deletions":4}}},{"hash":"26c6431259a247ad9761abe62288a7688c8c485c","messageTitle":"Fix User Guide","messageBody":"There are certain inconsistencies in the user guide. This may\nconfuse users due to the vague instructions or inaccuracies.\n\nLet\u0027s do the following:\n- Fix documentation for the after and within features so that we\nand close AY2122S2-CS2103T-T17-3#138 and\nclose AY2122S2-CS2103T-T17-3#148\n- Delete OR example in find features so that we can\nclose AY2122S2-CS2103T-T17-3#140\n- Change defined terms in unlog function to\nclose AY2122S2-CS2103T-T17-3#142\n","fileTypesAndContributionMap":{"docs":{"insertions":7,"deletions":6}}},{"hash":"c99f95187d4e3e009631ac3dfacb584b0e3e765c","messageTitle":"Fix reminders formatting in UG","messageBody":"close AY2122S2-CS2103T-T17-3#152\n","fileTypesAndContributionMap":{"docs":{"insertions":2,"deletions":2}}},{"hash":"9dd49a81917329239bf2cb05609d648383b8fb83","messageTitle":"Remove print statements","messageBody":"","fileTypesAndContributionMap":{"functional-code":{"insertions":0,"deletions":3}}},{"hash":"f4a475c7f7a97e8280a552e351dbba0ed544f124","messageTitle":"Add assertion for email string","messageBody":"","fileTypesAndContributionMap":{"functional-code":{"insertions":2,"deletions":1}}},{"hash":"e0daeb6de4f0ed9e1c23e533a7b27ed6e13c48a0","messageTitle":"Fix checkstyle","messageBody":"","fileTypesAndContributionMap":{"functional-code":{"insertions":2,"deletions":2}}},{"hash":"14e4f0107e042fa3eb583c74faa0a783c8768ca1","messageTitle":"Update command summary","messageBody":"","fileTypesAndContributionMap":{"docs":{"insertions":9,"deletions":3}}},{"hash":"c6fbfdea61262e7f4d1024b96bd0b9432fb36610","messageTitle":"Update ModelClassDiagram","messageBody":"","fileTypesAndContributionMap":{"docs":{"insertions":11,"deletions":6}}},{"hash":"400bee4f54818ce9ae35ca3f3854a6d9770fed07","messageTitle":"Fix size","messageBody":"","fileTypesAndContributionMap":{"docs":{"insertions":1,"deletions":1}}},{"hash":"56fa4a2d31f4c0b13e7443548b756363deabf2f3","messageTitle":"Fix height","messageBody":"","fileTypesAndContributionMap":{"docs":{"insertions":1,"deletions":1}}}]},{"date":"2022-04-05","commitResults":[{"hash":"11ec9b12749fbe79916a8d768c003f87062e890b","messageTitle":"Add DocumentedDate Class Diagram","messageBody":"","fileTypesAndContributionMap":{"docs":{"insertions":40,"deletions":0}}},{"hash":"75c2d492b098627e7475fdbf520345beeac285e6","messageTitle":"Refactor check for RecentDate","messageBody":"The check in isValidRecentDate breaks abstraction. This makes it\nerror prone for future development.\n\nLet\u0027s do the following:\n- Put checks in ParserUtil\n- Write tests for parseRecentDate\n- Ensure that dependencies behave in the same way as previously\n","fileTypesAndContributionMap":{"functional-code":{"insertions":37,"deletions":16},"test-code":{"insertions":32,"deletions":24}}},{"hash":"4aff154105563c7345e2ad02c707cb42aeb5fc05","messageTitle":"Change message constraints back to original","messageBody":"","fileTypesAndContributionMap":{"functional-code":{"insertions":1,"deletions":1}}},{"hash":"380629105dadf52805566fa1a7fd96f740b0e105","messageTitle":"Refactor message constraints","messageBody":"","fileTypesAndContributionMap":{"functional-code":{"insertions":2,"deletions":2}}},{"hash":"b8e3428d769a3dc2d64a96ddcb012c07a1bbec2a","messageTitle":"Add create BirthDate sequence diagram","messageBody":"","fileTypesAndContributionMap":{"docs":{"insertions":44,"deletions":1}}},{"hash":"e1f82c584b8da7bfe716bc03df26056db99e73ab","messageTitle":"Add recent date creation sequence diagram","messageBody":"","fileTypesAndContributionMap":{"docs":{"insertions":43,"deletions":1}}},{"hash":"29a8fc8981f478b36cf36dd5fa1358267e7f5901","messageTitle":"Update parseContactedInfo implementation","messageBody":"","fileTypesAndContributionMap":{"functional-code":{"insertions":1,"deletions":1}}},{"hash":"477ae10a127499310be1baa222b907ecdf1f0c5b","messageTitle":"Change back to pure regex","messageBody":"","fileTypesAndContributionMap":{"functional-code":{"insertions":2,"deletions":8}}},{"hash":"48b135939727ec9b748778a683184abac5424a46","messageTitle":"Add create reminder date sequence diagram","messageBody":"","fileTypesAndContributionMap":{"docs":{"insertions":43,"deletions":1}}},{"hash":"c6a40ce85639f31fc32d130c4c6b39a46799f0aa","messageTitle":"Fix names","messageBody":"","fileTypesAndContributionMap":{"docs":{"insertions":9,"deletions":9}}},{"hash":"d19c1547c24635bd275960d820fa4b0d6e2ad89a","messageTitle":"Fix locale and compareTo","messageBody":"","fileTypesAndContributionMap":{"functional-code":{"insertions":17,"deletions":12}}},{"hash":"f66fa22b97e52cf686891b207a94111433e5707f","messageTitle":"Change to auto-generated ToC","messageBody":"","fileTypesAndContributionMap":{"docs":{"insertions":2,"deletions":26}}},{"hash":"8fe1c344fff7950c3c10f0bd34f4135d58ced821","messageTitle":"Add header","messageBody":"","fileTypesAndContributionMap":{"docs":{"insertions":2,"deletions":0}}}]},{"date":"2022-04-06","commitResults":[{"hash":"d7096c249ec0979f64b717782ce39a890373a67a","messageTitle":"Update Implementation for Date Creation in DG","messageBody":"The Developer Guide does not have documentation for date creation\nprocesses. This may make the design confusing for reviewers.\n\nLet\u0027s do the following to close AY2122S2-CS2103T-T17-3#174:\n- Update implementation for date creation\n- Add design consideration\n- Update glossary\n","fileTypesAndContributionMap":{"docs":{"insertions":71,"deletions":1}}},{"hash":"9373a636a388db74271b515cc018b9890623684a","messageTitle":"Minor fix","messageBody":"","fileTypesAndContributionMap":{"docs":{"insertions":1,"deletions":1}}},{"hash":"85e818dd615a3feef7bcba957bab9cabef2708e6","messageTitle":"Add storage backup documentation","messageBody":"","fileTypesAndContributionMap":{"docs":{"insertions":43,"deletions":0}}},{"hash":"1c876ef77e17a779cb26b2308e169b113b83e5bc","messageTitle":"Add additional design consideration","messageBody":"","fileTypesAndContributionMap":{"docs":{"insertions":24,"deletions":0}}},{"hash":"944b3dcfaa436910e9c200ee538ef64e3837dda7","messageTitle":"Add link to index format","messageBody":"","fileTypesAndContributionMap":{"docs":{"insertions":12,"deletions":3}}},{"hash":"391a6fb4705d757abb2e8769293eae1d1062ae60","messageTitle":"Fix ReadAddressBookSequenceDiagram","messageBody":"","fileTypesAndContributionMap":{"docs":{"insertions":4,"deletions":3}}},{"hash":"080b9ecee73a2906e6ad809aa7e50f863c3b4c15","messageTitle":"Fix width","messageBody":"","fileTypesAndContributionMap":{"docs":{"insertions":1,"deletions":1}}},{"hash":"07192dcb68b4b2ae16534703069810be8dfb50d6","messageTitle":"Fix width","messageBody":"","fileTypesAndContributionMap":{"docs":{"insertions":1,"deletions":1}}},{"hash":"40b25b04b9365678b8e81316e5e1cb2855be2d8c","messageTitle":"Fix width","messageBody":"","fileTypesAndContributionMap":{"docs":{"insertions":2,"deletions":2}}},{"hash":"bd9189247839ec572920890a28aca4816af0b312","messageTitle":"Fix optional condition","messageBody":"","fileTypesAndContributionMap":{"docs":{"insertions":1,"deletions":1}}},{"hash":"1ae9c9f549b6b8512eba5100c6607d2b98e7c1b3","messageTitle":"Change to alt","messageBody":"","fileTypesAndContributionMap":{"docs":{"insertions":3,"deletions":3}}},{"hash":"23d095d8fb6f2d7b058fc37f7b0cbb7074083083","messageTitle":"Fix according to Jun Kang\u0027s review","messageBody":"","fileTypesAndContributionMap":{"docs":{"insertions":16,"deletions":15}}},{"hash":"1727e409c8b48f55decfc0cf037bc9b08793575a","messageTitle":"Remove trailing whitespace","messageBody":"","fileTypesAndContributionMap":{"docs":{"insertions":24,"deletions":24}}},{"hash":"386e10d4b583c69f4c1e8d15b35fa1e90abb2e94","messageTitle":"Fix reminders format","messageBody":"","fileTypesAndContributionMap":{"docs":{"insertions":2,"deletions":1}}},{"hash":"1bc19fa005c338f213a736e4955f00952fdef068","messageTitle":"Add Table of Contents header","messageBody":"","fileTypesAndContributionMap":{"docs":{"insertions":1,"deletions":0}}}]},{"date":"2022-04-07","commitResults":[{"hash":"e299751947ecbd38674ea1e23907bf57cd181517","messageTitle":"Fix formatting","messageBody":"","fileTypesAndContributionMap":{"docs":{"insertions":5,"deletions":6}}},{"hash":"eb50dc50dfafb780fc3097a130763ae198b3b8f4","messageTitle":"Fix grammar mistakes and phrasing","messageBody":"","fileTypesAndContributionMap":{"docs":{"insertions":14,"deletions":12}}},{"hash":"19e264fafcc04193045b1b9ed494b9ab452ac6f7","messageTitle":"Fix backup feature","messageBody":"Backup will not be saved if there is an existing backup file.\nThis can be considered a bug.\n\nLet\u0027s delete existing files before making a backup to\nclose AY2122S2-CS2103T-T17-3#187\n","fileTypesAndContributionMap":{"functional-code":{"insertions":3,"deletions":0},"docs":{"insertions":1,"deletions":1}}},{"hash":"3044296226629cceac0c632b4cfd8ca26d31d445","messageTitle":"Update UG to give a warning to users","messageBody":"","fileTypesAndContributionMap":{"docs":{"insertions":2,"deletions":0}}},{"hash":"2db2ea1dd04d5a3342247f7f5aa96a4220768ffc","messageTitle":"Change info to warning","messageBody":"","fileTypesAndContributionMap":{"functional-code":{"insertions":1,"deletions":1}}},{"hash":"b6632809c36063a0fa7fc353d51f4ea5b31d3a66","messageTitle":"Update Yuan Ker\u0027s PPP","messageBody":"close AY2122S2-CS2103T-T17-3#182\n","fileTypesAndContributionMap":{"docs":{"insertions":44,"deletions":6}}},{"hash":"39f48678802d8830c2e9e8399ee97135548c0bc6","messageTitle":"Add milestones","messageBody":"","fileTypesAndContributionMap":{"docs":{"insertions":8,"deletions":7}}},{"hash":"c234d87007ad5bdd11fc716669d3432b484a6dd3","messageTitle":"Fix EOF","messageBody":"","fileTypesAndContributionMap":{"docs":{"insertions":3,"deletions":3}}},{"hash":"d0ac76ed2b91a3b0ee1750e5393ac63b2ff86c4f","messageTitle":"Add bug reports for other teams","messageBody":"","fileTypesAndContributionMap":{"docs":{"insertions":4,"deletions":1}}},{"hash":"aaef0f0beb23c1936867949095770f2604b544e7","messageTitle":"Fix ToC","messageBody":"","fileTypesAndContributionMap":{"docs":{"insertions":5,"deletions":4}}},{"hash":"0e752f309b6ea35cdb1618b8516fedf7c2a80a6a","messageTitle":"Fix trailing whitespace","messageBody":"","fileTypesAndContributionMap":{"docs":{"insertions":1,"deletions":1}}},{"hash":"97fadb26eb072c8215a0fc92e0842c3b4b6c22ed","messageTitle":"Fix ToC","messageBody":"","fileTypesAndContributionMap":{"docs":{"insertions":3,"deletions":3}}},{"hash":"5affe23e5b21fa34448f9cd3d2439a8741205432","messageTitle":"whitespace","messageBody":"","fileTypesAndContributionMap":{"docs":{"insertions":1,"deletions":1}}},{"hash":"c4ce6a8a503a74a6e251c16fc2addfe8757d8489","messageTitle":"Fix ToC","messageBody":"","fileTypesAndContributionMap":{"docs":{"insertions":7,"deletions":7}}},{"hash":"580b04905f2a1a7cbdec02505d745ade92db4ab9","messageTitle":"Change page break","messageBody":"","fileTypesAndContributionMap":{"docs":{"insertions":2,"deletions":2}}}]}],"bloodofme":[{"date":"2022-03-01","commitResults":[{"hash":"aad93df56013b03e45d8ad5508b5b159b057970a","messageTitle":"Complete Skeletal PPP","messageBody":"","fileTypesAndContributionMap":{"docs":{"insertions":33,"deletions":50}}},{"hash":"5d1a5c73b0c9a523e2072338b783373f95e0c7f6","messageTitle":"Add AboutUs","messageBody":"","fileTypesAndContributionMap":{"docs":{"insertions":22,"deletions":34}}},{"hash":"ca9c259f74ee1a8ec83620205b59281ad05f0804","messageTitle":"Update README","messageBody":"","fileTypesAndContributionMap":{"docs":{"insertions":11,"deletions":10}}},{"hash":"166a81bb07b386015c29aa446b149f0867a130f1","messageTitle":"README and AboutUs for v1.1","messageBody":"This commit will close\nhttps://github.com/AY2122S2-CS2103T-T17-3/tp/issues/11 by updating AIA\u0027s\nREADME and AboutUs.\n","fileTypesAndContributionMap":{"docs":{"insertions":8,"deletions":8}}}]},{"date":"2022-03-02","commitResults":[{"hash":"d86c46f0ca14aeebcb0897e8d3075de766f9076a","messageTitle":"Update portfolio for member","messageBody":"","fileTypesAndContributionMap":{"docs":{"insertions":3,"deletions":2}}},{"hash":"24f62026858a3a66aaa0ef1d22caabae2e84ccf2","messageTitle":"Resolve Changes","messageBody":"","fileTypesAndContributionMap":{"docs":{"insertions":2,"deletions":2}}}]},{"date":"2022-03-03","commitResults":[{"hash":"bde782bb034360cb4f6d7eca9a33f1df38ac980f","messageTitle":"Update Nadine\u0027s skeletal PPP","messageBody":"","fileTypesAndContributionMap":{"docs":{"insertions":12,"deletions":21}}},{"hash":"c419896ab75c69ef6cc187b01d1be93df3506aa6","messageTitle":"Checkstyle","messageBody":"","fileTypesAndContributionMap":{"docs":{"insertions":3,"deletions":3}}},{"hash":"dbe75140565578c2357c0a1b58360cac6ff1fe25","messageTitle":"Update Nadine\u0027s PPP for v1.1","messageBody":"This commit will close\nhttps://github.com/AY2122S2-CS2103T-T17-3/tp/issues/25 by updating PPP\nfor team member Nadine.\n","fileTypesAndContributionMap":{"docs":{"insertions":3,"deletions":3}}}]},{"date":"2022-03-09","commitResults":[{"hash":"4613c682360808eef50c7315a681e325cfc6893a","messageTitle":"Start on Recents task","messageBody":"","fileTypesAndContributionMap":{"functional-code":{"insertions":330,"deletions":41},"test-code":{"insertions":276,"deletions":29}}},{"hash":"1e37d9772b86f40e1655dc9dcd2aed5f561117a3","messageTitle":"Test case","messageBody":"","fileTypesAndContributionMap":{"test-code":{"insertions":2,"deletions":2}}}]},{"date":"2022-03-10","commitResults":[{"hash":"6b18c0414b7774ed74a5dee9f53d671a23fd9474","messageTitle":"Adds Recents Feature","messageBody":"The addressbook does not account for recent contacted dates for\ncontacts. To allow users to store recent contacted ate for contacts,\n\nWe need to:\n- Create Parser and Command the contacted feature [Solves\nhttps://github.com/AY2122S2-CS2103T-T17-3/tp/issues/40]\n- Take in user inputs for recents tab [Solves\nhttps://github.com/AY2122S2-CS2103T-T17-3/tp/issues/39]\n- Update model to take in recent dates [Solves\nhttps://github.com/AY2122S2-CS2103T-T17-3/tp/issues/38]\n- Update FXML and person card to show RecentDate on GUI\n\nA particular test case has been comment out for the\nJsonAdaptedPersonTest, will be resolved soon\n","fileTypesAndContributionMap":{"functional-code":{"insertions":149,"deletions":45},"test-code":{"insertions":194,"deletions":50}}}]},{"date":"2022-03-11","commitResults":[{"hash":"a95a49751a0bc62bcbe183f0fefeb0d9886f8101","messageTitle":"CheckStyle","messageBody":"","fileTypesAndContributionMap":{"functional-code":{"insertions":1,"deletions":1},"docs":{"insertions":1,"deletions":1},"test-code":{"insertions":2,"deletions":2}}},{"hash":"c120e2c164381930088df0e43671667c94fe8f8c","messageTitle":"Commit Recent Date into repo","messageBody":"","fileTypesAndContributionMap":{"functional-code":{"insertions":46,"deletions":0},"test-code":{"insertions":45,"deletions":0}}},{"hash":"3ee3a584f9eaeea7bb3dd76c2e20392d4114b8af","messageTitle":"CheckStyle","messageBody":"","fileTypesAndContributionMap":{"functional-code":{"insertions":44,"deletions":27}}},{"hash":"54fc87fd1b632a873c3a8042e8e67411119edbcd","messageTitle":"CheckStyle","messageBody":"","fileTypesAndContributionMap":{"functional-code":{"insertions":6,"deletions":6},"test-code":{"insertions":29,"deletions":33}}},{"hash":"cbb18aff1fe055b5ea0283576c6da8e5c9291001","messageTitle":"Fix Unit Test and Checkstyle","messageBody":"","fileTypesAndContributionMap":{"functional-code":{"insertions":29,"deletions":5},"test-code":{"insertions":26,"deletions":19}}},{"hash":"56a83257e4d8c590a302b6c65fa723ec3e4297af","messageTitle":"Fix code according to Yuan Ker\u0027s review","messageBody":"","fileTypesAndContributionMap":{"functional-code":{"insertions":12,"deletions":5}}}]},{"date":"2022-03-14","commitResults":[{"hash":"23b55cb40ab08c2b6ea5163ab582e8619661eef5","messageTitle":"Solve failed test cases for Unit Tests","messageBody":"Due to bugs, some test cases failled to pass. This commit solves issue\nhttps://github.com/AY2122S2-CS2103T-T17-3/tp/issues/54\n","fileTypesAndContributionMap":{"functional-code":{"insertions":133,"deletions":45},"test-code":{"insertions":110,"deletions":42}}}]},{"date":"2022-03-15","commitResults":[{"hash":"f83e683b2cd5973f4ed8d102411ac3db2e977f92","messageTitle":"Update test cases for ContactedCommand class","messageBody":"Uni test cases does not cover enough code. This issue solves\nhttps://github.com/AY2122S2-CS2103T-T17-3/tp/issues/53\n","fileTypesAndContributionMap":{"functional-code":{"insertions":1,"deletions":16},"test-code":{"insertions":65,"deletions":9}}},{"hash":"172b57399cba9b7bfc79ea6dd213642dab9939bd","messageTitle":"Clean up code according to JunKang\u0027s comments","messageBody":"","fileTypesAndContributionMap":{"functional-code":{"insertions":3,"deletions":28}}}]},{"date":"2022-03-19","commitResults":[{"hash":"9edaeaf3a5902b75602c23fbac728e0a85dd1ea6","messageTitle":"Update Recents Feature","messageBody":"This commit solves\nhttps://github.com/AY2122S2-CS2103T-T17-3/tp/issues/66 by combining Date\nand Description into one object.\n","fileTypesAndContributionMap":{"functional-code":{"insertions":263,"deletions":122},"other":{"insertions":80,"deletions":73},"test-code":{"insertions":257,"deletions":217}}}]},{"date":"2022-03-20","commitResults":[{"hash":"c1175da718373483224adf704dae889b88aab167","messageTitle":"Updated code according to YuanKer\u0027s review","messageBody":"","fileTypesAndContributionMap":{"functional-code":{"insertions":9,"deletions":9},"other":{"insertions":22,"deletions":22},"test-code":{"insertions":4,"deletions":3}}},{"hash":"18abb947c40edfd005c1ece3a6593a15bfe291ad","messageTitle":"Updated code based on YK\u0027s review","messageBody":"","fileTypesAndContributionMap":{"test-code":{"insertions":2,"deletions":0}}}]},{"date":"2022-03-21","commitResults":[{"hash":"97b5e7ecde2043651d146d06435e68ead2513eba","messageTitle":"Update how Description and RecentDate is parsed into ContactedInfo","messageBody":"This commit resolves\nhttps://github.com/AY2122S2-CS2103T-T17-3/tp/issues/73\n\nNow, RecentDate and Descriptions objects are parsed into ContactedInfo.\ntest cases have been updated as well. Although it could be further\nimproved.\n","fileTypesAndContributionMap":{"functional-code":{"insertions":26,"deletions":11},"test-code":{"insertions":59,"deletions":29}}}]},{"date":"2022-03-22","commitResults":[{"hash":"c56cd972fa677a00f472a1b66b4e9575a43e8dae","messageTitle":"Fix checkstyle","messageBody":"","fileTypesAndContributionMap":{"functional-code":{"insertions":16,"deletions":0},"test-code":{"insertions":29,"deletions":4}}},{"hash":"3b32aa355d8e37686f75d567926c1b8faa06ed80","messageTitle":"Update code according to Yuanker\u0027s review","messageBody":"","fileTypesAndContributionMap":{"functional-code":{"insertions":10,"deletions":4},"test-code":{"insertions":1,"deletions":1}}},{"hash":"0a0c9ab361bfc827286e00b2ebc3914635ebd23b","messageTitle":"Fix checkstyle","messageBody":"","fileTypesAndContributionMap":{"functional-code":{"insertions":0,"deletions":1}}},{"hash":"d823ccf7c4459511eee85e7a017cdf1e61f1e7ff","messageTitle":"Update code according to yuanker\u0027s review","messageBody":"Code has been updated in such a way that now recentDate and Description\nhandles checkArguments instead of contactedInfo.\n","fileTypesAndContributionMap":{"functional-code":{"insertions":6,"deletions":9}}}]},{"date":"2022-03-24","commitResults":[{"hash":"422ec850ca6faa8dbaeac3799fc96ae7670c64f8","messageTitle":"Add logs feature to recents feature","messageBody":"This commit resolves issue\nhttps://github.com/AY2122S2-CS2103T-T17-3/tp/issues/52.\n\nNow, users would be able to view all contacted information for a\nspecific client.\n","fileTypesAndContributionMap":{"functional-code":{"insertions":92,"deletions":1},"test-code":{"insertions":52,"deletions":0}}},{"hash":"96e09311e86297a13e7e374200d7eafdd0b5cc92","messageTitle":"Update code according to yuanker\u0027s review","messageBody":"","fileTypesAndContributionMap":{"functional-code":{"insertions":12,"deletions":3},"test-code":{"insertions":1,"deletions":1}}}]},{"date":"2022-03-25","commitResults":[{"hash":"e8a3e1545860bd122a4d29fa9e372cb03d95fd75","messageTitle":"Implement delete feature for Recents feature","messageBody":"This issue resolves\nhttps://github.com/AY2122S2-CS2103T-T17-3/tp/issues/83.\n\nNow, users are able to delete contacted information they do not want to\nkeep, simply by listing the index of the contacted date for specific\nclient.\n","fileTypesAndContributionMap":{"functional-code":{"insertions":252,"deletions":17},"test-code":{"insertions":218,"deletions":2}}},{"hash":"72355e95d0faca4c342a79fe8a7d092f81e30442","messageTitle":"https://github.com/AY2122S2-CS2103T-T17-3/tp/issues/90","messageBody":"This issue resolves\nhttps://github.com/AY2122S2-CS2103T-T17-3/tp/issues/90\n\nNow, Developer Guide includes the MSS for deleting a contacted\ninformation for a specific contact.\n","fileTypesAndContributionMap":{"docs":{"insertions":44,"deletions":9}}},{"hash":"8a745fd671b8e97e999084e5897ddb7d03d513ae","messageTitle":"Update Developer Guide according to yuanker\u0027s review","messageBody":"","fileTypesAndContributionMap":{"docs":{"insertions":4,"deletions":16}}},{"hash":"fade9908a0df19fe920c5ebf90ad08b6960ed8c8","messageTitle":"removed one extension for 1a1","messageBody":"","fileTypesAndContributionMap":{"docs":{"insertions":1,"deletions":7}}},{"hash":"4968e1dbf38e819d5447e78ec05ce9a38b70be83","messageTitle":"Removed unused method in Person object","messageBody":"","fileTypesAndContributionMap":{"functional-code":{"insertions":0,"deletions":11}}},{"hash":"27121afae2670a2ad283fe2f574cb3581cfb143c","messageTitle":"Update code based on yuanker\u0027s review","messageBody":"","fileTypesAndContributionMap":{"functional-code":{"insertions":14,"deletions":12},"test-code":{"insertions":12,"deletions":14}}},{"hash":"8fe1ecedf0dae1b00916862c3bda06f782c78bd8","messageTitle":"Update DeleteContactedInfoCommand.java","messageBody":"","fileTypesAndContributionMap":{"functional-code":{"insertions":1,"deletions":1}}}]},{"date":"2022-03-27","commitResults":[{"hash":"23f57cf759e574dfe051174042d2fe50f71cf816","messageTitle":"Update User Guide","messageBody":"This commit resolves\nhttps://github.com/AY2122S2-CS2103T-T17-3/tp/issues/100\n\nNow, the user guide includes command instructions for `logs` and\n`unlog`.\n","fileTypesAndContributionMap":{"docs":{"insertions":34,"deletions":7}}}]},{"date":"2022-03-29","commitResults":[{"hash":"75cbb471a64b70ed698c974954bd2d28cf5c2605","messageTitle":"Update AddContactedInfoCommandParserTest","messageBody":"This commit resolves\nhttps://github.com/AY2122S2-CS2103T-T17-3/tp/issues/112.\n\nNew test cases have been implemented to check for potential bugs.\n","fileTypesAndContributionMap":{"test-code":{"insertions":145,"deletions":9}}},{"hash":"fddc8f068c660480626bf43aea68eef7706cdf1e","messageTitle":"Update AddContactedInfoCommandParserTest.java","messageBody":"","fileTypesAndContributionMap":{"test-code":{"insertions":4,"deletions":4}}},{"hash":"4c9682c1610bf935b5f32b5e0cc203c228fca8a7","messageTitle":"Update code according to JK\u0027s comments.","messageBody":"","fileTypesAndContributionMap":{"test-code":{"insertions":53,"deletions":63}}}]},{"date":"2022-03-30","commitResults":[{"hash":"f66cb6067c80cedbbb8f1a3d394c02256d863164","messageTitle":"Localise examples for user guide","messageBody":"This issue resolves\nhttps://github.com/AY2122S2-CS2103T-T17-3/tp/issues/114.\n\nNow, examples mimic how an insurance agent would use the application.\n","fileTypesAndContributionMap":{"docs":{"insertions":42,"deletions":34}}},{"hash":"da01ae40b53e66528b4d8c5468f0ea80f630c893","messageTitle":"Update tags to fit constraint","messageBody":"","fileTypesAndContributionMap":{"docs":{"insertions":2,"deletions":2}}},{"hash":"2deb9ec22bc7849dd1d11bf1ed294fa8e997111b","messageTitle":"Include Class diagrams related to ContactedInfo Class","messageBody":"This commit partially resolves\nhttps://github.com/AY2122S2-CS2103T-T17-3/tp/issues/118.\n\nClass Diagrams have been added, but not quality controlled.\n","fileTypesAndContributionMap":{"functional-code":{"insertions":0,"deletions":9},"docs":{"insertions":67,"deletions":1}}},{"hash":"17df7ec5a09da3572a721b1dfc58c196848da352","messageTitle":"true if contacted information list contains parsed {@code ContactedInfo} object.","messageBody":"This commit resolves\nhttps://github.com/AY2122S2-CS2103T-T17-3/tp/issues/117.\n\nNow, users are not allowed to input a duplicated contacted date.\n","fileTypesAndContributionMap":{"functional-code":{"insertions":25,"deletions":2},"test-code":{"insertions":23,"deletions":0}}},{"hash":"1dea9b7011592a4fe87b37631e0671be3d8f8bdb","messageTitle":"Delete incomplete uml diagrams","messageBody":"","fileTypesAndContributionMap":{"docs":{"insertions":0,"deletions":65}}}]},{"date":"2022-04-01","commitResults":[{"hash":"6f00494e40d167fe140085e2008b3718b5884434","messageTitle":"Update User Guide","messageBody":"","fileTypesAndContributionMap":{"docs":{"insertions":27,"deletions":9}}},{"hash":"6697c928c1676b99d61ce64b86e371203968a553","messageTitle":"Update user guide with relevent screenshots.","messageBody":"This issue resolves\nhttps://github.com/AY2122S2-CS2103T-T17-3/tp/issues/130.\n\nNow, user guide includes screenshots.\n","fileTypesAndContributionMap":{"docs":{"insertions":7,"deletions":6}}},{"hash":"7f342a1d9b4ed09c5d7f7606e978fc415a367e08","messageTitle":"Update Userguide","messageBody":"Some explanations are using the wrong date.\n","fileTypesAndContributionMap":{"docs":{"insertions":3,"deletions":3}}},{"hash":"e168bbfc3f30609b18dec5282f5bb40dff240145","messageTitle":"Update user guide","messageBody":"Some dates and indexes where wrong in the user guide.\n","fileTypesAndContributionMap":{"docs":{"insertions":4,"deletions":4}}},{"hash":"5260d8e9e1b4294e2406c0ec0247c45909eb62b4","messageTitle":"Update User Guide.","messageBody":"","fileTypesAndContributionMap":{"docs":{"insertions":2,"deletions":2}}},{"hash":"b0d6b3e6a6ae87cacd07de72f35d79d368c81f8a","messageTitle":"Update userg guide.","messageBody":"","fileTypesAndContributionMap":{"docs":{"insertions":1,"deletions":1}}}]},{"date":"2022-04-03","commitResults":[{"hash":"88357f2cfb0de0e7bccc7c9602ddd12a743adac3","messageTitle":"Resolve UserGuide issues from PED.","messageBody":"This commit resolves\nhttps://github.com/AY2122S2-CS2103T-T17-3/tp/issues/139 and\nhttps://github.com/AY2122S2-CS2103T-T17-3/tp/issues/161.\n\nNow, logs command instructions comes before unlog, and images are no\nlonger compressed.\n","fileTypesAndContributionMap":{"docs":{"insertions":32,"deletions":32}}}]}]},"authorFileTypeContributionMap":{"cashewnade":{"docs":64,"functional-code":1169,"test-code":1275},"ngjunkang":{"docs":725,"functional-code":918,"test-code":1122,"other":5},"pyk595":{"docs":566,"functional-code":849,"test-code":1318,"other":1},"bloodofme":{"docs":131,"functional-code":904,"test-code":1059}},"authorContributionVariance":{"cashewnade":65488.12,"ngjunkang":25668.297,"pyk595":34707.055,"bloodofme":41586.12},"authorDisplayNameMap":{"cashewnade":"CS2103T-T17-3 SHI ..EXIN","ngjunkang":"CS2103T-T17-3 NG J..KANG","pyk595":"CS2103T-T17-3 PANG.. KER","bloodofme":"CS2103T-T17-3 CHIU..DINE"}}
