{"authorDailyContributionsMap":{"KristopherPTaslim":[{"date":"2022-03-04","commitResults":[{"hash":"f5f76411b9b3016acd4a442f2d31e3994e0e2333","messageTitle":"Add kristopherptaslim.md and kristopherptaslim.png","messageBody":"","fileTypesAndContributionMap":{"docs":{"insertions":0,"deletions":0}}},{"hash":"35f6220a9c34f370682eba5500abcb1f053adbec","messageTitle":"Add Use Cases in DeveloperGuide.md","messageBody":"","fileTypesAndContributionMap":{"docs":{"insertions":65,"deletions":11}}},{"hash":"4ee217aa45fdd39618dd81a37d65380e2fc114f5","messageTitle":"Add kristopherptaslim.md and kristopherptaslim.png","messageBody":"","fileTypesAndContributionMap":{"docs":{"insertions":35,"deletions":0}}},{"hash":"19ace44eb3663a7cc135bb7272790bbde603ad6a","messageTitle":"Update kristopherptaslim.md","messageBody":"","fileTypesAndContributionMap":{"docs":{"insertions":1,"deletions":1}}}]},{"date":"2022-03-15","commitResults":[{"hash":"d6766908f2b8eacacf38463239fbdded9b7a20b8","messageTitle":"Implement addTaskCommand","messageBody":"addTaskCommand has been implemented with a minor change in the prefix (task\u0027s prefix is task/) in order to not clash with tag (t/).\n","fileTypesAndContributionMap":{"functional-code":{"insertions":647,"deletions":16}}},{"hash":"1e5f243c806e8cc1024bbee83d7c2b47114ba372","messageTitle":"Removed Trailing Whitespace","messageBody":"","fileTypesAndContributionMap":{"functional-code":{"insertions":0,"deletions":2}}},{"hash":"d6b92d939aed589ff1677f15e75c6cc5eb6e631b","messageTitle":"Add New Line at EOF","messageBody":"","fileTypesAndContributionMap":{"functional-code":{"insertions":2,"deletions":1}}},{"hash":"765536b74b6cfb2d3b88ad4ea584e0e7defa0364","messageTitle":"Edit the codes based on CheckStyle","messageBody":"","fileTypesAndContributionMap":{"functional-code":{"insertions":32,"deletions":32}}},{"hash":"9d38c824007ceace4f14146b37afd3241ae2375a","messageTitle":"Edit based on the Checkstyle","messageBody":"","fileTypesAndContributionMap":{"functional-code":{"insertions":6,"deletions":1}}},{"hash":"5f11e0c06ecee1395592f58f3dfe8651c3cd991f","messageTitle":"Add some Model Stub","messageBody":"","fileTypesAndContributionMap":{"test-code":{"insertions":11,"deletions":0}}},{"hash":"c98fadb9b2c490bc008087c636050c3c555e7558","messageTitle":"Add \u0027 \u0027 after the RunTimeException","messageBody":"","fileTypesAndContributionMap":{"functional-code":{"insertions":2,"deletions":1}}}]},{"date":"2022-03-20","commitResults":[{"hash":"2117e6983197db7fd9bea9b401d3633c595d30ef","messageTitle":"Refactor FindCommand to allow finding contacts through attributes","messageBody":"The initial FindCommand can only be used to find contacts through name. After this implementation,\nit is able to find contacts using other Person\u0027s attributes such as phone or academicMajor.\nThe usage changes from find [Keywords] to find [Attribute\u0027s Prefix] [Keywords].\n","fileTypesAndContributionMap":{"functional-code":{"insertions":233,"deletions":10}}},{"hash":"9146710993f6d570b596cb3e71e73cf95740be1a","messageTitle":"Edit FindCommandParser Test","messageBody":"","fileTypesAndContributionMap":{"functional-code":{"insertions":5,"deletions":5},"test-code":{"insertions":12,"deletions":8}}},{"hash":"d23d9f0ca14919ef0c84ffddc8fc1f9d10eb38fd","messageTitle":"Edit FindCommandParser to conform to Checkstyle","messageBody":"","fileTypesAndContributionMap":{"test-code":{"insertions":1,"deletions":1}}},{"hash":"c7aa296341031e9ac7218a3f81c819bb63a2d19b","messageTitle":"Edit AddressBookParser","messageBody":"","fileTypesAndContributionMap":{"test-code":{"insertions":2,"deletions":1}}}]},{"date":"2022-03-22","commitResults":[{"hash":"cc022310e98fdb1d0a4e993ad132b8ab87597c18","messageTitle":"Enable findCommand to find contacts using Tag","messageBody":"","fileTypesAndContributionMap":{"functional-code":{"insertions":60,"deletions":97},"test-code":{"insertions":0,"deletions":4}}}]},{"date":"2022-03-24","commitResults":[{"hash":"0561d7efb72f73ed69d813bc9a7f5a7ae8c297be","messageTitle":"Edit Developer Guide","messageBody":"","fileTypesAndContributionMap":{"docs":{"insertions":51,"deletions":0}}}]}],"LikHern":[],"kahleongq":[{"date":"2022-03-03","commitResults":[{"hash":"511694e1044ac998ecc7e477e96c440464319fc3","messageTitle":"Add PPP skeleton and update AboutUs","messageBody":"","fileTypesAndContributionMap":{"docs":{"insertions":40,"deletions":5}}}]},{"date":"2022-03-15","commitResults":[{"hash":"247e167c212a08aeea871cc052089d6accbba2f1","messageTitle":"Add AssignCommand to ArchDuke","messageBody":"","fileTypesAndContributionMap":{"functional-code":{"insertions":216,"deletions":13},"test-code":{"insertions":13,"deletions":0}}},{"hash":"0d6193280efbbf29d79ee10b182e0b160deec301","messageTitle":"Fix checkstyle errors","messageBody":"","fileTypesAndContributionMap":{"functional-code":{"insertions":28,"deletions":19},"test-code":{"insertions":7,"deletions":2}}}]},{"date":"2022-03-16","commitResults":[{"hash":"991216f74b3ff7d7ba4cb614a40bd90bf28ad973","messageTitle":"Fix checkstyle","messageBody":"","fileTypesAndContributionMap":{"functional-code":{"insertions":1,"deletions":1}}},{"hash":"7ff73e0df825c61622ab8fa37ec117be07651ceb","messageTitle":"Fix minor bugs in assign command","messageBody":"","fileTypesAndContributionMap":{"functional-code":{"insertions":29,"deletions":28}}}]},{"date":"2022-03-19","commitResults":[{"hash":"9096cc035519cb2abf98ce3a3d5ced8665c5a062","messageTitle":"Fix variable names","messageBody":"","fileTypesAndContributionMap":{"functional-code":{"insertions":4,"deletions":3}}}]},{"date":"2022-03-25","commitResults":[{"hash":"60d849ff02700f546f31fb6664030729bb2fe5c9","messageTitle":"Update Developer Guide","messageBody":"","fileTypesAndContributionMap":{"docs":{"insertions":12,"deletions":0}}}]}],"Rdac0":[{"date":"2022-03-03","commitResults":[{"hash":"98bf85c210c12bb841ac84044496401b1db0b856","messageTitle":"Add RDA AboutUs information","messageBody":"","fileTypesAndContributionMap":{"docs":{"insertions":42,"deletions":5}}}]}],"Punpun1643":[{"date":"2022-03-02","commitResults":[{"hash":"94ece7289ebf8a80a550ef8eee111d516a280fd6","messageTitle":"Update AboutUs.md","messageBody":"","fileTypesAndContributionMap":{"docs":{"insertions":15,"deletions":16}}},{"hash":"0ec2d542d5dc6ff9d0490cb4c5a7b476a7f47a90","messageTitle":"Update UG","messageBody":"","fileTypesAndContributionMap":{"docs":{"insertions":142,"deletions":76}}},{"hash":"16d3c535d67c3855ed37cdd528a91f75975810ba","messageTitle":"Include portfolio","messageBody":"","fileTypesAndContributionMap":{"docs":{"insertions":1,"deletions":0}}},{"hash":"cb1dc35801d9817313b2d5f44ae55cfe44e9e9d0","messageTitle":"Update skeletal PPP","messageBody":"","fileTypesAndContributionMap":{"docs":{"insertions":47,"deletions":53}}}]},{"date":"2022-03-03","commitResults":[{"hash":"6d79488d53b5509f2c6535f1f2d2273329628718","messageTitle":"Update UG for v1.2","messageBody":"The UI is update to the current version for ArchDuke.\n\nResolve bugs for the UG that are traces of AB3.\n","fileTypesAndContributionMap":{"docs":{"insertions":5,"deletions":5}}},{"hash":"470e60e039a10e4a42ce43c2561d8fca3279d6e1","messageTitle":"Update README","messageBody":"* Update all contents to match ArchDuke\n* Uodate the link of GitHub Actions build status badge so that it reflects the build status of ArchDuke\n* Add acknowledgement\n* Update site-wide settings\n","fileTypesAndContributionMap":{"docs":{"insertions":17,"deletions":13}}}]},{"date":"2022-03-04","commitResults":[{"hash":"dd6846640e728bbaababf3654b44316cd3995524","messageTitle":"Modify header for ArchDuke","messageBody":"","fileTypesAndContributionMap":{"docs":{"insertions":2,"deletions":2}}},{"hash":"4fe6eaf43945461e71a0fbe55ef6c00db58936c9","messageTitle":"Update user stories and NFRs","messageBody":"","fileTypesAndContributionMap":{"docs":{"insertions":28,"deletions":14}}},{"hash":"0327901762061fe558b202553f21a12c93917633","messageTitle":"Update glossary","messageBody":"","fileTypesAndContributionMap":{"docs":{"insertions":1,"deletions":1}}},{"hash":"cdea09fb39db20748f2989fc55ca590edae9056d","messageTitle":"Update use cases","messageBody":"","fileTypesAndContributionMap":{"docs":{"insertions":50,"deletions":10}}},{"hash":"dabdba09d1df9d67b77fca46a655161cf8a97aed","messageTitle":"Update placeholder images","messageBody":"","fileTypesAndContributionMap":{"docs":{"insertions":4,"deletions":3}}}]},{"date":"2022-03-07","commitResults":[{"hash":"4fde66457008b286f8ad21862a07b256ca4bb95a","messageTitle":"Update user stories","messageBody":"Update user stories ordering so as to make them flow better and more logical.\nAdd more user stories especially for lower priorities for future planning.\n","fileTypesAndContributionMap":{"docs":{"insertions":16,"deletions":11}}},{"hash":"fb5124a555038011d467690d8621c3b7cf4c7b6f","messageTitle":"Change system and actor","messageBody":"","fileTypesAndContributionMap":{"docs":{"insertions":1,"deletions":1}}},{"hash":"a3f8aa33b0fa6e518a65ab14a35acbdb95039e20","messageTitle":"Debug UC01","messageBody":"UI details are usually omitted in the use case.\n\nCorrect extensions.\n","fileTypesAndContributionMap":{"docs":{"insertions":28,"deletions":30}}},{"hash":"b83bf2c4416c09fa30c6b5b6fdba4462046552ec","messageTitle":"Debug UC02","messageBody":"Update MSS.\n\nRemove GUI part from use case as UI is usually omitted from use case.\n\nUpdate extensions.\n","fileTypesAndContributionMap":{"docs":{"insertions":7,"deletions":9}}},{"hash":"f3b0b68001263b16ed877893423d4b92115712d6","messageTitle":"Debug UC04","messageBody":"Omit UI from use cases.\n\nAdd extensions for when the group attributes are invalid.\n","fileTypesAndContributionMap":{"docs":{"insertions":15,"deletions":9}}},{"hash":"ad083746e436ee33044db9c28bbe6078b6f27d7f","messageTitle":"Debug UC05","messageBody":"Add extensions.\n\nOmit UI from use case.\n","fileTypesAndContributionMap":{"docs":{"insertions":3,"deletions":5}}},{"hash":"73bbfbb5cb642a633d2e86213a943fbf24d9d623","messageTitle":"Update use cases","messageBody":"Debug existing use cases to align with module format.\n\nAdd missing use cases for v1.2\n","fileTypesAndContributionMap":{"docs":{"insertions":64,"deletions":17}}},{"hash":"591f3c9930ee6702054f7186810f963c54c22b72","messageTitle":"Update NFR","messageBody":"","fileTypesAndContributionMap":{"docs":{"insertions":9,"deletions":7}}},{"hash":"9aa2ddc6af767512af37d90415e1ead7ee634556","messageTitle":"Add missing glossary and arrange in alphabetical order","messageBody":"","fileTypesAndContributionMap":{"docs":{"insertions":7,"deletions":5}}}]},{"date":"2022-03-08","commitResults":[{"hash":"7da1f4b1faf0f52b98818f1fde8fab0dff4bcb06","messageTitle":"First commit","messageBody":"","fileTypesAndContributionMap":{"functional-code":{"insertions":1,"deletions":1}}},{"hash":"a0612f63aab320ec4eff1f0fa67a7b65fd0abb96","messageTitle":"Refactor PREFIX_ADDRESS to PREFIX_ACADEMIC_MAJOR","messageBody":"","fileTypesAndContributionMap":{"functional-code":{"insertions":15,"deletions":15},"test-code":{"insertions":7,"deletions":7}}},{"hash":"82e4a5440012224b64d6fdf04dbb3f675bc34ff8","messageTitle":"Refactor Address class to AcademicMajor","messageBody":"","fileTypesAndContributionMap":{"functional-code":{"insertions":50,"deletions":40},"other":{"insertions":4,"deletions":4},"docs":{"insertions":1,"deletions":1},"test-code":{"insertions":26,"deletions":24}}},{"hash":"419ac30585887132a4e5307cbd8549f5e3bc52ab","messageTitle":"Refactor parseAddress method to parseAcademicMajor method","messageBody":"","fileTypesAndContributionMap":{"functional-code":{"insertions":3,"deletions":3},"test-code":{"insertions":4,"deletions":4}}},{"hash":"53080fde9855f982aacbf35f00c5dfa1c87667ae","messageTitle":"Refactor address to academicMajor","messageBody":"","fileTypesAndContributionMap":{"functional-code":{"insertions":17,"deletions":17},"test-code":{"insertions":10,"deletions":10}}},{"hash":"0e4c2775301e2c65b36c4735d2b3059a485d2c4a","messageTitle":"Change update toString for person object","messageBody":"","fileTypesAndContributionMap":{"functional-code":{"insertions":4,"deletions":4}}},{"hash":"b9aaecbba73a2f2d63a3be985428e157cad9d423","messageTitle":"Refactor address methods and variables to academic major","messageBody":"","fileTypesAndContributionMap":{"functional-code":{"insertions":12,"deletions":12},"test-code":{"insertions":36,"deletions":36}}},{"hash":"c361460721f2ceedf1b13c647cccb10967530e3e","messageTitle":"Update CommandTestUtril.java to reflect academic major information","messageBody":"","fileTypesAndContributionMap":{"functional-code":{"insertions":2,"deletions":2},"test-code":{"insertions":36,"deletions":36}}},{"hash":"b1052cf37112a400ff4e3abc7466c47f3d07e330","messageTitle":"Modify AcademicMajor class","messageBody":"","fileTypesAndContributionMap":{"functional-code":{"insertions":11,"deletions":9}}},{"hash":"6d2c2df0a9006257cdd5d0365e2f4ebf0be0a6c0","messageTitle":"Modify JasonAdaptedPerson.java to reflect information for student academic major","messageBody":"","fileTypesAndContributionMap":{"functional-code":{"insertions":8,"deletions":8}}},{"hash":"8201477c680a52b4f69bd1c114eb44c91bcf61da","messageTitle":"Modify test data to reflect student academic major information","messageBody":"","fileTypesAndContributionMap":{"test-code":{"insertions":16,"deletions":16}}},{"hash":"9988d6563c7d673040feaf3f97ef6c6975487cd7","messageTitle":"Refactor withAddress method to withAcademicMajor","messageBody":"","fileTypesAndContributionMap":{"test-code":{"insertions":20,"deletions":20}}},{"hash":"6fb22dc0a1ef34bb3a77d9aea865378a73490db0","messageTitle":"Update test data","messageBody":"","fileTypesAndContributionMap":{"test-code":{"insertions":14,"deletions":14}}},{"hash":"b42428603b8446cf7cbae08f92cd2e79d60ebd1f","messageTitle":"Resolve checkstyle error","messageBody":"","fileTypesAndContributionMap":{"test-code":{"insertions":38,"deletions":22}}},{"hash":"4d1ab3914a56a4e4f384ef6977a547d7ef28052d","messageTitle":"Resolve checkstyle error","messageBody":"","fileTypesAndContributionMap":{"functional-code":{"insertions":8,"deletions":4}}},{"hash":"b838a4e176e2dbb25605dc2f5093dcbcbee70e88","messageTitle":"Modify student data","messageBody":"","fileTypesAndContributionMap":{"test-code":{"insertions":6,"deletions":6}}}]},{"date":"2022-03-09","commitResults":[{"hash":"6b395f48c06684a561a4519cc4d1b3cbfb87f996","messageTitle":"Modify sample data to reflect academic major","messageBody":"","fileTypesAndContributionMap":{"functional-code":{"insertions":12,"deletions":12}}},{"hash":"c712652f543d4aa633f2871c24848055398d7b0a","messageTitle":"Add AddGroupCommand class","messageBody":"","fileTypesAndContributionMap":{"functional-code":{"insertions":7,"deletions":0}}}]},{"date":"2022-03-10","commitResults":[{"hash":"2051993b5d00dfec4410a8b4d666c42aa6b41b47","messageTitle":"Hook addgroup command into Archduke","messageBody":"","fileTypesAndContributionMap":{"functional-code":{"insertions":31,"deletions":2}}},{"hash":"45209cf6067fc95809e64b0878a4c6d6772ebf7f","messageTitle":"Add AddGroupCommandParser class to parse group name provided by the user input","messageBody":"","fileTypesAndContributionMap":{"functional-code":{"insertions":36,"deletions":6}}},{"hash":"e2cc7feec527c2ef242d006622926d010dd032c8","messageTitle":"Implement parse method to parse user input for addgroup command","messageBody":"","fileTypesAndContributionMap":{"functional-code":{"insertions":39,"deletions":4}}},{"hash":"dd324124284fd1ae35b6fdaf2bb0e997f9818d75","messageTitle":"Add valid group name for future testing purposes","messageBody":"","fileTypesAndContributionMap":{"functional-code":{"insertions":5,"deletions":0},"test-code":{"insertions":3,"deletions":0}}},{"hash":"af5d6b11e07937d856ec4f4690a7c9d92606e1f6","messageTitle":"Add a new group model to Archduke to include all group data","messageBody":"","fileTypesAndContributionMap":{"functional-code":{"insertions":2,"deletions":0}}},{"hash":"476b6e003142b53deec242786e354b92763f82fb","messageTitle":"Add group class","messageBody":"","fileTypesAndContributionMap":{"functional-code":{"insertions":3,"deletions":1}}},{"hash":"65119546f9e155cfb486f7a8e9705b9f4d8e7fcd","messageTitle":"Create a new GroupName class to represent a group name","messageBody":"","fileTypesAndContributionMap":{"functional-code":{"insertions":13,"deletions":0}}},{"hash":"fd6fbb6107ffe80aa44bfdd950b1342a618e28f2","messageTitle":"Implement GroupName class to represent a group name","messageBody":"","fileTypesAndContributionMap":{"functional-code":{"insertions":75,"deletions":2}}},{"hash":"4f5b258421155290967ef316e19fab75e71d29e6","messageTitle":"Implement Group class","messageBody":"","fileTypesAndContributionMap":{"functional-code":{"insertions":32,"deletions":1}}},{"hash":"5aaae5b1b6f07a7b5e4e11ca4bbce422b2aac088","messageTitle":"Update necessary methods for Group class","messageBody":"","fileTypesAndContributionMap":{"functional-code":{"insertions":44,"deletions":3}}},{"hash":"c0e6b417d0fcc69cd952b470e74f7578d695f400","messageTitle":"Implement parseGroupName in ParserUtil for parsing user input into group name","messageBody":"","fileTypesAndContributionMap":{"functional-code":{"insertions":19,"deletions":10}}},{"hash":"edc8f1f679a29367e526b5daf1ab1c51b499d50f","messageTitle":"Edit implmentation of AddGroupCommand to use parseGroupName method instead of manually converting the user input string","messageBody":"","fileTypesAndContributionMap":{"functional-code":{"insertions":8,"deletions":3}}}]},{"date":"2022-03-11","commitResults":[{"hash":"bcdda09e24b4e4b3f46758b99ac9fbfb7bc8b9f8","messageTitle":"Updatae addgroup parser","messageBody":"","fileTypesAndContributionMap":{"functional-code":{"insertions":1,"deletions":1}}},{"hash":"f5c3eaafd68f1db3f8cf491a596fab860b794b04","messageTitle":"Fix checkstyle error","messageBody":"","fileTypesAndContributionMap":{"functional-code":{"insertions":0,"deletions":2}}},{"hash":"7b2a98365c28bd53cc53b862039b5551f1301601","messageTitle":"Fix bug for group name format to take any characters and should not be empty","messageBody":"","fileTypesAndContributionMap":{"functional-code":{"insertions":2,"deletions":2}}},{"hash":"8ab19f2ccb300a46faff3697bf58f73fb7c98456","messageTitle":"Implement UniqueGroupList that contains and deal with a list of unique groups","messageBody":"","fileTypesAndContributionMap":{"functional-code":{"insertions":148,"deletions":1}}},{"hash":"f74f4cd0f3023093acb3b9a34a790c464275a3fc","messageTitle":"Implement UniqueGroupList that deals with a list of unique groups","messageBody":"","fileTypesAndContributionMap":{"functional-code":{"insertions":7,"deletions":7}}},{"hash":"894f8507e22506376b10db4662fc5ee3b8229753","messageTitle":"Add a list of persons to Group for future implementation of assign command","messageBody":"","fileTypesAndContributionMap":{"functional-code":{"insertions":7,"deletions":0}}},{"hash":"80e87cda2f3188f23d15c34513f5719d26a34942","messageTitle":"Implemenet GroupBuilder to help build group object for testing","messageBody":"","fileTypesAndContributionMap":{"test-code":{"insertions":51,"deletions":0}}},{"hash":"2944a89d94c2082dc9da88dbe71bfc152d9bd8f2","messageTitle":"Add files to test Group and GroupName","messageBody":"","fileTypesAndContributionMap":{"test-code":{"insertions":4,"deletions":0}}},{"hash":"5cbaf6143369613062677766aa45c31ddf45de97","messageTitle":"Unit test GroupName","messageBody":"","fileTypesAndContributionMap":{"test-code":{"insertions":41,"deletions":2}}},{"hash":"25bcee9edf6a8acec17f4b0ded1761992ebf5e7c","messageTitle":"Add TypicalGroups class to contain Group objects to be used in tests","messageBody":"","fileTypesAndContributionMap":{"test-code":{"insertions":21,"deletions":0}}},{"hash":"8894f3129ac1de7cf274246f3897ac2387a398ba","messageTitle":"Modify address book to contain groups","messageBody":"","fileTypesAndContributionMap":{"functional-code":{"insertions":53,"deletions":2},"test-code":{"insertions":32,"deletions":1}}},{"hash":"e61c21e13def21a76550a72e7a24bd74fb8f2358","messageTitle":"Implement tests for Group","messageBody":"","fileTypesAndContributionMap":{"test-code":{"insertions":25,"deletions":6}}},{"hash":"2d0b15818781b8f46c5eaf2e049100f6c6bfab99","messageTitle":"Fix checkstyle error","messageBody":"","fileTypesAndContributionMap":{"test-code":{"insertions":8,"deletions":7}}},{"hash":"eb55c2193d4f88efb0ea8187bed4ecbd6420ab54","messageTitle":"Add group and make sure that it is stored","messageBody":"Group added need to be stored in GroupList\nin ArchDuke.\n\nGroup can now be added and stored in ArchDuke\nusing the addgroup command.\n\nGroup can be added successfully\nand display result when the group name\nis unique.\n\nSame group added would display an error\nmessage.\n","fileTypesAndContributionMap":{"functional-code":{"insertions":75,"deletions":7},"test-code":{"insertions":113,"deletions":81}}},{"hash":"503d2953a21ab920fd49f57bf0d061f81f48d47a","messageTitle":"Implement JsonAdaptedGroup","messageBody":"","fileTypesAndContributionMap":{"functional-code":{"insertions":53,"deletions":0}}},{"hash":"a7c0b8e68be0fb96cf833706027444bd381ed228","messageTitle":"Store the group information in ArchDuke","messageBody":"","fileTypesAndContributionMap":{"functional-code":{"insertions":19,"deletions":1}}},{"hash":"9ccc0a902408bfd8136b4a87f9a0b36306f57320","messageTitle":"Add sample group data to ArchDuke","messageBody":"","fileTypesAndContributionMap":{"functional-code":{"insertions":15,"deletions":1}}},{"hash":"97291bff8ec684ee01984513e54fd8948bed8fcd","messageTitle":"Fix checkstyle error","messageBody":"","fileTypesAndContributionMap":{"functional-code":{"insertions":2,"deletions":2}}}]},{"date":"2022-03-12","commitResults":[{"hash":"7b2cffe8f84b0a7c6c43ecd4b1a772a888eadff1","messageTitle":"Throw the correct exception","messageBody":"","fileTypesAndContributionMap":{"functional-code":{"insertions":4,"deletions":4}}},{"hash":"7f7a01e750ad636f711810019d06129babc815bb","messageTitle":"Modify the example for ACADEMIC_MAJOR attribute","messageBody":"","fileTypesAndContributionMap":{"docs":{"insertions":2,"deletions":2}}},{"hash":"c8a57bacdcdb656e94c3cd288917ef7af5a29e55","messageTitle":"Update persons in Group to use Set instead as a group should not contain duplicate Person","messageBody":"","fileTypesAndContributionMap":{"functional-code":{"insertions":4,"deletions":1}}},{"hash":"6a88fa4b305a5ac8938aeafc39160752b096d6d8","messageTitle":"Remove unused imports","messageBody":"","fileTypesAndContributionMap":{"functional-code":{"insertions":0,"deletions":3}}},{"hash":"58826a0af772ad43559f7e74adc8d5fc1cc8c7b0","messageTitle":"Add Group class","messageBody":"","fileTypesAndContributionMap":{"functional-code":{"insertions":2,"deletions":0}}},{"hash":"b2974fa078a005fbacf348ae2e0b9bda603dabf7","messageTitle":"Add ObservableList for list of groups","messageBody":"","fileTypesAndContributionMap":{"functional-code":{"insertions":16,"deletions":1}}},{"hash":"fc70644f579d5d2125fc34bf7fd250252adbc8b9","messageTitle":"Add GroupListPanel class to contain list of groups","messageBody":"","fileTypesAndContributionMap":{"functional-code":{"insertions":7,"deletions":0}}},{"hash":"9af51d62097f94575424fedd10a72dd83433d054","messageTitle":"Add necessary fxml files","messageBody":"","fileTypesAndContributionMap":{"functional-code":{"insertions":0,"deletions":0}}},{"hash":"6b29dce55a50763475e0469cf9501663cad4e357","messageTitle":"Implement GroupCard","messageBody":"","fileTypesAndContributionMap":{"functional-code":{"insertions":46,"deletions":1}}},{"hash":"5161d938722af68bb4dc70c987a573bbb1e94c01","messageTitle":"Implement GroupListPanel","messageBody":"","fileTypesAndContributionMap":{"functional-code":{"insertions":43,"deletions":2}}}]},{"date":"2022-03-13","commitResults":[{"hash":"62db79886504ec00cfc9e179bbb46bdf64346010","messageTitle":"Implement basic GUI to show group list","messageBody":"","fileTypesAndContributionMap":{"functional-code":{"insertions":59,"deletions":2}}},{"hash":"74171ba112de33cc411b08dac67c9e85d857bcce","messageTitle":"Add new line at GroupListPanel.fxml","messageBody":"","fileTypesAndContributionMap":{"functional-code":{"insertions":1,"deletions":1}}},{"hash":"ac0006246a632a95b7ef000639f70e3579e4e30c","messageTitle":"Modify GUI to show group list and student list in a split view","messageBody":"","fileTypesAndContributionMap":{"functional-code":{"insertions":14,"deletions":12}}},{"hash":"c7b4468f1292b0b2e29a5599961c21d974b3c345","messageTitle":"Update GUI style","messageBody":"","fileTypesAndContributionMap":{"functional-code":{"insertions":73,"deletions":62}}},{"hash":"46f1c32ef83f25708d6d2c3a7f5f0ccef92f2b63","messageTitle":"Change javafx version","messageBody":"","fileTypesAndContributionMap":{"functional-code":{"insertions":2,"deletions":2}}}]},{"date":"2022-03-15","commitResults":[{"hash":"8e5b036e11451ee4743dbb30fe2b8beb64ba8cdf","messageTitle":"Add user guide for commands in the help window popup","messageBody":"","fileTypesAndContributionMap":{"functional-code":{"insertions":212,"deletions":23}}},{"hash":"7b1b6ca4f5d35dc5b83070d25f3ce109ebc291c9","messageTitle":"Add assign command to help window","messageBody":"","fileTypesAndContributionMap":{"functional-code":{"insertions":44,"deletions":2}}},{"hash":"ab3140b74723ff9034367ca51967b5c6ab7b4758","messageTitle":"Add addtask command to help window","messageBody":"","fileTypesAndContributionMap":{"functional-code":{"insertions":45,"deletions":1}}},{"hash":"d4baafde9e337e7403d4fb95ae9e89fa74707511","messageTitle":"Add viewtask command to the help window","messageBody":"","fileTypesAndContributionMap":{"functional-code":{"insertions":45,"deletions":2}}},{"hash":"f9891f985710ce6427d62175ed356122b39ef4de","messageTitle":"Set minWidth for help window to 700","messageBody":"","fileTypesAndContributionMap":{"functional-code":{"insertions":1,"deletions":1}}},{"hash":"7ffa91aaf9470567df5b6c536ef2e82b196132df","messageTitle":"Update import","messageBody":"","fileTypesAndContributionMap":{"functional-code":{"insertions":1,"deletions":0}}},{"hash":"942505e1f889ec0dd8cc8febfc5f60c3b6597226","messageTitle":"Fix css","messageBody":"","fileTypesAndContributionMap":{"functional-code":{"insertions":1,"deletions":2}}},{"hash":"de525f940ede77c9c4aff1ad7c13e15a15129171","messageTitle":"Fix command bug","messageBody":"","fileTypesAndContributionMap":{"functional-code":{"insertions":1,"deletions":1}}}]},{"date":"2022-03-17","commitResults":[{"hash":"003aa8a0705605be5f783da0ffdc37165e298e2e","messageTitle":"Add DeleteGroup classes","messageBody":"","fileTypesAndContributionMap":{"functional-code":{"insertions":17,"deletions":0},"test-code":{"insertions":2,"deletions":0}}},{"hash":"4a5b1622eb5c36f4cc1302a60420e957e71eabef","messageTitle":"Hook DeleteGroupCommand to ArchDuke","messageBody":"","fileTypesAndContributionMap":{"functional-code":{"insertions":4,"deletions":0}}},{"hash":"0f8fd7885e4bd41913a8cd4540b717a153fe80e9","messageTitle":"Add addgroup command test","messageBody":"","fileTypesAndContributionMap":{"test-code":{"insertions":49,"deletions":1}}},{"hash":"ae892df46002e84d6ccb1da0243646d0c63095ac","messageTitle":"Add delgroup usage","messageBody":"","fileTypesAndContributionMap":{"functional-code":{"insertions":9,"deletions":0}}},{"hash":"d45c5d3a0869208539683c84445118cafba88604","messageTitle":"Fix checkstyle","messageBody":"","fileTypesAndContributionMap":{"functional-code":{"insertions":0,"deletions":1}}},{"hash":"4919fe16ef1f6855c5313410a5c9895194103a7d","messageTitle":"Implement delgroup command","messageBody":"","fileTypesAndContributionMap":{"functional-code":{"insertions":79,"deletions":2},"test-code":{"insertions":36,"deletions":0}}},{"hash":"ba99f00b32ca5296a3cb2c4386bb0980b214f9e5","messageTitle":"Fix bug for delgroup error message","messageBody":"","fileTypesAndContributionMap":{"functional-code":{"insertions":17,"deletions":0}}},{"hash":"dcba3a75fc17a79895f11e46c4f3a854f48d7ef0","messageTitle":"Fix bug for wrong test case","messageBody":"","fileTypesAndContributionMap":{"functional-code":{"insertions":0,"deletions":3},"test-code":{"insertions":2,"deletions":1}}},{"hash":"cf98e1d337a94c7ea36d1bd7a849a117f7e89f89","messageTitle":"Fix checkstyle error for test","messageBody":"","fileTypesAndContributionMap":{"test-code":{"insertions":5,"deletions":5}}},{"hash":"b16d1ce039c3fc90751dbaed4560b6ddffe0bb7a","messageTitle":"Add DeleteTaskCommand class to create the command object","messageBody":"","fileTypesAndContributionMap":{"functional-code":{"insertions":12,"deletions":0}}},{"hash":"cb851ad0a7058703e00970b7e4878a220b4e0436","messageTitle":"Hook deltask to ArchDuke","messageBody":"","fileTypesAndContributionMap":{"functional-code":{"insertions":10,"deletions":1}}},{"hash":"ab7a37b7417249718021c67323967b4c2e7c73bd","messageTitle":"Update AddressBookParserTest to test parsing of delete task command","messageBody":"","fileTypesAndContributionMap":{"test-code":{"insertions":6,"deletions":0}}},{"hash":"9d6fe67c7860d8253b5ee9157f06b2edc0da7c73","messageTitle":"Fix MESSAGE_USAGE for delgroup command","messageBody":"","fileTypesAndContributionMap":{"functional-code":{"insertions":1,"deletions":1}}},{"hash":"39db53c7f80581020d7f3faca07d166a68f98c60","messageTitle":"Fix attribute bug in delgroup command","messageBody":"","fileTypesAndContributionMap":{"functional-code":{"insertions":1,"deletions":1}}},{"hash":"e36d20b57fe9ed786a9d8ef7d33fb5a94e646639","messageTitle":"Update MESSAGE_USAGE for deltask command","messageBody":"","fileTypesAndContributionMap":{"functional-code":{"insertions":11,"deletions":0}}},{"hash":"cfcf6cf84c4970ac3b342fdf6f8dac2a7a323181","messageTitle":"Implement DeleteTaskCommand methods","messageBody":"","fileTypesAndContributionMap":{"functional-code":{"insertions":35,"deletions":1}}},{"hash":"814ad2c4279f741f9d106debe72c29f12737a7c9","messageTitle":"Implement DeleteTaskCommandParser","messageBody":"","fileTypesAndContributionMap":{"functional-code":{"insertions":52,"deletions":2}}},{"hash":"703742c0f252d46e2c29d6aa06628771f193e603","messageTitle":"Write necessary tests for deltask command","messageBody":"","fileTypesAndContributionMap":{"functional-code":{"insertions":71,"deletions":8},"test-code":{"insertions":97,"deletions":2}}},{"hash":"e89b9ef51d0afbbdb1b2777f10d9169a9ad70d9f","messageTitle":"Fix checkstyle in main","messageBody":"","fileTypesAndContributionMap":{"functional-code":{"insertions":18,"deletions":13}}},{"hash":"947644752c73b19b647b36fda04f33583566122d","messageTitle":"Fix checkstyle error in test","messageBody":"","fileTypesAndContributionMap":{"test-code":{"insertions":2,"deletions":4}}},{"hash":"955f5a4a7ddfbaffe4b9747991af487b9c0cdc30","messageTitle":"Fix minor issues based on my own PR comment","messageBody":"","fileTypesAndContributionMap":{"functional-code":{"insertions":5,"deletions":5}}},{"hash":"31735c0467552b25cb124ee1e6885017e01c3e64","messageTitle":"Fix bug when storing task to json file","messageBody":"","fileTypesAndContributionMap":{"functional-code":{"insertions":28,"deletions":17}}},{"hash":"84498d0be66a52c18476c240f09369cfbb4f78df","messageTitle":"Revert back to previous implementation to add task to group in json file","messageBody":"","fileTypesAndContributionMap":{"functional-code":{"insertions":5,"deletions":11}}},{"hash":"614c983ba5a55ae5be22e5f28f9db108d79079c8","messageTitle":"Fix bug resulting from changing storing format","messageBody":"","fileTypesAndContributionMap":{"functional-code":{"insertions":12,"deletions":15}}}]},{"date":"2022-03-18","commitResults":[{"hash":"8d465afda3c63f4691286e49a3ccb15e6eea1ffc","messageTitle":"Fix style","messageBody":"","fileTypesAndContributionMap":{"functional-code":{"insertions":1,"deletions":1}}},{"hash":"59ad3c3a95021fa4f6cb157fa246ba5f3584fb25","messageTitle":"Add ViewTaskCommand class","messageBody":"","fileTypesAndContributionMap":{"functional-code":{"insertions":17,"deletions":0}}},{"hash":"814766c849407796897aaa84ba169b83f959093b","messageTitle":"Implement viewtask command parser to parse user input into viewtask command","messageBody":"","fileTypesAndContributionMap":{"functional-code":{"insertions":91,"deletions":1},"test-code":{"insertions":19,"deletions":0}}},{"hash":"3ec410fdfbb1295debc9b3918c13bbc1247afad5","messageTitle":"Unit test equal ViewTaskCommand object","messageBody":"","fileTypesAndContributionMap":{"test-code":{"insertions":15,"deletions":1}}},{"hash":"a5a2622a3d99a30ca1dd19b46bf683f3821190bc","messageTitle":"Add unit tests to parser related methods","messageBody":"","fileTypesAndContributionMap":{"test-code":{"insertions":51,"deletions":1}}}]},{"date":"2022-03-19","commitResults":[{"hash":"50e6d7d0c633100d2f27af86612f7184635fd495","messageTitle":"Implement viewtask command to view task in a group","messageBody":"Viewtask allows user to easily view task in\nan existing group.\n\nUser can use viewtask with the specified\nGROUP_NAME to view tasks in that group.\n\nLet\u0027s\n* create ViewTaskCommand class to create\nthe command object\n* implement the viewTask() method in AddressBook\n* update viewTask() and task related methods\nin ModelManager.java\n* Update Group class to support the viewing\nof tasks in the group\n","fileTypesAndContributionMap":{"functional-code":{"insertions":68,"deletions":5},"test-code":{"insertions":15,"deletions":0}}}]},{"date":"2022-03-22","commitResults":[{"hash":"099e0d028d13c47e6c3449dd7d0452116d0786fb","messageTitle":"Update delte command","messageBody":"","fileTypesAndContributionMap":{"docs":{"insertions":21,"deletions":3}}},{"hash":"3985b2e9c184f5f2afa0549ac9984c1684910c67","messageTitle":"Add deassign command","messageBody":"","fileTypesAndContributionMap":{"docs":{"insertions":21,"deletions":2}}},{"hash":"387dbf9e174e43bfec4386e3cb16cb07665cb41d","messageTitle":"Update task command format","messageBody":"","fileTypesAndContributionMap":{"docs":{"insertions":4,"deletions":4}}},{"hash":"289b12ad3dc4874704b9ec0419dc7e1f0c156fb4","messageTitle":"Update find comman d","messageBody":"","fileTypesAndContributionMap":{"docs":{"insertions":26,"deletions":3}}},{"hash":"7bc8bbbf20dc52497ae1dd764712ae513abfc5e6","messageTitle":"Update the description cases for find command","messageBody":"","fileTypesAndContributionMap":{"docs":{"insertions":8,"deletions":3}}},{"hash":"ef8a1bd5e99714fa2d6ea9ed21ecea3d999b5ad2","messageTitle":"Add viewcontact command","messageBody":"","fileTypesAndContributionMap":{"docs":{"insertions":17,"deletions":0}}},{"hash":"ec490d8915ab89ce3799d1ca7459e596d63cf624","messageTitle":"Add clear command","messageBody":"","fileTypesAndContributionMap":{"docs":{"insertions":6,"deletions":0}}},{"hash":"cf1087c7510377871dc7ba7338bbd5e19c99d8e9","messageTitle":"Update command summaray","messageBody":"","fileTypesAndContributionMap":{"docs":{"insertions":5,"deletions":1}}},{"hash":"2d0e23afc515927df76c64ee76c5965b941b4825","messageTitle":"Change title to ArchDuke","messageBody":"","fileTypesAndContributionMap":{"docs":{"insertions":1,"deletions":1}}},{"hash":"63ee3e7b6863c3637e3c28e4aa29f14cfbf60fe2","messageTitle":"Update UG for v1.3","messageBody":"There are several commands that are update to\nalign with v1.3.\n\nUser guide need to align with v1.3.\n\nLet\u0027s,\n* update delete command\n* update task format\n* add deassign command\n* update find command\n* add viewcontact command\n* add clear command\n* update command summary\n","fileTypesAndContributionMap":{"docs":{"insertions":1,"deletions":1}}},{"hash":"04c23c6f032476820039c3788ef23db48d66c57f","messageTitle":"Fix GROUP_NAME message constraints description","messageBody":"","fileTypesAndContributionMap":{"functional-code":{"insertions":1,"deletions":1}}},{"hash":"2c04964c79cc8ee37dfaae197e355f3068516f76","messageTitle":"Modify UiClassDiagram","messageBody":"","fileTypesAndContributionMap":{"docs":{"insertions":9,"deletions":1}}},{"hash":"1773841fb24e5817b20b44009da6c7fc8454f43f","messageTitle":"Update description for UIPart","messageBody":"","fileTypesAndContributionMap":{"docs":{"insertions":5,"deletions":3}}},{"hash":"40d681436802b205550c5d0b0ad4f0f769c9da03","messageTitle":"Update model diagram","messageBody":"","fileTypesAndContributionMap":{"docs":{"insertions":32,"deletions":2}}},{"hash":"80182a219f6e972f6c5338f5d9f7af981a5cb6d4","messageTitle":"Update description for model component","messageBody":"","fileTypesAndContributionMap":{"docs":{"insertions":2,"deletions":1}}},{"hash":"8b73e9ad7e04740eff24d34584f247964cb336f9","messageTitle":"Update storage diagram","messageBody":"","fileTypesAndContributionMap":{"docs":{"insertions":5,"deletions":0}}},{"hash":"9cad045fb5e4ee263c71a40be7356a33e43a1f9a","messageTitle":"Update description for storage","messageBody":"","fileTypesAndContributionMap":{"docs":{"insertions":1,"deletions":1}}},{"hash":"a28f354e3f335dc134929865ef527034ee97ef8e","messageTitle":"Update existing diagram in DG","messageBody":"Many diagrams are no longer relevant as the code base change.\n\nUpdate existing diagrams to align with the details of ArchDuke.\n\nLet\u0027s,\n* Update UiClassDiagram and description to match with the current UI\n* Update Model diagram and description\n* Update Storage diagram and description\n* Include section for note-worthy implementations\nwhich will be update later\n","fileTypesAndContributionMap":{"docs":{"insertions":12,"deletions":0}}},{"hash":"9390c87e6b8d1758119dde3170d75f5b81259f4d","messageTitle":"Enable assertions","messageBody":"","fileTypesAndContributionMap":{"other":{"insertions":4,"deletions":0}}},{"hash":"bc17ce107438cc13874c3ee61a88f4e95b60b29b","messageTitle":"Add numbering to tasks","messageBody":"","fileTypesAndContributionMap":{"functional-code":{"insertions":1,"deletions":1}}}]},{"date":"2022-03-23","commitResults":[{"hash":"06516ce791067789d520a6eb3b358e590eb65597","messageTitle":"Add DeassignCommand class","messageBody":"","fileTypesAndContributionMap":{"functional-code":{"insertions":4,"deletions":0}}},{"hash":"b936beb885bbdfbdd3fd4b5694a2a5a06bcc33da","messageTitle":"Add tests for AddressBookParser","messageBody":"","fileTypesAndContributionMap":{"functional-code":{"insertions":18,"deletions":1},"test-code":{"insertions":36,"deletions":1}}},{"hash":"ea9ab9a881df4ad7f60c900111894b02e0e380c0","messageTitle":"Update assign command to align with other command format","messageBody":"","fileTypesAndContributionMap":{"functional-code":{"insertions":16,"deletions":3}}},{"hash":"15c894cb2f69888427674c56e74f1d027d2a795a","messageTitle":"Implement methods to support deassign command","messageBody":"","fileTypesAndContributionMap":{"functional-code":{"insertions":109,"deletions":4}}},{"hash":"b956953727a889415f63122e2445ada43709e7af","messageTitle":"Update AddressBookParserTest","messageBody":"","fileTypesAndContributionMap":{"test-code":{"insertions":0,"deletions":2}}},{"hash":"478af7580e2c3b798cf2a14cf2161c886273653c","messageTitle":"Implement deassign command","messageBody":"","fileTypesAndContributionMap":{"functional-code":{"insertions":79,"deletions":7},"test-code":{"insertions":5,"deletions":0}}},{"hash":"58ba57ae7c978341418976486bd3decd84d31b7b","messageTitle":"Fix checkstyle","messageBody":"","fileTypesAndContributionMap":{"functional-code":{"insertions":3,"deletions":3}}},{"hash":"997c9e650618a6f92dff6b026b639c8fe5e3e1fa","messageTitle":"Add tests for commands","messageBody":"","fileTypesAndContributionMap":{"test-code":{"insertions":55,"deletions":3}}},{"hash":"8bad00f3971c0d8aaa752c7853ab7cc1caab9862","messageTitle":"Test deassign command","messageBody":"","fileTypesAndContributionMap":{"test-code":{"insertions":1,"deletions":2}}},{"hash":"b0299a5e375ce648954048aa7919472e5e24ed0b","messageTitle":"Test addgroup command","messageBody":"","fileTypesAndContributionMap":{"test-code":{"insertions":104,"deletions":0}}},{"hash":"c27c0c8835e7e04ddfe21d1a9125bd655785ab36","messageTitle":"Fix checkstyle","messageBody":"","fileTypesAndContributionMap":{"test-code":{"insertions":3,"deletions":4}}},{"hash":"9f81bf0b514e2140760b126cfe897db4a807e2b7","messageTitle":"Fix checkstyle error","messageBody":"","fileTypesAndContributionMap":{"test-code":{"insertions":2,"deletions":2}}},{"hash":"bccb21bcaabca5a69819c6dcb8d71f46cb0ccd80","messageTitle":"Test group","messageBody":"","fileTypesAndContributionMap":{"test-code":{"insertions":25,"deletions":0}}},{"hash":"119a9918340a9a3f2186df4b3e9d0016082bf8f1","messageTitle":"Test group in model manager","messageBody":"","fileTypesAndContributionMap":{"test-code":{"insertions":22,"deletions":0}}},{"hash":"d58bdaba90cd71771313133f7f64b70b24369fa2","messageTitle":"Test group in addressbook","messageBody":"","fileTypesAndContributionMap":{"test-code":{"insertions":36,"deletions":1}}},{"hash":"4611605f9c2d0de620244d2af5146e402fd8cb0c","messageTitle":"Implement deassign command to deassign student","messageBody":"Update ArchDuke to support the deassigning of\nstudent contact from group. ArchDuke will not\nbe usable without deassignment.\n\nImplement necessary methods and classes to support\ndeassign command.\n\nTest related methods and classes.\n\nLet\u0027s\n* Implement parsers to support deassign command\n* Hook deassign command to ArchDuke\n* Unit test to make sure that everything work\n","fileTypesAndContributionMap":{"functional-code":{"insertions":1,"deletions":3}}},{"hash":"20e0b3adf2d27cc0fde15490228df632f834de8c","messageTitle":"Add ViewContactCommand class","messageBody":"","fileTypesAndContributionMap":{"functional-code":{"insertions":11,"deletions":0}}},{"hash":"bd1092c923df174d57518a7a496d694ac9b8a2a9","messageTitle":"Implement viewcontact command","messageBody":"","fileTypesAndContributionMap":{"functional-code":{"insertions":60,"deletions":1}}},{"hash":"602fda5d1f7b520cc752e5dd730211b924269a7c","messageTitle":"Implement viewcontact command parser","messageBody":"","fileTypesAndContributionMap":{"functional-code":{"insertions":46,"deletions":1}}},{"hash":"e1d177656d4743ea3b59af7a982713a30874ff72","messageTitle":"Add relevant methods in addressbook for view contact","messageBody":"","fileTypesAndContributionMap":{"functional-code":{"insertions":8,"deletions":0}}},{"hash":"64e58aaa3fd22163d70ba22b0bf1ab3b4e6fd6bb","messageTitle":"Add method to view student contacts in a group","messageBody":"","fileTypesAndContributionMap":{"functional-code":{"insertions":26,"deletions":3}}},{"hash":"eac94cfc903faa945ec8b97f9553b297547eef17","messageTitle":"Update model to include view contact methods","messageBody":"","fileTypesAndContributionMap":{"functional-code":{"insertions":12,"deletions":0},"test-code":{"insertions":5,"deletions":0}}},{"hash":"137540d323cd31b95b9c9595893a009dc73bcd3c","messageTitle":"Update description in parsers","messageBody":"","fileTypesAndContributionMap":{"functional-code":{"insertions":14,"deletions":4}}}]},{"date":"2022-03-24","commitResults":[{"hash":"21f1b3d7729a4766b170e0b53ae514cc44034bcd","messageTitle":"Edit description in group","messageBody":"","fileTypesAndContributionMap":{"functional-code":{"insertions":0,"deletions":1},"test-code":{"insertions":2,"deletions":0}}},{"hash":"baff7444f57413cae5f37bc667811d39380a4b4f","messageTitle":"Include non-existent group message for testing purpose","messageBody":"","fileTypesAndContributionMap":{"functional-code":{"insertions":1,"deletions":0}}},{"hash":"79c25cef7ab2fbab895c35c210c7bceeb994cf67","messageTitle":"Unit test viewtask command","messageBody":"","fileTypesAndContributionMap":{"test-code":{"insertions":67,"deletions":1}}},{"hash":"ec898fb9f356b0b960a1ed1081d0622518f9a0c7","messageTitle":"Fix checkstyle error","messageBody":"","fileTypesAndContributionMap":{"test-code":{"insertions":1,"deletions":2}}},{"hash":"ee35a7c8910afa12f029df9b9529acd8e6a118cd","messageTitle":"Unit test delete group","messageBody":"","fileTypesAndContributionMap":{"test-code":{"insertions":48,"deletions":0}}},{"hash":"107edc5cd6faeb196c840bdf7133bf941d03a847","messageTitle":"Unit test view task","messageBody":"","fileTypesAndContributionMap":{"test-code":{"insertions":23,"deletions":3}}},{"hash":"9482b4a65ed434c31a14a694ed0d0d50b42dd205","messageTitle":"Refactor deassign command to has its own error message","messageBody":"","fileTypesAndContributionMap":{"functional-code":{"insertions":2,"deletions":1}}},{"hash":"7a9a8e72ba512515f61a9d75c539c04c2c4f7117","messageTitle":"Unit test group methods","messageBody":"","fileTypesAndContributionMap":{"test-code":{"insertions":53,"deletions":2}}},{"hash":"59d70b36e1dfd4b8537ec47daa6a97022293425c","messageTitle":"Test AddressBookParser for viewcontact command","messageBody":"","fileTypesAndContributionMap":{"test-code":{"insertions":18,"deletions":1}}},{"hash":"c68e814dfd04ef352d65944fe6f24997cfc81981","messageTitle":"Fix checkstyle error","messageBody":"","fileTypesAndContributionMap":{"test-code":{"insertions":33,"deletions":1}}},{"hash":"8e3e66b62f0ade3a47bcd462109ef920cfe0f181","messageTitle":"Implement viewcontact command","messageBody":"Viewcontact command is used to view student contacts\nin an existing group in ArchDuke.\n\nThe student contacts are shown on the result\ndisplay upon execution.\n\nLet\u0027s,\n* Create ViewContactCommand class to create command object\n* Create ViewContactCommandParser to parse user input into\nViewContactCommand\n* Hook the command to ArchDuke\n* Unit test related methods\n","fileTypesAndContributionMap":{"test-code":{"insertions":15,"deletions":0}}},{"hash":"c65f20ed22dbdf513eb7e08c054014dfc693c979","messageTitle":"Add addgroup command sequence diagram","messageBody":"","fileTypesAndContributionMap":{"docs":{"insertions":70,"deletions":0}}},{"hash":"d28e9a1ddee2843a84351b165830182bf93df956","messageTitle":"Add addgroup act diagram","messageBody":"","fileTypesAndContributionMap":{"docs":{"insertions":30,"deletions":3}}},{"hash":"842a7702ac8dd79056889e0f58f11b8e6d6381de","messageTitle":"Fix styling","messageBody":"","fileTypesAndContributionMap":{"docs":{"insertions":1,"deletions":3}}}]},{"date":"2022-03-25","commitResults":[{"hash":"ca5454ba5b5319fe75aae8d6a1bc1ad2b4a318fd","messageTitle":"Update implementation of addgroup","messageBody":"","fileTypesAndContributionMap":{"docs":{"insertions":18,"deletions":4}}},{"hash":"8ef4d6f18c5b3f4fce3e0ffc1c861604e17a94b4","messageTitle":"Update command description","messageBody":"","fileTypesAndContributionMap":{"functional-code":{"insertions":110,"deletions":1}}},{"hash":"c433a1c43fe8f73c7c73c0453ad2c66a326908c9","messageTitle":"Include styling for new commands","messageBody":"","fileTypesAndContributionMap":{"functional-code":{"insertions":19,"deletions":1}}},{"hash":"e26ad778fdf1dc18d0214300128ab537b040fe54","messageTitle":"Update help command","messageBody":"ArchDuke now include new commands.\n\nHelpwindow needs update to support\nthe newly added commands.\n\nUpdate task related command to match\ndescription in UG.\n\nLet\u0027s,\n* Add new commands to help window\n* Update task commands to the\ncorrect syntax\n","fileTypesAndContributionMap":{"functional-code":{"insertions":162,"deletions":0}}},{"hash":"035c6aadf5b382f59fab01670e02b984fd90b436","messageTitle":"Fix checkstyle","messageBody":"","fileTypesAndContributionMap":{"functional-code":{"insertions":1,"deletions":1}}}]},{"date":"2022-03-26","commitResults":[{"hash":"0d1d287e818a0a07d6e02d90bbd6751efc400467","messageTitle":"Update archduke logo","messageBody":"","fileTypesAndContributionMap":{"functional-code":{"insertions":2,"deletions":2},"test-code":{"insertions":1,"deletions":1}}},{"hash":"a04890fa44ac22c5ab1a44f66a71114fefb0ff48","messageTitle":"Update title","messageBody":"","fileTypesAndContributionMap":{"functional-code":{"insertions":1,"deletions":1}}},{"hash":"296a35aafda6d91033a45632772880dd76acf317","messageTitle":"Fix empty colour","messageBody":"","fileTypesAndContributionMap":{"functional-code":{"insertions":9,"deletions":9}}},{"hash":"5352d6ddaa149bb713995f6254d542b0f02b0766","messageTitle":"Fix delete command bug","messageBody":"","fileTypesAndContributionMap":{"functional-code":{"insertions":8,"deletions":0}}},{"hash":"2f17ab0256d83352ee8096e54579c49b142b0e7a","messageTitle":"Unit test delete grouop","messageBody":"","fileTypesAndContributionMap":{"test-code":{"insertions":20,"deletions":0}}},{"hash":"1491b2419f79bafa28e5fa7a2f8102ae89a6d6eb","messageTitle":"Unit test assign command","messageBody":"","fileTypesAndContributionMap":{"test-code":{"insertions":40,"deletions":0}}},{"hash":"730e3ac1a823140755656b8222bbfc74e172d5bb","messageTitle":"Fix checkstyl","messageBody":"","fileTypesAndContributionMap":{"test-code":{"insertions":0,"deletions":17}}},{"hash":"5d122795f8f2313cf5f63bc1685810c517f29f5a","messageTitle":"Unit test deassign command","messageBody":"","fileTypesAndContributionMap":{"test-code":{"insertions":38,"deletions":0}}},{"hash":"cd93274cbac169f001522f9ed36c01cb401610c1","messageTitle":"fix equal bug","messageBody":"","fileTypesAndContributionMap":{"functional-code":{"insertions":1,"deletions":1},"test-code":{"insertions":2,"deletions":0}}},{"hash":"dba0b6bd1f6f7a5b11d89e7f75bed2c3a78485fb","messageTitle":"Unit test addtask","messageBody":"","fileTypesAndContributionMap":{"test-code":{"insertions":71,"deletions":1}}},{"hash":"fe42252a050bcdd8766aea1e236496bd22b4b6aa","messageTitle":"Fix bug for delete command","messageBody":"Delete a student contact must\nalso delete the student from\nall existing group as the student\nno longer exists in the addressbook.\n\nLet\u0027s,\n* Modify delete command to also\ndelete student contact from an\nexisting group\n* Unit test related methods\n","fileTypesAndContributionMap":{"test-code":{"insertions":95,"deletions":0}}}]}]},"authorFileTypeContributionMap":{"KristopherPTaslim":{"docs":115,"functional-code":805,"test-code":22},"LikHern":{"docs":0,"functional-code":0,"test-code":0},"kahleongq":{"docs":51,"functional-code":215,"test-code":18},"Rdac0":{"docs":42,"functional-code":0,"test-code":0},"Punpun1643":{"docs":613,"functional-code":2500,"test-code":1497,"other":5}},"authorContributionVariance":{"KristopherPTaslim":17186.176,"LikHern":0.0,"kahleongq":2424.668,"Rdac0":58.089077,"Punpun1643":54248.78},"authorDisplayNameMap":{"KristopherPTaslim":"CS2103-W16-3 KRIS..SLIM","LikHern":"CS2103-W16-3 LOW ..HERN","kahleongq":"CS2103-W16-3 QUEK..EONG","Rdac0":"CS2103-W16-3 RAJA..HADI","Punpun1643":"CS2103-W16-3 PAPA..SIRI"}}
