{"authorDailyContributionsMap":{"KristopherPTaslim":[{"date":"2022-03-04","commitResults":[{"hash":"f5f76411b9b3016acd4a442f2d31e3994e0e2333","messageTitle":"Add kristopherptaslim.md and kristopherptaslim.png","messageBody":"","fileTypesAndContributionMap":{"docs":{"insertions":0,"deletions":0}}},{"hash":"35f6220a9c34f370682eba5500abcb1f053adbec","messageTitle":"Add Use Cases in DeveloperGuide.md","messageBody":"","fileTypesAndContributionMap":{"docs":{"insertions":65,"deletions":11}}},{"hash":"4ee217aa45fdd39618dd81a37d65380e2fc114f5","messageTitle":"Add kristopherptaslim.md and kristopherptaslim.png","messageBody":"","fileTypesAndContributionMap":{"docs":{"insertions":35,"deletions":0}}},{"hash":"19ace44eb3663a7cc135bb7272790bbde603ad6a","messageTitle":"Update kristopherptaslim.md","messageBody":"","fileTypesAndContributionMap":{"docs":{"insertions":1,"deletions":1}}}]}],"LikHern":[],"kahleongq":[{"date":"2022-03-03","commitResults":[{"hash":"511694e1044ac998ecc7e477e96c440464319fc3","messageTitle":"Add PPP skeleton and update AboutUs","messageBody":"","fileTypesAndContributionMap":{"docs":{"insertions":40,"deletions":5}}}]}],"Rdac0":[{"date":"2022-03-03","commitResults":[{"hash":"98bf85c210c12bb841ac84044496401b1db0b856","messageTitle":"Add RDA AboutUs information","messageBody":"","fileTypesAndContributionMap":{"docs":{"insertions":42,"deletions":5}}}]}],"Punpun1643":[{"date":"2022-03-02","commitResults":[{"hash":"94ece7289ebf8a80a550ef8eee111d516a280fd6","messageTitle":"Update AboutUs.md","messageBody":"","fileTypesAndContributionMap":{"docs":{"insertions":15,"deletions":16}}},{"hash":"0ec2d542d5dc6ff9d0490cb4c5a7b476a7f47a90","messageTitle":"Update UG","messageBody":"","fileTypesAndContributionMap":{"docs":{"insertions":142,"deletions":76}}},{"hash":"16d3c535d67c3855ed37cdd528a91f75975810ba","messageTitle":"Include portfolio","messageBody":"","fileTypesAndContributionMap":{"docs":{"insertions":1,"deletions":0}}},{"hash":"cb1dc35801d9817313b2d5f44ae55cfe44e9e9d0","messageTitle":"Update skeletal PPP","messageBody":"","fileTypesAndContributionMap":{"docs":{"insertions":47,"deletions":53}}}]},{"date":"2022-03-03","commitResults":[{"hash":"6d79488d53b5509f2c6535f1f2d2273329628718","messageTitle":"Update UG for v1.2","messageBody":"The UI is update to the current version for ArchDuke.\n\nResolve bugs for the UG that are traces of AB3.\n","fileTypesAndContributionMap":{"docs":{"insertions":5,"deletions":5}}},{"hash":"470e60e039a10e4a42ce43c2561d8fca3279d6e1","messageTitle":"Update README","messageBody":"* Update all contents to match ArchDuke\n* Uodate the link of GitHub Actions build status badge so that it reflects the build status of ArchDuke\n* Add acknowledgement\n* Update site-wide settings\n","fileTypesAndContributionMap":{"docs":{"insertions":17,"deletions":13}}}]},{"date":"2022-03-04","commitResults":[{"hash":"dd6846640e728bbaababf3654b44316cd3995524","messageTitle":"Modify header for ArchDuke","messageBody":"","fileTypesAndContributionMap":{"docs":{"insertions":2,"deletions":2}}},{"hash":"4fe6eaf43945461e71a0fbe55ef6c00db58936c9","messageTitle":"Update user stories and NFRs","messageBody":"","fileTypesAndContributionMap":{"docs":{"insertions":28,"deletions":14}}},{"hash":"0327901762061fe558b202553f21a12c93917633","messageTitle":"Update glossary","messageBody":"","fileTypesAndContributionMap":{"docs":{"insertions":1,"deletions":1}}},{"hash":"cdea09fb39db20748f2989fc55ca590edae9056d","messageTitle":"Update use cases","messageBody":"","fileTypesAndContributionMap":{"docs":{"insertions":50,"deletions":10}}},{"hash":"dabdba09d1df9d67b77fca46a655161cf8a97aed","messageTitle":"Update placeholder images","messageBody":"","fileTypesAndContributionMap":{"docs":{"insertions":4,"deletions":3}}}]},{"date":"2022-03-07","commitResults":[{"hash":"4fde66457008b286f8ad21862a07b256ca4bb95a","messageTitle":"Update user stories","messageBody":"Update user stories ordering so as to make them flow better and more logical.\nAdd more user stories especially for lower priorities for future planning.\n","fileTypesAndContributionMap":{"docs":{"insertions":16,"deletions":11}}},{"hash":"fb5124a555038011d467690d8621c3b7cf4c7b6f","messageTitle":"Change system and actor","messageBody":"","fileTypesAndContributionMap":{"docs":{"insertions":1,"deletions":1}}},{"hash":"a3f8aa33b0fa6e518a65ab14a35acbdb95039e20","messageTitle":"Debug UC01","messageBody":"UI details are usually omitted in the use case.\n\nCorrect extensions.\n","fileTypesAndContributionMap":{"docs":{"insertions":28,"deletions":30}}},{"hash":"b83bf2c4416c09fa30c6b5b6fdba4462046552ec","messageTitle":"Debug UC02","messageBody":"Update MSS.\n\nRemove GUI part from use case as UI is usually omitted from use case.\n\nUpdate extensions.\n","fileTypesAndContributionMap":{"docs":{"insertions":7,"deletions":9}}},{"hash":"f3b0b68001263b16ed877893423d4b92115712d6","messageTitle":"Debug UC04","messageBody":"Omit UI from use cases.\n\nAdd extensions for when the group attributes are invalid.\n","fileTypesAndContributionMap":{"docs":{"insertions":15,"deletions":9}}},{"hash":"ad083746e436ee33044db9c28bbe6078b6f27d7f","messageTitle":"Debug UC05","messageBody":"Add extensions.\n\nOmit UI from use case.\n","fileTypesAndContributionMap":{"docs":{"insertions":3,"deletions":5}}},{"hash":"73bbfbb5cb642a633d2e86213a943fbf24d9d623","messageTitle":"Update use cases","messageBody":"Debug existing use cases to align with module format.\n\nAdd missing use cases for v1.2\n","fileTypesAndContributionMap":{"docs":{"insertions":64,"deletions":17}}},{"hash":"591f3c9930ee6702054f7186810f963c54c22b72","messageTitle":"Update NFR","messageBody":"","fileTypesAndContributionMap":{"docs":{"insertions":9,"deletions":7}}},{"hash":"9aa2ddc6af767512af37d90415e1ead7ee634556","messageTitle":"Add missing glossary and arrange in alphabetical order","messageBody":"","fileTypesAndContributionMap":{"docs":{"insertions":7,"deletions":5}}}]},{"date":"2022-03-08","commitResults":[{"hash":"7da1f4b1faf0f52b98818f1fde8fab0dff4bcb06","messageTitle":"First commit","messageBody":"","fileTypesAndContributionMap":{"functional-code":{"insertions":1,"deletions":1}}},{"hash":"a0612f63aab320ec4eff1f0fa67a7b65fd0abb96","messageTitle":"Refactor PREFIX_ADDRESS to PREFIX_ACADEMIC_MAJOR","messageBody":"","fileTypesAndContributionMap":{"functional-code":{"insertions":15,"deletions":15},"test-code":{"insertions":7,"deletions":7}}},{"hash":"82e4a5440012224b64d6fdf04dbb3f675bc34ff8","messageTitle":"Refactor Address class to AcademicMajor","messageBody":"","fileTypesAndContributionMap":{"functional-code":{"insertions":50,"deletions":40},"other":{"insertions":4,"deletions":4},"docs":{"insertions":1,"deletions":1},"test-code":{"insertions":26,"deletions":24}}},{"hash":"419ac30585887132a4e5307cbd8549f5e3bc52ab","messageTitle":"Refactor parseAddress method to parseAcademicMajor method","messageBody":"","fileTypesAndContributionMap":{"functional-code":{"insertions":3,"deletions":3},"test-code":{"insertions":4,"deletions":4}}},{"hash":"53080fde9855f982aacbf35f00c5dfa1c87667ae","messageTitle":"Refactor address to academicMajor","messageBody":"","fileTypesAndContributionMap":{"functional-code":{"insertions":17,"deletions":17},"test-code":{"insertions":10,"deletions":10}}},{"hash":"0e4c2775301e2c65b36c4735d2b3059a485d2c4a","messageTitle":"Change update toString for person object","messageBody":"","fileTypesAndContributionMap":{"functional-code":{"insertions":4,"deletions":4}}},{"hash":"b9aaecbba73a2f2d63a3be985428e157cad9d423","messageTitle":"Refactor address methods and variables to academic major","messageBody":"","fileTypesAndContributionMap":{"functional-code":{"insertions":12,"deletions":12},"test-code":{"insertions":36,"deletions":36}}},{"hash":"c361460721f2ceedf1b13c647cccb10967530e3e","messageTitle":"Update CommandTestUtril.java to reflect academic major information","messageBody":"","fileTypesAndContributionMap":{"functional-code":{"insertions":2,"deletions":2},"test-code":{"insertions":36,"deletions":36}}},{"hash":"b1052cf37112a400ff4e3abc7466c47f3d07e330","messageTitle":"Modify AcademicMajor class","messageBody":"","fileTypesAndContributionMap":{"functional-code":{"insertions":11,"deletions":9}}},{"hash":"6d2c2df0a9006257cdd5d0365e2f4ebf0be0a6c0","messageTitle":"Modify JasonAdaptedPerson.java to reflect information for student academic major","messageBody":"","fileTypesAndContributionMap":{"functional-code":{"insertions":8,"deletions":8}}},{"hash":"8201477c680a52b4f69bd1c114eb44c91bcf61da","messageTitle":"Modify test data to reflect student academic major information","messageBody":"","fileTypesAndContributionMap":{"test-code":{"insertions":16,"deletions":16}}},{"hash":"9988d6563c7d673040feaf3f97ef6c6975487cd7","messageTitle":"Refactor withAddress method to withAcademicMajor","messageBody":"","fileTypesAndContributionMap":{"test-code":{"insertions":20,"deletions":20}}},{"hash":"6fb22dc0a1ef34bb3a77d9aea865378a73490db0","messageTitle":"Update test data","messageBody":"","fileTypesAndContributionMap":{"test-code":{"insertions":14,"deletions":14}}},{"hash":"b42428603b8446cf7cbae08f92cd2e79d60ebd1f","messageTitle":"Resolve checkstyle error","messageBody":"","fileTypesAndContributionMap":{"test-code":{"insertions":38,"deletions":22}}},{"hash":"4d1ab3914a56a4e4f384ef6977a547d7ef28052d","messageTitle":"Resolve checkstyle error","messageBody":"","fileTypesAndContributionMap":{"functional-code":{"insertions":8,"deletions":4}}},{"hash":"b838a4e176e2dbb25605dc2f5093dcbcbee70e88","messageTitle":"Modify student data","messageBody":"","fileTypesAndContributionMap":{"test-code":{"insertions":6,"deletions":6}}}]},{"date":"2022-03-09","commitResults":[{"hash":"6b395f48c06684a561a4519cc4d1b3cbfb87f996","messageTitle":"Modify sample data to reflect academic major","messageBody":"","fileTypesAndContributionMap":{"functional-code":{"insertions":12,"deletions":12}}},{"hash":"c712652f543d4aa633f2871c24848055398d7b0a","messageTitle":"Add AddGroupCommand class","messageBody":"","fileTypesAndContributionMap":{"functional-code":{"insertions":7,"deletions":0}}}]},{"date":"2022-03-10","commitResults":[{"hash":"2051993b5d00dfec4410a8b4d666c42aa6b41b47","messageTitle":"Hook addgroup command into Archduke","messageBody":"","fileTypesAndContributionMap":{"functional-code":{"insertions":31,"deletions":2}}},{"hash":"45209cf6067fc95809e64b0878a4c6d6772ebf7f","messageTitle":"Add AddGroupCommandParser class to parse group name provided by the user input","messageBody":"","fileTypesAndContributionMap":{"functional-code":{"insertions":36,"deletions":6}}},{"hash":"e2cc7feec527c2ef242d006622926d010dd032c8","messageTitle":"Implement parse method to parse user input for addgroup command","messageBody":"","fileTypesAndContributionMap":{"functional-code":{"insertions":39,"deletions":4}}},{"hash":"dd324124284fd1ae35b6fdaf2bb0e997f9818d75","messageTitle":"Add valid group name for future testing purposes","messageBody":"","fileTypesAndContributionMap":{"functional-code":{"insertions":5,"deletions":0},"test-code":{"insertions":3,"deletions":0}}},{"hash":"af5d6b11e07937d856ec4f4690a7c9d92606e1f6","messageTitle":"Add a new group model to Archduke to include all group data","messageBody":"","fileTypesAndContributionMap":{"functional-code":{"insertions":2,"deletions":0}}},{"hash":"476b6e003142b53deec242786e354b92763f82fb","messageTitle":"Add group class","messageBody":"","fileTypesAndContributionMap":{"functional-code":{"insertions":3,"deletions":1}}},{"hash":"65119546f9e155cfb486f7a8e9705b9f4d8e7fcd","messageTitle":"Create a new GroupName class to represent a group name","messageBody":"","fileTypesAndContributionMap":{"functional-code":{"insertions":13,"deletions":0}}},{"hash":"fd6fbb6107ffe80aa44bfdd950b1342a618e28f2","messageTitle":"Implement GroupName class to represent a group name","messageBody":"","fileTypesAndContributionMap":{"functional-code":{"insertions":75,"deletions":2}}},{"hash":"4f5b258421155290967ef316e19fab75e71d29e6","messageTitle":"Implement Group class","messageBody":"","fileTypesAndContributionMap":{"functional-code":{"insertions":32,"deletions":1}}},{"hash":"5aaae5b1b6f07a7b5e4e11ca4bbce422b2aac088","messageTitle":"Update necessary methods for Group class","messageBody":"","fileTypesAndContributionMap":{"functional-code":{"insertions":44,"deletions":3}}},{"hash":"c0e6b417d0fcc69cd952b470e74f7578d695f400","messageTitle":"Implement parseGroupName in ParserUtil for parsing user input into group name","messageBody":"","fileTypesAndContributionMap":{"functional-code":{"insertions":19,"deletions":10}}},{"hash":"edc8f1f679a29367e526b5daf1ab1c51b499d50f","messageTitle":"Edit implmentation of AddGroupCommand to use parseGroupName method instead of manually converting the user input string","messageBody":"","fileTypesAndContributionMap":{"functional-code":{"insertions":8,"deletions":3}}}]},{"date":"2022-03-11","commitResults":[{"hash":"bcdda09e24b4e4b3f46758b99ac9fbfb7bc8b9f8","messageTitle":"Updatae addgroup parser","messageBody":"","fileTypesAndContributionMap":{"functional-code":{"insertions":1,"deletions":1}}},{"hash":"f5c3eaafd68f1db3f8cf491a596fab860b794b04","messageTitle":"Fix checkstyle error","messageBody":"","fileTypesAndContributionMap":{"functional-code":{"insertions":0,"deletions":2}}},{"hash":"7b2a98365c28bd53cc53b862039b5551f1301601","messageTitle":"Fix bug for group name format to take any characters and should not be empty","messageBody":"","fileTypesAndContributionMap":{"functional-code":{"insertions":2,"deletions":2}}},{"hash":"8ab19f2ccb300a46faff3697bf58f73fb7c98456","messageTitle":"Implement UniqueGroupList that contains and deal with a list of unique groups","messageBody":"","fileTypesAndContributionMap":{"functional-code":{"insertions":148,"deletions":1}}},{"hash":"f74f4cd0f3023093acb3b9a34a790c464275a3fc","messageTitle":"Implement UniqueGroupList that deals with a list of unique groups","messageBody":"","fileTypesAndContributionMap":{"functional-code":{"insertions":7,"deletions":7}}},{"hash":"894f8507e22506376b10db4662fc5ee3b8229753","messageTitle":"Add a list of persons to Group for future implementation of assign command","messageBody":"","fileTypesAndContributionMap":{"functional-code":{"insertions":7,"deletions":0}}},{"hash":"80e87cda2f3188f23d15c34513f5719d26a34942","messageTitle":"Implemenet GroupBuilder to help build group object for testing","messageBody":"","fileTypesAndContributionMap":{"test-code":{"insertions":51,"deletions":0}}},{"hash":"2944a89d94c2082dc9da88dbe71bfc152d9bd8f2","messageTitle":"Add files to test Group and GroupName","messageBody":"","fileTypesAndContributionMap":{"test-code":{"insertions":4,"deletions":0}}},{"hash":"5cbaf6143369613062677766aa45c31ddf45de97","messageTitle":"Unit test GroupName","messageBody":"","fileTypesAndContributionMap":{"test-code":{"insertions":41,"deletions":2}}},{"hash":"25bcee9edf6a8acec17f4b0ded1761992ebf5e7c","messageTitle":"Add TypicalGroups class to contain Group objects to be used in tests","messageBody":"","fileTypesAndContributionMap":{"test-code":{"insertions":21,"deletions":0}}},{"hash":"8894f3129ac1de7cf274246f3897ac2387a398ba","messageTitle":"Modify address book to contain groups","messageBody":"","fileTypesAndContributionMap":{"functional-code":{"insertions":53,"deletions":2},"test-code":{"insertions":32,"deletions":1}}},{"hash":"e61c21e13def21a76550a72e7a24bd74fb8f2358","messageTitle":"Implement tests for Group","messageBody":"","fileTypesAndContributionMap":{"test-code":{"insertions":25,"deletions":6}}},{"hash":"2d0b15818781b8f46c5eaf2e049100f6c6bfab99","messageTitle":"Fix checkstyle error","messageBody":"","fileTypesAndContributionMap":{"test-code":{"insertions":8,"deletions":7}}},{"hash":"eb55c2193d4f88efb0ea8187bed4ecbd6420ab54","messageTitle":"Add group and make sure that it is stored","messageBody":"Group added need to be stored in GroupList\nin ArchDuke.\n\nGroup can now be added and stored in ArchDuke\nusing the addgroup command.\n\nGroup can be added successfully\nand display result when the group name\nis unique.\n\nSame group added would display an error\nmessage.\n","fileTypesAndContributionMap":{"functional-code":{"insertions":75,"deletions":7},"test-code":{"insertions":113,"deletions":81}}},{"hash":"503d2953a21ab920fd49f57bf0d061f81f48d47a","messageTitle":"Implement JsonAdaptedGroup","messageBody":"","fileTypesAndContributionMap":{"functional-code":{"insertions":53,"deletions":0}}},{"hash":"a7c0b8e68be0fb96cf833706027444bd381ed228","messageTitle":"Store the group information in ArchDuke","messageBody":"","fileTypesAndContributionMap":{"functional-code":{"insertions":19,"deletions":1}}},{"hash":"9ccc0a902408bfd8136b4a87f9a0b36306f57320","messageTitle":"Add sample group data to ArchDuke","messageBody":"","fileTypesAndContributionMap":{"functional-code":{"insertions":15,"deletions":1}}},{"hash":"97291bff8ec684ee01984513e54fd8948bed8fcd","messageTitle":"Fix checkstyle error","messageBody":"","fileTypesAndContributionMap":{"functional-code":{"insertions":2,"deletions":2}}}]},{"date":"2022-03-12","commitResults":[{"hash":"7b2cffe8f84b0a7c6c43ecd4b1a772a888eadff1","messageTitle":"Throw the correct exception","messageBody":"","fileTypesAndContributionMap":{"functional-code":{"insertions":4,"deletions":4}}},{"hash":"7f7a01e750ad636f711810019d06129babc815bb","messageTitle":"Modify the example for ACADEMIC_MAJOR attribute","messageBody":"","fileTypesAndContributionMap":{"docs":{"insertions":2,"deletions":2}}},{"hash":"c8a57bacdcdb656e94c3cd288917ef7af5a29e55","messageTitle":"Update persons in Group to use Set instead as a group should not contain duplicate Person","messageBody":"","fileTypesAndContributionMap":{"functional-code":{"insertions":4,"deletions":1}}},{"hash":"6a88fa4b305a5ac8938aeafc39160752b096d6d8","messageTitle":"Remove unused imports","messageBody":"","fileTypesAndContributionMap":{"functional-code":{"insertions":0,"deletions":3}}},{"hash":"58826a0af772ad43559f7e74adc8d5fc1cc8c7b0","messageTitle":"Add Group class","messageBody":"","fileTypesAndContributionMap":{"functional-code":{"insertions":2,"deletions":0}}},{"hash":"b2974fa078a005fbacf348ae2e0b9bda603dabf7","messageTitle":"Add ObservableList for list of groups","messageBody":"","fileTypesAndContributionMap":{"functional-code":{"insertions":16,"deletions":1}}},{"hash":"fc70644f579d5d2125fc34bf7fd250252adbc8b9","messageTitle":"Add GroupListPanel class to contain list of groups","messageBody":"","fileTypesAndContributionMap":{"functional-code":{"insertions":7,"deletions":0}}},{"hash":"9af51d62097f94575424fedd10a72dd83433d054","messageTitle":"Add necessary fxml files","messageBody":"","fileTypesAndContributionMap":{"functional-code":{"insertions":0,"deletions":0}}},{"hash":"6b29dce55a50763475e0469cf9501663cad4e357","messageTitle":"Implement GroupCard","messageBody":"","fileTypesAndContributionMap":{"functional-code":{"insertions":46,"deletions":1}}},{"hash":"5161d938722af68bb4dc70c987a573bbb1e94c01","messageTitle":"Implement GroupListPanel","messageBody":"","fileTypesAndContributionMap":{"functional-code":{"insertions":43,"deletions":2}}}]},{"date":"2022-03-13","commitResults":[{"hash":"62db79886504ec00cfc9e179bbb46bdf64346010","messageTitle":"Implement basic GUI to show group list","messageBody":"","fileTypesAndContributionMap":{"functional-code":{"insertions":59,"deletions":2}}},{"hash":"74171ba112de33cc411b08dac67c9e85d857bcce","messageTitle":"Add new line at GroupListPanel.fxml","messageBody":"","fileTypesAndContributionMap":{"functional-code":{"insertions":1,"deletions":1}}},{"hash":"ac0006246a632a95b7ef000639f70e3579e4e30c","messageTitle":"Modify GUI to show group list and student list in a split view","messageBody":"","fileTypesAndContributionMap":{"functional-code":{"insertions":14,"deletions":12}}},{"hash":"c7b4468f1292b0b2e29a5599961c21d974b3c345","messageTitle":"Update GUI style","messageBody":"","fileTypesAndContributionMap":{"functional-code":{"insertions":73,"deletions":62}}},{"hash":"46f1c32ef83f25708d6d2c3a7f5f0ccef92f2b63","messageTitle":"Change javafx version","messageBody":"","fileTypesAndContributionMap":{"functional-code":{"insertions":2,"deletions":2}}}]}]},"authorFileTypeContributionMap":{"KristopherPTaslim":{"docs":65,"functional-code":0,"test-code":0},"LikHern":{"docs":0,"functional-code":0,"test-code":0},"kahleongq":{"docs":39,"functional-code":0,"test-code":0},"Rdac0":{"docs":42,"functional-code":0,"test-code":0},"Punpun1643":{"docs":369,"functional-code":987,"test-code":431,"other":1}},"authorContributionVariance":{"KristopherPTaslim":509.87308,"LikHern":0.0,"kahleongq":80.859375,"Rdac0":88.20655,"Punpun1643":45983.918},"authorDisplayNameMap":{"KristopherPTaslim":"CS2103-W16-3 KRIS..SLIM","LikHern":"CS2103-W16-3 LOW ..HERN","kahleongq":"CS2103-W16-3 QUEK..EONG","Rdac0":"CS2103-W16-3 RAJA..HADI","Punpun1643":"CS2103-W16-3 PAPA..SIRI"}}
