{"authorDailyContributionsMap":{"KristopherPTaslim":[{"date":"2022-03-04","commitResults":[{"hash":"f5f76411b9b3016acd4a442f2d31e3994e0e2333","messageTitle":"Add kristopherptaslim.md and kristopherptaslim.png","messageBody":"","fileTypesAndContributionMap":{"docs":{"insertions":0,"deletions":0}}},{"hash":"35f6220a9c34f370682eba5500abcb1f053adbec","messageTitle":"Add Use Cases in DeveloperGuide.md","messageBody":"","fileTypesAndContributionMap":{"docs":{"insertions":65,"deletions":11}}},{"hash":"4ee217aa45fdd39618dd81a37d65380e2fc114f5","messageTitle":"Add kristopherptaslim.md and kristopherptaslim.png","messageBody":"","fileTypesAndContributionMap":{"docs":{"insertions":35,"deletions":0}}},{"hash":"19ace44eb3663a7cc135bb7272790bbde603ad6a","messageTitle":"Update kristopherptaslim.md","messageBody":"","fileTypesAndContributionMap":{"docs":{"insertions":1,"deletions":1}}}]}],"LikHern":[],"kahleongq":[{"date":"2022-03-03","commitResults":[{"hash":"511694e1044ac998ecc7e477e96c440464319fc3","messageTitle":"Add PPP skeleton and update AboutUs","messageBody":"","fileTypesAndContributionMap":{"docs":{"insertions":40,"deletions":5}}}]}],"Rdac0":[{"date":"2022-03-03","commitResults":[{"hash":"98bf85c210c12bb841ac84044496401b1db0b856","messageTitle":"Add RDA AboutUs information","messageBody":"","fileTypesAndContributionMap":{"docs":{"insertions":42,"deletions":5}}}]}],"Punpun1643":[{"date":"2022-03-02","commitResults":[{"hash":"94ece7289ebf8a80a550ef8eee111d516a280fd6","messageTitle":"Update AboutUs.md","messageBody":"","fileTypesAndContributionMap":{"docs":{"insertions":15,"deletions":16}}},{"hash":"0ec2d542d5dc6ff9d0490cb4c5a7b476a7f47a90","messageTitle":"Update UG","messageBody":"","fileTypesAndContributionMap":{"docs":{"insertions":142,"deletions":76}}},{"hash":"16d3c535d67c3855ed37cdd528a91f75975810ba","messageTitle":"Include portfolio","messageBody":"","fileTypesAndContributionMap":{"docs":{"insertions":1,"deletions":0}}},{"hash":"cb1dc35801d9817313b2d5f44ae55cfe44e9e9d0","messageTitle":"Update skeletal PPP","messageBody":"","fileTypesAndContributionMap":{"docs":{"insertions":47,"deletions":53}}}]},{"date":"2022-03-03","commitResults":[{"hash":"6d79488d53b5509f2c6535f1f2d2273329628718","messageTitle":"Update UG for v1.2","messageBody":"The UI is update to the current version for ArchDuke.\n\nResolve bugs for the UG that are traces of AB3.\n","fileTypesAndContributionMap":{"docs":{"insertions":5,"deletions":5}}},{"hash":"470e60e039a10e4a42ce43c2561d8fca3279d6e1","messageTitle":"Update README","messageBody":"* Update all contents to match ArchDuke\n* Uodate the link of GitHub Actions build status badge so that it reflects the build status of ArchDuke\n* Add acknowledgement\n* Update site-wide settings\n","fileTypesAndContributionMap":{"docs":{"insertions":17,"deletions":13}}}]},{"date":"2022-03-04","commitResults":[{"hash":"dd6846640e728bbaababf3654b44316cd3995524","messageTitle":"Modify header for ArchDuke","messageBody":"","fileTypesAndContributionMap":{"docs":{"insertions":2,"deletions":2}}},{"hash":"4fe6eaf43945461e71a0fbe55ef6c00db58936c9","messageTitle":"Update user stories and NFRs","messageBody":"","fileTypesAndContributionMap":{"docs":{"insertions":28,"deletions":14}}},{"hash":"0327901762061fe558b202553f21a12c93917633","messageTitle":"Update glossary","messageBody":"","fileTypesAndContributionMap":{"docs":{"insertions":1,"deletions":1}}},{"hash":"cdea09fb39db20748f2989fc55ca590edae9056d","messageTitle":"Update use cases","messageBody":"","fileTypesAndContributionMap":{"docs":{"insertions":50,"deletions":10}}},{"hash":"dabdba09d1df9d67b77fca46a655161cf8a97aed","messageTitle":"Update placeholder images","messageBody":"","fileTypesAndContributionMap":{"docs":{"insertions":4,"deletions":3}}}]}]},"authorFileTypeContributionMap":{"KristopherPTaslim":{"docs":96,"functional-code":0,"test-code":0},"LikHern":{"docs":0,"functional-code":0,"test-code":0},"kahleongq":{"docs":39,"functional-code":0,"test-code":0},"Rdac0":{"docs":42,"functional-code":0,"test-code":0},"Punpun1643":{"docs":285,"functional-code":0,"test-code":0,"other":1}},"authorContributionVariance":{"KristopherPTaslim":794.51556,"LikHern":0.0,"kahleongq":126.0,"Rdac0":137.4489,"Punpun1643":8021.5557},"authorDisplayNameMap":{"KristopherPTaslim":"CS2103-W16-3 KRIS..SLIM","LikHern":"CS2103-W16-3 LOW ..HERN","kahleongq":"CS2103-W16-3 QUEK..EONG","Rdac0":"CS2103-W16-3 RAJA..HADI","Punpun1643":"CS2103-W16-3 PAPA..SIRI"}}
