{"authorDailyContributionsMap":{"mradhyaf":[{"date":"2022-03-09","commitResults":[{"hash":"98c59ae50e7fed426f2874f21fd5fe38e611a83d","messageTitle":"Add Radhya\u0027s details in AboutUs","messageBody":"","fileTypesAndContributionMap":{"docs":{"insertions":5,"deletions":5}}},{"hash":"0c5802eb3022ba57f750a66ff303c329f16dab78","messageTitle":"Add Radhya\u0027s skeletal PPP","messageBody":"","fileTypesAndContributionMap":{"docs":{"insertions":33,"deletions":0}}},{"hash":"92b352ee2022132f4f7b85355b77298ab09a6255","messageTitle":"Add Radhya\u0027s PPP link to AboutUs page","messageBody":"","fileTypesAndContributionMap":{"docs":{"insertions":1,"deletions":0}}},{"hash":"6f9bee7a5e22c7056b6e4b68b8462a9e31c941f4","messageTitle":"Resolve trailing whitespace warning in AboutUs.md","messageBody":"","fileTypesAndContributionMap":{"docs":{"insertions":2,"deletions":1}}}]}],"ThePrevailingOne":[{"date":"2022-03-04","commitResults":[{"hash":"ad63e75eea7cfb3096254cee5780f5958a81f2d7","messageTitle":"Update AboutUs.md for Edward","messageBody":"","fileTypesAndContributionMap":{"docs":{"insertions":6,"deletions":4}}},{"hash":"649cbb9da7c76bdcd78e9626a24ba09c587a2f25","messageTitle":"Add Edward skeletal edwardalvin.md","messageBody":"","fileTypesAndContributionMap":{"docs":{"insertions":39,"deletions":0}}},{"hash":"67ea0295abd105a2502b6b50e15c8ce52416872d","messageTitle":"Edit PPP","messageBody":"","fileTypesAndContributionMap":{"docs":{"insertions":0,"deletions":5}}},{"hash":"513101e6b5a4e29fbe8bd82f9510a1e21075e032","messageTitle":"Add newline to EOF of edwardalvin","messageBody":"","fileTypesAndContributionMap":{"docs":{"insertions":2,"deletions":1}}}]},{"date":"2022-03-09","commitResults":[{"hash":"388ae1078f39fba0bd50d7bd2765b4626fb72892","messageTitle":"Update file names to github handle","messageBody":"","fileTypesAndContributionMap":{"docs":{"insertions":2,"deletions":2}}},{"hash":"a585182e55686267f031af5a8074104af4dae6c1","messageTitle":"Add some use cases to DeveloperGuide.md","messageBody":"","fileTypesAndContributionMap":{"docs":{"insertions":24,"deletions":6}}},{"hash":"56f57cc6134882c8ba30a95ec99aafb3a36b36fa","messageTitle":"Remove new feature from theprevailingone.md","messageBody":"","fileTypesAndContributionMap":{"docs":{"insertions":0,"deletions":6}}}]},{"date":"2022-03-11","commitResults":[{"hash":"f19a4f5d4df0cb3864dfb9e2ee1f5983800198fe","messageTitle":"Add more use cases and change AddressBook to InternBuddy","messageBody":"","fileTypesAndContributionMap":{"docs":{"insertions":38,"deletions":1}}},{"hash":"0bb79f803ee34e02e39809f758cde6f626531a5d","messageTitle":"Add more words to the glossary","messageBody":"","fileTypesAndContributionMap":{"docs":{"insertions":4,"deletions":1}}}]}],"albertsutz":[{"date":"2022-02-25","commitResults":[{"hash":"5d75cdcecc59d1c0c039af50e7f698b3d618e8e4","messageTitle":"Update about us: add person Albert Sutiono","messageBody":"","fileTypesAndContributionMap":{"docs":{"insertions":8,"deletions":6}}},{"hash":"9d46548d830894a5f9c0ae18e5cf61b361aa1026","messageTitle":"Update User Guide for InternBuddy","messageBody":"","fileTypesAndContributionMap":{"docs":{"insertions":47,"deletions":6}}}]},{"date":"2022-03-05","commitResults":[{"hash":"754e192351312eb33bcbff8ec46a802e81ca1262","messageTitle":"Add Albert\u0027s PPP page","messageBody":"","fileTypesAndContributionMap":{"docs":{"insertions":34,"deletions":0}}},{"hash":"ec8432a3f8f95549381c57c41a0e409a105f5357","messageTitle":"Add EOF at the end of the file","messageBody":"","fileTypesAndContributionMap":{"docs":{"insertions":1,"deletions":1}}},{"hash":"7480e99a74ae2f232d2038d4ed1caa07d41ddf6b","messageTitle":"Update Readme to explain InternBuddy","messageBody":"","fileTypesAndContributionMap":{"docs":{"insertions":28,"deletions":11}}},{"hash":"a5b9d4e4ded743b96765f8adabc676bb872e7ad3","messageTitle":"Add JavaFX in the tools used.","messageBody":"","fileTypesAndContributionMap":{"docs":{"insertions":4,"deletions":1}}},{"hash":"6acaa137836a7e971227b25c4c20ecabfd654c49","messageTitle":"Update Index.md for InternBuddy","messageBody":"","fileTypesAndContributionMap":{"docs":{"insertions":15,"deletions":5}}},{"hash":"68bc43f48a1b57c7b8a67061018537621dd92418","messageTitle":"Fix Styling","messageBody":"","fileTypesAndContributionMap":{"docs":{"insertions":6,"deletions":3}}}]},{"date":"2022-03-07","commitResults":[{"hash":"0bd46116a0c537278ba6efd6e49b97c69b3b3b7f","messageTitle":"Fix changes requested","messageBody":"","fileTypesAndContributionMap":{"docs":{"insertions":5,"deletions":3}}}]},{"date":"2022-03-09","commitResults":[{"hash":"d729a886a65cfaba91d881b41615593b57499016","messageTitle":"Fix photo name to albertsutz.png","messageBody":"","fileTypesAndContributionMap":{"docs":{"insertions":1,"deletions":1}}},{"hash":"7d4d5ec46aebeccaec0ac5f37ea278a689651bed","messageTitle":"Fix and Clean About Us Page","messageBody":"","fileTypesAndContributionMap":{"docs":{"insertions":2,"deletions":15}}}]},{"date":"2022-03-14","commitResults":[{"hash":"068c1065cf66f400c18dad3c62d5d2b7e65af01c","messageTitle":"Create basic Event class","messageBody":"","fileTypesAndContributionMap":{"functional-code":{"insertions":106,"deletions":0}}},{"hash":"415e09928c793de04fd0b03fbf3dd6a29310524c","messageTitle":"Integrate Events to Model","messageBody":"","fileTypesAndContributionMap":{"functional-code":{"insertions":93,"deletions":3}}},{"hash":"eff4585b73556588c29327446a75345eec9f3616","messageTitle":"Abstract each Event\u0027s attributes to class","messageBody":"","fileTypesAndContributionMap":{"functional-code":{"insertions":186,"deletions":7}}},{"hash":"42a2892d462d780706b7a7e17e9691eb3fbc76fe","messageTitle":"Implement Logic of adding Event","messageBody":"","fileTypesAndContributionMap":{"functional-code":{"insertions":186,"deletions":0}}},{"hash":"e4e4cebc4063c721cbe82619f6071495a06bb68b","messageTitle":"Integrate Event to the Storage module","messageBody":"","fileTypesAndContributionMap":{"functional-code":{"insertions":141,"deletions":2}}},{"hash":"2746653a4522447033f5ee3e7dff711052151e6c","messageTitle":"Change Event\u0027s isSameEntry() implementation to cater both Event\u0027s name and Event\u0027s company name","messageBody":"","fileTypesAndContributionMap":{"functional-code":{"insertions":2,"deletions":1}}}]},{"date":"2022-03-15","commitResults":[{"hash":"90eb2655eb24f67c37e92b22583152096cd923db","messageTitle":"Fix Checkstyle and add Javadoc","messageBody":"","fileTypesAndContributionMap":{"functional-code":{"insertions":111,"deletions":22},"test-code":{"insertions":38,"deletions":0}}},{"hash":"54af1b5609a0be5ea27925fdf5f146bbacb2ebab","messageTitle":"Changed Platform class to Location class for more intuitive naming","messageBody":"","fileTypesAndContributionMap":{"functional-code":{"insertions":43,"deletions":41},"other":{"insertions":15,"deletions":16}}},{"hash":"6701ced78d3d00ba005045ed93d929d975a945bf","messageTitle":"Fix Checkstyle: Orderings of imports","messageBody":"","fileTypesAndContributionMap":{"functional-code":{"insertions":1,"deletions":1}}},{"hash":"3549fd3762eab56449a00e10e924a04a3e81023e","messageTitle":"Fix typo from platform to location","messageBody":"","fileTypesAndContributionMap":{"functional-code":{"insertions":3,"deletions":3}}},{"hash":"4486ff1bed9d59316596488756b2cd70efc2570e","messageTitle":"Changed add_event command to adde","messageBody":"","fileTypesAndContributionMap":{"functional-code":{"insertions":1,"deletions":1}}}]},{"date":"2022-03-16","commitResults":[{"hash":"5ff93ea800e424c049828afd54cb4910cf5aca5c","messageTitle":"Add delete_event command","messageBody":"","fileTypesAndContributionMap":{"functional-code":{"insertions":87,"deletions":0}}},{"hash":"285bbc8c4d7f943de4dcc4c0c45a7019c1acf9b5","messageTitle":"update list command","messageBody":"","fileTypesAndContributionMap":{"functional-code":{"insertions":3,"deletions":1}}},{"hash":"1d13ada695f9b8ee519f37ede92405fea0452c70","messageTitle":"Fix Bugs from Origin/Master","messageBody":"","fileTypesAndContributionMap":{"functional-code":{"insertions":1,"deletions":0}}},{"hash":"7920956e1d7729e1f48a126542d61ce6350a5c14","messageTitle":"Fix Checkstyle","messageBody":"","fileTypesAndContributionMap":{"functional-code":{"insertions":3,"deletions":1}}}]}],"Graphcalibur":[{"date":"2022-02-24","commitResults":[{"hash":"1c18950533fda178293e2ce9ed2f9ebdb83e405e","messageTitle":"Dummy commit to test CI","messageBody":"","fileTypesAndContributionMap":{"docs":{"insertions":1,"deletions":1}}},{"hash":"41d0f3ee287d739f77369226a27c7060c0f53335","messageTitle":"Update index.md with codecov badge","messageBody":"","fileTypesAndContributionMap":{"docs":{"insertions":1,"deletions":1}}}]},{"date":"2022-02-26","commitResults":[{"hash":"fd3027e8b14563857167f12a853c01723714315f","messageTitle":"Update Steven\u0027s AboutMe section","messageBody":"","fileTypesAndContributionMap":{"docs":{"insertions":9,"deletions":4}}}]},{"date":"2022-02-28","commitResults":[{"hash":"460353cc02f6459d0d3d4d986ed2a732444f48ca","messageTitle":"Add NFRs to Developer Guide","messageBody":"","fileTypesAndContributionMap":{"docs":{"insertions":9,"deletions":3}}}]},{"date":"2022-03-01","commitResults":[{"hash":"135e02906534dfe1351be323d0fa6244d339efd9","messageTitle":"Add user stories","messageBody":"","fileTypesAndContributionMap":{"docs":{"insertions":48,"deletions":8}}}]},{"date":"2022-03-04","commitResults":[{"hash":"db87d41d4bba2bf96c86c058bcb17b3cacbdb6a8","messageTitle":"Update NFRs","messageBody":"","fileTypesAndContributionMap":{"docs":{"insertions":53,"deletions":55}}},{"hash":"b79dda18ffc4e7c987c751f08753671f93f2fa11","messageTitle":"Update file name of image and portfolio","messageBody":"","fileTypesAndContributionMap":{"docs":{"insertions":3,"deletions":3}}},{"hash":"59d68bcd52ccb1003e36d8260b2c2434d7797615","messageTitle":"Add PPP for Graphcalibur","messageBody":"","fileTypesAndContributionMap":{"docs":{"insertions":39,"deletions":0}}}]},{"date":"2022-03-05","commitResults":[{"hash":"3245e7154a5d1d42647ffdc2ef8f5c3681672713","messageTitle":"Change some wording in user stories","messageBody":"","fileTypesAndContributionMap":{"docs":{"insertions":2,"deletions":2}}},{"hash":"583f917d83fced17c850e7ad9567c1d3dca1faa2","messageTitle":"Remove extraneous text in PPP","messageBody":"","fileTypesAndContributionMap":{"docs":{"insertions":1,"deletions":1}}}]},{"date":"2022-03-08","commitResults":[{"hash":"9f8b2ae52eb1bd422de99d25baf9e14140dd2c27","messageTitle":"Remove all mentions of address book and AB3","messageBody":"","fileTypesAndContributionMap":{"docs":{"insertions":18,"deletions":18}}}]},{"date":"2022-03-09","commitResults":[{"hash":"63f6764f605ce63e57d64479c50fad83696726dd","messageTitle":"Fix hyperlink in user guide","messageBody":"","fileTypesAndContributionMap":{"docs":{"insertions":1,"deletions":1}}},{"hash":"99f1d8f9c1e3cdf735cc748ffa97f0f54ee3665a","messageTitle":"Update value proposition and target profile","messageBody":"","fileTypesAndContributionMap":{"docs":{"insertions":3,"deletions":2}}}]},{"date":"2022-03-11","commitResults":[{"hash":"345ad08031c3c79d755c3ca644bccfde4099cc69","messageTitle":"Add Entry abstract class","messageBody":"","fileTypesAndContributionMap":{"functional-code":{"insertions":85,"deletions":40},"other":{"insertions":29,"deletions":43},"docs":{"insertions":1,"deletions":1},"test-code":{"insertions":69,"deletions":57}}},{"hash":"fc3bf4cccbfa019d63b5a0610038165cf45e364d","messageTitle":"Convert UniquePersonList into generic container","messageBody":"","fileTypesAndContributionMap":{"functional-code":{"insertions":13,"deletions":13},"test-code":{"insertions":8,"deletions":8}}},{"hash":"221313d8e4d827ec599a027631e0583046d9a510","messageTitle":"Create Generic Entry class and UniqueEntryList","messageBody":"Companies, Events, and Persons all have some common attributes\nand methods (e.g. name, tags, isSameEntry()).\n\nCreating a generic Entry class and converting UniquePersonList\ninto UniqueEntryList that can hold any child class of Entry\nallows Companies and Events to be added into the existing\ninfrastructure while reusing as much of the existing code as\npossible.\n\nLet\u0027s\n* create a Entry class that Person inherits from and contains\nthe aforementioned common attributes and methods\n* convert UniquePersonList into a UniqueEntryList that can hold\nany child class of Entry.\n* convert the Person-specific exceptions into general Entry\nexceptions\n","fileTypesAndContributionMap":{"functional-code":{"insertions":143,"deletions":142},"other":{"insertions":3,"deletions":3},"test-code":{"insertions":31,"deletions":31}}}]},{"date":"2022-03-14","commitResults":[{"hash":"e0eb0d261f081c257c805ac7653cf030f5ccc99b","messageTitle":"Change some instances of \u0027person\u0027 to \u0027entry\u0027","messageBody":"","fileTypesAndContributionMap":{"functional-code":{"insertions":7,"deletions":7}}}]},{"date":"2022-03-15","commitResults":[{"hash":"f84ab0752692a7d6a106385c900143da79378cb1","messageTitle":"Create copmany class","messageBody":"","fileTypesAndContributionMap":{"functional-code":{"insertions":106,"deletions":0}}},{"hash":"8d8884cfd677cc388baaabce720222bcf9117c3b","messageTitle":"Refactor AddressBook and Model to handle Companies list","messageBody":"","fileTypesAndContributionMap":{"functional-code":{"insertions":164,"deletions":6}}},{"hash":"0b618c948645f01d919d4099bb5e1128d8a308ca","messageTitle":"Add Add Company command","messageBody":"","fileTypesAndContributionMap":{"functional-code":{"insertions":129,"deletions":0}}},{"hash":"02b1939873d9165f5c34f9430459b97132a46e22","messageTitle":"Update storage files to take into account companies","messageBody":"","fileTypesAndContributionMap":{"functional-code":{"insertions":121,"deletions":2}}},{"hash":"035f75766407fd188db0d7fd0ceba4b8ee11c325","messageTitle":"Fix small bug in reading from data file","messageBody":"","fileTypesAndContributionMap":{"functional-code":{"insertions":1,"deletions":1}}},{"hash":"2de4ad0d4be57409f23d4afff6a103ed467ba2d2","messageTitle":"Fix checkstyle violations","messageBody":"","fileTypesAndContributionMap":{"functional-code":{"insertions":7,"deletions":2},"test-code":{"insertions":36,"deletions":0}}}]},{"date":"2022-03-16","commitResults":[{"hash":"c2b1bec29b482494ca1d01206a07f9f62f8b37c7","messageTitle":"Rearrange functions","messageBody":"","fileTypesAndContributionMap":{"functional-code":{"insertions":72,"deletions":67}}},{"hash":"e187c5b30d6255abc3994fcaf2fa32c082c52d04","messageTitle":"Fix typos and updated equals() function of ModelManager","messageBody":"","fileTypesAndContributionMap":{"functional-code":{"insertions":9,"deletions":7}}}]}]},"authorFileTypeContributionMap":{"mradhyaf":{"docs":40,"functional-code":0,"test-code":0},"ThePrevailingOne":{"docs":99,"functional-code":0,"test-code":0},"albertsutz":{"docs":138,"functional-code":823,"test-code":34},"Graphcalibur":{"docs":121,"functional-code":830,"test-code":136,"other":1}},"authorContributionVariance":{"mradhyaf":78.78466,"ThePrevailingOne":224.02467,"albertsutz":21386.186,"Graphcalibur":29183.16},"authorDisplayNameMap":{"mradhyaf":"CS2103T-W14-3 MUHA..AWZA","ThePrevailingOne":"CS2103T-W14-3 EDWA..LVIN","albertsutz":"CS2103T-W14-3 ALBE..IONO","Graphcalibur":"CS2103T-W14-3 STEV..CHUA"}}
