{"authorDailyContributionsMap":{"mradhyaf":[{"date":"2022-03-09","commitResults":[{"hash":"98c59ae50e7fed426f2874f21fd5fe38e611a83d","messageTitle":"Add Radhya\u0027s details in AboutUs","messageBody":"","fileTypesAndContributionMap":{"docs":{"insertions":5,"deletions":5}}},{"hash":"0c5802eb3022ba57f750a66ff303c329f16dab78","messageTitle":"Add Radhya\u0027s skeletal PPP","messageBody":"","fileTypesAndContributionMap":{"docs":{"insertions":33,"deletions":0}}},{"hash":"92b352ee2022132f4f7b85355b77298ab09a6255","messageTitle":"Add Radhya\u0027s PPP link to AboutUs page","messageBody":"","fileTypesAndContributionMap":{"docs":{"insertions":1,"deletions":0}}},{"hash":"6f9bee7a5e22c7056b6e4b68b8462a9e31c941f4","messageTitle":"Resolve trailing whitespace warning in AboutUs.md","messageBody":"","fileTypesAndContributionMap":{"docs":{"insertions":2,"deletions":1}}}]},{"date":"2022-03-16","commitResults":[{"hash":"25ccb2a22c4c3f52c05faa5f0d9e943157083a86","messageTitle":"Create delete company command and corresponding error message","messageBody":"","fileTypesAndContributionMap":{"functional-code":{"insertions":55,"deletions":0}}},{"hash":"06e481a25ee7c5b32bb7c63f74f0a6c5829fe6e1","messageTitle":"Create delete company command parser","messageBody":"","fileTypesAndContributionMap":{"functional-code":{"insertions":29,"deletions":0}}}]},{"date":"2022-03-17","commitResults":[{"hash":"11c11a7d5ad25d19e83989d9cf0a0e0847ccaeb1","messageTitle":"Add delete company command case in address book parser","messageBody":"","fileTypesAndContributionMap":{"functional-code":{"insertions":4,"deletions":0}}},{"hash":"fd157859690a418e998c8f219077ed0beabc8295","messageTitle":"Fix code styles","messageBody":"","fileTypesAndContributionMap":{"functional-code":{"insertions":6,"deletions":8}}}]},{"date":"2022-03-29","commitResults":[{"hash":"c10e7ef135062a4b4a2be7f2f7a22201ab2a9d24","messageTitle":"Change EventListPanel to use general EntryListPanel fxml","messageBody":"","fileTypesAndContributionMap":{"functional-code":{"insertions":4,"deletions":4}}},{"hash":"451fd426c76b51280ea3bc6ac86256251504501d","messageTitle":"Add titles to entry panels","messageBody":"","fileTypesAndContributionMap":{"functional-code":{"insertions":20,"deletions":0}}},{"hash":"a4b7bdb762bebcb6e61bb4148ad384487a0cc1a0","messageTitle":"Change UI style of MainWindow","messageBody":"","fileTypesAndContributionMap":{"functional-code":{"insertions":391,"deletions":93}}}]},{"date":"2022-03-30","commitResults":[{"hash":"6ddf0801c4d570e4db67695ba9d5330ceb958b58","messageTitle":"Add trailing whitespace in EntryListPanel.fxml","messageBody":"","fileTypesAndContributionMap":{"functional-code":{"insertions":1,"deletions":1}}}]}],"ThePrevailingOne":[{"date":"2022-03-04","commitResults":[{"hash":"ad63e75eea7cfb3096254cee5780f5958a81f2d7","messageTitle":"Update AboutUs.md for Edward","messageBody":"","fileTypesAndContributionMap":{"docs":{"insertions":6,"deletions":4}}},{"hash":"649cbb9da7c76bdcd78e9626a24ba09c587a2f25","messageTitle":"Add Edward skeletal edwardalvin.md","messageBody":"","fileTypesAndContributionMap":{"docs":{"insertions":39,"deletions":0}}},{"hash":"67ea0295abd105a2502b6b50e15c8ce52416872d","messageTitle":"Edit PPP","messageBody":"","fileTypesAndContributionMap":{"docs":{"insertions":0,"deletions":5}}},{"hash":"513101e6b5a4e29fbe8bd82f9510a1e21075e032","messageTitle":"Add newline to EOF of edwardalvin","messageBody":"","fileTypesAndContributionMap":{"docs":{"insertions":2,"deletions":1}}}]},{"date":"2022-03-09","commitResults":[{"hash":"388ae1078f39fba0bd50d7bd2765b4626fb72892","messageTitle":"Update file names to github handle","messageBody":"","fileTypesAndContributionMap":{"docs":{"insertions":2,"deletions":2}}},{"hash":"a585182e55686267f031af5a8074104af4dae6c1","messageTitle":"Add some use cases to DeveloperGuide.md","messageBody":"","fileTypesAndContributionMap":{"docs":{"insertions":24,"deletions":6}}},{"hash":"56f57cc6134882c8ba30a95ec99aafb3a36b36fa","messageTitle":"Remove new feature from theprevailingone.md","messageBody":"","fileTypesAndContributionMap":{"docs":{"insertions":0,"deletions":6}}}]},{"date":"2022-03-11","commitResults":[{"hash":"f19a4f5d4df0cb3864dfb9e2ee1f5983800198fe","messageTitle":"Add more use cases and change AddressBook to InternBuddy","messageBody":"","fileTypesAndContributionMap":{"docs":{"insertions":38,"deletions":1}}},{"hash":"0bb79f803ee34e02e39809f758cde6f626531a5d","messageTitle":"Add more words to the glossary","messageBody":"","fileTypesAndContributionMap":{"docs":{"insertions":4,"deletions":1}}}]},{"date":"2022-03-29","commitResults":[{"hash":"b0907080526a5e6b26bc13f1e1775b96ed76cb62","messageTitle":"Update user guide","messageBody":"","fileTypesAndContributionMap":{"docs":{"insertions":161,"deletions":88}}},{"hash":"29a69b92f4cbca6ecaea2efaf5a536eb83dae2b4","messageTitle":"Update broken links","messageBody":"","fileTypesAndContributionMap":{"docs":{"insertions":10,"deletions":10}}},{"hash":"42d20a8ef30237c913e70f391f85d2dc6665ff7f","messageTitle":"Hotfix user guide and Add words to Glossary","messageBody":"","fileTypesAndContributionMap":{"docs":{"insertions":10,"deletions":4}}}]},{"date":"2022-03-30","commitResults":[{"hash":"92c6e1f869071295ebc6cb2d062921b3fe7806c8","messageTitle":"Create SortPersonCommand","messageBody":"","fileTypesAndContributionMap":{"functional-code":{"insertions":73,"deletions":0}}},{"hash":"8dd33e5fbcfb1349056065379fbd8cd7f4ce8d95","messageTitle":"Hotfix typos","messageBody":"","fileTypesAndContributionMap":{"docs":{"insertions":2,"deletions":2}}},{"hash":"4fd3f982077c1b89dfe81cb6c7771633060588b9","messageTitle":"Hotfix download link","messageBody":"","fileTypesAndContributionMap":{"docs":{"insertions":1,"deletions":1}}}]},{"date":"2022-04-01","commitResults":[{"hash":"e6c246c87de8317962764d62532a8d419d95405b","messageTitle":"Save temporarily","messageBody":"","fileTypesAndContributionMap":{"functional-code":{"insertions":88,"deletions":38}}},{"hash":"b01ab23b35379396c8c0fa325bd1ebd6f5046cb5","messageTitle":"Update find commands in UG and update DATE parameter","messageBody":"","fileTypesAndContributionMap":{"docs":{"insertions":42,"deletions":12}}},{"hash":"5a3ff80093da6e6fc8f962af049b346fb53e1745","messageTitle":"Add archive commands to UG","messageBody":"","fileTypesAndContributionMap":{"docs":{"insertions":47,"deletions":5}}},{"hash":"da27d8b25bba584dd475b51277869977b3c54947","messageTitle":"Modify commands summary in UG","messageBody":"","fileTypesAndContributionMap":{"docs":{"insertions":9,"deletions":5}}},{"hash":"8bafbbb0e0b0ddf3d18b9862d390e77009146b1c","messageTitle":"Add word to glossary","messageBody":"","fileTypesAndContributionMap":{"docs":{"insertions":2,"deletions":0}}},{"hash":"1648a47d6ac493db2a543fef0c851a923c406596","messageTitle":"Update download link in UG","messageBody":"","fileTypesAndContributionMap":{"docs":{"insertions":1,"deletions":1}}},{"hash":"6ce8a92d9de4521943134832f4bbde033252483f","messageTitle":"Update find commands syntax UG","messageBody":"","fileTypesAndContributionMap":{"docs":{"insertions":9,"deletions":7}}},{"hash":"1968715e23e89ee8863ff93bdbafa92c71191fa7","messageTitle":"Hotfix commands summary in UG","messageBody":"","fileTypesAndContributionMap":{"docs":{"insertions":3,"deletions":3}}},{"hash":"a80a3f054cd633dc61a1631297c78e7a8ca89ec0","messageTitle":"Update download link in UG","messageBody":"","fileTypesAndContributionMap":{"docs":{"insertions":1,"deletions":1}}},{"hash":"ffa37c94bac1a6b4798b5cf03a423a131bc81e03","messageTitle":"Add delete_all, archive_all, unarchive_all to UG","messageBody":"","fileTypesAndContributionMap":{"docs":{"insertions":28,"deletions":0}}},{"hash":"4d5bfc7ee2d504d0c65b5867727ec7f88ecf09f0","messageTitle":"Update download link in UG","messageBody":"","fileTypesAndContributionMap":{"docs":{"insertions":1,"deletions":1}}},{"hash":"310cbb86e4d1026c4a9ad2e7ce98343c45bc4251","messageTitle":"Update UG","messageBody":"","fileTypesAndContributionMap":{"docs":{"insertions":7,"deletions":7}}}]},{"date":"2022-04-02","commitResults":[{"hash":"c4d97d92096fe95b03438dd8668f8ae25b8e4994","messageTitle":"Update sorting commands","messageBody":"","fileTypesAndContributionMap":{"functional-code":{"insertions":123,"deletions":54}}},{"hash":"b094efd270fc75d41b0ce709eaa1cfd99046d39c","messageTitle":"Clean code","messageBody":"","fileTypesAndContributionMap":{"functional-code":{"insertions":0,"deletions":1}}},{"hash":"4dc84bc10f3bed71b820c7b565da948a026f9041","messageTitle":"Add OrderingUtil.java","messageBody":"","fileTypesAndContributionMap":{"functional-code":{"insertions":22,"deletions":0}}},{"hash":"49d20d78db8baacc99b18cfd82f144ce41282eea","messageTitle":"Add general SortCommand","messageBody":"","fileTypesAndContributionMap":{"functional-code":{"insertions":48,"deletions":18}}},{"hash":"6ee1a6c11a2d2aee8a003b38c9de103fe1629877","messageTitle":"Update sorting methods in ModelManager","messageBody":"","fileTypesAndContributionMap":{"functional-code":{"insertions":16,"deletions":16}}},{"hash":"eea541abe664444ef65433e9af6fd8e747b3dcde","messageTitle":"Hotfix typing","messageBody":"","fileTypesAndContributionMap":{"functional-code":{"insertions":2,"deletions":2}}},{"hash":"0a7d155a60c73edbffce636e153b9d10162e6424","messageTitle":"Update sort commands message usage","messageBody":"","fileTypesAndContributionMap":{"functional-code":{"insertions":48,"deletions":11}}},{"hash":"bd89282c2df1282922be11b28abf609184053e43","messageTitle":"Add SortCommand parser","messageBody":"","fileTypesAndContributionMap":{"functional-code":{"insertions":97,"deletions":0}}},{"hash":"4cf50a7d0fae74c27aa13a924a493875f6e0d285","messageTitle":"Attach sort command parsers to AddressBookParser","messageBody":"","fileTypesAndContributionMap":{"functional-code":{"insertions":12,"deletions":0}}},{"hash":"ffe9372f394b97f9672d87f29ab1fd9b2703c5bd","messageTitle":"Fix Test class AddPersonCommandTest.java","messageBody":"","fileTypesAndContributionMap":{"test-code":{"insertions":16,"deletions":0}}},{"hash":"7259bec1e393b26af84b9d8488a72db256f90156","messageTitle":"Fix sort commands","messageBody":"","fileTypesAndContributionMap":{"functional-code":{"insertions":37,"deletions":38}}},{"hash":"85cd5bc7b021dbb748fe99019e4fb2598b98490b","messageTitle":"Remove whitetrails","messageBody":"","fileTypesAndContributionMap":{"functional-code":{"insertions":0,"deletions":1}}},{"hash":"3bc65ce202563b6c2dfcc9be26fec04666e3d2b2","messageTitle":"Remove whitetrails","messageBody":"","fileTypesAndContributionMap":{"functional-code":{"insertions":3,"deletions":4}}},{"hash":"5575158b4c4da5a4682b77be1dfb71ed61cd7435","messageTitle":"Fix style","messageBody":"","fileTypesAndContributionMap":{"functional-code":{"insertions":18,"deletions":10}}},{"hash":"d0030d3ae429db835afd262907a77ee1d9b4285f","messageTitle":"Fix style","messageBody":"","fileTypesAndContributionMap":{"functional-code":{"insertions":1,"deletions":1}}}]},{"date":"2022-04-04","commitResults":[{"hash":"ce0d8ffe9e0a81685bd1f67e9254ce8ddd6c5944","messageTitle":"Fix UG consistency","messageBody":"","fileTypesAndContributionMap":{"docs":{"insertions":8,"deletions":2}}},{"hash":"96218c3eda499e303a281cdb5600854bfa23b76d","messageTitle":"Update UG with sort commands","messageBody":"","fileTypesAndContributionMap":{"docs":{"insertions":52,"deletions":1}}}]},{"date":"2022-04-05","commitResults":[{"hash":"c76a06652ed24bb3c377da776516ccc438309cb2","messageTitle":"Fix issue #127","messageBody":"","fileTypesAndContributionMap":{"docs":{"insertions":1,"deletions":1}}},{"hash":"427bfa5c24e7ca4530f6fd2253806ec11d38bcdb","messageTitle":"Fix issue #123","messageBody":"","fileTypesAndContributionMap":{"docs":{"insertions":1,"deletions":1}}},{"hash":"f0d73e4e506dffed8cfb32224fe8640f1f49746e","messageTitle":"Fix issue #130 and #122","messageBody":"","fileTypesAndContributionMap":{"docs":{"insertions":3,"deletions":3}}},{"hash":"6fbe2ea07fc9ca5b230e839217575100c6ce083d","messageTitle":"Fix issue #130","messageBody":"","fileTypesAndContributionMap":{"docs":{"insertions":1,"deletions":1}}},{"hash":"180032cee49fb2e40f0949a919772a7395167546","messageTitle":"Change ARCHIVED to SEARCH_TYPE #144","messageBody":"","fileTypesAndContributionMap":{"docs":{"insertions":15,"deletions":15}}},{"hash":"fb1592b92b442847ec4990db04f3cd0574926205","messageTitle":"Change START_DATE and END_DATE to START DATE and END DATE","messageBody":"","fileTypesAndContributionMap":{"docs":{"insertions":3,"deletions":3}}},{"hash":"08fbff59d7fd793905d91f32760b6bfdf5e74396","messageTitle":"Update UG walkthrough #102","messageBody":"","fileTypesAndContributionMap":{"docs":{"insertions":12,"deletions":0}}},{"hash":"1d4a3cad4bee9c6c698b011818d08c51ac2afd83","messageTitle":"Fix issue #100","messageBody":"","fileTypesAndContributionMap":{"docs":{"insertions":1,"deletions":1}}},{"hash":"aa5fc0845dc0908fe40927eec79d3bf4f38665fa","messageTitle":"Fix issue #136, #135, #125","messageBody":"","fileTypesAndContributionMap":{"functional-code":{"insertions":1,"deletions":1},"docs":{"insertions":8,"deletions":8}}}]},{"date":"2022-04-08","commitResults":[{"hash":"f54d8d8c6b0dec9d863a62ff4bb23fbe8b3e9717","messageTitle":"Fix issue #110","messageBody":"","fileTypesAndContributionMap":{"docs":{"insertions":5,"deletions":1}}},{"hash":"454d9454660aac1fe4c473b794df68694d4515fa","messageTitle":"Warn issue #126 in UG","messageBody":"","fileTypesAndContributionMap":{"docs":{"insertions":1,"deletions":0}}},{"hash":"44249eec6c9ebbd39888868dc13b27c900fa11d7","messageTitle":"Add case insensitivity for today to UG","messageBody":"","fileTypesAndContributionMap":{"docs":{"insertions":4,"deletions":0}}}]}],"albertsutz":[{"date":"2022-02-25","commitResults":[{"hash":"5d75cdcecc59d1c0c039af50e7f698b3d618e8e4","messageTitle":"Update about us: add person Albert Sutiono","messageBody":"","fileTypesAndContributionMap":{"docs":{"insertions":8,"deletions":6}}},{"hash":"9d46548d830894a5f9c0ae18e5cf61b361aa1026","messageTitle":"Update User Guide for InternBuddy","messageBody":"","fileTypesAndContributionMap":{"docs":{"insertions":47,"deletions":6}}}]},{"date":"2022-03-05","commitResults":[{"hash":"754e192351312eb33bcbff8ec46a802e81ca1262","messageTitle":"Add Albert\u0027s PPP page","messageBody":"","fileTypesAndContributionMap":{"docs":{"insertions":34,"deletions":0}}},{"hash":"ec8432a3f8f95549381c57c41a0e409a105f5357","messageTitle":"Add EOF at the end of the file","messageBody":"","fileTypesAndContributionMap":{"docs":{"insertions":1,"deletions":1}}},{"hash":"7480e99a74ae2f232d2038d4ed1caa07d41ddf6b","messageTitle":"Update Readme to explain InternBuddy","messageBody":"","fileTypesAndContributionMap":{"docs":{"insertions":28,"deletions":11}}},{"hash":"a5b9d4e4ded743b96765f8adabc676bb872e7ad3","messageTitle":"Add JavaFX in the tools used.","messageBody":"","fileTypesAndContributionMap":{"docs":{"insertions":4,"deletions":1}}},{"hash":"6acaa137836a7e971227b25c4c20ecabfd654c49","messageTitle":"Update Index.md for InternBuddy","messageBody":"","fileTypesAndContributionMap":{"docs":{"insertions":15,"deletions":5}}},{"hash":"68bc43f48a1b57c7b8a67061018537621dd92418","messageTitle":"Fix Styling","messageBody":"","fileTypesAndContributionMap":{"docs":{"insertions":6,"deletions":3}}}]},{"date":"2022-03-07","commitResults":[{"hash":"0bd46116a0c537278ba6efd6e49b97c69b3b3b7f","messageTitle":"Fix changes requested","messageBody":"","fileTypesAndContributionMap":{"docs":{"insertions":5,"deletions":3}}}]},{"date":"2022-03-09","commitResults":[{"hash":"d729a886a65cfaba91d881b41615593b57499016","messageTitle":"Fix photo name to albertsutz.png","messageBody":"","fileTypesAndContributionMap":{"docs":{"insertions":1,"deletions":1}}},{"hash":"7d4d5ec46aebeccaec0ac5f37ea278a689651bed","messageTitle":"Fix and Clean About Us Page","messageBody":"","fileTypesAndContributionMap":{"docs":{"insertions":2,"deletions":15}}}]},{"date":"2022-03-14","commitResults":[{"hash":"068c1065cf66f400c18dad3c62d5d2b7e65af01c","messageTitle":"Create basic Event class","messageBody":"","fileTypesAndContributionMap":{"functional-code":{"insertions":106,"deletions":0}}},{"hash":"415e09928c793de04fd0b03fbf3dd6a29310524c","messageTitle":"Integrate Events to Model","messageBody":"","fileTypesAndContributionMap":{"functional-code":{"insertions":93,"deletions":3}}},{"hash":"eff4585b73556588c29327446a75345eec9f3616","messageTitle":"Abstract each Event\u0027s attributes to class","messageBody":"","fileTypesAndContributionMap":{"functional-code":{"insertions":186,"deletions":7}}},{"hash":"42a2892d462d780706b7a7e17e9691eb3fbc76fe","messageTitle":"Implement Logic of adding Event","messageBody":"","fileTypesAndContributionMap":{"functional-code":{"insertions":186,"deletions":0}}},{"hash":"e4e4cebc4063c721cbe82619f6071495a06bb68b","messageTitle":"Integrate Event to the Storage module","messageBody":"","fileTypesAndContributionMap":{"functional-code":{"insertions":141,"deletions":2}}},{"hash":"2746653a4522447033f5ee3e7dff711052151e6c","messageTitle":"Change Event\u0027s isSameEntry() implementation to cater both Event\u0027s name and Event\u0027s company name","messageBody":"","fileTypesAndContributionMap":{"functional-code":{"insertions":2,"deletions":1}}}]},{"date":"2022-03-15","commitResults":[{"hash":"90eb2655eb24f67c37e92b22583152096cd923db","messageTitle":"Fix Checkstyle and add Javadoc","messageBody":"","fileTypesAndContributionMap":{"functional-code":{"insertions":111,"deletions":22},"test-code":{"insertions":38,"deletions":0}}},{"hash":"54af1b5609a0be5ea27925fdf5f146bbacb2ebab","messageTitle":"Changed Platform class to Location class for more intuitive naming","messageBody":"","fileTypesAndContributionMap":{"functional-code":{"insertions":43,"deletions":41},"other":{"insertions":15,"deletions":16}}},{"hash":"6701ced78d3d00ba005045ed93d929d975a945bf","messageTitle":"Fix Checkstyle: Orderings of imports","messageBody":"","fileTypesAndContributionMap":{"functional-code":{"insertions":1,"deletions":1}}},{"hash":"3549fd3762eab56449a00e10e924a04a3e81023e","messageTitle":"Fix typo from platform to location","messageBody":"","fileTypesAndContributionMap":{"functional-code":{"insertions":3,"deletions":3}}},{"hash":"4486ff1bed9d59316596488756b2cd70efc2570e","messageTitle":"Changed add_event command to adde","messageBody":"","fileTypesAndContributionMap":{"functional-code":{"insertions":1,"deletions":1}}}]},{"date":"2022-03-16","commitResults":[{"hash":"5ff93ea800e424c049828afd54cb4910cf5aca5c","messageTitle":"Add delete_event command","messageBody":"","fileTypesAndContributionMap":{"functional-code":{"insertions":87,"deletions":0}}},{"hash":"285bbc8c4d7f943de4dcc4c0c45a7019c1acf9b5","messageTitle":"update list command","messageBody":"","fileTypesAndContributionMap":{"functional-code":{"insertions":3,"deletions":1}}},{"hash":"1d13ada695f9b8ee519f37ede92405fea0452c70","messageTitle":"Fix Bugs from Origin/Master","messageBody":"","fileTypesAndContributionMap":{"functional-code":{"insertions":1,"deletions":0}}},{"hash":"7920956e1d7729e1f48a126542d61ce6350a5c14","messageTitle":"Fix Checkstyle","messageBody":"","fileTypesAndContributionMap":{"functional-code":{"insertions":3,"deletions":1}}},{"hash":"286e46ec24f9b60701149fe0adee3a9cd6aa620c","messageTitle":"Create ListEventCommand and integrate the command to the logic component","messageBody":"","fileTypesAndContributionMap":{"functional-code":{"insertions":28,"deletions":4}}},{"hash":"565559150aad84375f1d4e510b90ac5a8c41f11c","messageTitle":"Create basic EventCard and EventListPanel to hold events","messageBody":"","fileTypesAndContributionMap":{"functional-code":{"insertions":174,"deletions":0}}},{"hash":"90c75bebebe49efbaff623749fd5e936b0a12d70","messageTitle":"Implement simple UI for Events","messageBody":"","fileTypesAndContributionMap":{"functional-code":{"insertions":27,"deletions":0}}},{"hash":"f86ff1b185499d040c33212989e00be4f3970cdb","messageTitle":"Improve UI","messageBody":"","fileTypesAndContributionMap":{"functional-code":{"insertions":125,"deletions":21}}},{"hash":"31b2e4db698e441d4e1c7a1f47b9f6559ece25f7","messageTitle":"Change UI mechanism to show different type of Entry separately","messageBody":"","fileTypesAndContributionMap":{"functional-code":{"insertions":28,"deletions":74}}},{"hash":"aad3b8d612e94b439a6d2fe11b8626febec56830","messageTitle":"Fix Checkstyle","messageBody":"","fileTypesAndContributionMap":{"functional-code":{"insertions":6,"deletions":2},"test-code":{"insertions":10,"deletions":7}}},{"hash":"0d5c83eea2c5fc42fa713b1ec687fc9b0dd42e1a","messageTitle":"Fix: Force the display to list the person","messageBody":"","fileTypesAndContributionMap":{"functional-code":{"insertions":2,"deletions":1}}}]},{"date":"2022-03-17","commitResults":[{"hash":"a31c7a70479566d8f7648f41dc83e754c40c35f8","messageTitle":"Refactor all the initial commands to commands specific to person","messageBody":"","fileTypesAndContributionMap":{"functional-code":{"insertions":419,"deletions":0}}},{"hash":"8f035ac2391f750dedf8bd6101de7334a23a9b31","messageTitle":"Remove the initial commands","messageBody":"","fileTypesAndContributionMap":{"functional-code":{"insertions":0,"deletions":419}}},{"hash":"eec7de46f11afbc7d2a75b5199f979e684358a99","messageTitle":"Integrate the new command classes to the parser component","messageBody":"","fileTypesAndContributionMap":{"functional-code":{"insertions":220,"deletions":15}}},{"hash":"c6e8267de82f9c25fc36cdfb606758dd355d11fc","messageTitle":"Remove the initial parsers","messageBody":"","fileTypesAndContributionMap":{"functional-code":{"insertions":0,"deletions":204}}},{"hash":"ae98b376b9b9ce229fd538568171fa4f5b047e76","messageTitle":"Change tests class names and fix tests bugs","messageBody":"","fileTypesAndContributionMap":{"other":{"insertions":119,"deletions":114},"test-code":{"insertions":34,"deletions":33}}}]},{"date":"2022-03-18","commitResults":[{"hash":"c5018f565783e3638b658574bd965b186cb1aa9a","messageTitle":"Fix typo in comments","messageBody":"","fileTypesAndContributionMap":{"functional-code":{"insertions":1,"deletions":1}}},{"hash":"79cf1c7816bc04b99140b00553474f943bb5fdb5","messageTitle":"Change command_word for delete company and delete event","messageBody":"","fileTypesAndContributionMap":{"functional-code":{"insertions":2,"deletions":2}}}]},{"date":"2022-03-22","commitResults":[{"hash":"987494b426ffb7219383d927a4db3e567fb5930f","messageTitle":"Fix sample data to include sample events and sample companies","messageBody":"","fileTypesAndContributionMap":{"functional-code":{"insertions":37,"deletions":10}}},{"hash":"a97c87b60703fcfca6c3347b097ef72abb9e8e39","messageTitle":"Add find event command related to company name","messageBody":"","fileTypesAndContributionMap":{"functional-code":{"insertions":112,"deletions":0}}},{"hash":"5eff43b82a83b364583d9372289070f47267ce33","messageTitle":"Make the default list be the companies list","messageBody":"","fileTypesAndContributionMap":{"functional-code":{"insertions":3,"deletions":3}}},{"hash":"84b292b2da084358609bb1bf474835179aaf59c4","messageTitle":"Fix Checkstyle issues","messageBody":"","fileTypesAndContributionMap":{"functional-code":{"insertions":24,"deletions":15}}},{"hash":"a583ed5f34c9f535d9c6d8e1cc64b3a26474b805","messageTitle":"Fix tests due to changing default display to person list","messageBody":"","fileTypesAndContributionMap":{"test-code":{"insertions":52,"deletions":4}}},{"hash":"99a50f10945d738020b6e848f1f91765c046865c","messageTitle":"Create find company command and integrate it on the logic component","messageBody":"","fileTypesAndContributionMap":{"functional-code":{"insertions":88,"deletions":7}}},{"hash":"0078e4478adf329adc850d99a7ab2c98c45a79cd","messageTitle":"Fix typo","messageBody":"","fileTypesAndContributionMap":{"functional-code":{"insertions":1,"deletions":1}}},{"hash":"434019ee95d853cd00231c83857b7b02fd7671bb","messageTitle":"Fix checkstyle and simple debug","messageBody":"","fileTypesAndContributionMap":{"functional-code":{"insertions":2,"deletions":2},"test-code":{"insertions":2,"deletions":2}}}]},{"date":"2022-03-27","commitResults":[{"hash":"74076f71a79945b85f0c5d3c64d6cacc02969fc7","messageTitle":"Fix sample data to make sure that the date format is correct.","messageBody":"","fileTypesAndContributionMap":{"functional-code":{"insertions":4,"deletions":4}}},{"hash":"0cb5f4144cfa9b277f249f96141878fe36473e36","messageTitle":"Add getPure function to extract the attribute","messageBody":"","fileTypesAndContributionMap":{"functional-code":{"insertions":9,"deletions":0}}},{"hash":"2a884910a7131485d300a39f7802b0d2a67cf149","messageTitle":"Implement custom predicate specialised only for find event command","messageBody":"","fileTypesAndContributionMap":{"functional-code":{"insertions":84,"deletions":0}}}]},{"date":"2022-03-28","commitResults":[{"hash":"7fd8e7c5d80d253e0b407b2d6fac697e8e64da7c","messageTitle":"Remove white space for style","messageBody":"","fileTypesAndContributionMap":{"functional-code":{"insertions":0,"deletions":1}}},{"hash":"35a6df0acdd20d9deaa4aab2ef3d16d49ab67cc1","messageTitle":"Improve find event command to include more options","messageBody":"","fileTypesAndContributionMap":{"functional-code":{"insertions":224,"deletions":16}}},{"hash":"bc308868c9b82509e9ca47b053eb1621aa62e2eb","messageTitle":"Abstract valid keywords check to a function","messageBody":"","fileTypesAndContributionMap":{"functional-code":{"insertions":8,"deletions":4}}},{"hash":"f0d9d3dc5e24fe5ff6bdf72f77399ef909267d0f","messageTitle":"Create javadoc for Date and Time","messageBody":"","fileTypesAndContributionMap":{"functional-code":{"insertions":9,"deletions":0}}},{"hash":"25f8bcbfdb9fc7fe325fa1669ca3e2517be1e490","messageTitle":"Implement tag checking for find event","messageBody":"","fileTypesAndContributionMap":{"functional-code":{"insertions":22,"deletions":3}}},{"hash":"e5f7ba29477b2a5a0971bde273e2994efcc19fc7","messageTitle":"Fix styling and remove unnecessary commends","messageBody":"","fileTypesAndContributionMap":{"functional-code":{"insertions":6,"deletions":176}}},{"hash":"54091a3601a9c25cea973cb4cdc247c935b65670","messageTitle":"Implement location checking for find event","messageBody":"","fileTypesAndContributionMap":{"functional-code":{"insertions":31,"deletions":7}}},{"hash":"94fbe2b00c06956cc8225b30ad4bc83959dc3fd3","messageTitle":"Fix Checkstyle issue","messageBody":"","fileTypesAndContributionMap":{"functional-code":{"insertions":37,"deletions":31}}},{"hash":"c9a420f01973fe2e90aebe9a49518f4b0e26f120","messageTitle":"improve user input validation","messageBody":"","fileTypesAndContributionMap":{"functional-code":{"insertions":47,"deletions":22}}},{"hash":"8f9a30fb1d37cae4052b9f051760709df68b1c58","messageTitle":"Fix Checkstyle","messageBody":"","fileTypesAndContributionMap":{"functional-code":{"insertions":7,"deletions":2}}},{"hash":"2324c7d23152dc59eafa65d16e58722b9d2d4868","messageTitle":"Import Arrays","messageBody":"","fileTypesAndContributionMap":{"functional-code":{"insertions":2,"deletions":0}}},{"hash":"00115d75609d61d9ee0ba0290cebf589635af6df","messageTitle":"Update User Guide","messageBody":"","fileTypesAndContributionMap":{"docs":{"insertions":110,"deletions":65}}},{"hash":"80d7feb01d75a67c214f831431d4eb9cb10d9c35","messageTitle":"Finish up javadocs comments","messageBody":"","fileTypesAndContributionMap":{"functional-code":{"insertions":11,"deletions":2}}},{"hash":"c097d1715a677937dfd31decf7ce6b25e4e8de0f","messageTitle":"Refactor code: group all predicates together in a directory to improve reusability","messageBody":"","fileTypesAndContributionMap":{"functional-code":{"insertions":136,"deletions":8},"other":{"insertions":32,"deletions":51},"test-code":{"insertions":6,"deletions":6}}},{"hash":"bc1bd46c837aaa55b68ec763d82eed006229ffa8","messageTitle":"Improve logic part of FindCompanyCommand to include searching for tags","messageBody":"","fileTypesAndContributionMap":{"functional-code":{"insertions":128,"deletions":20}}},{"hash":"1fd3e0760a938cc84be74ad056278800865955ec","messageTitle":"Improve logic part of FindPersonCommand to include searching for companyName and tags","messageBody":"","fileTypesAndContributionMap":{"functional-code":{"insertions":168,"deletions":23}}}]},{"date":"2022-03-29","commitResults":[{"hash":"a7b474e9a9743173da322afeb02e10b982dc0ddd","messageTitle":"Fix Checkstyle and Debug failed testcases","messageBody":"","fileTypesAndContributionMap":{"functional-code":{"insertions":18,"deletions":17},"test-code":{"insertions":56,"deletions":37}}},{"hash":"7a81a0512bce242067c8b19908b515001c0e0522","messageTitle":"Refactor code: shifting parsing functionality from FindCommand classes to Parser classes","messageBody":"","fileTypesAndContributionMap":{"functional-code":{"insertions":82,"deletions":64}}},{"hash":"c84f27df7dd68f44d3a0734f5a99a8e13ff1a09a","messageTitle":"Fix test cases","messageBody":"","fileTypesAndContributionMap":{"test-code":{"insertions":24,"deletions":22}}},{"hash":"ca9801dc18536518360365488a94376cc42c7692","messageTitle":"Fix checkstyle","messageBody":"","fileTypesAndContributionMap":{"test-code":{"insertions":2,"deletions":5}}},{"hash":"5b684ba49fa2da150e6a57d8593aac16335c2dbf","messageTitle":"Fix parsing bugs","messageBody":"","fileTypesAndContributionMap":{"functional-code":{"insertions":7,"deletions":7}}}]},{"date":"2022-04-01","commitResults":[{"hash":"6471ff463f0dd0ca45f8fd0d0c9bd849e56a67f3","messageTitle":"HotFix : throws error when unarchiving a normal unarchived entriy","messageBody":"","fileTypesAndContributionMap":{"functional-code":{"insertions":19,"deletions":2}}},{"hash":"99d6cc31009f795e184a8e42b8ba7bb009a2fa32","messageTitle":"HotFix : Allow user to find entry using only search prefix with similar functionality as list","messageBody":"","fileTypesAndContributionMap":{"functional-code":{"insertions":6,"deletions":3}}},{"hash":"44d107cf6ef266685cc6f2cde2b4bbef9ac2f4e0","messageTitle":"Fix : update userguide url for help command","messageBody":"","fileTypesAndContributionMap":{"functional-code":{"insertions":1,"deletions":1}}},{"hash":"93e3994791d3c8f264a0bc2f4c0c1ccfa3f05f6e","messageTitle":"Fix typos in message ussage","messageBody":"","fileTypesAndContributionMap":{"functional-code":{"insertions":8,"deletions":7}}},{"hash":"1d359f4218061122dac935a9cadfe177e24fb2bb","messageTitle":"Improve readability : differentiate between archived and unarchived entries in the UI","messageBody":"","fileTypesAndContributionMap":{"functional-code":{"insertions":51,"deletions":2}}},{"hash":"8469217aaa79ad2f208a1591ccc87fd88971741c","messageTitle":"Fix Checkstyle","messageBody":"","fileTypesAndContributionMap":{"functional-code":{"insertions":1,"deletions":5}}},{"hash":"0b3114dd7cd86c51550bd00e46baf98f33899c7e","messageTitle":"Update Version for Release V1.3","messageBody":"","fileTypesAndContributionMap":{"functional-code":{"insertions":1,"deletions":1}}},{"hash":"6c5887498f9a7043c3e1320081be8511ea8db950","messageTitle":"Update Index.md","messageBody":"","fileTypesAndContributionMap":{"docs":{"insertions":28,"deletions":2}}},{"hash":"a164c9c27657f60f43c1445f092ab098a44c4766","messageTitle":"fix bug : finding entries with capital letters in tag does not work","messageBody":"","fileTypesAndContributionMap":{"functional-code":{"insertions":1,"deletions":1}}}]},{"date":"2022-04-06","commitResults":[{"hash":"6899bfc6db7a7274dc782da380fea3cc73fc6005","messageTitle":"Fix issues of having identical person and company but with different cases","messageBody":"","fileTypesAndContributionMap":{"functional-code":{"insertions":1,"deletions":1}}},{"hash":"86a17ae526e04df30ddfe401e92ea68ee4254e95","messageTitle":"Ensure that address checking, email checking, and location checking ignore cases","messageBody":"","fileTypesAndContributionMap":{"functional-code":{"insertions":5,"deletions":3}}},{"hash":"db3f09329230a862da5590cbfbc55fd4e45cf078","messageTitle":"Fix: now parseUtils will remove duplicate spaces","messageBody":"","fileTypesAndContributionMap":{"functional-code":{"insertions":12,"deletions":13}}},{"hash":"1a5ac8b610eed931bb95aff7f34bbfcaf66e6e20","messageTitle":"Fix checkstyle and update tests","messageBody":"","fileTypesAndContributionMap":{"functional-code":{"insertions":0,"deletions":2},"test-code":{"insertions":2,"deletions":2}}},{"hash":"0bf340a8823244287ac33a3d1aff139e718065e3","messageTitle":"Fix \"today\" keyword to be case insensitive","messageBody":"","fileTypesAndContributionMap":{"functional-code":{"insertions":3,"deletions":3}}},{"hash":"a3cbbe9148e889ea72056b762f7d30882c6bf3d9","messageTitle":"Remove unnecessary semicolon","messageBody":"","fileTypesAndContributionMap":{"functional-code":{"insertions":12,"deletions":12}}}]},{"date":"2022-04-07","commitResults":[{"hash":"4e380d615106eba3a7feb45e0fd3be879c8628d0","messageTitle":"Fix : Set all label to wrap the text to prevent any truncation","messageBody":"","fileTypesAndContributionMap":{"functional-code":{"insertions":21,"deletions":0}}}]}],"Graphcalibur":[{"date":"2022-02-24","commitResults":[{"hash":"1c18950533fda178293e2ce9ed2f9ebdb83e405e","messageTitle":"Dummy commit to test CI","messageBody":"","fileTypesAndContributionMap":{"docs":{"insertions":1,"deletions":1}}},{"hash":"41d0f3ee287d739f77369226a27c7060c0f53335","messageTitle":"Update index.md with codecov badge","messageBody":"","fileTypesAndContributionMap":{"docs":{"insertions":1,"deletions":1}}}]},{"date":"2022-02-26","commitResults":[{"hash":"fd3027e8b14563857167f12a853c01723714315f","messageTitle":"Update Steven\u0027s AboutMe section","messageBody":"","fileTypesAndContributionMap":{"docs":{"insertions":9,"deletions":4}}}]},{"date":"2022-02-28","commitResults":[{"hash":"460353cc02f6459d0d3d4d986ed2a732444f48ca","messageTitle":"Add NFRs to Developer Guide","messageBody":"","fileTypesAndContributionMap":{"docs":{"insertions":9,"deletions":3}}}]},{"date":"2022-03-01","commitResults":[{"hash":"135e02906534dfe1351be323d0fa6244d339efd9","messageTitle":"Add user stories","messageBody":"","fileTypesAndContributionMap":{"docs":{"insertions":48,"deletions":8}}}]},{"date":"2022-03-04","commitResults":[{"hash":"db87d41d4bba2bf96c86c058bcb17b3cacbdb6a8","messageTitle":"Update NFRs","messageBody":"","fileTypesAndContributionMap":{"docs":{"insertions":53,"deletions":55}}},{"hash":"b79dda18ffc4e7c987c751f08753671f93f2fa11","messageTitle":"Update file name of image and portfolio","messageBody":"","fileTypesAndContributionMap":{"docs":{"insertions":3,"deletions":3}}},{"hash":"59d68bcd52ccb1003e36d8260b2c2434d7797615","messageTitle":"Add PPP for Graphcalibur","messageBody":"","fileTypesAndContributionMap":{"docs":{"insertions":39,"deletions":0}}}]},{"date":"2022-03-05","commitResults":[{"hash":"3245e7154a5d1d42647ffdc2ef8f5c3681672713","messageTitle":"Change some wording in user stories","messageBody":"","fileTypesAndContributionMap":{"docs":{"insertions":2,"deletions":2}}},{"hash":"583f917d83fced17c850e7ad9567c1d3dca1faa2","messageTitle":"Remove extraneous text in PPP","messageBody":"","fileTypesAndContributionMap":{"docs":{"insertions":1,"deletions":1}}}]},{"date":"2022-03-08","commitResults":[{"hash":"9f8b2ae52eb1bd422de99d25baf9e14140dd2c27","messageTitle":"Remove all mentions of address book and AB3","messageBody":"","fileTypesAndContributionMap":{"docs":{"insertions":18,"deletions":18}}}]},{"date":"2022-03-09","commitResults":[{"hash":"63f6764f605ce63e57d64479c50fad83696726dd","messageTitle":"Fix hyperlink in user guide","messageBody":"","fileTypesAndContributionMap":{"docs":{"insertions":1,"deletions":1}}},{"hash":"99f1d8f9c1e3cdf735cc748ffa97f0f54ee3665a","messageTitle":"Update value proposition and target profile","messageBody":"","fileTypesAndContributionMap":{"docs":{"insertions":3,"deletions":2}}}]},{"date":"2022-03-11","commitResults":[{"hash":"345ad08031c3c79d755c3ca644bccfde4099cc69","messageTitle":"Add Entry abstract class","messageBody":"","fileTypesAndContributionMap":{"functional-code":{"insertions":85,"deletions":40},"other":{"insertions":29,"deletions":43},"docs":{"insertions":1,"deletions":1},"test-code":{"insertions":69,"deletions":57}}},{"hash":"fc3bf4cccbfa019d63b5a0610038165cf45e364d","messageTitle":"Convert UniquePersonList into generic container","messageBody":"","fileTypesAndContributionMap":{"functional-code":{"insertions":13,"deletions":13},"test-code":{"insertions":8,"deletions":8}}},{"hash":"221313d8e4d827ec599a027631e0583046d9a510","messageTitle":"Create Generic Entry class and UniqueEntryList","messageBody":"Companies, Events, and Persons all have some common attributes\nand methods (e.g. name, tags, isSameEntry()).\n\nCreating a generic Entry class and converting UniquePersonList\ninto UniqueEntryList that can hold any child class of Entry\nallows Companies and Events to be added into the existing\ninfrastructure while reusing as much of the existing code as\npossible.\n\nLet\u0027s\n* create a Entry class that Person inherits from and contains\nthe aforementioned common attributes and methods\n* convert UniquePersonList into a UniqueEntryList that can hold\nany child class of Entry.\n* convert the Person-specific exceptions into general Entry\nexceptions\n","fileTypesAndContributionMap":{"functional-code":{"insertions":143,"deletions":142},"other":{"insertions":3,"deletions":3},"test-code":{"insertions":31,"deletions":31}}}]},{"date":"2022-03-14","commitResults":[{"hash":"e0eb0d261f081c257c805ac7653cf030f5ccc99b","messageTitle":"Change some instances of \u0027person\u0027 to \u0027entry\u0027","messageBody":"","fileTypesAndContributionMap":{"functional-code":{"insertions":7,"deletions":7}}}]},{"date":"2022-03-15","commitResults":[{"hash":"f84ab0752692a7d6a106385c900143da79378cb1","messageTitle":"Create copmany class","messageBody":"","fileTypesAndContributionMap":{"functional-code":{"insertions":106,"deletions":0}}},{"hash":"8d8884cfd677cc388baaabce720222bcf9117c3b","messageTitle":"Refactor AddressBook and Model to handle Companies list","messageBody":"","fileTypesAndContributionMap":{"functional-code":{"insertions":164,"deletions":6}}},{"hash":"0b618c948645f01d919d4099bb5e1128d8a308ca","messageTitle":"Add Add Company command","messageBody":"","fileTypesAndContributionMap":{"functional-code":{"insertions":129,"deletions":0}}},{"hash":"02b1939873d9165f5c34f9430459b97132a46e22","messageTitle":"Update storage files to take into account companies","messageBody":"","fileTypesAndContributionMap":{"functional-code":{"insertions":121,"deletions":2}}},{"hash":"035f75766407fd188db0d7fd0ceba4b8ee11c325","messageTitle":"Fix small bug in reading from data file","messageBody":"","fileTypesAndContributionMap":{"functional-code":{"insertions":1,"deletions":1}}},{"hash":"2de4ad0d4be57409f23d4afff6a103ed467ba2d2","messageTitle":"Fix checkstyle violations","messageBody":"","fileTypesAndContributionMap":{"functional-code":{"insertions":7,"deletions":2},"test-code":{"insertions":36,"deletions":0}}}]},{"date":"2022-03-16","commitResults":[{"hash":"c2b1bec29b482494ca1d01206a07f9f62f8b37c7","messageTitle":"Rearrange functions","messageBody":"","fileTypesAndContributionMap":{"functional-code":{"insertions":72,"deletions":67}}},{"hash":"e187c5b30d6255abc3994fcaf2fa32c082c52d04","messageTitle":"Fix typos and updated equals() function of ModelManager","messageBody":"","fileTypesAndContributionMap":{"functional-code":{"insertions":9,"deletions":7}}},{"hash":"6c09eb8a4efb0464c368081c644bc8aa1c5dc610","messageTitle":"Create UI view of the list of companies","messageBody":"","fileTypesAndContributionMap":{"functional-code":{"insertions":181,"deletions":7},"other":{"insertions":1,"deletions":1}}},{"hash":"827d107785412cd8a9d64964064bca3bb7fe24cc","messageTitle":"Add basic functionality for displaying company list","messageBody":"","fileTypesAndContributionMap":{"functional-code":{"insertions":44,"deletions":13}}},{"hash":"fe5cd4ca6d28aa63c72e0503969d647fa9330f31","messageTitle":"Add ListCompanyCommand","messageBody":"","fileTypesAndContributionMap":{"functional-code":{"insertions":35,"deletions":6}}},{"hash":"7dbf97f8045b956b5fb18857b47542f534a6cab5","messageTitle":"Change list_event to liste","messageBody":"","fileTypesAndContributionMap":{"functional-code":{"insertions":1,"deletions":1}}},{"hash":"7a4d6456847c03d00f29053e6d0085511f0bf52f","messageTitle":"Fix test bugs","messageBody":"","fileTypesAndContributionMap":{"test-code":{"insertions":12,"deletions":9}}},{"hash":"fb9c79749c666035fecc7bd16428c33be28a7054","messageTitle":"Streamline clearing entryListPanelPlaceholder","messageBody":"","fileTypesAndContributionMap":{"functional-code":{"insertions":3,"deletions":9}}},{"hash":"c83ecef7e60c1b9a2ba3a297d907467d4dc81dec","messageTitle":"Fix typos","messageBody":"","fileTypesAndContributionMap":{"functional-code":{"insertions":6,"deletions":6}}}]},{"date":"2022-03-19","commitResults":[{"hash":"0278ed0e0adf77a3960fbd6874e6b2c23dfd7900","messageTitle":"Only show company list and prevent modifying other lists at start","messageBody":"","fileTypesAndContributionMap":{"functional-code":{"insertions":5,"deletions":1}}},{"hash":"16bf4e2dbf5249532659b444a88e0552fcc9df3d","messageTitle":"Require companyName in AddEventCommand to be an existing Company","messageBody":"This commit also changes companyName to be a Name rather than a\nString.\n","fileTypesAndContributionMap":{"functional-code":{"insertions":46,"deletions":18}}}]},{"date":"2022-03-20","commitResults":[{"hash":"e3c09deb29057280707b7c1d5fd4be4161897fcd","messageTitle":"Replace Address with companyName for Person","messageBody":"","fileTypesAndContributionMap":{"functional-code":{"insertions":77,"deletions":78},"test-code":{"insertions":252,"deletions":146}}},{"hash":"da27f18baf2a61c2c6523a7ba3e490e2d697486a","messageTitle":"Remove all unnecessary traces of address","messageBody":"","fileTypesAndContributionMap":{"functional-code":{"insertions":1,"deletions":2},"test-code":{"insertions":14,"deletions":15}}},{"hash":"e099dd200b54065b4d0d863c5c1d62cab876255e","messageTitle":"Fix typo","messageBody":"","fileTypesAndContributionMap":{"functional-code":{"insertions":1,"deletions":1}}},{"hash":"4097bc3c21dd34f4d132a671a5abc4abba95d6be","messageTitle":"* Add tracking for which list is currently being shown","messageBody":"* Abstracted updating of the filtered lists to be done by the Model\n","fileTypesAndContributionMap":{"functional-code":{"insertions":60,"deletions":21}}},{"hash":"02cd36738e846acbe0f8340e6bfa11d469b0958d","messageTitle":"Fix tests","messageBody":"","fileTypesAndContributionMap":{"test-code":{"insertions":28,"deletions":11}}},{"hash":"1ba5b18ca08902810329be05e9c5af151c736ca2","messageTitle":"Change name to currentlyDisplayedListType","messageBody":"","fileTypesAndContributionMap":{"functional-code":{"insertions":15,"deletions":9}}},{"hash":"fe6c801259bb96e436f6ff9700bc135c676cad5e","messageTitle":"Generalize DeleteCommand to apply to currently displayed list","messageBody":"","fileTypesAndContributionMap":{"functional-code":{"insertions":52,"deletions":53},"other":{"insertions":19,"deletions":19}}},{"hash":"0f67ad4c05a414d083f3066f41da85ed25b1b19c","messageTitle":"Finish DeleteCommand to apply to currently displayed list","messageBody":"","fileTypesAndContributionMap":{"functional-code":{"insertions":43,"deletions":16},"test-code":{"insertions":23,"deletions":17}}},{"hash":"d59ea4e65a08f540b0e2c1c8ea22365de6b8610a","messageTitle":"Delete DeleteCompany and DeleteEvent commands","messageBody":"","fileTypesAndContributionMap":{"functional-code":{"insertions":0,"deletions":171}}},{"hash":"d4204e30f585722365233bfb1c09159386161874","messageTitle":"Change invalid Entry index message","messageBody":"","fileTypesAndContributionMap":{"functional-code":{"insertions":3,"deletions":6},"test-code":{"insertions":6,"deletions":6}}}]},{"date":"2022-03-24","commitResults":[{"hash":"4b46f53deba3e0ace89122ebbeec74a1c14ec89c","messageTitle":"Add EditEventCommand","messageBody":"","fileTypesAndContributionMap":{"functional-code":{"insertions":330,"deletions":0}}},{"hash":"87887e5bdd2d0c103b2622bbd558edadbf957271","messageTitle":"Validate companyName exists when editing event or person","messageBody":"","fileTypesAndContributionMap":{"functional-code":{"insertions":11,"deletions":0}}}]},{"date":"2022-03-26","commitResults":[{"hash":"998398b10190469dc6fb73df9c274b6ce7ce6569","messageTitle":"Add new commands","messageBody":"","fileTypesAndContributionMap":{"docs":{"insertions":106,"deletions":72}}},{"hash":"9acac62ae2e794efe891de89c1effad03a151a2c","messageTitle":"Improve introduction","messageBody":"","fileTypesAndContributionMap":{"docs":{"insertions":16,"deletions":9}}},{"hash":"a6d087bb01e25f7d2cdcb66f1ea33752944666e9","messageTitle":"Add Date and Time validation","messageBody":"","fileTypesAndContributionMap":{"functional-code":{"insertions":35,"deletions":27}}}]},{"date":"2022-03-27","commitResults":[{"hash":"fa55b231256c8daa92d0577bc2284b002cd3624f","messageTitle":"Fix typos","messageBody":"","fileTypesAndContributionMap":{"functional-code":{"insertions":2,"deletions":2}}},{"hash":"561577e787c383964a7c303e7aa454cd325a388f","messageTitle":"Add EditCompanyCommand","messageBody":"The app did not have an edit company command. There was also some\nunnecessary repetition in the code between each of the edit commands.\n\nTo fix this, a new EditCompanyCommand is added. The parseTags()\nfunction was also taken out of the code of each of the edit command\nparsers and instead stored in ParserUtil to facilitate code reuse.\nSimilarly, the MESSAGE_NOT_EDITED is instead stored in\ncommons.core.Messages since it is used by all 3 edit commands.\n\n* add the EditEventCommand\n* move parseTags() to ParserUtil\n* move MESSAGE_NOT_EDITED to commons.core.messages\n\nNote: The code to edit all instances of companyNames in events/persons\nwhose companyName matches the name of the company before it was edited\nhas not been implemented.\n","fileTypesAndContributionMap":{"functional-code":{"insertions":317,"deletions":52},"test-code":{"insertions":2,"deletions":1}}},{"hash":"db4d81c5a6d19c9abeaba007d356a4b08e1de889","messageTitle":"Automatically update companyName of persons/events when company\u0027s name is edited","messageBody":"","fileTypesAndContributionMap":{"functional-code":{"insertions":66,"deletions":13},"test-code":{"insertions":3,"deletions":0}}}]},{"date":"2022-03-28","commitResults":[{"hash":"d47f449e9d922ef3a4aa00ffd901d17cad52d8b8","messageTitle":"Add Overview section and reformat Edit commands","messageBody":"","fileTypesAndContributionMap":{"docs":{"insertions":90,"deletions":26}}},{"hash":"d4bc04915bdb27474cbf6e040590cb6c6fea403f","messageTitle":"Create ListCommandParser and add searchType parameter to list commands","messageBody":"","fileTypesAndContributionMap":{"functional-code":{"insertions":166,"deletions":19}}},{"hash":"2751350d9a6ec405af2097c6813aa1b1e5c0f1be","messageTitle":"Fix comments and messages","messageBody":"","fileTypesAndContributionMap":{"functional-code":{"insertions":5,"deletions":1}}},{"hash":"d1ce7ec9a2c8f24d5e811147481dd51f6eeb0ca1","messageTitle":"Fix tests and checkstyle violations","messageBody":"","fileTypesAndContributionMap":{"functional-code":{"insertions":10,"deletions":1},"test-code":{"insertions":5,"deletions":2}}},{"hash":"8b77e16c9cf589dd559a44b05c766e1f5348ec2b","messageTitle":"Generalize ALL_ENTRIES and NO_ENTRIES predicates","messageBody":"","fileTypesAndContributionMap":{"functional-code":{"insertions":68,"deletions":71},"test-code":{"insertions":6,"deletions":6}}},{"hash":"b71a072de39e4b01a408e6f0e6583c6bbcadf7a3","messageTitle":"Add different predicates depending on archive","messageBody":"","fileTypesAndContributionMap":{"functional-code":{"insertions":63,"deletions":26},"test-code":{"insertions":2,"deletions":2}}},{"hash":"4afcdd098dbc883ec042ba095540cfa52f938ba8","messageTitle":"Add ArchiveCommand","messageBody":"","fileTypesAndContributionMap":{"functional-code":{"insertions":198,"deletions":4}}},{"hash":"d30bb378f0cce473fb4f6430b4e2e42edbe41084","messageTitle":"Fix typos","messageBody":"","fileTypesAndContributionMap":{"functional-code":{"insertions":14,"deletions":11}}},{"hash":"97f1e9897348e73473e49171734eefebd50da39e","messageTitle":"Fix tests, checkstyle violations, and storage","messageBody":"","fileTypesAndContributionMap":{"functional-code":{"insertions":60,"deletions":24},"other":{"insertions":1,"deletions":1},"test-code":{"insertions":20,"deletions":10}}}]},{"date":"2022-03-29","commitResults":[{"hash":"44ec076deed9d021bc705eacfa882bc735aa9d23","messageTitle":"Add Unarchive command","messageBody":"","fileTypesAndContributionMap":{"functional-code":{"insertions":104,"deletions":20},"test-code":{"insertions":1,"deletions":1}}},{"hash":"04871a5507cd25ef24a80c14320b035ee813c78f","messageTitle":"Fix bugs","messageBody":"","fileTypesAndContributionMap":{"functional-code":{"insertions":2,"deletions":2}}}]},{"date":"2022-03-30","commitResults":[{"hash":"5cc029d65a28a01ac247c51115c81876ad62ab07","messageTitle":"Add startDate and endDate to FindEventCommand","messageBody":"","fileTypesAndContributionMap":{"functional-code":{"insertions":82,"deletions":22}}},{"hash":"8e6ee00a9ece3158f34b7bdb982da06c9f83c2be","messageTitle":"Fix message usages","messageBody":"","fileTypesAndContributionMap":{"functional-code":{"insertions":10,"deletions":10}}},{"hash":"bc612dd33d3e98a5299e87dc63e0ac025d64f5b6","messageTitle":"Delete old file","messageBody":"","fileTypesAndContributionMap":{"functional-code":{"insertions":0,"deletions":32}}}]},{"date":"2022-03-31","commitResults":[{"hash":"ef310b62fbff63619131fa3dff13ee6ec4a4eafc","messageTitle":"Date accepts \u0027today\u0027 and relative to today","messageBody":"","fileTypesAndContributionMap":{"functional-code":{"insertions":53,"deletions":4}}}]},{"date":"2022-04-01","commitResults":[{"hash":"2e0c80707add6ff7a0d0e69605a53f9de18dc26e","messageTitle":"Add search type parameter to find command","messageBody":"","fileTypesAndContributionMap":{"functional-code":{"insertions":105,"deletions":48},"test-code":{"insertions":13,"deletions":8}}},{"hash":"3c7108c1236ea66f8ca336393238be978a971acb","messageTitle":"Fix bug","messageBody":"","fileTypesAndContributionMap":{"functional-code":{"insertions":1,"deletions":1}}},{"hash":"941d43d36913cf0ee3e8933d9b4abb86b397ded6","messageTitle":"Add DeleteAllCommand","messageBody":"","fileTypesAndContributionMap":{"functional-code":{"insertions":43,"deletions":1}}},{"hash":"f4bae41db1d54b148e23fa1aac314bccad23be26","messageTitle":"Add ArchiveAll and UnarchiveAll commands","messageBody":"","fileTypesAndContributionMap":{"functional-code":{"insertions":89,"deletions":1}}},{"hash":"0bbe3f655067fc5af2235793bc21e13f251b3045","messageTitle":"Fix bugs and typos","messageBody":"","fileTypesAndContributionMap":{"functional-code":{"insertions":23,"deletions":19}}},{"hash":"13a59d0011e7174f48a2b3bbea1171e4bc1b6af1","messageTitle":"Update gradle file","messageBody":"","fileTypesAndContributionMap":{"other":{"insertions":4,"deletions":0}}}]},{"date":"2022-04-04","commitResults":[{"hash":"8f44b584e992b8e4f71fd452b0c8faaa52e77486","messageTitle":"Fix Add Command messages","messageBody":"","fileTypesAndContributionMap":{"functional-code":{"insertions":8,"deletions":8}}},{"hash":"0c89a348f606e2b8e60b6bef051b7be23c58aea9","messageTitle":"Fix messages of edit commands","messageBody":"","fileTypesAndContributionMap":{"functional-code":{"insertions":8,"deletions":8}}},{"hash":"f7297527c4d5a17826a37b21d8f308894672c65f","messageTitle":"Fix error messages and comments in commands","messageBody":"","fileTypesAndContributionMap":{"functional-code":{"insertions":14,"deletions":15}}}]},{"date":"2022-04-06","commitResults":[{"hash":"f32e9f102fc7d619105b628475db6d809fa17e8b","messageTitle":"Fix bugs in edit command and change success messages","messageBody":"","fileTypesAndContributionMap":{"functional-code":{"insertions":12,"deletions":10}}},{"hash":"4ce71b6a49524bff61df336174ee76f062be38c3","messageTitle":"Fix bugs with archive_all and unarchive_all command","messageBody":"","fileTypesAndContributionMap":{"functional-code":{"insertions":7,"deletions":6}}},{"hash":"8d073e68d0a5ab315bfe9ae652982ea6e1422b5b","messageTitle":"Fix bugs with find command","messageBody":"","fileTypesAndContributionMap":{"functional-code":{"insertions":3,"deletions":3}}},{"hash":"4a80a8435620018fc6e74b8c27c32075a124683b","messageTitle":"Revert changes to message success, unarchive, and archive","messageBody":"","fileTypesAndContributionMap":{"functional-code":{"insertions":7,"deletions":9}}},{"hash":"77c11a5241591799d186631c3ece3d64d1047b92","messageTitle":"Fix test","messageBody":"","fileTypesAndContributionMap":{"test-code":{"insertions":1,"deletions":1}}}]},{"date":"2022-04-07","commitResults":[{"hash":"e60395947a76dee8f015bd2f372b591c5acc9939","messageTitle":"Add cascading delete","messageBody":"","fileTypesAndContributionMap":{"functional-code":{"insertions":39,"deletions":2}}},{"hash":"69e5f13246dbd9b878558a2a3e22bb737281e69d","messageTitle":"Minor change","messageBody":"","fileTypesAndContributionMap":{"functional-code":{"insertions":2,"deletions":2}}},{"hash":"4d3223c0ad42a5668d92132135694a3b7ee7c611","messageTitle":"Fix email regex","messageBody":"","fileTypesAndContributionMap":{"functional-code":{"insertions":1,"deletions":1}}}]},{"date":"2022-04-08","commitResults":[{"hash":"3a17495158d97995f65cb161cd6627a8661baa49","messageTitle":"Fix email test","messageBody":"","fileTypesAndContributionMap":{"test-code":{"insertions":1,"deletions":3}}}]}]},"authorFileTypeContributionMap":{"mradhyaf":{"docs":40,"functional-code":384,"test-code":0},"ThePrevailingOne":{"docs":468,"functional-code":388,"test-code":14},"albertsutz":{"docs":163,"functional-code":1920,"test-code":229},"Graphcalibur":{"docs":196,"functional-code":2920,"test-code":468,"other":5}},"authorContributionVariance":{"mradhyaf":5258.9106,"ThePrevailingOne":10279.61,"albertsutz":101997.63,"Graphcalibur":62554.51},"authorDisplayNameMap":{"mradhyaf":"CS2103T-W14-3 MUHA..AWZA","ThePrevailingOne":"CS2103T-W14-3 EDWA..LVIN","albertsutz":"CS2103T-W14-3 ALBE..IONO","Graphcalibur":"CS2103T-W14-3 STEV..CHUA"}}
