{"authorDailyContributionsMap":{"alexteo98":[{"date":"2022-02-27","commitResults":[{"hash":"6f3f4daf4b4e0603ffc140332dba47cb01016a2e","messageTitle":"Update personal info for alexteo98","messageBody":"","fileTypesAndContributionMap":{"docs":{"insertions":36,"deletions":4}}}]},{"date":"2022-03-02","commitResults":[{"hash":"83cd1153e586f8617751e6cbe977d3045646f0b4","messageTitle":"Add feature to filter persons with skills","messageBody":"","fileTypesAndContributionMap":{"functional-code":{"insertions":157,"deletions":0}}}]},{"date":"2022-03-04","commitResults":[{"hash":"ba5e2d7bf84fb7b14378f54c5195704669c8b912","messageTitle":"Fix Checkstyle","messageBody":"","fileTypesAndContributionMap":{"functional-code":{"insertions":65,"deletions":83}}},{"hash":"c154db4d7f1fc9ac0ecf0625a475f479037f5d95","messageTitle":"Add tests for FilterSkillCommandParser","messageBody":"","fileTypesAndContributionMap":{"functional-code":{"insertions":6,"deletions":9},"test-code":{"insertions":40,"deletions":0}}},{"hash":"3d283a7e1ce19368253039946aff6c750cfa50f6","messageTitle":"Add tests for FilterSkillCommand","messageBody":"","fileTypesAndContributionMap":{"functional-code":{"insertions":1,"deletions":0},"test-code":{"insertions":77,"deletions":5}}},{"hash":"830c73887be75aba4875d0cba199e4544c62e2f9","messageTitle":"Fix checkstyle errors","messageBody":"","fileTypesAndContributionMap":{"functional-code":{"insertions":0,"deletions":1}}}]},{"date":"2022-03-05","commitResults":[{"hash":"9c265e54bca06a2d95a8b8a68945a9c4302009fc","messageTitle":"Fix assertFailure bug in JsonSerializableAddressBookTest.java","messageBody":"Bugs:\n1. Values in `typicalPersonsAddressBook.json` does not equal to\nvalues assigned in `TypicalPersons.java`.\n2. Default tags and skills are created although they do not exist in\n`JsonSerializableAddressBookTest.java`.\n3. `PersonUtil::getEditPersonDescriptorDetails` missing whitespace to\nseperate tag and skills\n","fileTypesAndContributionMap":{"test-code":{"insertions":25,"deletions":16}}}]},{"date":"2022-03-06","commitResults":[{"hash":"990acd4318e98ff62037c8cc418f332c0c0be529","messageTitle":"Move skill comparison to skill.java to improve SLAP and fix typo","messageBody":"","fileTypesAndContributionMap":{"functional-code":{"insertions":6,"deletions":2}}}]},{"date":"2022-03-07","commitResults":[{"hash":"f451c445aa190aea910a81a8fc8e09288e698541","messageTitle":"Update /docs/UserGuide.md to include filter feature","messageBody":"","fileTypesAndContributionMap":{"docs":{"insertions":14,"deletions":0}}}]},{"date":"2022-03-13","commitResults":[{"hash":"77cb3970ce436e3b4026a269916b8bfdc57f514b","messageTitle":"Update UG","messageBody":"","fileTypesAndContributionMap":{"docs":{"insertions":5,"deletions":3}}}]}],"tzhan98":[{"date":"2022-02-27","commitResults":[{"hash":"56ee6c94090a6605146aecb7dda530e48ba32481","messageTitle":"Add AboutUs for tzhan98","messageBody":"","fileTypesAndContributionMap":{"docs":{"insertions":36,"deletions":3}}}]},{"date":"2022-02-28","commitResults":[{"hash":"91b9b2bf578adf3c05c6213c1e322d9f23b3eb22","messageTitle":"Added skeleton of Skill field","messageBody":"","fileTypesAndContributionMap":{"functional-code":{"insertions":287,"deletions":23},"test-code":{"insertions":35,"deletions":10}}},{"hash":"eee94469533115c981e42970a4385bdacce9c177","messageTitle":"Change toModelType_typicalPersonsFile_success() to compare string values","messageBody":"","fileTypesAndContributionMap":{"test-code":{"insertions":4,"deletions":1}}}]},{"date":"2022-03-04","commitResults":[{"hash":"2224f920a9c49efc6dd0ac495d8c02412ef8dec5","messageTitle":"Found and fix some testCase errors. Add functionality to edit skill field","messageBody":"","fileTypesAndContributionMap":{"functional-code":{"insertions":28,"deletions":6},"test-code":{"insertions":77,"deletions":23}}}]},{"date":"2022-03-05","commitResults":[{"hash":"12242c582a31dac98a3bd0fb4e0e49543219f37b","messageTitle":"Fix checkstyle issue","messageBody":"","fileTypesAndContributionMap":{"test-code":{"insertions":2,"deletions":1}}}]},{"date":"2022-03-07","commitResults":[{"hash":"de5c5735afb299f88f26d604ecd61472e76ef028","messageTitle":"Update userguide to include the skill feature","messageBody":"","fileTypesAndContributionMap":{"docs":{"insertions":11,"deletions":8}}}]},{"date":"2022-03-13","commitResults":[{"hash":"7611a0dc85d9809957bd4c09fdd07f5bc30eabff","messageTitle":"Update UG Update AddCommand to reflect the changes in skill","messageBody":"","fileTypesAndContributionMap":{"functional-code":{"insertions":5,"deletions":2},"docs":{"insertions":5,"deletions":0}}}]}],"B1LLP4RK":[{"date":"2022-02-28","commitResults":[{"hash":"e4a9a15348d2433722f1a5286d247d41ea7a2b42","messageTitle":"Add B1LLP4RK\u0027s personal info in AboutUs.md","messageBody":"","fileTypesAndContributionMap":{"docs":{"insertions":9,"deletions":0}}},{"hash":"647b4aa5413d2607bc50d3b0896b513be628bfef","messageTitle":"Add B1LLP4RK\u0027s personal info in AboutUs.md","messageBody":"","fileTypesAndContributionMap":{"docs":{"insertions":32,"deletions":0}}}]},{"date":"2022-03-01","commitResults":[{"hash":"7d16ffe7a9cdd216acbcb00b7623ef7e267ef2da","messageTitle":"Update Devloper Guide","messageBody":"Developer Guide is suited to explaining Addressbook3.\n\nChanging the Target user profile, value proposition and User stories make the developer guide specific to HackNet\n","fileTypesAndContributionMap":{"docs":{"insertions":44,"deletions":19}}}]},{"date":"2022-03-06","commitResults":[{"hash":"add2815afabd9485f64b414103df50abad1c52d4","messageTitle":"Adapt UserGuide to HackNet","messageBody":"","fileTypesAndContributionMap":{"functional-code":{"insertions":4,"deletions":1},"docs":{"insertions":16,"deletions":8}}},{"hash":"6fbd0ed7a3548e711b4825bfcb68b28128044e97","messageTitle":"fix checkstyle issue","messageBody":"","fileTypesAndContributionMap":{"functional-code":{"insertions":1,"deletions":4}}}]},{"date":"2022-03-15","commitResults":[{"hash":"291d302cbacbcc0cc680d648cbc383f7c3e5d57d","messageTitle":"Rename tag to team","messageBody":"HackNet allows user to tag a person with miscellaneous information.\n\nHackNet should show which team a person is already belonging to,\n as well as enable to add and edit the information of a person in the\n addressbook. Tagging feature in AB3 is not an important function to\n HackNet.\n\n Renaming the tags to team will meet the requirement in the shortest\n time period and least effort.\n","fileTypesAndContributionMap":{"functional-code":{"insertions":212,"deletions":212},"other":{"insertions":1,"deletions":1},"docs":{"insertions":14,"deletions":13},"test-code":{"insertions":194,"deletions":190}}}]},{"date":"2022-03-16","commitResults":[{"hash":"1430599919d502820fdf94390c48d35fbfff4ab4","messageTitle":"Improve readability by changing various names in java and json files","messageBody":"","fileTypesAndContributionMap":{"functional-code":{"insertions":6,"deletions":6},"test-code":{"insertions":1,"deletions":1}}}]}],"Jiaaa-yang":[{"date":"2022-02-27","commitResults":[{"hash":"ddc0bad79920ddf9b6a791503556ef1b7f4a624e","messageTitle":"Update AboutUs.md to include profile pic and role","messageBody":"","fileTypesAndContributionMap":{"docs":{"insertions":4,"deletions":5}}},{"hash":"ee4ed83f7d37f4cff41f9ab58c8345715813ed8e","messageTitle":"Add skeleton PPP for Jiaaa-yang","messageBody":"Fixes: #6\n","fileTypesAndContributionMap":{"docs":{"insertions":33,"deletions":0}}},{"hash":"179e80505793c280d2b35f00f11c64f702e572b5","messageTitle":"Update README from AB3 to HackNet","messageBody":"","fileTypesAndContributionMap":{"docs":{"insertions":18,"deletions":11}}}]},{"date":"2022-02-28","commitResults":[{"hash":"dd5f61e93c93c1b5b7d985623b850301b556fe1e","messageTitle":"Migrate user guide to HackNet","messageBody":"Update AB3 features description to that of HackNet,\nchanging address field to github username field.\n","fileTypesAndContributionMap":{"docs":{"insertions":19,"deletions":19}}}]},{"date":"2022-03-01","commitResults":[{"hash":"11ac19e49bd10daab774867cc4cc2c56784b67e1","messageTitle":"Change address to GitHub username field","messageBody":"There is a need to add a new field for GitHub\nusername in evolving AB3 to HackNet. We also\nno longer need the address field in HackNet.\n\nSince these two fields are similar, let\u0027s change\nthe address field to a github username field instead\nof adding a separate field entirely.\n\nFixes: AY2122S2-CS2103T-W13-3/tp#22\n","fileTypesAndContributionMap":{"functional-code":{"insertions":131,"deletions":131},"test-code":{"insertions":168,"deletions":164}}}]},{"date":"2022-03-02","commitResults":[{"hash":"b32bead90fa942fa009ba69c2a8e2628a5c41650","messageTitle":"Remove placeholders in AboutUs.md","messageBody":"","fileTypesAndContributionMap":{"docs":{"insertions":0,"deletions":20}}}]},{"date":"2022-03-05","commitResults":[{"hash":"fa746c09bfa5c8ba79e864023108a1542d799a67","messageTitle":"Update Model to support sorting of person list","messageBody":"","fileTypesAndContributionMap":{"functional-code":{"insertions":57,"deletions":20},"test-code":{"insertions":45,"deletions":33}}}]},{"date":"2022-03-06","commitResults":[{"hash":"8e074a60c8b245bd73e56216ddfe8614931da000","messageTitle":"Add command to sort persons by skill proficiency","messageBody":"","fileTypesAndContributionMap":{"functional-code":{"insertions":145,"deletions":2},"test-code":{"insertions":4,"deletions":4}}}]},{"date":"2022-03-07","commitResults":[{"hash":"5d7002976455a857edbed2225ac7331608296092","messageTitle":"Add tests for sorting command","messageBody":"","fileTypesAndContributionMap":{"functional-code":{"insertions":2,"deletions":1},"test-code":{"insertions":192,"deletions":3}}}]},{"date":"2022-03-08","commitResults":[{"hash":"5f621e8b22fa1545a61590d38d2e5d9367d1ea3e","messageTitle":"Update equals() method in PersonBySkillProficiencyComparator","messageBody":"","fileTypesAndContributionMap":{"functional-code":{"insertions":1,"deletions":1}}}]},{"date":"2022-03-11","commitResults":[{"hash":"80a364b13b508cb8bf597631bc2e5d73c30439d1","messageTitle":"Update User Guide to include sort command","messageBody":"","fileTypesAndContributionMap":{"docs":{"insertions":19,"deletions":1}}}]},{"date":"2022-03-13","commitResults":[{"hash":"106bf759912d449ab8fb4cf1890eacf6da970944","messageTitle":"Change GitHub username in HackNet to hyperlink","messageBody":"Allow GitHub username displayed in GUI to be a link\nredirecting to the contact\u0027s GitHub profile.\n\nFixes:  AY2122S2-CS2103T-W13-3/tp#42\n","fileTypesAndContributionMap":{"functional-code":{"insertions":57,"deletions":3}}},{"hash":"5156137af8d9cdcae44a6a412c48909f51f0574d","messageTitle":"Add tests for link and handle getting in GithubUsername","messageBody":"","fileTypesAndContributionMap":{"test-code":{"insertions":19,"deletions":0}}}]},{"date":"2022-03-15","commitResults":[{"hash":"7de57500333858bbadd3cb65dfae6c3c6bedafb8","messageTitle":"Fix formatting and sample data issues for GitHub field","messageBody":"","fileTypesAndContributionMap":{"functional-code":{"insertions":12,"deletions":14}}}]}],"MelvinCZJ":[{"date":"2022-02-28","commitResults":[{"hash":"7a106320b456d3624f9db575f31413ccadd9b026","messageTitle":"Update AboutUs.md and PPP","messageBody":"Melvin\u0027s skeletal PPP and  image has been added.\n","fileTypesAndContributionMap":{"docs":{"insertions":42,"deletions":0}}},{"hash":"3f5b42cf690b197ea73f2f0c8129744a17096e62","messageTitle":"Fix issue with newline at EOL","messageBody":"","fileTypesAndContributionMap":{"docs":{"insertions":1,"deletions":1}}}]},{"date":"2022-03-16","commitResults":[{"hash":"55632837db80a751b946ca96fe4fc34ef6f26cf7","messageTitle":"Add filterteam feature","messageBody":"Added FilterPastTeamCommand.java, updated AddressBookParser and Model.java for the new feature to work.\n","fileTypesAndContributionMap":{"functional-code":{"insertions":26,"deletions":0}}}]},{"date":"2022-03-17","commitResults":[{"hash":"c0edff27a950e7016ab6d1487b6db6ced14b0162","messageTitle":"Update UG","messageBody":"Checkstyle errors have been fixed as well.\n","fileTypesAndContributionMap":{"functional-code":{"insertions":6,"deletions":3},"docs":{"insertions":8,"deletions":0}}},{"hash":"9f189b3b2e3fb8de2c0c0bd6dad21b53acc79943","messageTitle":"Test Commit","messageBody":"JavaCI was not working on the two previous commits so in this commit, a minor change was introduced in order for a new commit to be pushed.\n","fileTypesAndContributionMap":{"docs":{"insertions":1,"deletions":1}}}]}]},"authorFileTypeContributionMap":{"alexteo98":{"docs":54,"functional-code":136,"test-code":128},"tzhan98":{"docs":44,"functional-code":253,"test-code":64},"B1LLP4RK":{"docs":102,"functional-code":211,"test-code":184},"Jiaaa-yang":{"docs":82,"functional-code":383,"test-code":394},"MelvinCZJ":{"docs":44,"functional-code":29,"test-code":0}},"authorContributionVariance":{"alexteo98":3557.933,"tzhan98":4932.473,"B1LLP4RK":24022.793,"Jiaaa-yang":13872.607,"MelvinCZJ":96.07524},"authorDisplayNameMap":{"alexteo98":"CS2103T-W13-3 TEO ..ALEX","tzhan98":"CS2103T-W13-3 TOH ..QING","B1LLP4RK":"CS2103T-W13-3 PARK..UNHA","Jiaaa-yang":"CS2103T-W13-3 LYE ..YANG","MelvinCZJ":"CS2103T-W13-3 MELV..IJUN"}}
