{"authorDailyContributionsMap":{"dionegoh":[{"date":"2022-02-23","commitResults":[{"hash":"506ebba0af36c310bcc5fdaa4ef1c1833752c71b","messageTitle":"Update UG on assigned features- Friends Management","messageBody":"Update UG on assigned features for friends management (addFriend,\ndeleteFriend, editFriend)\n","fileTypesAndContributionMap":{"docs":{"insertions":36,"deletions":106}}},{"hash":"14244247561f67b3e5156f8d31ecb3ee80ec065f","messageTitle":"Add skeletal PPP - Dione","messageBody":"","fileTypesAndContributionMap":{"docs":{"insertions":52,"deletions":0}}},{"hash":"57fdb3449d5b151ffb11f1477bf47e59d6666908","messageTitle":"Modify skeletal PPP-Dione","messageBody":"","fileTypesAndContributionMap":{"docs":{"insertions":1,"deletions":1}}}]},{"date":"2022-02-24","commitResults":[{"hash":"a1d566c617703e744904ffd892b75977db60af91","messageTitle":"Update AboutUs - Dione","messageBody":"","fileTypesAndContributionMap":{"docs":{"insertions":6,"deletions":6}}},{"hash":"0b6feb4cbdf015c2b7a1831cce0c34a2ffea3525","messageTitle":"Update developer guide","messageBody":"Update developer guide with use cases for deletefriend and editfriend.\n","fileTypesAndContributionMap":{"docs":{"insertions":67,"deletions":10}}}]},{"date":"2022-02-26","commitResults":[{"hash":"8559862ddda89260dba3b7698599be268e58d57c","messageTitle":"Modify UG to disallow friends with same name","messageBody":"","fileTypesAndContributionMap":{"docs":{"insertions":3,"deletions":9}}},{"hash":"55b4be00186fbd5e4efce8373db789aab1011909","messageTitle":"Remove extension cases for friends with same name","messageBody":"","fileTypesAndContributionMap":{"docs":{"insertions":3,"deletions":20}}},{"hash":"315b99a79831484e4b5210d3c736280a9d537a10","messageTitle":"Fix typo","messageBody":"","fileTypesAndContributionMap":{"docs":{"insertions":2,"deletions":2}}},{"hash":"b1bb1105e7910a7ded5cbcfde7dd0170e20932cf","messageTitle":"Modify examples","messageBody":"","fileTypesAndContributionMap":{"docs":{"insertions":7,"deletions":0}}},{"hash":"66e64a3d11d6348fa49ce09c1fdaca8cabd17ea9","messageTitle":"Fix table borders","messageBody":"","fileTypesAndContributionMap":{"docs":{"insertions":5,"deletions":5}}},{"hash":"79dfd966ed3c03b739f2497373451f6c3c7ace19","messageTitle":"Add new line at EOF","messageBody":"","fileTypesAndContributionMap":{"docs":{"insertions":1,"deletions":1}}}]},{"date":"2022-02-28","commitResults":[{"hash":"29bb06cc5b700eb1de24a348fa056742bbb43f47","messageTitle":"Update developer guide","messageBody":"","fileTypesAndContributionMap":{"docs":{"insertions":61,"deletions":26}}}]},{"date":"2022-03-02","commitResults":[{"hash":"acbed57bf73e1060b362f6ba6873f4d31b1f9c0b","messageTitle":"Modify Guarantees for use cases","messageBody":"","fileTypesAndContributionMap":{"docs":{"insertions":3,"deletions":3}}},{"hash":"eca5167bc1bd98997f240d83ed10cce7d0198edb","messageTitle":"Fix formatting","messageBody":"","fileTypesAndContributionMap":{"docs":{"insertions":6,"deletions":6}}}]},{"date":"2022-03-03","commitResults":[{"hash":"7f0694824ef263e38098bcd21f8c500094ea2794","messageTitle":"Standardize parameter brackets from {} to []","messageBody":"","fileTypesAndContributionMap":{"docs":{"insertions":11,"deletions":11}}},{"hash":"6af2e07105cd0237f6d50392f1a58ac83ed05007","messageTitle":"Fix reordering error","messageBody":"","fileTypesAndContributionMap":{"docs":{"insertions":7,"deletions":7}}}]},{"date":"2022-03-10","commitResults":[{"hash":"007e469a356c236d3b7fc952102e18ea33586efb","messageTitle":"Improve functionality to delete friend","messageBody":"Currently, AB3 uses `delete index.`, where index is the index number of the person in the filtered list shown on the UI.\nChanged to `deletefriend n/name` to allow users to delete by name, as long as the person exists in the addressbook.\n","fileTypesAndContributionMap":{"functional-code":{"insertions":58,"deletions":24},"test-code":{"insertions":31,"deletions":57}}},{"hash":"f989744f4c917b473f9f2bf5c8433c0760c818a2","messageTitle":"Tweak findfriend feature","messageBody":"Update findfriend command keyword and message usage\n","fileTypesAndContributionMap":{"functional-code":{"insertions":3,"deletions":3}}},{"hash":"1fb78640258a021e5afa564724e4aa81f2e8faf0","messageTitle":"Minor changes to DeleteCommand","messageBody":"","fileTypesAndContributionMap":{"functional-code":{"insertions":14,"deletions":5}}},{"hash":"4c77acee188b24749270c4d2bf78586f2c8a7d90","messageTitle":"Fix checkstyle error","messageBody":"","fileTypesAndContributionMap":{"functional-code":{"insertions":4,"deletions":4}}},{"hash":"5e05ff04d9c2137309d09236329a46c2abd64398","messageTitle":"Fix merge conflict","messageBody":"","fileTypesAndContributionMap":{"functional-code":{"insertions":4,"deletions":1}}}]}],"tanyjnaaman":[{"date":"2022-02-26","commitResults":[{"hash":"439bcb0f28e2e61ccb5d9c6f4b7f305fd322f911","messageTitle":"Add a skeletal PPP","messageBody":"","fileTypesAndContributionMap":{"docs":{"insertions":30,"deletions":0}}},{"hash":"463247c933c54a1dcfb57546f46bf000bcb7a3d8","messageTitle":"Update UG - Logs management","messageBody":"Updated User Guide to include documentation for intended features for\nv1.2. Specifically, they are:\n* `addlog`\n* `editlog`\n* `deletelog`\n","fileTypesAndContributionMap":{"docs":{"insertions":38,"deletions":102}}},{"hash":"6039ce1dd18d06ba0e7b66ba7eb7942770c0c4bf","messageTitle":"Update AboutUs","messageBody":"","fileTypesAndContributionMap":{"docs":{"insertions":5,"deletions":13}}},{"hash":"ac950a1c8844337007223a9949627fefd5ce0b17","messageTitle":"Update DG - use cases (log management)","messageBody":"Wrote use cases for log management features `addlog`, `editlog` and\n`deletelog`.\n","fileTypesAndContributionMap":{"docs":{"insertions":108,"deletions":12}}},{"hash":"6e2891b89453e4e141e3acf5e771c0702c5e4466","messageTitle":"Fix minor typos","messageBody":"","fileTypesAndContributionMap":{"docs":{"insertions":19,"deletions":18}}}]},{"date":"2022-03-01","commitResults":[{"hash":"2b9ad2f53a06f551dc0ca949242993825dfef39b","messageTitle":"Improve use case documentation for logs management","messageBody":"Previous set of use cases for `addlog`, `editlog` and `deletelog`\nfeatures did not provide guarantees, descriptions of certain relevant UI\ninteractions, referred to \"friends\" as \"contacts\" and at points\nreferenced unnecessary UI details like specific commands.\n\nThis commit thus implements the following changes:\n* Change references to \"contacts\" as \"friends\"\n* Include guarantees in use cases where relevant\n* Improve phrasing to reflect \"intent\" and \"action\" of a given actor\n* Improve phrasing to reflect greater clarity in general\n","fileTypesAndContributionMap":{"docs":{"insertions":63,"deletions":40}}},{"hash":"154ddca36807e43e64b29c8f7f1aa5d4cc813a3a","messageTitle":"Fix typo","messageBody":"","fileTypesAndContributionMap":{"docs":{"insertions":1,"deletions":1}}}]},{"date":"2022-03-03","commitResults":[{"hash":"9038f66642e40f3bde99a4d2003c92beaabd22a0","messageTitle":"Update UG - minor issues in Log Management","messageBody":"","fileTypesAndContributionMap":{"docs":{"insertions":10,"deletions":8}}}]},{"date":"2022-03-07","commitResults":[{"hash":"6d0595192910b9176a3301dd56ebb5eef9e63efc","messageTitle":"Add base classes for Log and UniqueLogList","messageBody":"Added classes and their unit tests for Log and UniqueLogList classes for\nuse in the model component to support logs functionality.\n\nThe key design point are:\n1. Logs\n\t* Logs are considered identical if they have the same title.\n\t* Logs are considered equal if they have the same title AND\n\t  description.\n\t* The default description if no description is provided is an\n\t  empty string.\n\n2. UniqueLogList\nThe unique log list is intended to be pointed to by a Person object,\nsuch that each person has a list of logs. In this commit, basic list\nfunctionalities of add, set, remove, contains have been added.\n\nFuture modifications to these two base classes will be for command-specific\nfunctionalities.\n","fileTypesAndContributionMap":{"functional-code":{"insertions":199,"deletions":0},"test-code":{"insertions":221,"deletions":0}}},{"hash":"dd7ae6d7ca27eb9918d3789bb90cc1bd41dd96da","messageTitle":"Update Person class to include Logs","messageBody":"Updated `Person` class to include `UniqueLogList` and `Log` to support\nlog features. Changes to `Person` class also meant corresponding changes\nto test cases and sample data for unit testing.\n","fileTypesAndContributionMap":{"functional-code":{"insertions":99,"deletions":35},"test-code":{"insertions":82,"deletions":6}}},{"hash":"570012978ade8bc8e258e728498841ea44bbfef9","messageTitle":"Update Storage component to support Logs","messageBody":"Implemented `JsonAdapatedLogs` and updated `JsonAdaptedPerson` to\nsupport saving of logs in the json file.\n\nUpdated unit and integration tests and test cases for `JsonAdaptedTest` and\n`JsonSerializableAddressBookTest` to include logs in testing.\n","fileTypesAndContributionMap":{"functional-code":{"insertions":67,"deletions":13},"test-code":{"insertions":28,"deletions":15}}}]},{"date":"2022-03-08","commitResults":[{"hash":"134518bfa38b052510173b39d31fa00adc566975","messageTitle":"(Untested) Implement classes for addlog feature","messageBody":"This is a big commit, plenty of changes, with the main aim to implement\nall classes necessary for the addlog command. Notable classes\nwritten/changes are:\n\n* `AddLogCommand` class\n* `AddLogCommand.AddLogDescriptor` class\n* `AddLogCommandParser` class\n* (Incomplete) unit and integration tests and test cases for the above three classes\n\nThe inclusion of the three classes integrates nicely into the existing\n`Command` interface framework. A notable design choice was to use a\nstatic nested `AddLogCommand.AddLogDescriptor` class, and the rationale\nwas to follow the analogous design in the `EditCommand` class, since it\nwas easily extendible and helped with cleaner encapsulation.\n\nNote that test cases have not been fully completed and debugged.\n","fileTypesAndContributionMap":{"functional-code":{"insertions":265,"deletions":5},"docs":{"insertions":6,"deletions":6},"test-code":{"insertions":307,"deletions":5}}},{"hash":"1028add35769fdfa79b98899b44a296b6c4bc257","messageTitle":"Complete tests for addlog feature","messageBody":"In this commit:\n* Unit and integration tests and test cases for the addlog feature and corresponding\n  classes are completed and debugged.\n* checkstyle violations are fixed.\n","fileTypesAndContributionMap":{"functional-code":{"insertions":86,"deletions":40},"other":{"insertions":1,"deletions":4},"test-code":{"insertions":219,"deletions":26}}},{"hash":"37554f970cbe4c5e7cb661e575dfb62db9bf7c03","messageTitle":"Update `AddressBookParser` to support `addlog`","messageBody":"Updated `AddressBookParser` and relevant test cases to support `addlog`\ncommand. As with all other supported commands, will be called and\n`CommandResult` object will be returned.\n","fileTypesAndContributionMap":{"functional-code":{"insertions":8,"deletions":14},"test-code":{"insertions":22,"deletions":14}}}]}],"AryanSarswat":[{"date":"2022-02-23","commitResults":[{"hash":"91bd7c7662d1c079010a74c8523bf99d7c26d2db","messageTitle":"Update AboutUs","messageBody":"","fileTypesAndContributionMap":{"docs":{"insertions":5,"deletions":6}}},{"hash":"9acc8dddf4290756b1798bf54a1bf588eb126b0b","messageTitle":"Create Project Portfolio page","messageBody":"","fileTypesAndContributionMap":{"docs":{"insertions":47,"deletions":0}}},{"hash":"be9d1eaa7a665104865b355f8c923e0b1f26a395","messageTitle":"Add PPP link","messageBody":"","fileTypesAndContributionMap":{"docs":{"insertions":1,"deletions":0}}}]},{"date":"2022-02-26","commitResults":[{"hash":"d624efe9fb34616f3c0fc0d29a5428c3a6488d73","messageTitle":"Update target user profile, value proposition, user stories, non-functional requirements and glossary.","messageBody":"","fileTypesAndContributionMap":{"docs":{"insertions":29,"deletions":21}}}]},{"date":"2022-03-03","commitResults":[{"hash":"4295dafc9a1c665859658d46080a88ebd3bcf998","messageTitle":"Minor changes to improve the clarity of the DG","messageBody":"","fileTypesAndContributionMap":{"docs":{"insertions":6,"deletions":5}}},{"hash":"bda3bb39028caca24c7ae405d4732ebb93b506ad","messageTitle":"Add Use case for show friends and show events","messageBody":"","fileTypesAndContributionMap":{"docs":{"insertions":43,"deletions":1}}},{"hash":"9d46d6fe5c0092ab7df8cb159ed4815b31995d35","messageTitle":"Add command description for showfriends,showfriend and showevents","messageBody":"","fileTypesAndContributionMap":{"docs":{"insertions":33,"deletions":5}}},{"hash":"3f75218b2e7e747ee432f831bad47a646d795110","messageTitle":"Fix check issue","messageBody":"","fileTypesAndContributionMap":{"docs":{"insertions":1,"deletions":1}}},{"hash":"d94a44dbe052cbff70b0d1f65a198ff6b04fbfb4","messageTitle":"Fix typo","messageBody":"","fileTypesAndContributionMap":{"docs":{"insertions":1,"deletions":1}}},{"hash":"9fbc65a7cb014fa801ace4b3802bc6ead79f6c40","messageTitle":"Improve clarity issues and update F04","messageBody":"","fileTypesAndContributionMap":{"docs":{"insertions":12,"deletions":9}}}]},{"date":"2022-03-04","commitResults":[{"hash":"f24623fd7169ead803b6b45923099ea353f08bd7","messageTitle":"Remove trace of AB3. Update link to latest release.","messageBody":"","fileTypesAndContributionMap":{"docs":{"insertions":16,"deletions":17}}}]}],"limweiliang":[{"date":"2022-02-25","commitResults":[{"hash":"8ccafacbe3a040488804c35b58d42c3fdd4e18cc","messageTitle":"Update AboutUs.md to include Wei Liang","messageBody":"","fileTypesAndContributionMap":{"docs":{"insertions":4,"deletions":4}}},{"hash":"a6e2e70e8e8f4b357620c0c87a5001a32c7e8c13","messageTitle":"Update README.md to reflect v1.2 goals","messageBody":"","fileTypesAndContributionMap":{"docs":{"insertions":15,"deletions":11}}}]},{"date":"2022-02-26","commitResults":[{"hash":"5223bba602a7de91f6fc58bf70a27b8d3e09ad1f","messageTitle":"Add skeletal project portfolio page for limweiliang","messageBody":"","fileTypesAndContributionMap":{"docs":{"insertions":37,"deletions":0}}},{"hash":"2f7341b48b1277bbf9b71d0835d5686661b3e96c","messageTitle":"UserGuide.md: update to include event creation, editing and deletion","messageBody":"","fileTypesAndContributionMap":{"docs":{"insertions":47,"deletions":10}}},{"hash":"4b9f4586bf235cc40e0202fab5500570484da44e","messageTitle":"UserGuide.md: update event management formatting","messageBody":"","fileTypesAndContributionMap":{"docs":{"insertions":7,"deletions":5}}}]},{"date":"2022-03-02","commitResults":[{"hash":"87088e3b0aa0c6216cc5510740f8698b8993bb5c","messageTitle":"UserGuide.md: Remove leftover AddressBook documentation","messageBody":"","fileTypesAndContributionMap":{"docs":{"insertions":4,"deletions":45}}},{"hash":"368761d70f8b478aadf2079e0c592e27c32957c3","messageTitle":"DG: Update with use cases for adding and editing events","messageBody":"","fileTypesAndContributionMap":{"docs":{"insertions":60,"deletions":0}}}]},{"date":"2022-03-03","commitResults":[{"hash":"601dd57b44e1e18512dd9f51adfe48eca8fb60d1","messageTitle":"DG: fix formatting issue","messageBody":"","fileTypesAndContributionMap":{"docs":{"insertions":1,"deletions":0}}}]},{"date":"2022-03-04","commitResults":[{"hash":"fa67ebe2b42b59818275d981ace3afb3e0ea98b4","messageTitle":"UG: Fix formatting bugs and add existing basic features","messageBody":"","fileTypesAndContributionMap":{"docs":{"insertions":36,"deletions":9}}}]}]},"authorFileTypeContributionMap":{"dionegoh":{"docs":172,"functional-code":68,"test-code":31,"other":1},"tanyjnaaman":{"docs":190,"functional-code":638,"test-code":785,"other":1},"AryanSarswat":{"docs":140,"functional-code":0,"test-code":0},"limweiliang":{"docs":178,"functional-code":0,"test-code":0}},"authorContributionVariance":{"dionegoh":3778.6167,"tanyjnaaman":72807.08,"AryanSarswat":846.4261,"limweiliang":1054.9978},"authorDisplayNameMap":{"dionegoh":"CS2103-F09-2 DION..YING","tanyjnaaman":"CS2103-F09-2 TAN ..AMAN","AryanSarswat":"CS2103-F09-2 ARYA..SWAT","limweiliang":"CS2103-F09-2 LIM ..IANG"}}
