{"authorDailyContributionsMap":{"eugenechiaay":[{"date":"2022-02-19","commitResults":[{"hash":"bc1268b1e52cce9b3f27bc359bef99e1003d68a3","messageTitle":"Update README.md","messageBody":"","fileTypesAndContributionMap":{"docs":{"insertions":1,"deletions":0}}}]},{"date":"2022-03-01","commitResults":[{"hash":"819dd760395681268c4e95d7b194654e6d6335d1","messageTitle":"Update README.md","messageBody":"It\u0027s incomplete, I need to get offline for now, feel free to continue","fileTypesAndContributionMap":{"docs":{"insertions":210,"deletions":15}}},{"hash":"a92a40718e97314c1e31daa7151de24e43813eba","messageTitle":"update readme","messageBody":"","fileTypesAndContributionMap":{"docs":{"insertions":206,"deletions":15}}},{"hash":"2de5e2d56ba9cac607d8d980284ec02f3b9d062a","messageTitle":"update userguide.md","messageBody":"","fileTypesAndContributionMap":{"docs":{"insertions":17,"deletions":11}}},{"hash":"f523202d5b22070727be448e22685dee9c398b03","messageTitle":"update readme","messageBody":"","fileTypesAndContributionMap":{"docs":{"insertions":2,"deletions":8}}},{"hash":"60a67503ef5e7fdef4e24ae36eb881154aeb9cd6","messageTitle":"update readme","messageBody":"","fileTypesAndContributionMap":{"docs":{"insertions":25,"deletions":48}}}]},{"date":"2022-03-03","commitResults":[{"hash":"1a185ff92c756b781618c738135efed4f8014ea9","messageTitle":"update developer guide use cases","messageBody":"","fileTypesAndContributionMap":{"docs":{"insertions":62,"deletions":25}}}]},{"date":"2022-03-09","commitResults":[{"hash":"42a4c0e67a0ab3ffc461a247703c435d42390df5","messageTitle":"lay foundations for undo/redo mechanisms","messageBody":"","fileTypesAndContributionMap":{"functional-code":{"insertions":151,"deletions":9}}}]},{"date":"2022-03-10","commitResults":[{"hash":"b33780ef9a56723145bbd5158caa448ac3696e1f","messageTitle":"lay more foundation for undo and redo","messageBody":"","fileTypesAndContributionMap":{"functional-code":{"insertions":112,"deletions":39}}}]},{"date":"2022-03-11","commitResults":[{"hash":"23bdecd63b06adfba9477e564b820b5bb98729d6","messageTitle":"implement undo for delete command, todo: fix outofbounds errors, null exception errors","messageBody":"","fileTypesAndContributionMap":{"functional-code":{"insertions":97,"deletions":23}}},{"hash":"035d3630bc6eb9b1117c2c35bcd7455f914c19a0","messageTitle":"checkstyle stuff","messageBody":"","fileTypesAndContributionMap":{"functional-code":{"insertions":49,"deletions":58}}},{"hash":"9c061601c37f514cd8e133f2cf23d2a41bb02cf1","messageTitle":"fix more checkstyle","messageBody":"","fileTypesAndContributionMap":{"functional-code":{"insertions":10,"deletions":13}}},{"hash":"fd7c33230be9d2eff06a741c7fd1c065f4b862c2","messageTitle":"stub fix","messageBody":"","fileTypesAndContributionMap":{"test-code":{"insertions":5,"deletions":0}}}]},{"date":"2022-03-12","commitResults":[{"hash":"2e73c1de320a66ff9a3f7c78348acd96ce81719e","messageTitle":"undo and redo support for most commands","messageBody":"","fileTypesAndContributionMap":{"functional-code":{"insertions":66,"deletions":8}}}]},{"date":"2022-03-14","commitResults":[{"hash":"00c23867248e82aacde5dc2aae263e66c7cf204b","messageTitle":"edit makeCopy method in modelStub","messageBody":"","fileTypesAndContributionMap":{"functional-code":{"insertions":10,"deletions":0},"test-code":{"insertions":3,"deletions":2}}},{"hash":"d7a3aa30f19ab10d2e18b7fe352381354fa35fc5","messageTitle":"remove  unused import","messageBody":"","fileTypesAndContributionMap":{"functional-code":{"insertions":0,"deletions":1}}}]},{"date":"2022-03-15","commitResults":[{"hash":"f72af462f0c22cc21b4cc3f2883d07d8b8145fc4","messageTitle":"implement unit tests","messageBody":"","fileTypesAndContributionMap":{"functional-code":{"insertions":14,"deletions":1},"test-code":{"insertions":303,"deletions":17}}}]},{"date":"2022-03-16","commitResults":[{"hash":"4993b81ca460538fef4a21cddc6eb7f7611724fb","messageTitle":"fix checkstyle","messageBody":"","fileTypesAndContributionMap":{"docs":{"insertions":5,"deletions":6},"test-code":{"insertions":3,"deletions":3}}},{"hash":"265e6895940218e9bf5d2d1fa538b711d8e5c5a6","messageTitle":"fix more checkstyle","messageBody":"","fileTypesAndContributionMap":{"test-code":{"insertions":61,"deletions":37}}},{"hash":"91418c03a214ebe43da7a17751bdb14694685025","messageTitle":"Update AddressBook.java","messageBody":"","fileTypesAndContributionMap":{"functional-code":{"insertions":1,"deletions":1}}},{"hash":"f34872531f151b2b9ffb62c84812c5eb06daedef","messageTitle":"Update AddressBook.java","messageBody":"","fileTypesAndContributionMap":{"functional-code":{"insertions":0,"deletions":3}}},{"hash":"35c0e7c835d2237af18d10d29416a360a7db6104","messageTitle":"solve merge conflicts","messageBody":"","fileTypesAndContributionMap":{"functional-code":{"insertions":3,"deletions":5}}},{"hash":"4710f9dd91d039fc0be4bf4f9f6502e45e87686e","messageTitle":"checkstyle","messageBody":"","fileTypesAndContributionMap":{"functional-code":{"insertions":0,"deletions":1}}}]},{"date":"2022-03-17","commitResults":[{"hash":"bb729d7b8cc3bb457ece44fde3759fd286f47a25","messageTitle":"edge cases for undo","messageBody":"","fileTypesAndContributionMap":{"functional-code":{"insertions":5,"deletions":0}}}]},{"date":"2022-03-18","commitResults":[{"hash":"6b8a3efaa6f2aa3ca6fd6d3c3150e11a08bffac7","messageTitle":"enhance redo and undo, implement methods for added commands, added unit tests for all","messageBody":"","fileTypesAndContributionMap":{"functional-code":{"insertions":110,"deletions":72},"test-code":{"insertions":82,"deletions":35}}},{"hash":"37b0c2d193757e9d3339bed35fa0de28a9c3042e","messageTitle":"Edit undo message","messageBody":"","fileTypesAndContributionMap":{"functional-code":{"insertions":4,"deletions":9}}}]},{"date":"2022-03-21","commitResults":[{"hash":"555b540fe2e39feae5cb4e960615b7e255aaeb07","messageTitle":"made unit tests for commandManager","messageBody":"","fileTypesAndContributionMap":{"test-code":{"insertions":28,"deletions":0}}}]},{"date":"2022-03-23","commitResults":[{"hash":"80dbb9c81a28e9cffdb08ea8fb233fe298e30eec","messageTitle":"update userguide","messageBody":"","fileTypesAndContributionMap":{"functional-code":{"insertions":6,"deletions":1},"other":{"insertions":5,"deletions":1},"docs":{"insertions":93,"deletions":46}}},{"hash":"75af78348afbd739d4f80e27c1983920b5323fd4","messageTitle":"Update userguide","messageBody":"","fileTypesAndContributionMap":{"docs":{"insertions":18,"deletions":8}}},{"hash":"b9aabb90fb0957f7a3a292cc759bb1b173d77950","messageTitle":"upload screens, update ug","messageBody":"","fileTypesAndContributionMap":{"functional-code":{"insertions":0,"deletions":1},"docs":{"insertions":113,"deletions":40}}}]},{"date":"2022-03-24","commitResults":[{"hash":"69fdd4fb38cab3b2d118702e7541512ff055144c","messageTitle":"update user guide, fix links","messageBody":"","fileTypesAndContributionMap":{"docs":{"insertions":94,"deletions":62}}},{"hash":"aea4ba787e9f40105232452f291c7663393f14c5","messageTitle":"update link in ug","messageBody":"","fileTypesAndContributionMap":{"docs":{"insertions":2,"deletions":2}}},{"hash":"600132b961403230bdddf21cca12b4cf9e9afa40","messageTitle":"Update to add line","messageBody":"","fileTypesAndContributionMap":{"docs":{"insertions":1,"deletions":0}}}]},{"date":"2022-03-25","commitResults":[{"hash":"585e3a300a2c0dba4136b670bcde997c5f07ba9f","messageTitle":"update dg, update diagrams","messageBody":"","fileTypesAndContributionMap":{"docs":{"insertions":279,"deletions":207}}},{"hash":"a7b4574dd556e83663214f873a5a8d5977d87891","messageTitle":"update command manager","messageBody":"","fileTypesAndContributionMap":{"functional-code":{"insertions":0,"deletions":1}}},{"hash":"7cc09a9f4f4b8421c56512ab49c6d0243403d83a","messageTitle":"Add logging for command manager","messageBody":"","fileTypesAndContributionMap":{"functional-code":{"insertions":6,"deletions":0}}}]}],"tanweien":[{"date":"2022-03-01","commitResults":[{"hash":"188d4b9d214b2b1c7815c6e3e54820a32499f430","messageTitle":"Add skeletal PPP","messageBody":"","fileTypesAndContributionMap":{"docs":{"insertions":1,"deletions":1}}},{"hash":"bc6fc2a7bff6958e0edbe485d068d9ba84b02e88","messageTitle":"Add skeletal PPP","messageBody":"","fileTypesAndContributionMap":{"docs":{"insertions":1,"deletions":1}}},{"hash":"3d65182c130c1cc3487d16cc1df4520260f50de2","messageTitle":"Add Remark Command","messageBody":"","fileTypesAndContributionMap":{"docs":{"insertions":1,"deletions":11}}},{"hash":"2ff2bf7a4b558e437e4039d49f0204b1f9e25a25","messageTitle":"Add FAQ and Command Summary","messageBody":"","fileTypesAndContributionMap":{"docs":{"insertions":12,"deletions":9}}},{"hash":"3f8d5027be9bf9e1c599b75f304452e6c5e8535f","messageTitle":"Remove tag","messageBody":"","fileTypesAndContributionMap":{"docs":{"insertions":1,"deletions":1}}},{"hash":"49bab8fa4220b736cd060804eaf95486042308ad","messageTitle":"Remove tag","messageBody":"","fileTypesAndContributionMap":{"docs":{"insertions":1,"deletions":3}}},{"hash":"6f92b68579d84185e78fa16b77792edada5c2467","messageTitle":"Fix format of table","messageBody":"","fileTypesAndContributionMap":{"docs":{"insertions":12,"deletions":13}}},{"hash":"204e6faf87d5ad0cc1aa21ab5997b65a3bf73a7b","messageTitle":"Fix format of table","messageBody":"","fileTypesAndContributionMap":{"docs":{"insertions":1,"deletions":1}}}]},{"date":"2022-03-03","commitResults":[{"hash":"12cefdaeb07adba591f72804a5ec6cb02445eeb2","messageTitle":"Modify DeveloperGuide","messageBody":"","fileTypesAndContributionMap":{"docs":{"insertions":7,"deletions":4}}},{"hash":"d78e197b3f2febe302081aaceb0a48718a98d5c8","messageTitle":"Modify DeveloperGuide","messageBody":"","fileTypesAndContributionMap":{"docs":{"insertions":4,"deletions":2}}}]},{"date":"2022-03-10","commitResults":[{"hash":"ee08779fc760f498b1d9db4f0c2c72d4f3f77427","messageTitle":"Add favourite command","messageBody":"","fileTypesAndContributionMap":{"functional-code":{"insertions":179,"deletions":24},"test-code":{"insertions":17,"deletions":15}}},{"hash":"798a59dc013419887b0c05e93d293158b63e8e7b","messageTitle":"Add list favourites command","messageBody":"","fileTypesAndContributionMap":{"functional-code":{"insertions":55,"deletions":15},"other":{"insertions":1,"deletions":1}}},{"hash":"4ceed573728eec19eb4e03cad5cadfb0a6735452","messageTitle":"Add unfavourite command","messageBody":"","fileTypesAndContributionMap":{"functional-code":{"insertions":100,"deletions":0}}},{"hash":"e6dfd4dc1d5191fdc2673e8331fc4bcd2d9e4472","messageTitle":"Add test cases for AddressBookParser","messageBody":"","fileTypesAndContributionMap":{"functional-code":{"insertions":23,"deletions":3},"test-code":{"insertions":80,"deletions":13}}}]},{"date":"2022-03-15","commitResults":[{"hash":"6c96389ca95ec2cd11151d8ab86640f281a0b581","messageTitle":"Fix bugs in test case","messageBody":"","fileTypesAndContributionMap":{"functional-code":{"insertions":7,"deletions":2},"test-code":{"insertions":20,"deletions":12}}},{"hash":"55dafaf0972eedc4dc504f9b401791e68ba94aaa","messageTitle":"Modify person equals and command equals method to ignore favourites","messageBody":"","fileTypesAndContributionMap":{"test-code":{"insertions":1,"deletions":1}}},{"hash":"eea4cabc9a4b231d4ee4364e7ede78f8f5f58257","messageTitle":"Fix checkstyle in main","messageBody":"","fileTypesAndContributionMap":{"functional-code":{"insertions":63,"deletions":49}}},{"hash":"bf60ef719880bf9d7411d33ebcc3622a6995f0a2","messageTitle":"Add Junit test","messageBody":"","fileTypesAndContributionMap":{"test-code":{"insertions":101,"deletions":6}}},{"hash":"f0626c041d4abe6b26c87094f14936832f68c1c8","messageTitle":"Add Junit test","messageBody":"","fileTypesAndContributionMap":{"functional-code":{"insertions":2,"deletions":2},"test-code":{"insertions":1,"deletions":3}}}]},{"date":"2022-03-16","commitResults":[{"hash":"032e72990795a580bc550b472d237ef684cb845e","messageTitle":"Add Junit test","messageBody":"","fileTypesAndContributionMap":{"functional-code":{"insertions":4,"deletions":3},"test-code":{"insertions":122,"deletions":37}}},{"hash":"4bc8a5def0ba7aa7b5c438e4d2c38bd7fdbbc636","messageTitle":"Fix bugs in test cases","messageBody":"","fileTypesAndContributionMap":{"functional-code":{"insertions":2,"deletions":0},"test-code":{"insertions":21,"deletions":21}}},{"hash":"bf4be6373cc7eb71ab6ac2e4278d5c234ed9e6bd","messageTitle":"Fix merge conflicts","messageBody":"","fileTypesAndContributionMap":{"functional-code":{"insertions":27,"deletions":12},"test-code":{"insertions":27,"deletions":73}}},{"hash":"8868a5cdb9ad63bd4516784d72690c46c0d6eaa1","messageTitle":"Fix merge conflicts","messageBody":"","fileTypesAndContributionMap":{"functional-code":{"insertions":2,"deletions":5}}}]},{"date":"2022-03-23","commitResults":[{"hash":"4d7e7b35d20128e3a8478268b1370b993753ee5e","messageTitle":"Enable assertions","messageBody":"","fileTypesAndContributionMap":{"other":{"insertions":4,"deletions":0}}}]},{"date":"2022-03-25","commitResults":[{"hash":"1b285d61ba695c0a4ae173e78f7b855cd962d90a","messageTitle":"Add uml and png","messageBody":"","fileTypesAndContributionMap":{"docs":{"insertions":59,"deletions":52}}},{"hash":"578627a8b4826221c201997b7b67b9eec155ccf0","messageTitle":"Add uml and png","messageBody":"","fileTypesAndContributionMap":{"functional-code":{"insertions":1,"deletions":0}}},{"hash":"660cc3130e52960b77529d6450a3ad34b7f1ec6d","messageTitle":"Add uml and png","messageBody":"","fileTypesAndContributionMap":{"functional-code":{"insertions":1,"deletions":160}}},{"hash":"d9af6229394740a9f4504c0097c13a42a8c459e2","messageTitle":"Change format of UML diagrams to LF","messageBody":"","fileTypesAndContributionMap":{"functional-code":{"insertions":160,"deletions":1},"docs":{"insertions":59,"deletions":59}}},{"hash":"899109551360aed4eb17f20069cda7fd28301c65","messageTitle":"Update DG","messageBody":"","fileTypesAndContributionMap":{"docs":{"insertions":9,"deletions":4}}},{"hash":"46dbab7ad080f6d7ed582eb2872c62b19317140f","messageTitle":"Resolve codecov issues","messageBody":"","fileTypesAndContributionMap":{"docs":{"insertions":1,"deletions":1}}}]},{"date":"2022-03-26","commitResults":[{"hash":"327d77001aa412be99343dddece217763edb610d","messageTitle":"Add CopyPhone command, edit CopyEmail command","messageBody":"","fileTypesAndContributionMap":{"functional-code":{"insertions":111,"deletions":3},"other":{"insertions":37,"deletions":34},"test-code":{"insertions":163,"deletions":4}}}]},{"date":"2022-03-27","commitResults":[{"hash":"cec51c700c3cc28e1945fb9df97cad49725153d4","messageTitle":"Remove duplicate in build.gradle","messageBody":"","fileTypesAndContributionMap":{"other":{"insertions":0,"deletions":4}}}]}],"shurvirarora":[{"date":"2022-03-01","commitResults":[{"hash":"b6d68505a3b79f7fe5279c400a20e4610ef81458","messageTitle":"Update UserGuide.md to include updated features","messageBody":"","fileTypesAndContributionMap":{"docs":{"insertions":41,"deletions":14}}},{"hash":"f5b6cad03f39c05d8836ce2fd11ceba6b63cd143","messageTitle":"Update UserGuide.md","messageBody":"","fileTypesAndContributionMap":{"docs":{"insertions":2,"deletions":2}}}]},{"date":"2022-03-03","commitResults":[{"hash":"f19114fd21e9b872ae2b46f6afc2cbaf356ec84c","messageTitle":"Update User Stories table in DeveloperGuide.md","messageBody":"","fileTypesAndContributionMap":{"docs":{"insertions":14,"deletions":8}}}]},{"date":"2022-03-04","commitResults":[{"hash":"063b052f29a291a1b95855c56bec48452c533a25","messageTitle":"Update features in UserGuide.md","messageBody":"The format and examples for features in UserGuide.md have been updated.\n","fileTypesAndContributionMap":{"docs":{"insertions":12,"deletions":9}}}]},{"date":"2022-03-07","commitResults":[{"hash":"ca98fc8547f2f657ea9c349847275fe8f6d80625","messageTitle":"Update AboutUs.md by removing placeholder texts Update individual files in docs/team to remove placeholder texts","messageBody":"","fileTypesAndContributionMap":{"docs":{"insertions":35,"deletions":90}}}]},{"date":"2022-03-09","commitResults":[{"hash":"9d55808ce36cf95e7740ff85a7b2e0c3dfe37e76","messageTitle":"Add TagCommand feature to filter staff contacts based on tag","messageBody":"This feature allows for users to search for staff contacts based on the tag associated with the specified contacts. Tag command is case insensitive.\n\nImplementing this will make it easier for users to find contacts under a specific tag. A case insensitive tag feature is more user-friendly because users cannot be\nexpected to remember the exact case of the keywords.\n\nLet\u0027s,\n* update the TagCommand algorithm to use case-insensitive matching\n* parse TagCommand\n","fileTypesAndContributionMap":{"functional-code":{"insertions":117,"deletions":9}}},{"hash":"ce8b490473ac3ca132b93580a932ee413079f8e3","messageTitle":"Implement unit testing in TagCommandTest, AddressBookParserTest, TagCommandParserTest, TagContainsKeywordsPredicateTest","messageBody":"This is to provide unit testing for TagCommand, AddressBookParser, TagCommandParser, TagContainsKeywordsPredicate.\n","fileTypesAndContributionMap":{"test-code":{"insertions":197,"deletions":8}}}]},{"date":"2022-03-13","commitResults":[{"hash":"d8f086c047401f12a8f3e8381fcb254070f31837","messageTitle":"Amend checkstyle errors","messageBody":"","fileTypesAndContributionMap":{"functional-code":{"insertions":16,"deletions":7},"test-code":{"insertions":15,"deletions":2}}}]},{"date":"2022-03-16","commitResults":[{"hash":"7aa2e33a7a9875aee03295276c615cdc0db936d9","messageTitle":"Implement role field in each contact within the contact list","messageBody":"Role field is case insensitive.\n\nA case insensitive find is more user-friendly because users cannot be\nexpected to type the exact case of the keywords every time.\n\nLet\u0027s,\n* create a Class called Role and include it in the Person model\n* implement automated testing Role class\n* include role field in existing automated tests\n","fileTypesAndContributionMap":{"functional-code":{"insertions":144,"deletions":24},"other":{"insertions":13,"deletions":12},"docs":{"insertions":1,"deletions":1},"test-code":{"insertions":232,"deletions":61}}}]},{"date":"2022-03-18","commitResults":[{"hash":"8359e81ac4f3fd182dae4c39436ea161495c843e","messageTitle":"Incorporate faculty and role under Find feature","messageBody":"Find command can now filter out contacts based on faculty and role, in addition to name.\n\nA case insensitive find is more user-friendly because users cannot be\nexpected to type the exact case of the keywords every time.\n\nLet\u0027s,\n* modify the NameContainsPredicate class to NameFacultyRoleContainsPredicate\n* implement automated testing NameFacultyRoleContainsPredicate class and FindCommand class\n","fileTypesAndContributionMap":{"functional-code":{"insertions":12,"deletions":10},"test-code":{"insertions":101,"deletions":28}}}]},{"date":"2022-03-23","commitResults":[{"hash":"646ac1de60bfd348b102c86c80abfa1b30193aef","messageTitle":"Update RoleTest.java","messageBody":"","fileTypesAndContributionMap":{"test-code":{"insertions":2,"deletions":1}}}]},{"date":"2022-03-25","commitResults":[{"hash":"83a5de952bf398d04eb7ed10cd92396d8a316713","messageTitle":"Update ArchitectureDiagram and ArchitectureSequenceDiagram","messageBody":"","fileTypesAndContributionMap":{"docs":{"insertions":15,"deletions":8}}},{"hash":"af9b8b1d4f6764d7fc9b9589308babdd54728da4","messageTitle":"Update DeveloperGuide.md","messageBody":"","fileTypesAndContributionMap":{"docs":{"insertions":13,"deletions":7}}}]}],"SimJM":[{"date":"2022-03-01","commitResults":[{"hash":"c01fa1ac0c0b23f30d160d15b2bfb788693fb98b","messageTitle":"updateUG- Quick start: features and future features","messageBody":"","fileTypesAndContributionMap":{"docs":{"insertions":25,"deletions":2}}}]},{"date":"2022-03-03","commitResults":[{"hash":"9712d1400dc5fc23d6f547a5a0f365940770b115","messageTitle":"UpdateDG use-cases Viewing help, Adding a person, Listing all contacts, Locating contacts by name","messageBody":"","fileTypesAndContributionMap":{"docs":{"insertions":59,"deletions":1}}}]},{"date":"2022-03-07","commitResults":[{"hash":"296ce376c49647398ba46d3ae599b34f3d10a2c4","messageTitle":"UG-adapted - change address book into NUSearch","messageBody":"","fileTypesAndContributionMap":{"docs":{"insertions":9,"deletions":9}}},{"hash":"0c4ca6aad53c06f7dfb4447d92dda392e3e05a5b","messageTitle":"Update AboutUs.md","messageBody":"remove place holder text","fileTypesAndContributionMap":{"docs":{"insertions":2,"deletions":2}}}]},{"date":"2022-03-13","commitResults":[{"hash":"cb76d8b7f02caac6cc3a20efc3ecde5059561710","messageTitle":"Added a short guide on User Commands in help function","messageBody":"","fileTypesAndContributionMap":{"functional-code":{"insertions":16,"deletions":3}}}]},{"date":"2022-03-14","commitResults":[{"hash":"c8ee4e06aac624d2aceda2ce7106567ee6e9546a","messageTitle":"Add Faculty Tag","messageBody":"","fileTypesAndContributionMap":{"functional-code":{"insertions":147,"deletions":19},"docs":{"insertions":1,"deletions":1},"test-code":{"insertions":237,"deletions":73}}},{"hash":"34b73ff7a0e0eda9bbb3047266a86e43e6d02619","messageTitle":"Edit checkstyle","messageBody":"","fileTypesAndContributionMap":{"functional-code":{"insertions":12,"deletions":12}}},{"hash":"d88daf5e2e8af606c9036097b118f23579b2f9fe","messageTitle":"Edit checkstyle","messageBody":"","fileTypesAndContributionMap":{"functional-code":{"insertions":4,"deletions":4}}},{"hash":"f4b7cb5a78d43584795d9437bd2e2707eba7500e","messageTitle":"Edit checkstyle","messageBody":"","fileTypesAndContributionMap":{"functional-code":{"insertions":0,"deletions":2}}},{"hash":"9fbc0c19e3336b85cd0f115054f68d331da58300","messageTitle":"Edit checkstyle","messageBody":"","fileTypesAndContributionMap":{"functional-code":{"insertions":0,"deletions":1},"test-code":{"insertions":6,"deletions":5}}}]},{"date":"2022-03-15","commitResults":[{"hash":"62c3b5ed2e8a380dc4828367a874e3e034d45925","messageTitle":"Added test for Person and Faculty. Edited typo errors.","messageBody":"","fileTypesAndContributionMap":{"functional-code":{"insertions":1,"deletions":1},"test-code":{"insertions":16,"deletions":0}}},{"hash":"cbc476685349ef55e8520783bff88929af4d8096","messageTitle":"Edit checkstyle","messageBody":"","fileTypesAndContributionMap":{"test-code":{"insertions":4,"deletions":4}}}]},{"date":"2022-03-24","commitResults":[{"hash":"8d8824f0d6bef4c4a0aaab4a63d69b9fba8fcaf2","messageTitle":"Change background colour and fonts","messageBody":"","fileTypesAndContributionMap":{"functional-code":{"insertions":29,"deletions":29}}},{"hash":"03bcd0ab89651368362f8a908345d96c36c6ccb2","messageTitle":"Improvements for GUI","messageBody":"","fileTypesAndContributionMap":{"functional-code":{"insertions":56,"deletions":14}}},{"hash":"eb06ddf8577dcb19d6d6bf614eb83f1514937ae1","messageTitle":"Add new NUS Theme stylesheet","messageBody":"","fileTypesAndContributionMap":{"functional-code":{"insertions":380,"deletions":28}}},{"hash":"feccb9059890558263de6089221514956006004a","messageTitle":"Update DarkTheme.css","messageBody":"","fileTypesAndContributionMap":{"functional-code":{"insertions":1,"deletions":1}}},{"hash":"16135ba4de67b879cf488f8aa39d0b5657b6a123","messageTitle":"Add Copy command","messageBody":"","fileTypesAndContributionMap":{"functional-code":{"insertions":102,"deletions":0},"test-code":{"insertions":124,"deletions":0}}}]},{"date":"2022-03-25","commitResults":[{"hash":"868ff9a2b2b915e25ef887d3e78f68429f078706","messageTitle":"Update CopyCommandTest.java","messageBody":"","fileTypesAndContributionMap":{"test-code":{"insertions":0,"deletions":29}}},{"hash":"cf4ca55579beb610c24b45b204568fd4b71f4d55","messageTitle":"Update CopyCommandTest.java","messageBody":"","fileTypesAndContributionMap":{"test-code":{"insertions":0,"deletions":4}}},{"hash":"ff49a8e4447ef7088ee51fe106009457e6dd4a58","messageTitle":"Update CopyCommandTest.java","messageBody":"","fileTypesAndContributionMap":{"test-code":{"insertions":0,"deletions":32}}},{"hash":"ff2575c2f35ef55c6958604162ef64c5f652fe7d","messageTitle":"Add test case to CopyCommandTest and AddressBookParserTest","messageBody":"","fileTypesAndContributionMap":{"test-code":{"insertions":82,"deletions":0}}},{"hash":"6c6d3aa77905516868029ba7467593c61ac2b438","messageTitle":"remove comment","messageBody":"","fileTypesAndContributionMap":{"test-code":{"insertions":0,"deletions":1}}},{"hash":"993c430b1746fb49d139071ef384a94394418e88","messageTitle":"Update CopyCommandTest.java","messageBody":"","fileTypesAndContributionMap":{"test-code":{"insertions":47,"deletions":24}}},{"hash":"40ce220db6746b7b01324c360ef90454fe9d0121","messageTitle":"Update DG","messageBody":"","fileTypesAndContributionMap":{"docs":{"insertions":71,"deletions":36}}},{"hash":"a00a46c5117774a95170da62f139cc21d4a26d65","messageTitle":"Logging","messageBody":"","fileTypesAndContributionMap":{"functional-code":{"insertions":12,"deletions":0}}}]}]},"authorFileTypeContributionMap":{"eugenechiaay":{"docs":705,"functional-code":401,"test-code":404,"other":5},"tanweien":{"docs":208,"functional-code":412,"test-code":288},"shurvirarora":{"docs":78,"functional-code":290,"test-code":579},"SimJM":{"docs":80,"functional-code":725,"test-code":461}},"authorContributionVariance":{"eugenechiaay":20814.404,"tanweien":21143.79,"shurvirarora":9228.336,"SimJM":23552.293},"authorDisplayNameMap":{"eugenechiaay":"CS2103T-W11-4 CHIA..GENE","tanweien":"CS2103T-W11-4 TAN ..I EN","shurvirarora":"CS2103T-W11-4 SHUR..RORA","SimJM":"CS2103T-W11-4 SIM ..MING"}}
