[{"path":"README.md","fileType":"docs","lines":[{"lineNumber":1,"author":{"gitId":"SethCKL"},"content":"[![Java CI](https://github.com/AY2122S2-CS2103-W17-4/tp/actions/workflows/gradle.yml/badge.svg)](https://github.com/AY2122S2-CS2103-W17-4/tp/actions/workflows/gradle.yml)","lastModifiedDate":"2022-03-01"},{"lineNumber":2,"author":{"gitId":"-"},"content":"","lastModifiedDate":"2020-05-23"},{"lineNumber":3,"author":{"gitId":"-"},"content":"![Ui](docs/images/Ui.png)","lastModifiedDate":"2020-05-23"},{"lineNumber":4,"author":{"gitId":"-"},"content":"","lastModifiedDate":"2020-05-23"},{"lineNumber":5,"author":{"gitId":"SethCKL"},"content":"* This application is designed for **Recruiters for Tech companies** who have many candidates to track.","lastModifiedDate":"2022-03-01"},{"lineNumber":6,"author":{"gitId":"SethCKL"},"content":"","lastModifiedDate":"2022-03-01"},{"lineNumber":7,"author":{"gitId":"SethCKL"},"content":"","lastModifiedDate":"2022-03-01"},{"lineNumber":8,"author":{"gitId":"SethCKL"},"content":"* Usage:","lastModifiedDate":"2022-03-01"},{"lineNumber":9,"author":{"gitId":"SethCKL"},"content":"  * Schedule interviews with potential applicants","lastModifiedDate":"2022-03-01"},{"lineNumber":10,"author":{"gitId":"SethCKL"},"content":"  * Track job candidates through the hiring process","lastModifiedDate":"2022-03-01"},{"lineNumber":11,"author":{"gitId":"SethCKL"},"content":"  ","lastModifiedDate":"2022-03-01"},{"lineNumber":12,"author":{"gitId":"SethCKL"},"content":"","lastModifiedDate":"2022-03-01"},{"lineNumber":13,"author":{"gitId":"SethCKL"},"content":"* The application is optimised for Command Line Interface (_CLI_) users. However, a graphic user interface (_GUI_) is","lastModifiedDate":"2022-03-01"},{"lineNumber":14,"author":{"gitId":"SethCKL"},"content":"  also offered. ","lastModifiedDate":"2022-03-01"},{"lineNumber":15,"author":{"gitId":"SethCKL"},"content":"  ","lastModifiedDate":"2022-03-01"},{"lineNumber":16,"author":{"gitId":"SethCKL"},"content":"","lastModifiedDate":"2022-03-01"},{"lineNumber":17,"author":{"gitId":"SethCKL"},"content":"* This is done to allow power users to accomplish tasks much quicker through the use of commands","lastModifiedDate":"2022-03-01"},{"lineNumber":18,"author":{"gitId":"SethCKL"},"content":"  ","lastModifiedDate":"2022-03-01"},{"lineNumber":19,"author":{"gitId":"SethCKL"},"content":"","lastModifiedDate":"2022-03-01"},{"lineNumber":20,"author":{"gitId":"SethCKL"},"content":"* It is named `HireLah` because it should make the recruiter utter these words when they are using it `\"aiyo just ","lastModifiedDate":"2022-03-01"},{"lineNumber":21,"author":{"gitId":"SethCKL"},"content":"  HireLah!\"` ","lastModifiedDate":"2022-03-01"},{"lineNumber":22,"author":{"gitId":"SethCKL"},"content":"","lastModifiedDate":"2022-03-01"},{"lineNumber":23,"author":{"gitId":"SethCKL"},"content":"","lastModifiedDate":"2022-03-01"},{"lineNumber":24,"author":{"gitId":"SethCKL"},"content":"* For the detailed documentation of this project, see the **[HireLah Product Website](https://ay2122s2-cs2103-w17-4.github.io/tp/)**.","lastModifiedDate":"2022-03-01"},{"lineNumber":25,"author":{"gitId":"SethCKL"},"content":"","lastModifiedDate":"2022-03-01"},{"lineNumber":26,"author":{"gitId":"SethCKL"},"content":"","lastModifiedDate":"2022-03-01"},{"lineNumber":27,"author":{"gitId":"SethCKL"},"content":"* This project is based on the AddressBook-Level3 project created by the [SE-EDU initiative](https://se-education.org)","lastModifiedDate":"2022-03-01"}],"authorContributionMap":{"SethCKL":24,"-":3}},{"path":"docs/AboutUs.md","fileType":"docs","lines":[{"lineNumber":1,"author":{"gitId":"-"},"content":"---","lastModifiedDate":"2020-05-23"},{"lineNumber":2,"author":{"gitId":"-"},"content":"layout: page","lastModifiedDate":"2020-05-23"},{"lineNumber":3,"author":{"gitId":"-"},"content":"title: About Us","lastModifiedDate":"2020-05-23"},{"lineNumber":4,"author":{"gitId":"-"},"content":"---","lastModifiedDate":"2020-05-23"},{"lineNumber":5,"author":{"gitId":"-"},"content":"","lastModifiedDate":"2020-05-23"},{"lineNumber":6,"author":{"gitId":"-"},"content":"We are a team based in the [School of Computing, National University of Singapore](http://www.comp.nus.edu.sg).","lastModifiedDate":"2020-05-23"},{"lineNumber":7,"author":{"gitId":"-"},"content":"","lastModifiedDate":"2020-05-23"},{"lineNumber":8,"author":{"gitId":"SethCKL"},"content":"## Project Team","lastModifiedDate":"2022-03-01"},{"lineNumber":9,"author":{"gitId":"-"},"content":"","lastModifiedDate":"2020-05-23"},{"lineNumber":10,"author":{"gitId":"likeabowx"},"content":"### Bryan Ong","lastModifiedDate":"2022-03-01"},{"lineNumber":11,"author":{"gitId":"-"},"content":"","lastModifiedDate":"2020-05-23"},{"lineNumber":12,"author":{"gitId":"likeabowx"},"content":"\u003cimg src\u003d\"images/likeabowx.png\" width\u003d\"200px\"\u003e","lastModifiedDate":"2022-03-01"},{"lineNumber":13,"author":{"gitId":"-"},"content":"","lastModifiedDate":"2020-05-23"},{"lineNumber":14,"author":{"gitId":"likeabowx"},"content":"[[github](https://github.com/likeabowx)]","lastModifiedDate":"2022-03-01"},{"lineNumber":15,"author":{"gitId":"likeabowx"},"content":"[[portfolio](team/likeabowx.md)]","lastModifiedDate":"2022-03-01"},{"lineNumber":16,"author":{"gitId":"-"},"content":"","lastModifiedDate":"2020-05-23"},{"lineNumber":17,"author":{"gitId":"likeabowx"},"content":"* Role: Developer","lastModifiedDate":"2022-03-01"},{"lineNumber":18,"author":{"gitId":"likeabowx"},"content":"* Responsibilities: Integration of code, and in charge of `Filter` commands","lastModifiedDate":"2022-03-01"},{"lineNumber":19,"author":{"gitId":"-"},"content":"","lastModifiedDate":"2020-05-23"},{"lineNumber":20,"author":{"gitId":"SethCKL"},"content":"### Chong Kok Leong","lastModifiedDate":"2022-03-01"},{"lineNumber":21,"author":{"gitId":"-"},"content":"","lastModifiedDate":"2020-05-23"},{"lineNumber":22,"author":{"gitId":"SethCKL"},"content":"\u003cimg src\u003d\"images/sethckl.png\" width\u003d\"200px\"\u003e","lastModifiedDate":"2022-03-01"},{"lineNumber":23,"author":{"gitId":"-"},"content":"","lastModifiedDate":"2020-05-23"},{"lineNumber":24,"author":{"gitId":"SethCKL"},"content":"[[github](http://github.com/SethCKL)]","lastModifiedDate":"2022-03-01"},{"lineNumber":25,"author":{"gitId":"SethCKL"},"content":"[[portfolio](team/SethCKL.md)]","lastModifiedDate":"2022-03-01"},{"lineNumber":26,"author":{"gitId":"-"},"content":"","lastModifiedDate":"2020-05-23"},{"lineNumber":27,"author":{"gitId":"SethCKL"},"content":"* Role: Developer","lastModifiedDate":"2022-03-01"},{"lineNumber":28,"author":{"gitId":"SethCKL"},"content":"* Responsibilities: Documentation","lastModifiedDate":"2022-03-01"},{"lineNumber":29,"author":{"gitId":"-"},"content":"","lastModifiedDate":"2020-05-23"},{"lineNumber":30,"author":{"gitId":"-"},"content":"### Johnny Doe","lastModifiedDate":"2020-05-23"},{"lineNumber":31,"author":{"gitId":"-"},"content":"","lastModifiedDate":"2020-05-23"},{"lineNumber":32,"author":{"gitId":"-"},"content":"\u003cimg src\u003d\"images/johndoe.png\" width\u003d\"200px\"\u003e","lastModifiedDate":"2020-06-17"},{"lineNumber":33,"author":{"gitId":"-"},"content":"","lastModifiedDate":"2020-05-23"},{"lineNumber":34,"author":{"gitId":"-"},"content":"[[github](http://github.com/johndoe)] [[portfolio](team/johndoe.md)]","lastModifiedDate":"2020-06-17"},{"lineNumber":35,"author":{"gitId":"-"},"content":"","lastModifiedDate":"2020-05-23"},{"lineNumber":36,"author":{"gitId":"-"},"content":"* Role: Developer","lastModifiedDate":"2020-05-23"},{"lineNumber":37,"author":{"gitId":"-"},"content":"* Responsibilities: Data","lastModifiedDate":"2020-05-23"},{"lineNumber":38,"author":{"gitId":"-"},"content":"","lastModifiedDate":"2020-05-23"},{"lineNumber":39,"author":{"gitId":"YiHern-Lee"},"content":"### Lee Yi Hern","lastModifiedDate":"2022-03-01"},{"lineNumber":40,"author":{"gitId":"-"},"content":"","lastModifiedDate":"2020-05-23"},{"lineNumber":41,"author":{"gitId":"YiHern-Lee"},"content":"\u003cimg src\u003d\"images/yihern-lee.png\" width\u003d\"200px\"\u003e","lastModifiedDate":"2022-03-01"},{"lineNumber":42,"author":{"gitId":"-"},"content":"","lastModifiedDate":"2020-05-23"},{"lineNumber":43,"author":{"gitId":"YiHern-Lee"},"content":"[[github](https://github.com/YiHern-Lee)]","lastModifiedDate":"2022-03-01"},{"lineNumber":44,"author":{"gitId":"YiHern-Lee"},"content":"[[portfolio](team/yihern-lee.md)]","lastModifiedDate":"2022-03-01"},{"lineNumber":45,"author":{"gitId":"-"},"content":"","lastModifiedDate":"2020-05-23"},{"lineNumber":46,"author":{"gitId":"-"},"content":"* Role: Developer","lastModifiedDate":"2020-05-23"},{"lineNumber":47,"author":{"gitId":"YiHern-Lee"},"content":"* Responsibilities: Code quality and in charge of `Position` component  ","lastModifiedDate":"2022-03-01"},{"lineNumber":48,"author":{"gitId":"-"},"content":"","lastModifiedDate":"2020-05-23"},{"lineNumber":49,"author":{"gitId":"goalfix"},"content":"### Tan Wei Howe","lastModifiedDate":"2022-03-01"},{"lineNumber":50,"author":{"gitId":"-"},"content":"","lastModifiedDate":"2020-05-23"},{"lineNumber":51,"author":{"gitId":"goalfix"},"content":"\u003cimg src\u003d\"images/goalfix.png\" width\u003d\"200px\"\u003e","lastModifiedDate":"2022-03-01"},{"lineNumber":52,"author":{"gitId":"-"},"content":"","lastModifiedDate":"2020-05-23"},{"lineNumber":53,"author":{"gitId":"goalfix"},"content":"[Github](http://github.com/goalfix)","lastModifiedDate":"2022-03-01"},{"lineNumber":54,"author":{"gitId":"goalfix"},"content":"[portfolio](team/goalfix.md)","lastModifiedDate":"2022-03-01"},{"lineNumber":55,"author":{"gitId":"-"},"content":"","lastModifiedDate":"2020-05-23"},{"lineNumber":56,"author":{"gitId":"-"},"content":"* Role: Developer","lastModifiedDate":"2020-05-23"},{"lineNumber":57,"author":{"gitId":"goalfix"},"content":"* Responsibilities: Git expert, Scheduling and tracking, In charge of `Interview` component.","lastModifiedDate":"2022-03-01"}],"authorContributionMap":{"SethCKL":7,"goalfix":5,"likeabowx":6,"YiHern-Lee":5,"-":34}},{"path":"docs/UserGuide.md","fileType":"docs","lines":[{"lineNumber":1,"author":{"gitId":"-"},"content":"---","lastModifiedDate":"2020-05-23"},{"lineNumber":2,"author":{"gitId":"-"},"content":"layout: page","lastModifiedDate":"2020-05-23"},{"lineNumber":3,"author":{"gitId":"-"},"content":"title: User Guide","lastModifiedDate":"2020-05-23"},{"lineNumber":4,"author":{"gitId":"-"},"content":"---","lastModifiedDate":"2020-05-23"},{"lineNumber":5,"author":{"gitId":"-"},"content":"","lastModifiedDate":"2020-05-23"},{"lineNumber":6,"author":{"gitId":"-"},"content":"AddressBook Level 3 (AB3) is a **desktop app for managing contacts, optimized for use via a Command Line Interface** (CLI) while still having the benefits of a Graphical User Interface (GUI). If you can type fast, AB3 can get your contact management tasks done faster than traditional GUI apps.","lastModifiedDate":"2020-05-23"},{"lineNumber":7,"author":{"gitId":"-"},"content":"","lastModifiedDate":"2020-05-23"},{"lineNumber":8,"author":{"gitId":"-"},"content":"* Table of Contents","lastModifiedDate":"2020-05-23"},{"lineNumber":9,"author":{"gitId":"-"},"content":"{:toc}","lastModifiedDate":"2020-05-23"},{"lineNumber":10,"author":{"gitId":"-"},"content":"","lastModifiedDate":"2020-05-23"},{"lineNumber":11,"author":{"gitId":"-"},"content":"--------------------------------------------------------------------------------------------------------------------","lastModifiedDate":"2020-05-23"},{"lineNumber":12,"author":{"gitId":"-"},"content":"","lastModifiedDate":"2020-05-23"},{"lineNumber":13,"author":{"gitId":"-"},"content":"## Quick start","lastModifiedDate":"2020-05-23"},{"lineNumber":14,"author":{"gitId":"-"},"content":"","lastModifiedDate":"2020-05-23"},{"lineNumber":15,"author":{"gitId":"-"},"content":"1. Ensure you have Java `11` or above installed in your Computer.","lastModifiedDate":"2020-05-23"},{"lineNumber":16,"author":{"gitId":"-"},"content":"","lastModifiedDate":"2020-05-23"},{"lineNumber":17,"author":{"gitId":"-"},"content":"1. Download the latest `addressbook.jar` from [here](https://github.com/se-edu/addressbook-level3/releases).","lastModifiedDate":"2020-05-23"},{"lineNumber":18,"author":{"gitId":"-"},"content":"","lastModifiedDate":"2020-05-23"},{"lineNumber":19,"author":{"gitId":"-"},"content":"1. Copy the file to the folder you want to use as the _home folder_ for your AddressBook.","lastModifiedDate":"2020-05-23"},{"lineNumber":20,"author":{"gitId":"-"},"content":"","lastModifiedDate":"2020-05-23"},{"lineNumber":21,"author":{"gitId":"-"},"content":"1. Double-click the file to start the app. The GUI similar to the below should appear in a few seconds. Note how the app contains some sample data.\u003cbr\u003e","lastModifiedDate":"2020-05-23"},{"lineNumber":22,"author":{"gitId":"-"},"content":"   ![Ui](images/Ui.png)","lastModifiedDate":"2020-05-23"},{"lineNumber":23,"author":{"gitId":"-"},"content":"","lastModifiedDate":"2020-05-23"},{"lineNumber":24,"author":{"gitId":"-"},"content":"1. Type the command in the command box and press Enter to execute it. e.g. typing **`help`** and pressing Enter will open the help window.\u003cbr\u003e","lastModifiedDate":"2020-05-23"},{"lineNumber":25,"author":{"gitId":"-"},"content":"   Some example commands you can try:","lastModifiedDate":"2020-05-23"},{"lineNumber":26,"author":{"gitId":"-"},"content":"","lastModifiedDate":"2020-05-23"},{"lineNumber":27,"author":{"gitId":"-"},"content":"   * **`list`** : Lists all contacts.","lastModifiedDate":"2020-05-23"},{"lineNumber":28,"author":{"gitId":"-"},"content":"","lastModifiedDate":"2020-05-23"},{"lineNumber":29,"author":{"gitId":"-"},"content":"   * **`add`**`n/John Doe p/98765432 e/johnd@example.com a/John street, block 123, #01-01` : Adds a contact named `John Doe` to the Address Book.","lastModifiedDate":"2020-05-23"},{"lineNumber":30,"author":{"gitId":"-"},"content":"","lastModifiedDate":"2020-05-23"},{"lineNumber":31,"author":{"gitId":"-"},"content":"   * **`delete`**`3` : Deletes the 3rd contact shown in the current list.","lastModifiedDate":"2020-05-23"},{"lineNumber":32,"author":{"gitId":"-"},"content":"","lastModifiedDate":"2020-05-23"},{"lineNumber":33,"author":{"gitId":"-"},"content":"   * **`clear`** : Deletes all contacts.","lastModifiedDate":"2020-05-23"},{"lineNumber":34,"author":{"gitId":"-"},"content":"","lastModifiedDate":"2020-05-23"},{"lineNumber":35,"author":{"gitId":"-"},"content":"   * **`exit`** : Exits the app.","lastModifiedDate":"2020-05-23"},{"lineNumber":36,"author":{"gitId":"-"},"content":"","lastModifiedDate":"2020-05-23"},{"lineNumber":37,"author":{"gitId":"-"},"content":"1. Refer to the [Features](#features) below for details of each command.","lastModifiedDate":"2020-05-23"},{"lineNumber":38,"author":{"gitId":"-"},"content":"","lastModifiedDate":"2020-05-23"},{"lineNumber":39,"author":{"gitId":"-"},"content":"--------------------------------------------------------------------------------------------------------------------","lastModifiedDate":"2020-05-23"},{"lineNumber":40,"author":{"gitId":"-"},"content":"","lastModifiedDate":"2020-05-23"},{"lineNumber":41,"author":{"gitId":"-"},"content":"## Features","lastModifiedDate":"2020-05-23"},{"lineNumber":42,"author":{"gitId":"-"},"content":"","lastModifiedDate":"2020-05-23"},{"lineNumber":43,"author":{"gitId":"-"},"content":"\u003cdiv markdown\u003d\"block\" class\u003d\"alert alert-info\"\u003e","lastModifiedDate":"2020-05-23"},{"lineNumber":44,"author":{"gitId":"-"},"content":"","lastModifiedDate":"2020-05-23"},{"lineNumber":45,"author":{"gitId":"-"},"content":"**:information_source: Notes about the command format:**\u003cbr\u003e","lastModifiedDate":"2020-05-23"},{"lineNumber":46,"author":{"gitId":"-"},"content":"","lastModifiedDate":"2020-05-23"},{"lineNumber":47,"author":{"gitId":"-"},"content":"* Words in `UPPER_CASE` are the parameters to be supplied by the user.\u003cbr\u003e","lastModifiedDate":"2020-05-23"},{"lineNumber":48,"author":{"gitId":"-"},"content":"  e.g. in `add n/NAME`, `NAME` is a parameter which can be used as `add n/John Doe`.","lastModifiedDate":"2020-05-23"},{"lineNumber":49,"author":{"gitId":"-"},"content":"","lastModifiedDate":"2020-05-23"},{"lineNumber":50,"author":{"gitId":"-"},"content":"* Items in square brackets are optional.\u003cbr\u003e","lastModifiedDate":"2020-05-23"},{"lineNumber":51,"author":{"gitId":"-"},"content":"  e.g `n/NAME [t/TAG]` can be used as `n/John Doe t/friend` or as `n/John Doe`.","lastModifiedDate":"2020-05-23"},{"lineNumber":52,"author":{"gitId":"-"},"content":"","lastModifiedDate":"2020-05-23"},{"lineNumber":53,"author":{"gitId":"-"},"content":"* Items with `…`​ after them can be used multiple times including zero times.\u003cbr\u003e","lastModifiedDate":"2020-05-23"},{"lineNumber":54,"author":{"gitId":"-"},"content":"  e.g. `[t/TAG]…​` can be used as ` ` (i.e. 0 times), `t/friend`, `t/friend t/family` etc.","lastModifiedDate":"2020-05-23"},{"lineNumber":55,"author":{"gitId":"-"},"content":"","lastModifiedDate":"2020-05-23"},{"lineNumber":56,"author":{"gitId":"-"},"content":"* Parameters can be in any order.\u003cbr\u003e","lastModifiedDate":"2020-05-23"},{"lineNumber":57,"author":{"gitId":"-"},"content":"  e.g. if the command specifies `n/NAME p/PHONE_NUMBER`, `p/PHONE_NUMBER n/NAME` is also acceptable.","lastModifiedDate":"2020-05-23"},{"lineNumber":58,"author":{"gitId":"-"},"content":"","lastModifiedDate":"2020-05-23"},{"lineNumber":59,"author":{"gitId":"-"},"content":"* If a parameter is expected only once in the command but you specified it multiple times, only the last occurrence of the parameter will be taken.\u003cbr\u003e","lastModifiedDate":"2021-02-04"},{"lineNumber":60,"author":{"gitId":"-"},"content":"  e.g. if you specify `p/12341234 p/56785678`, only `p/56785678` will be taken.","lastModifiedDate":"2021-02-04"},{"lineNumber":61,"author":{"gitId":"-"},"content":"","lastModifiedDate":"2021-02-04"},{"lineNumber":62,"author":{"gitId":"-"},"content":"* Extraneous parameters for commands that do not take in parameters (such as `help`, `list`, `exit` and `clear`) will be ignored.\u003cbr\u003e","lastModifiedDate":"2021-02-03"},{"lineNumber":63,"author":{"gitId":"-"},"content":"  e.g. if the command specifies `help 123`, it will be interpreted as `help`.","lastModifiedDate":"2021-02-03"},{"lineNumber":64,"author":{"gitId":"-"},"content":"","lastModifiedDate":"2021-02-03"},{"lineNumber":65,"author":{"gitId":"-"},"content":"\u003c/div\u003e","lastModifiedDate":"2020-05-23"},{"lineNumber":66,"author":{"gitId":"-"},"content":"","lastModifiedDate":"2020-05-23"},{"lineNumber":67,"author":{"gitId":"-"},"content":"### Viewing help : `help`","lastModifiedDate":"2020-05-23"},{"lineNumber":68,"author":{"gitId":"-"},"content":"","lastModifiedDate":"2020-05-23"},{"lineNumber":69,"author":{"gitId":"-"},"content":"Shows a message explaning how to access the help page.","lastModifiedDate":"2020-05-23"},{"lineNumber":70,"author":{"gitId":"-"},"content":"","lastModifiedDate":"2020-05-23"},{"lineNumber":71,"author":{"gitId":"-"},"content":"![help message](images/helpMessage.png)","lastModifiedDate":"2020-05-23"},{"lineNumber":72,"author":{"gitId":"-"},"content":"","lastModifiedDate":"2020-05-23"},{"lineNumber":73,"author":{"gitId":"-"},"content":"Format: `help`","lastModifiedDate":"2020-05-23"},{"lineNumber":74,"author":{"gitId":"-"},"content":"","lastModifiedDate":"2020-05-23"},{"lineNumber":75,"author":{"gitId":"-"},"content":"","lastModifiedDate":"2020-05-23"},{"lineNumber":76,"author":{"gitId":"-"},"content":"### Adding a person: `add`","lastModifiedDate":"2020-05-23"},{"lineNumber":77,"author":{"gitId":"-"},"content":"","lastModifiedDate":"2020-05-23"},{"lineNumber":78,"author":{"gitId":"-"},"content":"Adds a person to the address book.","lastModifiedDate":"2020-05-23"},{"lineNumber":79,"author":{"gitId":"-"},"content":"","lastModifiedDate":"2020-05-23"},{"lineNumber":80,"author":{"gitId":"-"},"content":"Format: `add n/NAME p/PHONE_NUMBER e/EMAIL a/ADDRESS [t/TAG]…​`","lastModifiedDate":"2020-05-23"},{"lineNumber":81,"author":{"gitId":"-"},"content":"","lastModifiedDate":"2020-05-23"},{"lineNumber":82,"author":{"gitId":"-"},"content":"\u003cdiv markdown\u003d\"span\" class\u003d\"alert alert-primary\"\u003e:bulb: **Tip:**","lastModifiedDate":"2020-05-23"},{"lineNumber":83,"author":{"gitId":"-"},"content":"A person can have any number of tags (including 0)","lastModifiedDate":"2020-05-23"},{"lineNumber":84,"author":{"gitId":"-"},"content":"\u003c/div\u003e","lastModifiedDate":"2020-05-23"},{"lineNumber":85,"author":{"gitId":"-"},"content":"","lastModifiedDate":"2020-05-23"},{"lineNumber":86,"author":{"gitId":"-"},"content":"Examples:","lastModifiedDate":"2020-05-23"},{"lineNumber":87,"author":{"gitId":"-"},"content":"* `add n/John Doe p/98765432 e/johnd@example.com a/John street, block 123, #01-01`","lastModifiedDate":"2020-05-23"},{"lineNumber":88,"author":{"gitId":"-"},"content":"* `add n/Betsy Crowe t/friend e/betsycrowe@example.com a/Newgate Prison p/1234567 t/criminal`","lastModifiedDate":"2020-05-23"},{"lineNumber":89,"author":{"gitId":"-"},"content":"","lastModifiedDate":"2020-05-23"},{"lineNumber":90,"author":{"gitId":"-"},"content":"### Listing all persons : `list`","lastModifiedDate":"2020-05-23"},{"lineNumber":91,"author":{"gitId":"-"},"content":"","lastModifiedDate":"2020-05-23"},{"lineNumber":92,"author":{"gitId":"-"},"content":"Shows a list of all persons in the address book.","lastModifiedDate":"2020-05-23"},{"lineNumber":93,"author":{"gitId":"-"},"content":"","lastModifiedDate":"2020-05-23"},{"lineNumber":94,"author":{"gitId":"-"},"content":"Format: `list`","lastModifiedDate":"2020-05-23"},{"lineNumber":95,"author":{"gitId":"-"},"content":"","lastModifiedDate":"2020-05-23"},{"lineNumber":96,"author":{"gitId":"-"},"content":"### Editing a person : `edit`","lastModifiedDate":"2020-05-23"},{"lineNumber":97,"author":{"gitId":"-"},"content":"","lastModifiedDate":"2020-05-23"},{"lineNumber":98,"author":{"gitId":"-"},"content":"Edits an existing person in the address book.","lastModifiedDate":"2020-05-23"},{"lineNumber":99,"author":{"gitId":"-"},"content":"","lastModifiedDate":"2020-05-23"},{"lineNumber":100,"author":{"gitId":"-"},"content":"Format: `edit INDEX [n/NAME] [p/PHONE] [e/EMAIL] [a/ADDRESS] [t/TAG]…​`","lastModifiedDate":"2020-05-23"},{"lineNumber":101,"author":{"gitId":"-"},"content":"","lastModifiedDate":"2020-05-23"},{"lineNumber":102,"author":{"gitId":"-"},"content":"* Edits the person at the specified `INDEX`. The index refers to the index number shown in the displayed person list. The index **must be a positive integer** 1, 2, 3, …​","lastModifiedDate":"2020-05-23"},{"lineNumber":103,"author":{"gitId":"-"},"content":"* At least one of the optional fields must be provided.","lastModifiedDate":"2020-05-23"},{"lineNumber":104,"author":{"gitId":"-"},"content":"* Existing values will be updated to the input values.","lastModifiedDate":"2020-05-23"},{"lineNumber":105,"author":{"gitId":"-"},"content":"* When editing tags, the existing tags of the person will be removed i.e adding of tags is not cumulative.","lastModifiedDate":"2020-05-23"},{"lineNumber":106,"author":{"gitId":"-"},"content":"* You can remove all the person’s tags by typing `t/` without","lastModifiedDate":"2020-05-23"},{"lineNumber":107,"author":{"gitId":"-"},"content":"    specifying any tags after it.","lastModifiedDate":"2020-05-23"},{"lineNumber":108,"author":{"gitId":"-"},"content":"","lastModifiedDate":"2020-05-23"},{"lineNumber":109,"author":{"gitId":"-"},"content":"Examples:","lastModifiedDate":"2020-05-23"},{"lineNumber":110,"author":{"gitId":"-"},"content":"*  `edit 1 p/91234567 e/johndoe@example.com` Edits the phone number and email address of the 1st person to be `91234567` and `johndoe@example.com` respectively.","lastModifiedDate":"2020-05-23"},{"lineNumber":111,"author":{"gitId":"-"},"content":"*  `edit 2 n/Betsy Crower t/` Edits the name of the 2nd person to be `Betsy Crower` and clears all existing tags.","lastModifiedDate":"2020-05-23"},{"lineNumber":112,"author":{"gitId":"-"},"content":"","lastModifiedDate":"2020-05-23"},{"lineNumber":113,"author":{"gitId":"-"},"content":"### Locating persons by name: `find`","lastModifiedDate":"2020-05-23"},{"lineNumber":114,"author":{"gitId":"-"},"content":"","lastModifiedDate":"2020-05-23"},{"lineNumber":115,"author":{"gitId":"-"},"content":"Finds persons whose names contain any of the given keywords.","lastModifiedDate":"2020-05-23"},{"lineNumber":116,"author":{"gitId":"-"},"content":"","lastModifiedDate":"2020-05-23"},{"lineNumber":117,"author":{"gitId":"-"},"content":"Format: `find KEYWORD [MORE_KEYWORDS]`","lastModifiedDate":"2020-05-23"},{"lineNumber":118,"author":{"gitId":"-"},"content":"","lastModifiedDate":"2020-05-23"},{"lineNumber":119,"author":{"gitId":"-"},"content":"* The search is case-insensitive. e.g `hans` will match `Hans`","lastModifiedDate":"2020-05-23"},{"lineNumber":120,"author":{"gitId":"-"},"content":"* The order of the keywords does not matter. e.g. `Hans Bo` will match `Bo Hans`","lastModifiedDate":"2020-05-23"},{"lineNumber":121,"author":{"gitId":"-"},"content":"* Only the name is searched.","lastModifiedDate":"2020-05-23"},{"lineNumber":122,"author":{"gitId":"-"},"content":"* Only full words will be matched e.g. `Han` will not match `Hans`","lastModifiedDate":"2020-05-23"},{"lineNumber":123,"author":{"gitId":"-"},"content":"* Persons matching at least one keyword will be returned (i.e. `OR` search).","lastModifiedDate":"2020-05-23"},{"lineNumber":124,"author":{"gitId":"-"},"content":"  e.g. `Hans Bo` will return `Hans Gruber`, `Bo Yang`","lastModifiedDate":"2020-05-23"},{"lineNumber":125,"author":{"gitId":"-"},"content":"","lastModifiedDate":"2020-05-23"},{"lineNumber":126,"author":{"gitId":"-"},"content":"Examples:","lastModifiedDate":"2020-05-23"},{"lineNumber":127,"author":{"gitId":"-"},"content":"* `find John` returns `john` and `John Doe`","lastModifiedDate":"2020-05-23"},{"lineNumber":128,"author":{"gitId":"-"},"content":"* `find alex david` returns `Alex Yeoh`, `David Li`\u003cbr\u003e","lastModifiedDate":"2020-05-23"},{"lineNumber":129,"author":{"gitId":"-"},"content":"  ![result for \u0027find alex david\u0027](images/findAlexDavidResult.png)","lastModifiedDate":"2020-05-23"},{"lineNumber":130,"author":{"gitId":"-"},"content":"","lastModifiedDate":"2020-05-23"},{"lineNumber":131,"author":{"gitId":"-"},"content":"### Deleting a person : `delete`","lastModifiedDate":"2020-05-23"},{"lineNumber":132,"author":{"gitId":"-"},"content":"","lastModifiedDate":"2020-05-23"},{"lineNumber":133,"author":{"gitId":"-"},"content":"Deletes the specified person from the address book.","lastModifiedDate":"2020-05-23"},{"lineNumber":134,"author":{"gitId":"-"},"content":"","lastModifiedDate":"2020-05-23"},{"lineNumber":135,"author":{"gitId":"-"},"content":"Format: `delete INDEX`","lastModifiedDate":"2020-05-23"},{"lineNumber":136,"author":{"gitId":"-"},"content":"","lastModifiedDate":"2020-05-23"},{"lineNumber":137,"author":{"gitId":"-"},"content":"* Deletes the person at the specified `INDEX`.","lastModifiedDate":"2020-05-23"},{"lineNumber":138,"author":{"gitId":"-"},"content":"* The index refers to the index number shown in the displayed person list.","lastModifiedDate":"2020-05-23"},{"lineNumber":139,"author":{"gitId":"-"},"content":"* The index **must be a positive integer** 1, 2, 3, …​","lastModifiedDate":"2020-05-23"},{"lineNumber":140,"author":{"gitId":"-"},"content":"","lastModifiedDate":"2020-05-23"},{"lineNumber":141,"author":{"gitId":"-"},"content":"Examples:","lastModifiedDate":"2020-05-23"},{"lineNumber":142,"author":{"gitId":"-"},"content":"* `list` followed by `delete 2` deletes the 2nd person in the address book.","lastModifiedDate":"2020-05-23"},{"lineNumber":143,"author":{"gitId":"-"},"content":"* `find Betsy` followed by `delete 1` deletes the 1st person in the results of the `find` command.","lastModifiedDate":"2020-05-23"},{"lineNumber":144,"author":{"gitId":"-"},"content":"","lastModifiedDate":"2020-05-23"},{"lineNumber":145,"author":{"gitId":"YiHern-Lee"},"content":"### Adding positions : `posadd`","lastModifiedDate":"2022-02-28"},{"lineNumber":146,"author":{"gitId":"YiHern-Lee"},"content":"","lastModifiedDate":"2022-02-28"},{"lineNumber":147,"author":{"gitId":"YiHern-Lee"},"content":"Adds a new open position to HireLah.","lastModifiedDate":"2022-02-28"},{"lineNumber":148,"author":{"gitId":"YiHern-Lee"},"content":"Format: `posadd POSITION_NAME n/NUM_OPENINGS [d/DESCRIPTION] [r/REQUIREMENTS]`","lastModifiedDate":"2022-02-28"},{"lineNumber":149,"author":{"gitId":"YiHern-Lee"},"content":"* Positions must have a **unique name**.","lastModifiedDate":"2022-02-28"},{"lineNumber":150,"author":{"gitId":"YiHern-Lee"},"content":"* Name provided is case-insensitive.","lastModifiedDate":"2022-02-28"},{"lineNumber":151,"author":{"gitId":"YiHern-Lee"},"content":"* Number of openings in the position must be **0 or more** 0, 1, 2, …​","lastModifiedDate":"2022-02-28"},{"lineNumber":152,"author":{"gitId":"YiHern-Lee"},"content":"","lastModifiedDate":"2022-02-28"},{"lineNumber":153,"author":{"gitId":"YiHern-Lee"},"content":"Examples:","lastModifiedDate":"2022-02-28"},{"lineNumber":154,"author":{"gitId":"YiHern-Lee"},"content":"* `posadd Senior Software Engineer n/3 d/More than 5 years experience r/JavaScript r/HTML r/CSS`","lastModifiedDate":"2022-02-28"},{"lineNumber":155,"author":{"gitId":"YiHern-Lee"},"content":"","lastModifiedDate":"2022-02-28"},{"lineNumber":156,"author":{"gitId":"YiHern-Lee"},"content":"### Edit positions : `posedit`","lastModifiedDate":"2022-02-28"},{"lineNumber":157,"author":{"gitId":"YiHern-Lee"},"content":"","lastModifiedDate":"2022-02-28"},{"lineNumber":158,"author":{"gitId":"YiHern-Lee"},"content":"Edit an existing position in HireLah.","lastModifiedDate":"2022-02-28"},{"lineNumber":159,"author":{"gitId":"YiHern-Lee"},"content":"Format: `posedit POSITION_NAME [n/NUM_OPENINGS] [d/DESCRIPTION] [r/REQUIREMENTS]`","lastModifiedDate":"2022-02-28"},{"lineNumber":160,"author":{"gitId":"YiHern-Lee"},"content":"","lastModifiedDate":"2022-02-28"},{"lineNumber":161,"author":{"gitId":"YiHern-Lee"},"content":"* Edits the available position with POSITION_NAME.","lastModifiedDate":"2022-02-28"},{"lineNumber":162,"author":{"gitId":"YiHern-Lee"},"content":"* Position name provided is case-insensitive.","lastModifiedDate":"2022-02-28"},{"lineNumber":163,"author":{"gitId":"YiHern-Lee"},"content":"* At least one optional field must be provided.","lastModifiedDate":"2022-02-28"},{"lineNumber":164,"author":{"gitId":"YiHern-Lee"},"content":"* Existing attributes of the position will be updated to the input value.","lastModifiedDate":"2022-02-28"},{"lineNumber":165,"author":{"gitId":"YiHern-Lee"},"content":"* When editing requirements, the existing requirements of the position will be removed. i.e. adding requirements is not cumulative. ","lastModifiedDate":"2022-02-28"},{"lineNumber":166,"author":{"gitId":"YiHern-Lee"},"content":"* Requirements can be removed by providing an empty requirement field. i.e. r/","lastModifiedDate":"2022-02-28"},{"lineNumber":167,"author":{"gitId":"YiHern-Lee"},"content":"","lastModifiedDate":"2022-02-28"},{"lineNumber":168,"author":{"gitId":"YiHern-Lee"},"content":"Examples:","lastModifiedDate":"2022-02-28"},{"lineNumber":169,"author":{"gitId":"YiHern-Lee"},"content":"* `posedit Senior Frontend Software Engineer n/5`","lastModifiedDate":"2022-02-28"},{"lineNumber":170,"author":{"gitId":"YiHern-Lee"},"content":"* `posedit Senior Frontend Software Engineer r/JavaScript r/React`","lastModifiedDate":"2022-02-28"},{"lineNumber":171,"author":{"gitId":"YiHern-Lee"},"content":"","lastModifiedDate":"2022-02-28"},{"lineNumber":172,"author":{"gitId":"YiHern-Lee"},"content":"### Delete positions : `posdel`","lastModifiedDate":"2022-02-28"},{"lineNumber":173,"author":{"gitId":"YiHern-Lee"},"content":"","lastModifiedDate":"2022-02-28"},{"lineNumber":174,"author":{"gitId":"YiHern-Lee"},"content":"Deletes an existing position in HireLah.","lastModifiedDate":"2022-02-28"},{"lineNumber":175,"author":{"gitId":"YiHern-Lee"},"content":"Format: `posdel POSITION_NAME`","lastModifiedDate":"2022-02-28"},{"lineNumber":176,"author":{"gitId":"YiHern-Lee"},"content":"* Existing position with the specified name is deleted.","lastModifiedDate":"2022-02-28"},{"lineNumber":177,"author":{"gitId":"YiHern-Lee"},"content":"* The position name has to match with the position that is to be deleted.","lastModifiedDate":"2022-02-28"},{"lineNumber":178,"author":{"gitId":"YiHern-Lee"},"content":"* Position name provided is case-insensitive.","lastModifiedDate":"2022-02-28"},{"lineNumber":179,"author":{"gitId":"YiHern-Lee"},"content":"","lastModifiedDate":"2022-02-28"},{"lineNumber":180,"author":{"gitId":"YiHern-Lee"},"content":"Examples:","lastModifiedDate":"2022-02-28"},{"lineNumber":181,"author":{"gitId":"YiHern-Lee"},"content":"* `posdel Senior Frontend Software Engineer`","lastModifiedDate":"2022-02-28"},{"lineNumber":182,"author":{"gitId":"YiHern-Lee"},"content":"","lastModifiedDate":"2022-02-28"},{"lineNumber":183,"author":{"gitId":"YiHern-Lee"},"content":"### List Positions : `poslist`","lastModifiedDate":"2022-02-28"},{"lineNumber":184,"author":{"gitId":"YiHern-Lee"},"content":"","lastModifiedDate":"2022-02-28"},{"lineNumber":185,"author":{"gitId":"YiHern-Lee"},"content":"Lists all existing positions in HireLah.","lastModifiedDate":"2022-02-28"},{"lineNumber":186,"author":{"gitId":"YiHern-Lee"},"content":"Format: `poslist`","lastModifiedDate":"2022-02-28"},{"lineNumber":187,"author":{"gitId":"YiHern-Lee"},"content":"","lastModifiedDate":"2022-02-28"},{"lineNumber":188,"author":{"gitId":"goalfix"},"content":"### Adding Interview : `intvwadd`","lastModifiedDate":"2022-03-01"},{"lineNumber":189,"author":{"gitId":"goalfix"},"content":"","lastModifiedDate":"2022-03-01"},{"lineNumber":190,"author":{"gitId":"goalfix"},"content":"Adds a new interview to HireLah.","lastModifiedDate":"2022-03-01"},{"lineNumber":191,"author":{"gitId":"goalfix"},"content":"","lastModifiedDate":"2022-03-01"},{"lineNumber":192,"author":{"gitId":"goalfix"},"content":"Format: `intvwadd n/CANDIDATE_INDEX d/DATE r/ROLE`","lastModifiedDate":"2022-03-01"},{"lineNumber":193,"author":{"gitId":"goalfix"},"content":"* Date provided must be in format YYYY-MM-DD HH:MM.","lastModifiedDate":"2022-03-01"},{"lineNumber":194,"author":{"gitId":"goalfix"},"content":"* Role *must* currently exist in position.","lastModifiedDate":"2022-03-01"},{"lineNumber":195,"author":{"gitId":"goalfix"},"content":"","lastModifiedDate":"2022-03-01"},{"lineNumber":196,"author":{"gitId":"goalfix"},"content":"Examples:","lastModifiedDate":"2022-03-01"},{"lineNumber":197,"author":{"gitId":"goalfix"},"content":"* `intvwadd n/1 d/2022-01-01 14:00 r/Senior Frontend Software Engineer`","lastModifiedDate":"2022-03-01"},{"lineNumber":198,"author":{"gitId":"goalfix"},"content":"","lastModifiedDate":"2022-03-01"},{"lineNumber":199,"author":{"gitId":"goalfix"},"content":"### Editing an Interview : `intvwedit`","lastModifiedDate":"2022-03-01"},{"lineNumber":200,"author":{"gitId":"goalfix"},"content":"","lastModifiedDate":"2022-03-01"},{"lineNumber":201,"author":{"gitId":"goalfix"},"content":"Edit an existing interview in HireLah.","lastModifiedDate":"2022-03-01"},{"lineNumber":202,"author":{"gitId":"goalfix"},"content":"","lastModifiedDate":"2022-03-01"},{"lineNumber":203,"author":{"gitId":"goalfix"},"content":"Format: `intvwedit CANDIDATE_INDEX ROLE [d/DATE] [r/NEWROLE]`","lastModifiedDate":"2022-03-01"},{"lineNumber":204,"author":{"gitId":"goalfix"},"content":"* Edits the interview with CANDIDATE_INDEX and ROLE.","lastModifiedDate":"2022-03-01"},{"lineNumber":205,"author":{"gitId":"goalfix"},"content":"* At least one optional field must be provided.","lastModifiedDate":"2022-03-01"},{"lineNumber":206,"author":{"gitId":"goalfix"},"content":"* Existing attribute of the interview will be updated to the input value.","lastModifiedDate":"2022-03-01"},{"lineNumber":207,"author":{"gitId":"goalfix"},"content":"* When editing requirements, the existing requirements of the interview will be removed. i.e. ","lastModifiedDate":"2022-03-01"},{"lineNumber":208,"author":{"gitId":"goalfix"},"content":"adding requirements is not cumulative.","lastModifiedDate":"2022-03-01"},{"lineNumber":209,"author":{"gitId":"goalfix"},"content":"","lastModifiedDate":"2022-03-01"},{"lineNumber":210,"author":{"gitId":"goalfix"},"content":"Examples:","lastModifiedDate":"2022-03-01"},{"lineNumber":211,"author":{"gitId":"goalfix"},"content":"* `intvwedit 1 Senior Frontend Software Engineer d/2022-01-01 15:00`","lastModifiedDate":"2022-03-01"},{"lineNumber":212,"author":{"gitId":"goalfix"},"content":"* `intvwedit 1 Senior Frontend Software Engineer r/Senior FullStack Developer`","lastModifiedDate":"2022-03-01"},{"lineNumber":213,"author":{"gitId":"goalfix"},"content":"","lastModifiedDate":"2022-03-01"},{"lineNumber":214,"author":{"gitId":"goalfix"},"content":"### Deleting an Interview: `intvwdel`","lastModifiedDate":"2022-03-01"},{"lineNumber":215,"author":{"gitId":"goalfix"},"content":"","lastModifiedDate":"2022-03-01"},{"lineNumber":216,"author":{"gitId":"goalfix"},"content":"Deletes an existing interview in HireLah.","lastModifiedDate":"2022-03-01"},{"lineNumber":217,"author":{"gitId":"goalfix"},"content":"","lastModifiedDate":"2022-03-01"},{"lineNumber":218,"author":{"gitId":"goalfix"},"content":"Format: `intvwdel CANDIDATE_INDEX ROLE`","lastModifiedDate":"2022-03-01"},{"lineNumber":219,"author":{"gitId":"goalfix"},"content":"* Date provided must be in format YYYY-MM-DD HH:MM. ","lastModifiedDate":"2022-03-01"},{"lineNumber":220,"author":{"gitId":"goalfix"},"content":"* Existing interview with the matching CANDIDATE_INDEX and ROLE is deleted. ","lastModifiedDate":"2022-03-01"},{"lineNumber":221,"author":{"gitId":"goalfix"},"content":"* Role provided is case-insensitive.","lastModifiedDate":"2022-03-01"},{"lineNumber":222,"author":{"gitId":"goalfix"},"content":"","lastModifiedDate":"2022-03-01"},{"lineNumber":223,"author":{"gitId":"goalfix"},"content":"Examples:","lastModifiedDate":"2022-03-01"},{"lineNumber":224,"author":{"gitId":"goalfix"},"content":"* `intvwdel 1 Senior Frontend Software Engineer`","lastModifiedDate":"2022-03-01"},{"lineNumber":225,"author":{"gitId":"goalfix"},"content":"","lastModifiedDate":"2022-03-01"},{"lineNumber":226,"author":{"gitId":"goalfix"},"content":"### Listing interviews: `intvwlist`","lastModifiedDate":"2022-03-01"},{"lineNumber":227,"author":{"gitId":"goalfix"},"content":"","lastModifiedDate":"2022-03-01"},{"lineNumber":228,"author":{"gitId":"goalfix"},"content":"Lists all existing interviews for the candidate in HireLah.","lastModifiedDate":"2022-03-01"},{"lineNumber":229,"author":{"gitId":"goalfix"},"content":"","lastModifiedDate":"2022-03-01"},{"lineNumber":230,"author":{"gitId":"goalfix"},"content":"Format: `intvwlist CANDIDATE_INDEX`","lastModifiedDate":"2022-03-01"},{"lineNumber":231,"author":{"gitId":"goalfix"},"content":"","lastModifiedDate":"2022-03-01"},{"lineNumber":232,"author":{"gitId":"goalfix"},"content":"Examples:","lastModifiedDate":"2022-03-01"},{"lineNumber":233,"author":{"gitId":"goalfix"},"content":"* `intvwlist 1`","lastModifiedDate":"2022-03-01"},{"lineNumber":234,"author":{"gitId":"goalfix"},"content":"","lastModifiedDate":"2022-03-01"},{"lineNumber":235,"author":{"gitId":"-"},"content":"### Clearing all entries : `clear`","lastModifiedDate":"2020-05-23"},{"lineNumber":236,"author":{"gitId":"-"},"content":"","lastModifiedDate":"2020-05-23"},{"lineNumber":237,"author":{"gitId":"-"},"content":"Clears all entries from the address book.","lastModifiedDate":"2020-05-23"},{"lineNumber":238,"author":{"gitId":"-"},"content":"","lastModifiedDate":"2020-05-23"},{"lineNumber":239,"author":{"gitId":"-"},"content":"Format: `clear`","lastModifiedDate":"2020-05-23"},{"lineNumber":240,"author":{"gitId":"-"},"content":"","lastModifiedDate":"2020-05-23"},{"lineNumber":241,"author":{"gitId":"-"},"content":"### Exiting the program : `exit`","lastModifiedDate":"2020-05-23"},{"lineNumber":242,"author":{"gitId":"-"},"content":"","lastModifiedDate":"2020-05-23"},{"lineNumber":243,"author":{"gitId":"-"},"content":"Exits the program.","lastModifiedDate":"2020-05-23"},{"lineNumber":244,"author":{"gitId":"-"},"content":"","lastModifiedDate":"2020-05-23"},{"lineNumber":245,"author":{"gitId":"-"},"content":"Format: `exit`","lastModifiedDate":"2020-05-23"},{"lineNumber":246,"author":{"gitId":"-"},"content":"","lastModifiedDate":"2020-05-23"},{"lineNumber":247,"author":{"gitId":"-"},"content":"### Saving the data","lastModifiedDate":"2020-05-23"},{"lineNumber":248,"author":{"gitId":"-"},"content":"","lastModifiedDate":"2020-05-23"},{"lineNumber":249,"author":{"gitId":"-"},"content":"AddressBook data are saved in the hard disk automatically after any command that changes the data. There is no need to save manually.","lastModifiedDate":"2020-05-23"},{"lineNumber":250,"author":{"gitId":"-"},"content":"","lastModifiedDate":"2020-05-23"},{"lineNumber":251,"author":{"gitId":"-"},"content":"### Editing the data file","lastModifiedDate":"2021-02-04"},{"lineNumber":252,"author":{"gitId":"-"},"content":"","lastModifiedDate":"2021-02-04"},{"lineNumber":253,"author":{"gitId":"-"},"content":"AddressBook data are saved as a JSON file `[JAR file location]/data/addressbook.json`. Advanced users are welcome to update data directly by editing that data file.","lastModifiedDate":"2021-02-04"},{"lineNumber":254,"author":{"gitId":"-"},"content":"","lastModifiedDate":"2021-02-04"},{"lineNumber":255,"author":{"gitId":"-"},"content":"\u003cdiv markdown\u003d\"span\" class\u003d\"alert alert-warning\"\u003e:exclamation: **Caution:**","lastModifiedDate":"2021-02-04"},{"lineNumber":256,"author":{"gitId":"-"},"content":"If your changes to the data file makes its format invalid, AddressBook will discard all data and start with an empty data file at the next run.","lastModifiedDate":"2021-02-04"},{"lineNumber":257,"author":{"gitId":"-"},"content":"\u003c/div\u003e","lastModifiedDate":"2021-02-04"},{"lineNumber":258,"author":{"gitId":"-"},"content":"","lastModifiedDate":"2021-02-04"},{"lineNumber":259,"author":{"gitId":"-"},"content":"### Archiving data files `[coming in v2.0]`","lastModifiedDate":"2020-05-23"},{"lineNumber":260,"author":{"gitId":"-"},"content":"","lastModifiedDate":"2020-05-23"},{"lineNumber":261,"author":{"gitId":"-"},"content":"_Details coming soon ..._","lastModifiedDate":"2021-02-04"},{"lineNumber":262,"author":{"gitId":"-"},"content":"","lastModifiedDate":"2020-05-23"},{"lineNumber":263,"author":{"gitId":"-"},"content":"--------------------------------------------------------------------------------------------------------------------","lastModifiedDate":"2020-05-23"},{"lineNumber":264,"author":{"gitId":"-"},"content":"","lastModifiedDate":"2020-05-23"},{"lineNumber":265,"author":{"gitId":"-"},"content":"## FAQ","lastModifiedDate":"2020-05-23"},{"lineNumber":266,"author":{"gitId":"-"},"content":"","lastModifiedDate":"2020-05-23"},{"lineNumber":267,"author":{"gitId":"-"},"content":"**Q**: How do I transfer my data to another Computer?\u003cbr\u003e","lastModifiedDate":"2020-05-23"},{"lineNumber":268,"author":{"gitId":"-"},"content":"**A**: Install the app in the other computer and overwrite the empty data file it creates with the file that contains the data of your previous AddressBook home folder.","lastModifiedDate":"2020-05-23"},{"lineNumber":269,"author":{"gitId":"-"},"content":"","lastModifiedDate":"2020-05-23"},{"lineNumber":270,"author":{"gitId":"-"},"content":"--------------------------------------------------------------------------------------------------------------------","lastModifiedDate":"2020-05-23"},{"lineNumber":271,"author":{"gitId":"-"},"content":"","lastModifiedDate":"2020-05-23"},{"lineNumber":272,"author":{"gitId":"-"},"content":"## Command summary","lastModifiedDate":"2020-05-23"},{"lineNumber":273,"author":{"gitId":"-"},"content":"","lastModifiedDate":"2020-05-23"},{"lineNumber":274,"author":{"gitId":"-"},"content":"Action | Format, Examples","lastModifiedDate":"2020-05-23"},{"lineNumber":275,"author":{"gitId":"-"},"content":"--------|------------------","lastModifiedDate":"2020-05-23"},{"lineNumber":276,"author":{"gitId":"-"},"content":"**Add** | `add n/NAME p/PHONE_NUMBER e/EMAIL a/ADDRESS [t/TAG]…​` \u003cbr\u003e e.g., `add n/James Ho p/22224444 e/jamesho@example.com a/123, Clementi Rd, 1234665 t/friend t/colleague`","lastModifiedDate":"2020-05-23"},{"lineNumber":277,"author":{"gitId":"-"},"content":"**Clear** | `clear`","lastModifiedDate":"2020-05-23"},{"lineNumber":278,"author":{"gitId":"-"},"content":"**Delete** | `delete INDEX`\u003cbr\u003e e.g., `delete 3`","lastModifiedDate":"2020-05-23"},{"lineNumber":279,"author":{"gitId":"-"},"content":"**Edit** | `edit INDEX [n/NAME] [p/PHONE_NUMBER] [e/EMAIL] [a/ADDRESS] [t/TAG]…​`\u003cbr\u003e e.g.,`edit 2 n/James Lee e/jameslee@example.com`","lastModifiedDate":"2020-05-23"},{"lineNumber":280,"author":{"gitId":"-"},"content":"**Find** | `find KEYWORD [MORE_KEYWORDS]`\u003cbr\u003e e.g., `find James Jake`","lastModifiedDate":"2020-05-23"},{"lineNumber":281,"author":{"gitId":"-"},"content":"**List** | `list`","lastModifiedDate":"2020-05-23"},{"lineNumber":282,"author":{"gitId":"-"},"content":"**Help** | `help`","lastModifiedDate":"2020-05-23"}],"authorContributionMap":{"goalfix":47,"YiHern-Lee":43,"-":192}},{"path":"docs/_sass/minima/_base.scss","fileType":"other","lines":[{"lineNumber":1,"author":{"gitId":"-"},"content":"html {","lastModifiedDate":"2020-05-23"},{"lineNumber":2,"author":{"gitId":"-"},"content":"  font-size: $base-font-size;","lastModifiedDate":"2020-05-23"},{"lineNumber":3,"author":{"gitId":"-"},"content":"}","lastModifiedDate":"2020-05-23"},{"lineNumber":4,"author":{"gitId":"-"},"content":"","lastModifiedDate":"2020-05-23"},{"lineNumber":5,"author":{"gitId":"-"},"content":"/**","lastModifiedDate":"2020-05-23"},{"lineNumber":6,"author":{"gitId":"-"},"content":" * Reset some basic elements","lastModifiedDate":"2020-05-23"},{"lineNumber":7,"author":{"gitId":"-"},"content":" */","lastModifiedDate":"2020-05-23"},{"lineNumber":8,"author":{"gitId":"-"},"content":"body, h1, h2, h3, h4, h5, h6,","lastModifiedDate":"2020-05-23"},{"lineNumber":9,"author":{"gitId":"-"},"content":"p, blockquote, pre, hr,","lastModifiedDate":"2020-05-23"},{"lineNumber":10,"author":{"gitId":"-"},"content":"dl, dd, ol, ul, figure {","lastModifiedDate":"2020-05-23"},{"lineNumber":11,"author":{"gitId":"-"},"content":"  margin: 0;","lastModifiedDate":"2020-05-23"},{"lineNumber":12,"author":{"gitId":"-"},"content":"  padding: 0;","lastModifiedDate":"2020-05-23"},{"lineNumber":13,"author":{"gitId":"-"},"content":"","lastModifiedDate":"2020-05-23"},{"lineNumber":14,"author":{"gitId":"-"},"content":"}","lastModifiedDate":"2020-05-23"},{"lineNumber":15,"author":{"gitId":"-"},"content":"","lastModifiedDate":"2020-05-23"},{"lineNumber":16,"author":{"gitId":"-"},"content":"","lastModifiedDate":"2020-05-23"},{"lineNumber":17,"author":{"gitId":"-"},"content":"","lastModifiedDate":"2020-05-23"},{"lineNumber":18,"author":{"gitId":"-"},"content":"/**","lastModifiedDate":"2020-05-23"},{"lineNumber":19,"author":{"gitId":"-"},"content":" * Basic styling","lastModifiedDate":"2020-05-23"},{"lineNumber":20,"author":{"gitId":"-"},"content":" */","lastModifiedDate":"2020-05-23"},{"lineNumber":21,"author":{"gitId":"-"},"content":"body {","lastModifiedDate":"2020-05-23"},{"lineNumber":22,"author":{"gitId":"-"},"content":"  font: $base-font-weight #{$base-font-size}/#{$base-line-height} $base-font-family;","lastModifiedDate":"2020-05-23"},{"lineNumber":23,"author":{"gitId":"-"},"content":"  color: $text-color;","lastModifiedDate":"2020-05-23"},{"lineNumber":24,"author":{"gitId":"-"},"content":"  background-color: $background-color;","lastModifiedDate":"2020-05-23"},{"lineNumber":25,"author":{"gitId":"-"},"content":"  -webkit-text-size-adjust: 100%;","lastModifiedDate":"2020-05-23"},{"lineNumber":26,"author":{"gitId":"-"},"content":"  -webkit-font-feature-settings: \"kern\" 1;","lastModifiedDate":"2020-05-23"},{"lineNumber":27,"author":{"gitId":"-"},"content":"     -moz-font-feature-settings: \"kern\" 1;","lastModifiedDate":"2020-05-23"},{"lineNumber":28,"author":{"gitId":"-"},"content":"       -o-font-feature-settings: \"kern\" 1;","lastModifiedDate":"2020-05-23"},{"lineNumber":29,"author":{"gitId":"-"},"content":"          font-feature-settings: \"kern\" 1;","lastModifiedDate":"2020-05-23"},{"lineNumber":30,"author":{"gitId":"-"},"content":"  font-kerning: normal;","lastModifiedDate":"2020-05-23"},{"lineNumber":31,"author":{"gitId":"-"},"content":"  display: flex;","lastModifiedDate":"2020-05-23"},{"lineNumber":32,"author":{"gitId":"-"},"content":"  min-height: 100vh;","lastModifiedDate":"2020-05-23"},{"lineNumber":33,"author":{"gitId":"-"},"content":"  flex-direction: column;","lastModifiedDate":"2020-05-23"},{"lineNumber":34,"author":{"gitId":"-"},"content":"  overflow-wrap: break-word;","lastModifiedDate":"2020-05-23"},{"lineNumber":35,"author":{"gitId":"-"},"content":"}","lastModifiedDate":"2020-05-23"},{"lineNumber":36,"author":{"gitId":"-"},"content":"","lastModifiedDate":"2020-05-23"},{"lineNumber":37,"author":{"gitId":"-"},"content":"","lastModifiedDate":"2020-05-23"},{"lineNumber":38,"author":{"gitId":"-"},"content":"","lastModifiedDate":"2020-05-23"},{"lineNumber":39,"author":{"gitId":"-"},"content":"/**","lastModifiedDate":"2020-05-23"},{"lineNumber":40,"author":{"gitId":"-"},"content":" * Set `margin-bottom` to maintain vertical rhythm","lastModifiedDate":"2020-05-23"},{"lineNumber":41,"author":{"gitId":"-"},"content":" */","lastModifiedDate":"2020-05-23"},{"lineNumber":42,"author":{"gitId":"-"},"content":"h1, h2, h3, h4, h5, h6,","lastModifiedDate":"2020-05-23"},{"lineNumber":43,"author":{"gitId":"-"},"content":"p, blockquote, pre,","lastModifiedDate":"2020-05-23"},{"lineNumber":44,"author":{"gitId":"-"},"content":"ul, ol, dl, figure,","lastModifiedDate":"2020-05-23"},{"lineNumber":45,"author":{"gitId":"-"},"content":"%vertical-rhythm {","lastModifiedDate":"2020-05-23"},{"lineNumber":46,"author":{"gitId":"-"},"content":"  margin-bottom: $spacing-unit / 2;","lastModifiedDate":"2020-05-23"},{"lineNumber":47,"author":{"gitId":"-"},"content":"}","lastModifiedDate":"2020-05-23"},{"lineNumber":48,"author":{"gitId":"-"},"content":"","lastModifiedDate":"2020-05-23"},{"lineNumber":49,"author":{"gitId":"-"},"content":"hr {","lastModifiedDate":"2020-05-23"},{"lineNumber":50,"author":{"gitId":"-"},"content":"  margin-top: $spacing-unit;","lastModifiedDate":"2020-05-23"},{"lineNumber":51,"author":{"gitId":"-"},"content":"  margin-bottom: $spacing-unit;","lastModifiedDate":"2020-05-23"},{"lineNumber":52,"author":{"gitId":"-"},"content":"}","lastModifiedDate":"2020-05-23"},{"lineNumber":53,"author":{"gitId":"-"},"content":"","lastModifiedDate":"2020-05-23"},{"lineNumber":54,"author":{"gitId":"-"},"content":"/**","lastModifiedDate":"2020-05-23"},{"lineNumber":55,"author":{"gitId":"-"},"content":" * `main` element","lastModifiedDate":"2020-05-23"},{"lineNumber":56,"author":{"gitId":"-"},"content":" */","lastModifiedDate":"2020-05-23"},{"lineNumber":57,"author":{"gitId":"-"},"content":"main {","lastModifiedDate":"2020-05-23"},{"lineNumber":58,"author":{"gitId":"-"},"content":"  display: block; /* Default value of `display` of `main` element is \u0027inline\u0027 in IE 11. */","lastModifiedDate":"2020-05-23"},{"lineNumber":59,"author":{"gitId":"-"},"content":"}","lastModifiedDate":"2020-05-23"},{"lineNumber":60,"author":{"gitId":"-"},"content":"","lastModifiedDate":"2020-05-23"},{"lineNumber":61,"author":{"gitId":"-"},"content":"","lastModifiedDate":"2020-05-23"},{"lineNumber":62,"author":{"gitId":"-"},"content":"","lastModifiedDate":"2020-05-23"},{"lineNumber":63,"author":{"gitId":"-"},"content":"/**","lastModifiedDate":"2020-05-23"},{"lineNumber":64,"author":{"gitId":"-"},"content":" * Images","lastModifiedDate":"2020-05-23"},{"lineNumber":65,"author":{"gitId":"-"},"content":" */","lastModifiedDate":"2020-05-23"},{"lineNumber":66,"author":{"gitId":"-"},"content":"img {","lastModifiedDate":"2020-05-23"},{"lineNumber":67,"author":{"gitId":"-"},"content":"  max-width: 100%;","lastModifiedDate":"2020-05-23"},{"lineNumber":68,"author":{"gitId":"-"},"content":"  vertical-align: middle;","lastModifiedDate":"2020-05-23"},{"lineNumber":69,"author":{"gitId":"-"},"content":"}","lastModifiedDate":"2020-05-23"},{"lineNumber":70,"author":{"gitId":"-"},"content":"","lastModifiedDate":"2020-05-23"},{"lineNumber":71,"author":{"gitId":"-"},"content":"","lastModifiedDate":"2020-05-23"},{"lineNumber":72,"author":{"gitId":"-"},"content":"","lastModifiedDate":"2020-05-23"},{"lineNumber":73,"author":{"gitId":"-"},"content":"/**","lastModifiedDate":"2020-05-23"},{"lineNumber":74,"author":{"gitId":"-"},"content":" * Figures","lastModifiedDate":"2020-05-23"},{"lineNumber":75,"author":{"gitId":"-"},"content":" */","lastModifiedDate":"2020-05-23"},{"lineNumber":76,"author":{"gitId":"-"},"content":"figure \u003e img {","lastModifiedDate":"2020-05-23"},{"lineNumber":77,"author":{"gitId":"-"},"content":"  display: block;","lastModifiedDate":"2020-05-23"},{"lineNumber":78,"author":{"gitId":"-"},"content":"}","lastModifiedDate":"2020-05-23"},{"lineNumber":79,"author":{"gitId":"-"},"content":"","lastModifiedDate":"2020-05-23"},{"lineNumber":80,"author":{"gitId":"-"},"content":"figcaption {","lastModifiedDate":"2020-05-23"},{"lineNumber":81,"author":{"gitId":"-"},"content":"  font-size: $small-font-size;","lastModifiedDate":"2020-05-23"},{"lineNumber":82,"author":{"gitId":"-"},"content":"}","lastModifiedDate":"2020-05-23"},{"lineNumber":83,"author":{"gitId":"-"},"content":"","lastModifiedDate":"2020-05-23"},{"lineNumber":84,"author":{"gitId":"-"},"content":"","lastModifiedDate":"2020-05-23"},{"lineNumber":85,"author":{"gitId":"-"},"content":"","lastModifiedDate":"2020-05-23"},{"lineNumber":86,"author":{"gitId":"-"},"content":"/**","lastModifiedDate":"2020-05-23"},{"lineNumber":87,"author":{"gitId":"-"},"content":" * Lists","lastModifiedDate":"2020-05-23"},{"lineNumber":88,"author":{"gitId":"-"},"content":" */","lastModifiedDate":"2020-05-23"},{"lineNumber":89,"author":{"gitId":"-"},"content":"ul, ol {","lastModifiedDate":"2020-05-23"},{"lineNumber":90,"author":{"gitId":"-"},"content":"  margin-left: $spacing-unit;","lastModifiedDate":"2020-05-23"},{"lineNumber":91,"author":{"gitId":"-"},"content":"}","lastModifiedDate":"2020-05-23"},{"lineNumber":92,"author":{"gitId":"-"},"content":"","lastModifiedDate":"2020-05-23"},{"lineNumber":93,"author":{"gitId":"-"},"content":"li {","lastModifiedDate":"2020-05-23"},{"lineNumber":94,"author":{"gitId":"-"},"content":"  \u003e ul,","lastModifiedDate":"2020-05-23"},{"lineNumber":95,"author":{"gitId":"-"},"content":"  \u003e ol {","lastModifiedDate":"2020-05-23"},{"lineNumber":96,"author":{"gitId":"-"},"content":"    margin-bottom: 0;","lastModifiedDate":"2020-05-23"},{"lineNumber":97,"author":{"gitId":"-"},"content":"  }","lastModifiedDate":"2020-05-23"},{"lineNumber":98,"author":{"gitId":"-"},"content":"}","lastModifiedDate":"2020-05-23"},{"lineNumber":99,"author":{"gitId":"-"},"content":"","lastModifiedDate":"2020-05-23"},{"lineNumber":100,"author":{"gitId":"-"},"content":"","lastModifiedDate":"2020-05-23"},{"lineNumber":101,"author":{"gitId":"-"},"content":"","lastModifiedDate":"2020-05-23"},{"lineNumber":102,"author":{"gitId":"-"},"content":"/**","lastModifiedDate":"2020-05-23"},{"lineNumber":103,"author":{"gitId":"-"},"content":" * Headings","lastModifiedDate":"2020-05-23"},{"lineNumber":104,"author":{"gitId":"-"},"content":" */","lastModifiedDate":"2020-05-23"},{"lineNumber":105,"author":{"gitId":"-"},"content":"h1, h2, h3, h4, h5, h6 {","lastModifiedDate":"2020-05-23"},{"lineNumber":106,"author":{"gitId":"-"},"content":"  font-weight: $base-font-weight;","lastModifiedDate":"2020-05-23"},{"lineNumber":107,"author":{"gitId":"-"},"content":"}","lastModifiedDate":"2020-05-23"},{"lineNumber":108,"author":{"gitId":"-"},"content":"","lastModifiedDate":"2020-05-23"},{"lineNumber":109,"author":{"gitId":"-"},"content":"","lastModifiedDate":"2020-05-23"},{"lineNumber":110,"author":{"gitId":"-"},"content":"","lastModifiedDate":"2020-05-23"},{"lineNumber":111,"author":{"gitId":"-"},"content":"/**","lastModifiedDate":"2020-05-23"},{"lineNumber":112,"author":{"gitId":"-"},"content":" * Links","lastModifiedDate":"2020-05-23"},{"lineNumber":113,"author":{"gitId":"-"},"content":" */","lastModifiedDate":"2020-05-23"},{"lineNumber":114,"author":{"gitId":"-"},"content":"a {","lastModifiedDate":"2020-05-23"},{"lineNumber":115,"author":{"gitId":"-"},"content":"  color: $link-base-color;","lastModifiedDate":"2020-05-23"},{"lineNumber":116,"author":{"gitId":"-"},"content":"  text-decoration: none;","lastModifiedDate":"2020-05-23"},{"lineNumber":117,"author":{"gitId":"-"},"content":"","lastModifiedDate":"2020-05-23"},{"lineNumber":118,"author":{"gitId":"-"},"content":"  \u0026:visited {","lastModifiedDate":"2020-05-23"},{"lineNumber":119,"author":{"gitId":"-"},"content":"    color: $link-visited-color;","lastModifiedDate":"2020-05-23"},{"lineNumber":120,"author":{"gitId":"-"},"content":"  }","lastModifiedDate":"2020-05-23"},{"lineNumber":121,"author":{"gitId":"-"},"content":"","lastModifiedDate":"2020-05-23"},{"lineNumber":122,"author":{"gitId":"-"},"content":"  \u0026:hover {","lastModifiedDate":"2020-05-23"},{"lineNumber":123,"author":{"gitId":"-"},"content":"    color: $text-color;","lastModifiedDate":"2020-05-23"},{"lineNumber":124,"author":{"gitId":"-"},"content":"    text-decoration: underline;","lastModifiedDate":"2020-05-23"},{"lineNumber":125,"author":{"gitId":"-"},"content":"  }","lastModifiedDate":"2020-05-23"},{"lineNumber":126,"author":{"gitId":"-"},"content":"","lastModifiedDate":"2020-05-23"},{"lineNumber":127,"author":{"gitId":"-"},"content":"  .social-media-list \u0026:hover {","lastModifiedDate":"2020-05-23"},{"lineNumber":128,"author":{"gitId":"-"},"content":"    text-decoration: none;","lastModifiedDate":"2020-05-23"},{"lineNumber":129,"author":{"gitId":"-"},"content":"","lastModifiedDate":"2020-05-23"},{"lineNumber":130,"author":{"gitId":"-"},"content":"    .username {","lastModifiedDate":"2020-05-23"},{"lineNumber":131,"author":{"gitId":"-"},"content":"      text-decoration: underline;","lastModifiedDate":"2020-05-23"},{"lineNumber":132,"author":{"gitId":"-"},"content":"    }","lastModifiedDate":"2020-05-23"},{"lineNumber":133,"author":{"gitId":"-"},"content":"  }","lastModifiedDate":"2020-05-23"},{"lineNumber":134,"author":{"gitId":"-"},"content":"}","lastModifiedDate":"2020-05-23"},{"lineNumber":135,"author":{"gitId":"-"},"content":"","lastModifiedDate":"2020-05-23"},{"lineNumber":136,"author":{"gitId":"-"},"content":"","lastModifiedDate":"2020-05-23"},{"lineNumber":137,"author":{"gitId":"-"},"content":"/**","lastModifiedDate":"2020-05-23"},{"lineNumber":138,"author":{"gitId":"-"},"content":" * Blockquotes","lastModifiedDate":"2020-05-23"},{"lineNumber":139,"author":{"gitId":"-"},"content":" */","lastModifiedDate":"2020-05-23"},{"lineNumber":140,"author":{"gitId":"-"},"content":"blockquote {","lastModifiedDate":"2020-05-23"},{"lineNumber":141,"author":{"gitId":"-"},"content":"  color: $brand-color;","lastModifiedDate":"2020-05-23"},{"lineNumber":142,"author":{"gitId":"-"},"content":"  border-left: 4px solid $brand-color-light;","lastModifiedDate":"2020-05-23"},{"lineNumber":143,"author":{"gitId":"-"},"content":"  padding-left: $spacing-unit / 2;","lastModifiedDate":"2020-05-23"},{"lineNumber":144,"author":{"gitId":"-"},"content":"  @include relative-font-size(1.125);","lastModifiedDate":"2020-05-23"},{"lineNumber":145,"author":{"gitId":"-"},"content":"  font-style: italic;","lastModifiedDate":"2020-05-23"},{"lineNumber":146,"author":{"gitId":"-"},"content":"","lastModifiedDate":"2020-05-23"},{"lineNumber":147,"author":{"gitId":"-"},"content":"  \u003e :last-child {","lastModifiedDate":"2020-05-23"},{"lineNumber":148,"author":{"gitId":"-"},"content":"    margin-bottom: 0;","lastModifiedDate":"2020-05-23"},{"lineNumber":149,"author":{"gitId":"-"},"content":"  }","lastModifiedDate":"2020-05-23"},{"lineNumber":150,"author":{"gitId":"-"},"content":"","lastModifiedDate":"2020-05-23"},{"lineNumber":151,"author":{"gitId":"-"},"content":"  i, em {","lastModifiedDate":"2020-05-23"},{"lineNumber":152,"author":{"gitId":"-"},"content":"    font-style: normal;","lastModifiedDate":"2020-05-23"},{"lineNumber":153,"author":{"gitId":"-"},"content":"  }","lastModifiedDate":"2020-05-23"},{"lineNumber":154,"author":{"gitId":"-"},"content":"}","lastModifiedDate":"2020-05-23"},{"lineNumber":155,"author":{"gitId":"-"},"content":"","lastModifiedDate":"2020-05-23"},{"lineNumber":156,"author":{"gitId":"-"},"content":"","lastModifiedDate":"2020-05-23"},{"lineNumber":157,"author":{"gitId":"-"},"content":"","lastModifiedDate":"2020-05-23"},{"lineNumber":158,"author":{"gitId":"-"},"content":"/**","lastModifiedDate":"2020-05-23"},{"lineNumber":159,"author":{"gitId":"-"},"content":" * Code formatting","lastModifiedDate":"2020-05-23"},{"lineNumber":160,"author":{"gitId":"-"},"content":" */","lastModifiedDate":"2020-05-23"},{"lineNumber":161,"author":{"gitId":"-"},"content":"pre,","lastModifiedDate":"2020-05-23"},{"lineNumber":162,"author":{"gitId":"-"},"content":"code {","lastModifiedDate":"2020-05-23"},{"lineNumber":163,"author":{"gitId":"-"},"content":"  font-family: $code-font-family;","lastModifiedDate":"2020-05-23"},{"lineNumber":164,"author":{"gitId":"-"},"content":"  font-size: 0.9375em;","lastModifiedDate":"2020-05-23"},{"lineNumber":165,"author":{"gitId":"-"},"content":"  border: 1px solid $brand-color-light;","lastModifiedDate":"2020-05-23"},{"lineNumber":166,"author":{"gitId":"-"},"content":"  border-radius: 3px;","lastModifiedDate":"2020-05-23"},{"lineNumber":167,"author":{"gitId":"-"},"content":"  background-color: $code-background-color;","lastModifiedDate":"2020-05-23"},{"lineNumber":168,"author":{"gitId":"-"},"content":"}","lastModifiedDate":"2020-05-23"},{"lineNumber":169,"author":{"gitId":"-"},"content":"","lastModifiedDate":"2020-05-23"},{"lineNumber":170,"author":{"gitId":"-"},"content":"code {","lastModifiedDate":"2020-05-23"},{"lineNumber":171,"author":{"gitId":"-"},"content":"  padding: 1px 5px;","lastModifiedDate":"2020-05-23"},{"lineNumber":172,"author":{"gitId":"-"},"content":"}","lastModifiedDate":"2020-05-23"},{"lineNumber":173,"author":{"gitId":"-"},"content":"","lastModifiedDate":"2020-05-23"},{"lineNumber":174,"author":{"gitId":"-"},"content":"pre {","lastModifiedDate":"2020-05-23"},{"lineNumber":175,"author":{"gitId":"-"},"content":"  padding: 8px 12px;","lastModifiedDate":"2020-05-23"},{"lineNumber":176,"author":{"gitId":"-"},"content":"  overflow-x: auto;","lastModifiedDate":"2020-05-23"},{"lineNumber":177,"author":{"gitId":"-"},"content":"","lastModifiedDate":"2020-05-23"},{"lineNumber":178,"author":{"gitId":"-"},"content":"  \u003e code {","lastModifiedDate":"2020-05-23"},{"lineNumber":179,"author":{"gitId":"-"},"content":"    border: 0;","lastModifiedDate":"2020-05-23"},{"lineNumber":180,"author":{"gitId":"-"},"content":"    padding-right: 0;","lastModifiedDate":"2020-05-23"},{"lineNumber":181,"author":{"gitId":"-"},"content":"    padding-left: 0;","lastModifiedDate":"2020-05-23"},{"lineNumber":182,"author":{"gitId":"-"},"content":"  }","lastModifiedDate":"2020-05-23"},{"lineNumber":183,"author":{"gitId":"-"},"content":"}","lastModifiedDate":"2020-05-23"},{"lineNumber":184,"author":{"gitId":"-"},"content":"","lastModifiedDate":"2020-05-23"},{"lineNumber":185,"author":{"gitId":"-"},"content":".highlight {","lastModifiedDate":"2020-05-23"},{"lineNumber":186,"author":{"gitId":"-"},"content":"  border-radius: 3px;","lastModifiedDate":"2020-05-23"},{"lineNumber":187,"author":{"gitId":"-"},"content":"  background: $code-background-color;","lastModifiedDate":"2020-05-23"},{"lineNumber":188,"author":{"gitId":"-"},"content":"  @extend %vertical-rhythm;","lastModifiedDate":"2020-05-23"},{"lineNumber":189,"author":{"gitId":"-"},"content":"","lastModifiedDate":"2020-05-23"},{"lineNumber":190,"author":{"gitId":"-"},"content":"  .highlighter-rouge \u0026 {","lastModifiedDate":"2020-05-23"},{"lineNumber":191,"author":{"gitId":"-"},"content":"    background: $code-background-color;","lastModifiedDate":"2020-05-23"},{"lineNumber":192,"author":{"gitId":"-"},"content":"  }","lastModifiedDate":"2020-05-23"},{"lineNumber":193,"author":{"gitId":"-"},"content":"}","lastModifiedDate":"2020-05-23"},{"lineNumber":194,"author":{"gitId":"-"},"content":"","lastModifiedDate":"2020-05-23"},{"lineNumber":195,"author":{"gitId":"-"},"content":"","lastModifiedDate":"2020-05-23"},{"lineNumber":196,"author":{"gitId":"-"},"content":"","lastModifiedDate":"2020-05-23"},{"lineNumber":197,"author":{"gitId":"-"},"content":"/**","lastModifiedDate":"2020-05-23"},{"lineNumber":198,"author":{"gitId":"-"},"content":" * Wrapper","lastModifiedDate":"2020-05-23"},{"lineNumber":199,"author":{"gitId":"-"},"content":" */","lastModifiedDate":"2020-05-23"},{"lineNumber":200,"author":{"gitId":"-"},"content":".wrapper {","lastModifiedDate":"2020-05-23"},{"lineNumber":201,"author":{"gitId":"-"},"content":"  max-width: calc(#{$content-width} - (#{$spacing-unit}));","lastModifiedDate":"2020-05-23"},{"lineNumber":202,"author":{"gitId":"-"},"content":"  margin-right: auto;","lastModifiedDate":"2020-05-23"},{"lineNumber":203,"author":{"gitId":"-"},"content":"  margin-left: auto;","lastModifiedDate":"2020-05-23"},{"lineNumber":204,"author":{"gitId":"-"},"content":"  padding-right: $spacing-unit / 2;","lastModifiedDate":"2020-05-23"},{"lineNumber":205,"author":{"gitId":"-"},"content":"  padding-left: $spacing-unit / 2;","lastModifiedDate":"2020-05-23"},{"lineNumber":206,"author":{"gitId":"-"},"content":"  @extend %clearfix;","lastModifiedDate":"2020-05-23"},{"lineNumber":207,"author":{"gitId":"-"},"content":"","lastModifiedDate":"2020-05-23"},{"lineNumber":208,"author":{"gitId":"-"},"content":"  @media screen and (min-width: $on-large) {","lastModifiedDate":"2020-05-23"},{"lineNumber":209,"author":{"gitId":"-"},"content":"    max-width: calc(#{$content-width} - (#{$spacing-unit} * 2));","lastModifiedDate":"2020-05-23"},{"lineNumber":210,"author":{"gitId":"-"},"content":"    padding-right: $spacing-unit;","lastModifiedDate":"2020-05-23"},{"lineNumber":211,"author":{"gitId":"-"},"content":"    padding-left: $spacing-unit;","lastModifiedDate":"2020-05-23"},{"lineNumber":212,"author":{"gitId":"-"},"content":"  }","lastModifiedDate":"2020-05-23"},{"lineNumber":213,"author":{"gitId":"-"},"content":"}","lastModifiedDate":"2020-05-23"},{"lineNumber":214,"author":{"gitId":"-"},"content":"","lastModifiedDate":"2020-05-23"},{"lineNumber":215,"author":{"gitId":"-"},"content":"","lastModifiedDate":"2020-05-23"},{"lineNumber":216,"author":{"gitId":"-"},"content":"","lastModifiedDate":"2020-05-23"},{"lineNumber":217,"author":{"gitId":"-"},"content":"/**","lastModifiedDate":"2020-05-23"},{"lineNumber":218,"author":{"gitId":"-"},"content":" * Clearfix","lastModifiedDate":"2020-05-23"},{"lineNumber":219,"author":{"gitId":"-"},"content":" */","lastModifiedDate":"2020-05-23"},{"lineNumber":220,"author":{"gitId":"-"},"content":"%clearfix:after {","lastModifiedDate":"2020-05-23"},{"lineNumber":221,"author":{"gitId":"-"},"content":"  content: \"\";","lastModifiedDate":"2020-05-23"},{"lineNumber":222,"author":{"gitId":"-"},"content":"  display: table;","lastModifiedDate":"2020-05-23"},{"lineNumber":223,"author":{"gitId":"-"},"content":"  clear: both;","lastModifiedDate":"2020-05-23"},{"lineNumber":224,"author":{"gitId":"-"},"content":"}","lastModifiedDate":"2020-05-23"},{"lineNumber":225,"author":{"gitId":"-"},"content":"","lastModifiedDate":"2020-05-23"},{"lineNumber":226,"author":{"gitId":"-"},"content":"","lastModifiedDate":"2020-05-23"},{"lineNumber":227,"author":{"gitId":"-"},"content":"","lastModifiedDate":"2020-05-23"},{"lineNumber":228,"author":{"gitId":"-"},"content":"/**","lastModifiedDate":"2020-05-23"},{"lineNumber":229,"author":{"gitId":"-"},"content":" * Icons","lastModifiedDate":"2020-05-23"},{"lineNumber":230,"author":{"gitId":"-"},"content":" */","lastModifiedDate":"2020-05-23"},{"lineNumber":231,"author":{"gitId":"-"},"content":"","lastModifiedDate":"2020-05-23"},{"lineNumber":232,"author":{"gitId":"-"},"content":".orange {","lastModifiedDate":"2020-05-23"},{"lineNumber":233,"author":{"gitId":"-"},"content":"  color: #f66a0a;","lastModifiedDate":"2020-05-23"},{"lineNumber":234,"author":{"gitId":"-"},"content":"}","lastModifiedDate":"2020-05-23"},{"lineNumber":235,"author":{"gitId":"-"},"content":"","lastModifiedDate":"2020-05-23"},{"lineNumber":236,"author":{"gitId":"-"},"content":".grey {","lastModifiedDate":"2020-05-23"},{"lineNumber":237,"author":{"gitId":"-"},"content":"  color: #828282;","lastModifiedDate":"2020-05-23"},{"lineNumber":238,"author":{"gitId":"-"},"content":"}","lastModifiedDate":"2020-05-23"},{"lineNumber":239,"author":{"gitId":"-"},"content":"","lastModifiedDate":"2020-05-23"},{"lineNumber":240,"author":{"gitId":"-"},"content":"/**","lastModifiedDate":"2020-05-23"},{"lineNumber":241,"author":{"gitId":"-"},"content":" * Tables","lastModifiedDate":"2020-05-23"},{"lineNumber":242,"author":{"gitId":"-"},"content":" */","lastModifiedDate":"2020-05-23"},{"lineNumber":243,"author":{"gitId":"-"},"content":"table {","lastModifiedDate":"2020-05-23"},{"lineNumber":244,"author":{"gitId":"-"},"content":"  margin-bottom: $spacing-unit;","lastModifiedDate":"2020-05-23"},{"lineNumber":245,"author":{"gitId":"-"},"content":"  width: 100%;","lastModifiedDate":"2020-05-23"},{"lineNumber":246,"author":{"gitId":"-"},"content":"  text-align: $table-text-align;","lastModifiedDate":"2020-05-23"},{"lineNumber":247,"author":{"gitId":"-"},"content":"  color: $table-text-color;","lastModifiedDate":"2020-05-23"},{"lineNumber":248,"author":{"gitId":"-"},"content":"  border-collapse: collapse;","lastModifiedDate":"2020-05-23"},{"lineNumber":249,"author":{"gitId":"-"},"content":"  border: 1px solid $table-border-color;","lastModifiedDate":"2020-05-23"},{"lineNumber":250,"author":{"gitId":"-"},"content":"  tr {","lastModifiedDate":"2020-05-23"},{"lineNumber":251,"author":{"gitId":"-"},"content":"    \u0026:nth-child(even) {","lastModifiedDate":"2020-05-23"},{"lineNumber":252,"author":{"gitId":"-"},"content":"      background-color: $table-zebra-color;","lastModifiedDate":"2020-05-23"},{"lineNumber":253,"author":{"gitId":"-"},"content":"    }","lastModifiedDate":"2020-05-23"},{"lineNumber":254,"author":{"gitId":"-"},"content":"  }","lastModifiedDate":"2020-05-23"},{"lineNumber":255,"author":{"gitId":"-"},"content":"  th, td {","lastModifiedDate":"2020-05-23"},{"lineNumber":256,"author":{"gitId":"-"},"content":"    padding: ($spacing-unit / 3) ($spacing-unit / 2);","lastModifiedDate":"2020-05-23"},{"lineNumber":257,"author":{"gitId":"-"},"content":"  }","lastModifiedDate":"2020-05-23"},{"lineNumber":258,"author":{"gitId":"-"},"content":"  th {","lastModifiedDate":"2020-05-23"},{"lineNumber":259,"author":{"gitId":"-"},"content":"    background-color: $table-header-bg-color;","lastModifiedDate":"2020-05-23"},{"lineNumber":260,"author":{"gitId":"-"},"content":"    border: 1px solid $table-header-border;","lastModifiedDate":"2020-05-23"},{"lineNumber":261,"author":{"gitId":"-"},"content":"  }","lastModifiedDate":"2020-05-23"},{"lineNumber":262,"author":{"gitId":"-"},"content":"  td {","lastModifiedDate":"2020-05-23"},{"lineNumber":263,"author":{"gitId":"-"},"content":"    border: 1px solid $table-border-color;","lastModifiedDate":"2020-05-23"},{"lineNumber":264,"author":{"gitId":"-"},"content":"  }","lastModifiedDate":"2020-05-23"},{"lineNumber":265,"author":{"gitId":"-"},"content":"","lastModifiedDate":"2020-05-23"},{"lineNumber":266,"author":{"gitId":"-"},"content":"  @include media-query($on-laptop) {","lastModifiedDate":"2020-05-23"},{"lineNumber":267,"author":{"gitId":"-"},"content":"    display: block;","lastModifiedDate":"2020-05-23"},{"lineNumber":268,"author":{"gitId":"-"},"content":"    overflow-x: auto;","lastModifiedDate":"2020-05-23"},{"lineNumber":269,"author":{"gitId":"-"},"content":"    -webkit-overflow-scrolling: touch;","lastModifiedDate":"2020-05-23"},{"lineNumber":270,"author":{"gitId":"-"},"content":"            -ms-overflow-style: -ms-autohiding-scrollbar;","lastModifiedDate":"2020-05-23"},{"lineNumber":271,"author":{"gitId":"-"},"content":"  }","lastModifiedDate":"2020-05-23"},{"lineNumber":272,"author":{"gitId":"-"},"content":"}","lastModifiedDate":"2020-05-23"},{"lineNumber":273,"author":{"gitId":"-"},"content":"","lastModifiedDate":"2021-01-11"},{"lineNumber":274,"author":{"gitId":"-"},"content":"@media print {","lastModifiedDate":"2021-01-12"},{"lineNumber":275,"author":{"gitId":"-"},"content":"  /**","lastModifiedDate":"2021-01-11"},{"lineNumber":276,"author":{"gitId":"-"},"content":"  * Prevents page break from cutting through content when printing","lastModifiedDate":"2021-01-12"},{"lineNumber":277,"author":{"gitId":"-"},"content":"  */","lastModifiedDate":"2021-01-11"},{"lineNumber":278,"author":{"gitId":"-"},"content":"  body {","lastModifiedDate":"2021-01-11"},{"lineNumber":279,"author":{"gitId":"-"},"content":"    display: block;","lastModifiedDate":"2021-01-11"},{"lineNumber":280,"author":{"gitId":"-"},"content":"  }","lastModifiedDate":"2021-01-11"},{"lineNumber":281,"author":{"gitId":"-"},"content":"  /**","lastModifiedDate":"2021-01-12"},{"lineNumber":282,"author":{"gitId":"-"},"content":"  * Replaces the top navigation menu with the project name when printing","lastModifiedDate":"2021-01-12"},{"lineNumber":283,"author":{"gitId":"-"},"content":"  */","lastModifiedDate":"2021-01-12"},{"lineNumber":284,"author":{"gitId":"-"},"content":"  .site-header .wrapper {","lastModifiedDate":"2021-01-12"},{"lineNumber":285,"author":{"gitId":"-"},"content":"    display: none;","lastModifiedDate":"2021-01-12"},{"lineNumber":286,"author":{"gitId":"-"},"content":"  }","lastModifiedDate":"2021-01-12"},{"lineNumber":287,"author":{"gitId":"-"},"content":"  .site-header {","lastModifiedDate":"2021-01-12"},{"lineNumber":288,"author":{"gitId":"-"},"content":"    text-align: center;","lastModifiedDate":"2021-01-12"},{"lineNumber":289,"author":{"gitId":"-"},"content":"  }","lastModifiedDate":"2021-01-12"},{"lineNumber":290,"author":{"gitId":"-"},"content":"  .site-header:before {","lastModifiedDate":"2021-01-12"},{"lineNumber":291,"author":{"gitId":"likeabowx"},"content":"    content: \"HireLah\";","lastModifiedDate":"2022-03-02"},{"lineNumber":292,"author":{"gitId":"-"},"content":"    font-size: 32px;","lastModifiedDate":"2021-01-12"},{"lineNumber":293,"author":{"gitId":"-"},"content":"  }","lastModifiedDate":"2021-01-11"},{"lineNumber":294,"author":{"gitId":"-"},"content":"}","lastModifiedDate":"2021-01-12"},{"lineNumber":295,"author":{"gitId":"-"},"content":"","lastModifiedDate":"2021-01-12"}],"authorContributionMap":{"likeabowx":1,"-":294}},{"path":"docs/team/SethCKL.md","fileType":"docs","lines":[{"lineNumber":1,"author":{"gitId":"SethCKL"},"content":"---","lastModifiedDate":"2022-03-01"},{"lineNumber":2,"author":{"gitId":"SethCKL"},"content":"layout: page","lastModifiedDate":"2022-03-01"},{"lineNumber":3,"author":{"gitId":"SethCKL"},"content":"title: SethCKL\u0027s Project Portfolio Page","lastModifiedDate":"2022-03-02"},{"lineNumber":4,"author":{"gitId":"SethCKL"},"content":"---","lastModifiedDate":"2022-03-01"},{"lineNumber":5,"author":{"gitId":"SethCKL"},"content":"","lastModifiedDate":"2022-03-01"},{"lineNumber":6,"author":{"gitId":"SethCKL"},"content":"### Project: HireLah","lastModifiedDate":"2022-03-02"},{"lineNumber":7,"author":{"gitId":"SethCKL"},"content":"","lastModifiedDate":"2022-03-01"},{"lineNumber":8,"author":{"gitId":"SethCKL"},"content":"HireLah is a desktop address book application used for managing interview applicants. The user interacts with it using a CLI, and it has a GUI created with JavaFX. It is written in Java, and has about 10 kLoC.","lastModifiedDate":"2022-03-02"},{"lineNumber":9,"author":{"gitId":"SethCKL"},"content":"","lastModifiedDate":"2022-03-01"},{"lineNumber":10,"author":{"gitId":"SethCKL"},"content":"Given below are my contributions to the project.","lastModifiedDate":"2022-03-01"},{"lineNumber":11,"author":{"gitId":"SethCKL"},"content":"","lastModifiedDate":"2022-03-01"},{"lineNumber":12,"author":{"gitId":"SethCKL"},"content":"* **New Feature**: To be added","lastModifiedDate":"2022-03-02"},{"lineNumber":13,"author":{"gitId":"SethCKL"},"content":"* **New Feature**: To be added","lastModifiedDate":"2022-03-02"},{"lineNumber":14,"author":{"gitId":"SethCKL"},"content":"* **Code contributed**: [RepoSense link]()","lastModifiedDate":"2022-03-01"},{"lineNumber":15,"author":{"gitId":"SethCKL"},"content":"","lastModifiedDate":"2022-03-01"},{"lineNumber":16,"author":{"gitId":"SethCKL"},"content":"* **Project management**:","lastModifiedDate":"2022-03-01"},{"lineNumber":17,"author":{"gitId":"SethCKL"},"content":"  * To be added","lastModifiedDate":"2022-03-02"},{"lineNumber":18,"author":{"gitId":"SethCKL"},"content":"","lastModifiedDate":"2022-03-01"},{"lineNumber":19,"author":{"gitId":"SethCKL"},"content":"* **Enhancements to existing features**:","lastModifiedDate":"2022-03-01"},{"lineNumber":20,"author":{"gitId":"SethCKL"},"content":"  * To be added","lastModifiedDate":"2022-03-02"},{"lineNumber":21,"author":{"gitId":"SethCKL"},"content":"","lastModifiedDate":"2022-03-01"},{"lineNumber":22,"author":{"gitId":"SethCKL"},"content":"* **Documentation**:","lastModifiedDate":"2022-03-01"},{"lineNumber":23,"author":{"gitId":"SethCKL"},"content":"  * User Guide:","lastModifiedDate":"2022-03-01"},{"lineNumber":24,"author":{"gitId":"SethCKL"},"content":"    * Added documentation for the features appladd, appledit, appldel, appllist","lastModifiedDate":"2022-03-02"},{"lineNumber":25,"author":{"gitId":"SethCKL"},"content":"  * Developer Guide:","lastModifiedDate":"2022-03-01"},{"lineNumber":26,"author":{"gitId":"SethCKL"},"content":"    * To be added","lastModifiedDate":"2022-03-02"},{"lineNumber":27,"author":{"gitId":"SethCKL"},"content":"","lastModifiedDate":"2022-03-01"},{"lineNumber":28,"author":{"gitId":"SethCKL"},"content":"* **Community**:","lastModifiedDate":"2022-03-01"},{"lineNumber":29,"author":{"gitId":"SethCKL"},"content":"  * To be added","lastModifiedDate":"2022-03-02"},{"lineNumber":30,"author":{"gitId":"SethCKL"},"content":"","lastModifiedDate":"2022-03-01"},{"lineNumber":31,"author":{"gitId":"SethCKL"},"content":"* **Tools**:","lastModifiedDate":"2022-03-01"},{"lineNumber":32,"author":{"gitId":"SethCKL"},"content":"  * To be added","lastModifiedDate":"2022-03-02"},{"lineNumber":33,"author":{"gitId":"SethCKL"},"content":"    ","lastModifiedDate":"2022-03-01"}],"authorContributionMap":{"SethCKL":33}},{"path":"docs/team/goalfix.md","fileType":"docs","lines":[{"lineNumber":1,"author":{"gitId":"goalfix"},"content":"---","lastModifiedDate":"2022-03-01"},{"lineNumber":2,"author":{"gitId":"goalfix"},"content":"layout: page","lastModifiedDate":"2022-03-01"},{"lineNumber":3,"author":{"gitId":"goalfix"},"content":"title: Wei Howe\u0027s Project Portfolio Page","lastModifiedDate":"2022-03-01"},{"lineNumber":4,"author":{"gitId":"goalfix"},"content":"---","lastModifiedDate":"2022-03-01"},{"lineNumber":5,"author":{"gitId":"goalfix"},"content":"","lastModifiedDate":"2022-03-01"},{"lineNumber":6,"author":{"gitId":"goalfix"},"content":"### Project: AddressBook Level 3","lastModifiedDate":"2022-03-01"},{"lineNumber":7,"author":{"gitId":"goalfix"},"content":"","lastModifiedDate":"2022-03-01"},{"lineNumber":8,"author":{"gitId":"goalfix"},"content":"###Overview","lastModifiedDate":"2022-03-01"},{"lineNumber":9,"author":{"gitId":"goalfix"},"content":"To be added","lastModifiedDate":"2022-03-01"},{"lineNumber":10,"author":{"gitId":"goalfix"},"content":"","lastModifiedDate":"2022-03-01"},{"lineNumber":11,"author":{"gitId":"goalfix"},"content":"###Summary of Contributions:","lastModifiedDate":"2022-03-01"},{"lineNumber":12,"author":{"gitId":"goalfix"},"content":"Given below are my contributions to the project.","lastModifiedDate":"2022-03-01"},{"lineNumber":13,"author":{"gitId":"goalfix"},"content":"","lastModifiedDate":"2022-03-01"},{"lineNumber":14,"author":{"gitId":"goalfix"},"content":"* **New Feature**: To be added","lastModifiedDate":"2022-03-01"},{"lineNumber":15,"author":{"gitId":"goalfix"},"content":"","lastModifiedDate":"2022-03-01"},{"lineNumber":16,"author":{"gitId":"goalfix"},"content":"* **New Feature**: To be added","lastModifiedDate":"2022-03-01"},{"lineNumber":17,"author":{"gitId":"goalfix"},"content":"","lastModifiedDate":"2022-03-01"},{"lineNumber":18,"author":{"gitId":"goalfix"},"content":"* **Code contributed**: [RepoSense link]()","lastModifiedDate":"2022-03-01"},{"lineNumber":19,"author":{"gitId":"goalfix"},"content":"","lastModifiedDate":"2022-03-01"},{"lineNumber":20,"author":{"gitId":"goalfix"},"content":"* **Project management**:","lastModifiedDate":"2022-03-01"},{"lineNumber":21,"author":{"gitId":"goalfix"},"content":"  To be added","lastModifiedDate":"2022-03-01"},{"lineNumber":22,"author":{"gitId":"goalfix"},"content":"","lastModifiedDate":"2022-03-01"},{"lineNumber":23,"author":{"gitId":"goalfix"},"content":"* **Enhancements to existing features**:","lastModifiedDate":"2022-03-01"},{"lineNumber":24,"author":{"gitId":"goalfix"},"content":"  ","lastModifiedDate":"2022-03-01"},{"lineNumber":25,"author":{"gitId":"goalfix"},"content":"","lastModifiedDate":"2022-03-01"},{"lineNumber":26,"author":{"gitId":"goalfix"},"content":"* **Documentation**:","lastModifiedDate":"2022-03-01"},{"lineNumber":27,"author":{"gitId":"goalfix"},"content":"  * User Guide:","lastModifiedDate":"2022-03-01"},{"lineNumber":28,"author":{"gitId":"goalfix"},"content":"    * Added documentation for the features `interview`","lastModifiedDate":"2022-03-01"},{"lineNumber":29,"author":{"gitId":"goalfix"},"content":"  * Developer Guide:","lastModifiedDate":"2022-03-01"},{"lineNumber":30,"author":{"gitId":"goalfix"},"content":"    To be added","lastModifiedDate":"2022-03-01"},{"lineNumber":31,"author":{"gitId":"goalfix"},"content":"","lastModifiedDate":"2022-03-01"},{"lineNumber":32,"author":{"gitId":"goalfix"},"content":"* **Community**:","lastModifiedDate":"2022-03-01"},{"lineNumber":33,"author":{"gitId":"goalfix"},"content":"  To be added","lastModifiedDate":"2022-03-01"},{"lineNumber":34,"author":{"gitId":"goalfix"},"content":"","lastModifiedDate":"2022-03-01"},{"lineNumber":35,"author":{"gitId":"goalfix"},"content":"* **Tools**:","lastModifiedDate":"2022-03-01"},{"lineNumber":36,"author":{"gitId":"goalfix"},"content":"  To be added","lastModifiedDate":"2022-03-01"},{"lineNumber":37,"author":{"gitId":"goalfix"},"content":"","lastModifiedDate":"2022-03-01"}],"authorContributionMap":{"goalfix":37}},{"path":"docs/team/likeabowx.md","fileType":"docs","lines":[{"lineNumber":1,"author":{"gitId":"likeabowx"},"content":"---","lastModifiedDate":"2022-03-01"},{"lineNumber":2,"author":{"gitId":"likeabowx"},"content":"layout: page","lastModifiedDate":"2022-03-01"},{"lineNumber":3,"author":{"gitId":"likeabowx"},"content":"title: Bryan Ong\u0027s Project Portfolio Page","lastModifiedDate":"2022-03-02"},{"lineNumber":4,"author":{"gitId":"likeabowx"},"content":"---","lastModifiedDate":"2022-03-01"},{"lineNumber":5,"author":{"gitId":"likeabowx"},"content":"","lastModifiedDate":"2022-03-01"},{"lineNumber":6,"author":{"gitId":"likeabowx"},"content":"### Project: HireLah","lastModifiedDate":"2022-03-02"},{"lineNumber":7,"author":{"gitId":"likeabowx"},"content":"","lastModifiedDate":"2022-03-01"},{"lineNumber":8,"author":{"gitId":"likeabowx"},"content":"HireLah is a desktop app that helps recruiters to manage talent and job candidates by tracking every step of the hiring process, from offering positions to scheduling interviews with candidates. It is optimised for Command Line Interface (CLI) users while still offering a GUI, so that power users can accomplish tasks much quicker by using commands . It is written in Java, and has about 10 kLoC.","lastModifiedDate":"2022-03-02"},{"lineNumber":9,"author":{"gitId":"likeabowx"},"content":"","lastModifiedDate":"2022-03-01"},{"lineNumber":10,"author":{"gitId":"likeabowx"},"content":"Given below are my contributions to the project.","lastModifiedDate":"2022-03-01"},{"lineNumber":11,"author":{"gitId":"likeabowx"},"content":"","lastModifiedDate":"2022-03-01"},{"lineNumber":12,"author":{"gitId":"likeabowx"},"content":"* **New Feature**: to be added soon","lastModifiedDate":"2022-03-02"},{"lineNumber":13,"author":{"gitId":"likeabowx"},"content":"","lastModifiedDate":"2022-03-01"},{"lineNumber":14,"author":{"gitId":"likeabowx"},"content":"* **Code contributed**: [RepoSense link]()","lastModifiedDate":"2022-03-01"},{"lineNumber":15,"author":{"gitId":"likeabowx"},"content":"","lastModifiedDate":"2022-03-01"},{"lineNumber":16,"author":{"gitId":"likeabowx"},"content":"* **Project management**:","lastModifiedDate":"2022-03-01"},{"lineNumber":17,"author":{"gitId":"likeabowx"},"content":"  * to be added soon","lastModifiedDate":"2022-03-02"},{"lineNumber":18,"author":{"gitId":"likeabowx"},"content":"","lastModifiedDate":"2022-03-01"},{"lineNumber":19,"author":{"gitId":"likeabowx"},"content":"* **Enhancements to existing features**:","lastModifiedDate":"2022-03-01"},{"lineNumber":20,"author":{"gitId":"likeabowx"},"content":"  * to be added soon","lastModifiedDate":"2022-03-02"},{"lineNumber":21,"author":{"gitId":"likeabowx"},"content":"","lastModifiedDate":"2022-03-01"},{"lineNumber":22,"author":{"gitId":"likeabowx"},"content":"* **Documentation**:","lastModifiedDate":"2022-03-01"},{"lineNumber":23,"author":{"gitId":"likeabowx"},"content":"  * to be added soon","lastModifiedDate":"2022-03-02"},{"lineNumber":24,"author":{"gitId":"likeabowx"},"content":"","lastModifiedDate":"2022-03-01"},{"lineNumber":25,"author":{"gitId":"likeabowx"},"content":"* **Community**:","lastModifiedDate":"2022-03-01"},{"lineNumber":26,"author":{"gitId":"likeabowx"},"content":"  * to be added soon","lastModifiedDate":"2022-03-02"},{"lineNumber":27,"author":{"gitId":"likeabowx"},"content":"","lastModifiedDate":"2022-03-01"},{"lineNumber":28,"author":{"gitId":"likeabowx"},"content":"* **Tools**:","lastModifiedDate":"2022-03-01"},{"lineNumber":29,"author":{"gitId":"likeabowx"},"content":"  * to be added soon","lastModifiedDate":"2022-03-02"},{"lineNumber":30,"author":{"gitId":"likeabowx"},"content":"","lastModifiedDate":"2022-03-01"}],"authorContributionMap":{"likeabowx":30}},{"path":"docs/team/yihern-lee.md","fileType":"docs","lines":[{"lineNumber":1,"author":{"gitId":"YiHern-Lee"},"content":"---","lastModifiedDate":"2022-03-01"},{"lineNumber":2,"author":{"gitId":"YiHern-Lee"},"content":"layout: page","lastModifiedDate":"2022-03-01"},{"lineNumber":3,"author":{"gitId":"YiHern-Lee"},"content":"title: Yi Hern\u0027s Project Portfolio Page","lastModifiedDate":"2022-03-01"},{"lineNumber":4,"author":{"gitId":"YiHern-Lee"},"content":"---","lastModifiedDate":"2022-03-01"},{"lineNumber":5,"author":{"gitId":"YiHern-Lee"},"content":"","lastModifiedDate":"2022-03-01"},{"lineNumber":6,"author":{"gitId":"YiHern-Lee"},"content":"### Project: HireLah","lastModifiedDate":"2022-03-01"},{"lineNumber":7,"author":{"gitId":"YiHern-Lee"},"content":"","lastModifiedDate":"2022-03-01"},{"lineNumber":8,"author":{"gitId":"YiHern-Lee"},"content":"HireLah is a desktop address book application used for managing interview applicants. The user interacts with it using a CLI, and it has a GUI created with JavaFX. It is written in Java, and has about 10 kLoC.","lastModifiedDate":"2022-03-01"},{"lineNumber":9,"author":{"gitId":"YiHern-Lee"},"content":"","lastModifiedDate":"2022-03-01"},{"lineNumber":10,"author":{"gitId":"YiHern-Lee"},"content":"Given below are my contributions to the project.","lastModifiedDate":"2022-03-01"},{"lineNumber":11,"author":{"gitId":"YiHern-Lee"},"content":"","lastModifiedDate":"2022-03-01"},{"lineNumber":12,"author":{"gitId":"YiHern-Lee"},"content":"* **New Feature**: To be added","lastModifiedDate":"2022-03-01"},{"lineNumber":13,"author":{"gitId":"YiHern-Lee"},"content":"* **New Feature**: To be added","lastModifiedDate":"2022-03-01"},{"lineNumber":14,"author":{"gitId":"YiHern-Lee"},"content":"* **Code contributed**: [RepoSense link]()","lastModifiedDate":"2022-03-01"},{"lineNumber":15,"author":{"gitId":"YiHern-Lee"},"content":"","lastModifiedDate":"2022-03-01"},{"lineNumber":16,"author":{"gitId":"YiHern-Lee"},"content":"* **Project management**:","lastModifiedDate":"2022-03-01"},{"lineNumber":17,"author":{"gitId":"YiHern-Lee"},"content":"    * To be added","lastModifiedDate":"2022-03-01"},{"lineNumber":18,"author":{"gitId":"YiHern-Lee"},"content":"","lastModifiedDate":"2022-03-01"},{"lineNumber":19,"author":{"gitId":"YiHern-Lee"},"content":"* **Enhancements to existing features**:","lastModifiedDate":"2022-03-01"},{"lineNumber":20,"author":{"gitId":"YiHern-Lee"},"content":"    * To be added","lastModifiedDate":"2022-03-01"},{"lineNumber":21,"author":{"gitId":"YiHern-Lee"},"content":"","lastModifiedDate":"2022-03-01"},{"lineNumber":22,"author":{"gitId":"YiHern-Lee"},"content":"* **Documentation**:","lastModifiedDate":"2022-03-01"},{"lineNumber":23,"author":{"gitId":"YiHern-Lee"},"content":"    * User Guide:","lastModifiedDate":"2022-03-01"},{"lineNumber":24,"author":{"gitId":"YiHern-Lee"},"content":"        * Added documentation for the features `posadd`, `posedit`, `poslist` and `posdel` [\\#72]()","lastModifiedDate":"2022-03-01"},{"lineNumber":25,"author":{"gitId":"YiHern-Lee"},"content":"    * Developer Guide:","lastModifiedDate":"2022-03-01"},{"lineNumber":26,"author":{"gitId":"YiHern-Lee"},"content":"        * To be added","lastModifiedDate":"2022-03-01"},{"lineNumber":27,"author":{"gitId":"YiHern-Lee"},"content":"","lastModifiedDate":"2022-03-01"},{"lineNumber":28,"author":{"gitId":"YiHern-Lee"},"content":"* **Community**:","lastModifiedDate":"2022-03-01"},{"lineNumber":29,"author":{"gitId":"YiHern-Lee"},"content":"    * To be added","lastModifiedDate":"2022-03-01"},{"lineNumber":30,"author":{"gitId":"YiHern-Lee"},"content":"","lastModifiedDate":"2022-03-01"},{"lineNumber":31,"author":{"gitId":"YiHern-Lee"},"content":"* **Tools**:","lastModifiedDate":"2022-03-01"},{"lineNumber":32,"author":{"gitId":"YiHern-Lee"},"content":"    * To be added","lastModifiedDate":"2022-03-01"},{"lineNumber":33,"author":{"gitId":"YiHern-Lee"},"content":"    ","lastModifiedDate":"2022-03-01"}],"authorContributionMap":{"YiHern-Lee":33}}]
