{"authorDailyContributionsMap":{"SethCKL":[{"date":"2022-03-01","commitResults":[{"hash":"20b86c9231ae3c1f0b5fa1c97df15e682f100e90","messageTitle":"Update AboutUs and upload photo","messageBody":"put photo in correct file path with correct naming scheme\nreplace template information in the AboutUs.md with my own particulars\n","fileTypesAndContributionMap":{"docs":{"insertions":53,"deletions":9}}},{"hash":"07e114eb4c97b891c68178255dd613d0e0ec54f0","messageTitle":"Update README","messageBody":"Reflects current information about our TP\nSubject to more updates in future\n","fileTypesAndContributionMap":{"docs":{"insertions":24,"deletions":11}}}]},{"date":"2022-03-02","commitResults":[{"hash":"786dc988e04a90473c3509bbbd68ebfd6110f72c","messageTitle":"create skeleton PPP","messageBody":"Add my name to the skeleton PPP\n","fileTypesAndContributionMap":{"docs":{"insertions":12,"deletions":25}}},{"hash":"626faa82f1128e8f168ea01b44dbae6e856c3a13","messageTitle":"Rename SethCKL.md to sethckl.md","messageBody":"","fileTypesAndContributionMap":{"docs":{"insertions":0,"deletions":0}}},{"hash":"5aeed737ac5153c982d091e84af972f66447fe63","messageTitle":"Update UserGuide","messageBody":"add applicant commands to user guide\n","fileTypesAndContributionMap":{"docs":{"insertions":31,"deletions":41}}}]},{"date":"2022-03-10","commitResults":[{"hash":"dd30b028960f7bbd9dfa7de538e6fdf959dd7059","messageTitle":"Add applicant class.","messageBody":"Refactored person class to applicant class.\nAlso refactored the package\n","fileTypesAndContributionMap":{"other":{"insertions":0,"deletions":0}}},{"hash":"6fb8377db909ec8867657cb1f67155a482bb8b66","messageTitle":"Refactor Applicant class and applicant package","messageBody":"","fileTypesAndContributionMap":{"functional-code":{"insertions":250,"deletions":250},"docs":{"insertions":55,"deletions":55},"test-code":{"insertions":229,"deletions":229}}},{"hash":"43b7454c3e55ec0b7e4bef98b5bd43a51940f72c","messageTitle":"Update respective classes to correct checkstyle errors","messageBody":"","fileTypesAndContributionMap":{"functional-code":{"insertions":9,"deletions":7}}},{"hash":"109a48400236b3f156a2497f2ad5be57d7138334","messageTitle":"more checkstyle updates","messageBody":"","fileTypesAndContributionMap":{"test-code":{"insertions":2,"deletions":2}}}]},{"date":"2022-03-11","commitResults":[{"hash":"e498260064b48672dc54e726c253ff79d786a65d","messageTitle":"add gender class for new applicant field","messageBody":"","fileTypesAndContributionMap":{"functional-code":{"insertions":52,"deletions":0}}},{"hash":"252b72f590aa4bed97d684306c08aa7e089226f3","messageTitle":"update to fix checkstyle","messageBody":"","fileTypesAndContributionMap":{"functional-code":{"insertions":2,"deletions":2}}}]},{"date":"2022-03-12","commitResults":[{"hash":"84487a4ec544bac27c8e557dc4707ad6a9305351","messageTitle":"add DOB class","messageBody":"","fileTypesAndContributionMap":{"functional-code":{"insertions":48,"deletions":0}}},{"hash":"ec46b3f3e60b30d6052a1058b1d94086d42efd09","messageTitle":"change dob to age","messageBody":"","fileTypesAndContributionMap":{"functional-code":{"insertions":50,"deletions":50}}}]}],"goalfix":[{"date":"2022-03-01","commitResults":[{"hash":"ab68214f483b8b62d3f6aaf5295c2e7d02d600db","messageTitle":"Update about us section for Wei Howe","messageBody":"","fileTypesAndContributionMap":{"docs":{"insertions":46,"deletions":0}}},{"hash":"3818766fc8aad8b4cdfb1d1e3535ca0ba8a529d5","messageTitle":"Add updated description for Wei Howe in about Us page","messageBody":"","fileTypesAndContributionMap":{"docs":{"insertions":5,"deletions":5}}},{"hash":"deaab8324de81a174db3368a54aac7c19cb8261c","messageTitle":"Add interview section in user guide","messageBody":"","fileTypesAndContributionMap":{"docs":{"insertions":47,"deletions":0}}},{"hash":"e191bb59bdc16d9755d56e09cf21df96f066ad9a","messageTitle":"Add Wei Howe skeletal PPP","messageBody":"","fileTypesAndContributionMap":{"docs":{"insertions":12,"deletions":21}}}]},{"date":"2022-03-03","commitResults":[{"hash":"193af6a75133aafc7ba6e64e1a0d66889db46a35","messageTitle":"update developer guide to include basic use cases/stores","messageBody":"","fileTypesAndContributionMap":{"docs":{"insertions":47,"deletions":19}}}]},{"date":"2022-03-10","commitResults":[{"hash":"852db2c317ba0ee9a240ce06992e0a3420297bbb","messageTitle":"refactor user guide to use updated add command","messageBody":"","fileTypesAndContributionMap":{"docs":{"insertions":33,"deletions":20}}}]},{"date":"2022-03-12","commitResults":[{"hash":"d64d74a5e9d1b29597799fbdbdec6c35e3045fc8","messageTitle":"update font-family to workaround 2015 mac Catalina","messageBody":"","fileTypesAndContributionMap":{"functional-code":{"insertions":17,"deletions":13}}}]}],"likeabowx":[{"date":"2022-03-01","commitResults":[{"hash":"a292dcc362ccb515d78940f9c85ff70827929b38","messageTitle":"Update AboutUs and upload photo","messageBody":"","fileTypesAndContributionMap":{"docs":{"insertions":52,"deletions":6}}},{"hash":"519f19ac6d2820f5da3404c2f954fcd5cfb00c28","messageTitle":"Add line break at the end of README.md","messageBody":"","fileTypesAndContributionMap":{"docs":{"insertions":1,"deletions":1}}}]},{"date":"2022-03-02","commitResults":[{"hash":"cf7e637412e58535c9238a3570a434d709f6b756","messageTitle":"Create skeleton PPP for Bryan\u0027s future contribution","messageBody":"","fileTypesAndContributionMap":{"docs":{"insertions":9,"deletions":25}}},{"hash":"d07b3c7d67aaf8bd1d4af4eff2352df8a8c31d8f","messageTitle":"Update user guide to include filter and FAQ","messageBody":"","fileTypesAndContributionMap":{"docs":{"insertions":33,"deletions":26}}},{"hash":"8c3e180e30cb815beeef16dc38ea53c1b3818be0","messageTitle":"Update UserGuide.md","messageBody":"","fileTypesAndContributionMap":{"docs":{"insertions":0,"deletions":1}}},{"hash":"ad12ed2f5dfd934b114573ac9b3153c9e4d252c8","messageTitle":"Update index file and UI photo","messageBody":"","fileTypesAndContributionMap":{"docs":{"insertions":4,"deletions":5}}}]},{"date":"2022-03-10","commitResults":[{"hash":"7ca63f6c28147e24d8f131d8773422a1c4d097b9","messageTitle":"Update app title name and icon","messageBody":"","fileTypesAndContributionMap":{"functional-code":{"insertions":3,"deletions":3},"test-code":{"insertions":1,"deletions":1}}},{"hash":"54c465e00217f53ebc5743ba2718cb03a9be4387","messageTitle":"Add labels for gender and age in PersonCard","messageBody":"","fileTypesAndContributionMap":{"functional-code":{"insertions":22,"deletions":6}}},{"hash":"54dae5ce8888b372ffd087e659a9700de26cf21f","messageTitle":"Update user guide link in help","messageBody":"","fileTypesAndContributionMap":{"functional-code":{"insertions":1,"deletions":1}}},{"hash":"7ebeaa6943494af2cbbb9e51c24a038adafd89e1","messageTitle":"Add a \u0027Currently Displaying\u0027 label to indicate the type of data shown","messageBody":"","fileTypesAndContributionMap":{"functional-code":{"insertions":37,"deletions":12}}},{"hash":"88b06b43ebbe73add426c620b0a4d2aa5fedfd8d","messageTitle":"Update MainWindow.java","messageBody":"","fileTypesAndContributionMap":{"functional-code":{"insertions":0,"deletions":1}}},{"hash":"b15c5a82b51b2cdc8d79d1ce490bd491f1b1ce3f","messageTitle":"Override all fonts to sans-serif","messageBody":"","fileTypesAndContributionMap":{"functional-code":{"insertions":4,"deletions":0}}}]},{"date":"2022-03-11","commitResults":[{"hash":"c62c054b3d1ec7f0ea9fa6673e002484b9a43e1a","messageTitle":"Rename existing add, edit, delete commands parsers to become applicants","messageBody":"","fileTypesAndContributionMap":{"functional-code":{"insertions":6,"deletions":3},"other":{"insertions":26,"deletions":12}}},{"hash":"ff82cacc5bb5c94a4b3cc1c751352953027cb6a6","messageTitle":"Create new general add command to identify flag","messageBody":"","fileTypesAndContributionMap":{"functional-code":{"insertions":83,"deletions":5}}},{"hash":"7e8524314c9f8e5b3508b736d00c2fb95ebe1f32","messageTitle":"Create new general delete command to identify flag","messageBody":"","fileTypesAndContributionMap":{"functional-code":{"insertions":57,"deletions":15},"test-code":{"insertions":39,"deletions":24}}},{"hash":"3ab4b9306efd7fd75294a7c2963304ffb0d30255","messageTitle":"Add whitespace after ,","messageBody":"","fileTypesAndContributionMap":{"test-code":{"insertions":1,"deletions":1}}},{"hash":"467dbb0d45195e34c44b1789d726a387619dcba5","messageTitle":"Update DeleteApplicantCommandParserTest.java","messageBody":"","fileTypesAndContributionMap":{"test-code":{"insertions":2,"deletions":2}}},{"hash":"577d1d4780d114bf96d87bc56ecc1bd11a167a95","messageTitle":"Fix checkstyle","messageBody":"","fileTypesAndContributionMap":{"test-code":{"insertions":2,"deletions":2}}}]},{"date":"2022-03-12","commitResults":[{"hash":"742606be6d6cee60451f49c646439bcc50edf7c8","messageTitle":"Fix test inputs according to new add/delete command format","messageBody":"","fileTypesAndContributionMap":{"test-code":{"insertions":12,"deletions":13}}}]}],"YiHern-Lee":[{"date":"2022-02-28","commitResults":[{"hash":"5736216d862d242128c52fc8be36376e18f1b665","messageTitle":"Update documentation of User Guide for position commands","messageBody":"","fileTypesAndContributionMap":{"docs":{"insertions":43,"deletions":0}}}]},{"date":"2022-03-01","commitResults":[{"hash":"704ed4a5071ae90bfd976918e933a7d5a2750e19","messageTitle":"Update description for Yi Hern in AboutUs page","messageBody":"","fileTypesAndContributionMap":{"docs":{"insertions":5,"deletions":5}}},{"hash":"68d08ba5fea28b0f1cfb3b2acdf8a22e3417a8fe","messageTitle":"Add skeleton PPP to update Yi Hern\u0027s future contributions","messageBody":"","fileTypesAndContributionMap":{"docs":{"insertions":33,"deletions":0}}},{"hash":"8f99ab9116c25702cb91f6a35e8521103e79113c","messageTitle":"Fix checkstyle error for YiHern-Lee skeleton PPP","messageBody":"","fileTypesAndContributionMap":{"docs":{"insertions":1,"deletions":1}}}]},{"date":"2022-03-10","commitResults":[{"hash":"6a7cbed4ab8c5d6263cc3de61396d47ce003036e","messageTitle":"Edit `edit` commands in UserGuide.md","messageBody":"Previously, `edit` commands have prefix of appl-/pos-/intvw- to\nindicate the class that is being editted. Edit commands now use a flag\n-a/-i/-p to denote the class type instead.\n","fileTypesAndContributionMap":{"docs":{"insertions":65,"deletions":43}}}]}],"khoahre123":[{"date":"2022-03-02","commitResults":[{"hash":"0da74ca7e5c992dfb2b191020f078886143285bd","messageTitle":"Add skeletal PPP for Khoa contribution to the project","messageBody":"Project Portfolio Page (PPP) is created to describe individual\ncontribution to the project. As we haven\u0027t done anything to the project\nyet, a skeletal version will be first uploaded, and more update will\nfollow.\n","fileTypesAndContributionMap":{"docs":{"insertions":31,"deletions":48}}},{"hash":"11b3a532b2d5a2585eae52e918aa3056703a6af0","messageTitle":"Add profile picture and update AboutUs for Khoa","messageBody":"","fileTypesAndContributionMap":{"docs":{"insertions":5,"deletions":4}}},{"hash":"d6892cd033bdab8fbc9f42657f9724801830b371","messageTitle":"Update Khoa PPP","messageBody":"","fileTypesAndContributionMap":{"docs":{"insertions":14,"deletions":31}}},{"hash":"7a30fe26d0eec7c7de6a73dd97cfc3c5a3ebd9f7","messageTitle":"Fix Khoa skeletal PPP","messageBody":"","fileTypesAndContributionMap":{"docs":{"insertions":1,"deletions":1}}},{"hash":"e8e88b40741a0ad3be05cffb238772093f924d55","messageTitle":"Add new line at EOF","messageBody":"","fileTypesAndContributionMap":{"docs":{"insertions":1,"deletions":1}}}]},{"date":"2022-03-03","commitResults":[{"hash":"3322e35df6e54c06a31982140123745839f6e42d","messageTitle":"Update helper section for the user guide","messageBody":"","fileTypesAndContributionMap":{"docs":{"insertions":20,"deletions":2}}},{"hash":"71f53ab19fb2df95a03d833fd09215224dc37961","messageTitle":"Update sort section in user guide","messageBody":"","fileTypesAndContributionMap":{"docs":{"insertions":19,"deletions":0}}}]},{"date":"2022-03-10","commitResults":[{"hash":"2a612e622632e34f86e3971662a56f3027de3b1d","messageTitle":"Fix user guide according with change in delete syntax","messageBody":"","fileTypesAndContributionMap":{"docs":{"insertions":31,"deletions":22}}}]},{"date":"2022-03-12","commitResults":[{"hash":"9a991ef60eff05e23facf4abeefc8bedbd1a6dfc","messageTitle":"Fix list command in user guide according to new syntax","messageBody":"","fileTypesAndContributionMap":{"docs":{"insertions":24,"deletions":32}}}]}]},"authorFileTypeContributionMap":{"SethCKL":{"docs":135,"functional-code":350,"test-code":228},"goalfix":{"docs":117,"functional-code":17,"test-code":0},"likeabowx":{"docs":64,"functional-code":172,"test-code":50,"other":1},"YiHern-Lee":{"docs":93,"functional-code":0,"test-code":0},"khoahre123":{"docs":105,"functional-code":0,"test-code":0}},"authorContributionVariance":{"SethCKL":49239.504,"goalfix":1001.28186,"likeabowx":3828.8352,"YiHern-Lee":602.94525,"khoahre123":991.90173},"authorDisplayNameMap":{"SethCKL":"CS2103-W17-4 CHON..EONG","goalfix":"CS2103-W17-4 TAN ..HOWE","likeabowx":"CS2103-W17-4 BRYA..IXIN","YiHern-Lee":"CS2103-W17-4 LEE ..HERN","khoahre123":"CS2103-W17-4 LE N..KHOA"}}
