{"authorDailyContributionsMap":{"charmainehly":[{"date":"2022-03-02","commitResults":[{"hash":"ce0af0966d381d43e9b0e07de0714db6d5c20db3","messageTitle":"Update AboutUs.md and profile photo","messageBody":"","fileTypesAndContributionMap":{"docs":{"insertions":3,"deletions":3}}},{"hash":"96c0fc915af53a1f57d9349d9651b2c51b6496c9","messageTitle":"Add skeletal PPP in team folder","messageBody":"","fileTypesAndContributionMap":{"docs":{"insertions":37,"deletions":0}}},{"hash":"e6b430b13ef8e82becb285e48423ebfa5e2df4aa","messageTitle":"Update find command in UserGuide.md","messageBody":"","fileTypesAndContributionMap":{"docs":{"insertions":14,"deletions":12}}},{"hash":"905f9408ca161a030a34ab8746eca93228ceb41e","messageTitle":"Fix checkstyle errors","messageBody":"","fileTypesAndContributionMap":{"docs":{"insertions":2,"deletions":2}}}]},{"date":"2022-03-03","commitResults":[{"hash":"b356c7377eefeb2bf640aacec62f5bca584b4dfa","messageTitle":"Update README.md to remove traces of AB3 and adapt to project","messageBody":"","fileTypesAndContributionMap":{"docs":{"insertions":14,"deletions":11}}},{"hash":"4a3264d8b6ca25ce41e4de595dd778ad716f0116","messageTitle":"Add simple use cases to DeveloperGuide.md for v1.1","messageBody":"","fileTypesAndContributionMap":{"docs":{"insertions":71,"deletions":10}}},{"hash":"c38cb35449dccf0f6bb54fa5b690db86ffadac4f","messageTitle":"Update docs/DeveloperGuide.md","messageBody":"Co-authored-by: Dominic Lim \u003c46486515+domlimm@users.noreply.github.com\u003e","fileTypesAndContributionMap":{"docs":{"insertions":1,"deletions":1}}},{"hash":"7bad0126c899cae07fce03b7d631208bc0f85f63","messageTitle":"Update docs/DeveloperGuide.md","messageBody":"Co-authored-by: Dominic Lim \u003c46486515+domlimm@users.noreply.github.com\u003e","fileTypesAndContributionMap":{"docs":{"insertions":4,"deletions":1}}},{"hash":"b541d10cbc388b78a05b75f4beea7bfd760bba2a","messageTitle":"Update docs/DeveloperGuide.md","messageBody":"Co-authored-by: Dominic Lim \u003c46486515+domlimm@users.noreply.github.com\u003e","fileTypesAndContributionMap":{"docs":{"insertions":2,"deletions":0}}},{"hash":"3646c8686b1d7c68508878c671bb4831ec8a4531","messageTitle":"Update docs/DeveloperGuide.md","messageBody":"Co-authored-by: Dominic Lim \u003c46486515+domlimm@users.noreply.github.com\u003e","fileTypesAndContributionMap":{"docs":{"insertions":2,"deletions":0}}},{"hash":"32c90ce37a09404c1bac07d1596cb3b7ad65477d","messageTitle":"Update docs/DeveloperGuide.md","messageBody":"Co-authored-by: Dominic Lim \u003c46486515+domlimm@users.noreply.github.com\u003e","fileTypesAndContributionMap":{"docs":{"insertions":2,"deletions":0}}},{"hash":"e42b14e3d98a6921d8a7d5bbf050a9b84ba58655","messageTitle":"Update docs/DeveloperGuide.md","messageBody":"Co-authored-by: Dominic Lim \u003c46486515+domlimm@users.noreply.github.com\u003e","fileTypesAndContributionMap":{"docs":{"insertions":3,"deletions":2}}},{"hash":"283dcddc7879bf6ed6a6b5eb584ee76e69c8a7db","messageTitle":"Update docs/DeveloperGuide.md","messageBody":"Co-authored-by: Dominic Lim \u003c46486515+domlimm@users.noreply.github.com\u003e","fileTypesAndContributionMap":{"docs":{"insertions":2,"deletions":0}}},{"hash":"1c9d4e6bf176a8275f95dfe5b317796bd2b2d347","messageTitle":"Update docs/DeveloperGuide.md","messageBody":"Co-authored-by: Dominic Lim \u003c46486515+domlimm@users.noreply.github.com\u003e","fileTypesAndContributionMap":{"docs":{"insertions":8,"deletions":7}}},{"hash":"3c111a8bc80e3d6194b1f97199695f4a9f05d878","messageTitle":"Update DeveloperGuide.md use case for listing TAs","messageBody":"","fileTypesAndContributionMap":{"docs":{"insertions":5,"deletions":5}}},{"hash":"f26399160bc06ad5155533e9e231b1fb1c7f2e52","messageTitle":"Update index.md","messageBody":"","fileTypesAndContributionMap":{"docs":{"insertions":4,"deletions":4}}}]},{"date":"2022-03-10","commitResults":[{"hash":"9dbb3e4e97ff8acb0e001afafe8e2292c5c42e93","messageTitle":"Modify search (find) command to include prefixes","messageBody":"Current find command by default only searches the keyword(s)\nin persons\u0027 names.\n\nThis design does not offer much extensibility of the command function.\nUser is not able to search for keywords contained in other fields apart\nfrom the persons\u0027 names. Keyword(s) are split and searched word by word\nif there are any white spaces present, thus user cannot indicate he/she\nwould like multiple keywords to be contained in specified sequence.\n\nLet\u0027s modify the find command with the following prefixes\nand implementation changes:\n* add the prefix \u0027k/\u0027 before every keyword\n* add the prefix \u0027f/\u0027 before the field (e.g. name)\n* more than one keyword can be entered but must be separated by \u0027k/\u0027\n* do not split each keyword string by white space - each keyword can\n  contain multiple words.\n\nThis implementation of the find command will allow for future\nextensibility so that user can eventually search for keyword(s)\nacross all fields.\n","fileTypesAndContributionMap":{"functional-code":{"insertions":60,"deletions":11},"test-code":{"insertions":78,"deletions":0}}},{"hash":"258b8148d4b5ba364319889d903268190181c740","messageTitle":"Fix checkstyle error on lambda indentation","messageBody":"","fileTypesAndContributionMap":{"test-code":{"insertions":2,"deletions":2}}},{"hash":"40c7f1dc305472c60ea7a07db0a090ea9e7abe7f","messageTitle":"Fix error in test cases for find command","messageBody":"User input for test cases relating to the find command is incorrect.\n\nThis causes the test cases to fail.\n\nLet\u0027s fix the user input in the code by adding appropriate whitespace\nto the prefix for keyword in the FindCommandParserTest class.\n","fileTypesAndContributionMap":{"functional-code":{"insertions":1,"deletions":1},"test-code":{"insertions":7,"deletions":4}}},{"hash":"024560f91b9f87d68f370fa26f79fc0aa4e1d412","messageTitle":"Fix checkstyle errors on unused imports","messageBody":"","fileTypesAndContributionMap":{"test-code":{"insertions":0,"deletions":4}}},{"hash":"365182354efe9f88e22715af62e7dea32a9788cd","messageTitle":"Modify user input for find command test case","messageBody":"There is an error in the user input in the test case for\nFindCommandParserTest class.\n\nThe error causes the related test case to fail.\n\nLet\u0027s fix the error by correcting the user input from\n\u0027 k/Alice\u0027 to \u0027 k/Amy\u0027.\n","fileTypesAndContributionMap":{"test-code":{"insertions":1,"deletions":1}}},{"hash":"69a8b80846cbb985b7718ff6a5b1375a393f08d0","messageTitle":"Refine format of use cases in Developer Guide","messageBody":"","fileTypesAndContributionMap":{"docs":{"insertions":5,"deletions":5}}},{"hash":"f6228fcb1df1ff17186208461b5765af666a1acc","messageTitle":"Update FindCommand.java","messageBody":"","fileTypesAndContributionMap":{"functional-code":{"insertions":1,"deletions":1}}}]},{"date":"2022-03-12","commitResults":[{"hash":"147e3c844e757fd9139a306de64c0748e6507c6c","messageTitle":"Enhance find command functionality across all fields","messageBody":"Current find command is only able to search for keyword(s) in\npersons\u0027 names.\n\nThis limits the ability for a user to search across all fields or\nto specify any other fields apart from `name`.\n\nLet\u0027s create:\n* an abstract class ContainsKeywordsPredicate.java.\n* predicate subclasses for each of the fields. Each subclass will\n  extend from the ContainsKeywordsPredicate superclass.\n* Test cases to test functionality of executing the find command\n  with each separate field.\n","fileTypesAndContributionMap":{"functional-code":{"insertions":381,"deletions":41},"other":{"insertions":2,"deletions":2},"test-code":{"insertions":480,"deletions":20}}},{"hash":"3532ef012a882ccc4cd33062157a44f577737115","messageTitle":"Fix checkstyle errors in DeveloperGuide, UserGuide and team directory","messageBody":"","fileTypesAndContributionMap":{"docs":{"insertions":13,"deletions":13},"test-code":{"insertions":1,"deletions":1}}},{"hash":"e853ffa28debc9aefd8769355bb7e09ced6a3f9c","messageTitle":"Fix checkstyle errors on wrong lexographical order of imports","messageBody":"","fileTypesAndContributionMap":{"test-code":{"insertions":1,"deletions":2}}}]},{"date":"2022-03-14","commitResults":[{"hash":"2a2f153fa7c6f19d7a71a59d44cb1cb203a01fec","messageTitle":"Add sort command to sort across all candidate fields","messageBody":"Currently, the default list is loaded from the json file.\nThere is no functionality to reorder this list.\n\nUser is not able to organise the list in a specific numerical\nor alphabetical order.\n\nLet\u0027s create a new sort command, which parses in the field\nthat the user wants to sort the candidate list by. The list\nwill order candidates based on the in-built java comparator\non the particular field.\n","fileTypesAndContributionMap":{"functional-code":{"insertions":151,"deletions":2},"test-code":{"insertions":6,"deletions":0}}},{"hash":"71ebc74c430bf57669f9f13ca5c29350dd90a257","messageTitle":"Add test cases to SortCommandParserTest","messageBody":"There are currently no test cases for the sort command.\n\nThis causes code lines relevant to the sort command implementation\nto be left unchecked, and thus the code coverage is less than\nthe required threshold.\n\nLet\u0027s add a SortCommandParserTest class with test cases to\ncheck for invalid fields in the user input, empty user input,\nas well as \u0027successful\u0027 test cases.\n","fileTypesAndContributionMap":{"functional-code":{"insertions":6,"deletions":4},"test-code":{"insertions":103,"deletions":0}}},{"hash":"dd081139eca661275540eaa029c39c06f3d49539","messageTitle":"Fix checkstyle error on missing javadoc comment in SortCommand","messageBody":"","fileTypesAndContributionMap":{"functional-code":{"insertions":6,"deletions":0}}},{"hash":"e36ba1246dc3170db1999705e4a0ba88bdd5e280","messageTitle":"Fix checkstyle errors on unused import statements","messageBody":"","fileTypesAndContributionMap":{"test-code":{"insertions":0,"deletions":36}}},{"hash":"0c7a945ea8617325926ed9e97dc04fa1c2a33c18","messageTitle":"Add test cases to reach all switch cases in SortCommandParser","messageBody":"","fileTypesAndContributionMap":{"test-code":{"insertions":21,"deletions":6}}},{"hash":"7a1226122fecc0a3de4e13860d785df06886d09b","messageTitle":"Add test cases related to AddressBook and ModelManager","messageBody":"Current test cases do not address the new methods for sorting\nin the above classes.\n\nThese code lines are left unchecked.\n\nLet\u0027s add test cases which call these methods and check the expected\noutput.\n","fileTypesAndContributionMap":{"test-code":{"insertions":41,"deletions":0}}}]},{"date":"2022-03-16","commitResults":[{"hash":"942745f1aef5f617f8d089d8f9d6affeb4af57d9","messageTitle":"Update UG and DG with sort command","messageBody":"Currently, user stories, use cases and features do not contain\ninformation and details pertaining to the sort command.\n\nThe information is missing for users and developers, who are unable\nto attain consolidated information on the sort command\nfeature/functionality.\n\nLet\u0027s update the UG and DG to include the sort command in the\nfollowing sections:\n* Use cases (DeveloperGuide)\n* User stories (DeveloperGuide)\n* Features (UserGuide)\n* Command summary (UserGuide)\n\nAdditional note: this commit also standardises the term\n`applicant(s)` to `candidate(s)` in the UserGuide and DeveloperGuide.\n","fileTypesAndContributionMap":{"docs":{"insertions":79,"deletions":25}}}]},{"date":"2022-03-17","commitResults":[{"hash":"688fb2525faa71242c7e3cc473478c7c5c188951","messageTitle":"Fix minor grammatical error in DeveloperGuide","messageBody":"","fileTypesAndContributionMap":{"docs":{"insertions":1,"deletions":1}}},{"hash":"401acf09ba8b32e539805b1c3d6f1c4719d3db5f","messageTitle":"Fix refactor of studentID to studentId in SortCommandParser","messageBody":"","fileTypesAndContributionMap":{"functional-code":{"insertions":1,"deletions":1}}},{"hash":"30f868a5ce25b5fcf7ff2169ad295b9792c36bca","messageTitle":"Fix refactor of studentID to studentId in SortCommandParserTest","messageBody":"","fileTypesAndContributionMap":{"test-code":{"insertions":1,"deletions":1}}}]}],"tiewweijian":[{"date":"2022-03-01","commitResults":[{"hash":"9fcb653d04d20dfd5248801be880156da85ca8f1","messageTitle":"Update personal information","messageBody":"","fileTypesAndContributionMap":{"docs":{"insertions":39,"deletions":4}}}]},{"date":"2022-03-02","commitResults":[{"hash":"e1d1056c4f74e5c7b389ef7754f45239616b3922","messageTitle":"Update Help command in User Guide","messageBody":"","fileTypesAndContributionMap":{"docs":{"insertions":4,"deletions":3}}},{"hash":"2a64e158e6f07c6d8bac7bcddb87f6ab21f03c7e","messageTitle":"Remove redundant line in User Guide","messageBody":"","fileTypesAndContributionMap":{"docs":{"insertions":0,"deletions":4}}}]},{"date":"2022-03-09","commitResults":[{"hash":"dbc476952e1b39f838c4542b00b297e4ce730e70","messageTitle":"Update Developer Guide for help command","messageBody":"","fileTypesAndContributionMap":{"docs":{"insertions":2,"deletions":2}}}]},{"date":"2022-03-10","commitResults":[{"hash":"14e2daaf9c7604559134ceba24716eff1bf6d60c","messageTitle":"Create help command","messageBody":"Things that have been added in this commit\n* New content in the Help Window\n* New hyperlink to User Guide in Help Window\n\nThe text in the Help Window are currently placeholders and will be updated accordingly when the functions are created.\n","fileTypesAndContributionMap":{"functional-code":{"insertions":34,"deletions":4}}},{"hash":"bdf499f2e786a8cdc5464f7b86140ab0693db93b","messageTitle":"Update method to open URL","messageBody":"","fileTypesAndContributionMap":{"functional-code":{"insertions":3,"deletions":20}}},{"hash":"62a913b13b62d618f5af25f80b9079502a87ca21","messageTitle":"Rectify checkstyle violations","messageBody":"","fileTypesAndContributionMap":{"functional-code":{"insertions":0,"deletions":2}}},{"hash":"b1723fbefac23cc746c699729b2737efb7049501","messageTitle":"Change codes for JUnit Tests","messageBody":"","fileTypesAndContributionMap":{"functional-code":{"insertions":4,"deletions":1}}},{"hash":"8b855acf9ef61ae3e3da09240823483e2c364cf7","messageTitle":"Remove try-catch statements","messageBody":"","fileTypesAndContributionMap":{"functional-code":{"insertions":4,"deletions":8}}},{"hash":"2ad0a2d9b4e84a74068c002f9aa5d9d0dfdb3a8c","messageTitle":"Remove return values of method","messageBody":"","fileTypesAndContributionMap":{"functional-code":{"insertions":1,"deletions":3}}},{"hash":"2d8fae21767af5442b8704ff3338caa389fb596d","messageTitle":"Add dummy tests","messageBody":"","fileTypesAndContributionMap":{"functional-code":{"insertions":1,"deletions":1},"test-code":{"insertions":26,"deletions":0}}},{"hash":"cd972c50b7ef9485b37a06e8ad3a9b6127e6d38f","messageTitle":"Rectify checkstyle issues for tests","messageBody":"","fileTypesAndContributionMap":{"test-code":{"insertions":0,"deletions":10}}},{"hash":"8d2491770949c4c3371accac2fe5675085bb8c6d","messageTitle":"Change goToUrl() method","messageBody":"","fileTypesAndContributionMap":{"functional-code":{"insertions":4,"deletions":5},"test-code":{"insertions":15,"deletions":16}}},{"hash":"77f290fde4ed5ec202c9c31f84c89b84d2b73e76","messageTitle":"Change goToUrl() test method","messageBody":"","fileTypesAndContributionMap":{"test-code":{"insertions":0,"deletions":6}}},{"hash":"b02a55c8153c83ac21bbdcccb6f3f61935ebde41","messageTitle":"Rectify checkstyle errors","messageBody":"","fileTypesAndContributionMap":{"test-code":{"insertions":0,"deletions":5}}},{"hash":"6e49a9826cf26c6fee02255da78692c219d557cb","messageTitle":"Rectify checkstyle error","messageBody":"","fileTypesAndContributionMap":{"functional-code":{"insertions":1,"deletions":1}}},{"hash":"acafc657d42b1c3e39e566612e1190312f97df86","messageTitle":"Rectify checkstyle errors","messageBody":"","fileTypesAndContributionMap":{"functional-code":{"insertions":0,"deletions":2}}},{"hash":"ebb3936764fc6f201a6df02c88e39185363132aa","messageTitle":"Change goToUrl() for codecov","messageBody":"","fileTypesAndContributionMap":{"functional-code":{"insertions":1,"deletions":2}}},{"hash":"880fa6489a95ed795607a5f3eef37e63732abe18","messageTitle":"Remove redundant test","messageBody":"","fileTypesAndContributionMap":{"test-code":{"insertions":0,"deletions":4}}}]},{"date":"2022-03-13","commitResults":[{"hash":"8324a6d83b64568df04664729954ffaec6715de4","messageTitle":"Create HelpWindowUtil class","messageBody":"Things that have been added in this commit\n* Link to user guide from Help Window will open web browser\n* Create new tests for HelpWindowUtil\n","fileTypesAndContributionMap":{"functional-code":{"insertions":49,"deletions":1},"test-code":{"insertions":41,"deletions":0}}},{"hash":"0b6ac993e7e3ac96c17eddfe2e16e5540a2161d1","messageTitle":"Add more test cases-1","messageBody":"","fileTypesAndContributionMap":{"test-code":{"insertions":1,"deletions":2}}},{"hash":"c2c40574965f49442c56eec261e021eb264f1491","messageTitle":"Add more test cases-2","messageBody":"","fileTypesAndContributionMap":{"functional-code":{"insertions":2,"deletions":5}}},{"hash":"731a58f703b696547b19785536d9447f4d9ca4cb","messageTitle":"Add more test cases-3","messageBody":"","fileTypesAndContributionMap":{"functional-code":{"insertions":0,"deletions":1}}},{"hash":"c24f51a3c993e45270751b03dcb09c6b22354f1b","messageTitle":"Add more test cases-3","messageBody":"","fileTypesAndContributionMap":{"functional-code":{"insertions":6,"deletions":4},"test-code":{"insertions":1,"deletions":6}}},{"hash":"8a61a8daea93337e51a89399712ead14aefaf7f9","messageTitle":"Add more test cases-4","messageBody":"","fileTypesAndContributionMap":{"test-code":{"insertions":0,"deletions":1}}},{"hash":"de44cc0d4881e0dae2a92117c1fe5e3d94840260","messageTitle":"Add more test cases-4","messageBody":"","fileTypesAndContributionMap":{"functional-code":{"insertions":0,"deletions":1}}},{"hash":"f2e777ed2243abe400bf2a89ccf0127ec28c16d8","messageTitle":"Add more test cases-5","messageBody":"","fileTypesAndContributionMap":{"functional-code":{"insertions":1,"deletions":5}}},{"hash":"24929f7fe20722f14af0f16f067654d56e59f6ff","messageTitle":"Add more test cases-6","messageBody":"","fileTypesAndContributionMap":{"functional-code":{"insertions":0,"deletions":1},"test-code":{"insertions":6,"deletions":0}}},{"hash":"db8ed4c0e944c88336c775c13f2aefab8b281923","messageTitle":"Add more test cases-7","messageBody":"","fileTypesAndContributionMap":{"functional-code":{"insertions":24,"deletions":1},"test-code":{"insertions":17,"deletions":0}}},{"hash":"2c8e8226cecaf03bbe01b79c9e1634a4064e615d","messageTitle":"Add more test cases-8","messageBody":"","fileTypesAndContributionMap":{"test-code":{"insertions":2,"deletions":1}}},{"hash":"b7ede9a97cc48a5aeb94d252b6edc14cc04de97e","messageTitle":"Add more test cases-9","messageBody":"","fileTypesAndContributionMap":{"functional-code":{"insertions":3,"deletions":10}}},{"hash":"85727c29f99be9d0dea04900bfb76ff8e5c8a9cd","messageTitle":"Add more test cases-10","messageBody":"","fileTypesAndContributionMap":{"test-code":{"insertions":11,"deletions":3}}}]},{"date":"2022-03-14","commitResults":[{"hash":"56963941df63eebc0de4cb5f56ccc762551405b5","messageTitle":"Change variable names","messageBody":"","fileTypesAndContributionMap":{"test-code":{"insertions":10,"deletions":10}}}]},{"date":"2022-03-15","commitResults":[{"hash":"a1997e32216a1c4b3e296d81355a5a496b9ae100","messageTitle":"Create new attributes for Candidates","messageBody":"Things that have been added in this commit\n* Create ApplicationStatus for the Candidate\u0027s application\n* Create InterviewStatus for interview status\n\nThe work flow for adding a new candidate into the system remains the same. The user will only be able to edit the candidate\u0027s statuses after it is added into the system.\n\nNext off, I will push a new commit for the new test cases.\n","fileTypesAndContributionMap":{"functional-code":{"insertions":155,"deletions":18},"test-code":{"insertions":120,"deletions":19}}}]},{"date":"2022-03-16","commitResults":[{"hash":"ccc8c16893bb1ef7c835cf5d732ea7759bd39d39","messageTitle":"Add InterviewStatus and ApplicationStatus","messageBody":"* PersonCard now shows the status of the Candidate\n* Test classes are written for ApplicationStatus and InterviewStatus\n* Edit command now supports updating the status of the candidates\n\nIn the next release, we can work on writing more test cases for the two statuses.\n","fileTypesAndContributionMap":{"functional-code":{"insertions":157,"deletions":1},"test-code":{"insertions":82,"deletions":2}}}]},{"date":"2022-03-17","commitResults":[{"hash":"40e6b550d398856299709f0dbead977eff88e955","messageTitle":"Resolve conflicts from StudentId","messageBody":"","fileTypesAndContributionMap":{"functional-code":{"insertions":10,"deletions":47},"test-code":{"insertions":3,"deletions":14}}},{"hash":"0644c01b46d8c12235901330084c63612f5168f7","messageTitle":"Resolve more conflicts from StudentId","messageBody":"","fileTypesAndContributionMap":{"test-code":{"insertions":2,"deletions":11}}}]}],"domlimm":[{"date":"2022-03-02","commitResults":[{"hash":"4b0fd8c2ebe66c5fba239193279968f697550250","messageTitle":"Update add command in UG","messageBody":"","fileTypesAndContributionMap":{"docs":{"insertions":14,"deletions":15}}},{"hash":"613d16a7da61752954ffd9673203fe6f07bca44d","messageTitle":"Update preposition of add command","messageBody":"","fileTypesAndContributionMap":{"docs":{"insertions":1,"deletions":1}}}]},{"date":"2022-03-03","commitResults":[{"hash":"f154818b53fd62454c6ec083d672a24586cd259f","messageTitle":"Add photo and portfolio page","messageBody":"","fileTypesAndContributionMap":{"docs":{"insertions":43,"deletions":62}}},{"hash":"30fc3d81d0993e3fd9fb730aa1d8cc78783ff884","messageTitle":"Update responsibilities as a team","messageBody":"","fileTypesAndContributionMap":{"docs":{"insertions":2,"deletions":2}}},{"hash":"318f04c41765b297f8c6395ccdd9a86fd137481a","messageTitle":"Refactor add command to only add a TA at a time","messageBody":"","fileTypesAndContributionMap":{"docs":{"insertions":14,"deletions":14}}},{"hash":"5ad9df0a3b8645e9c9b3d4804f52fbecbf851e65","messageTitle":"Update heading to TAA i.e. Remove traces of AB3","messageBody":"","fileTypesAndContributionMap":{"docs":{"insertions":2,"deletions":2}}},{"hash":"95ca5c03d85b06a1877b85e276ee0617dc1efcbe","messageTitle":"Update overview of example commands","messageBody":"","fileTypesAndContributionMap":{"docs":{"insertions":1,"deletions":1}}}]},{"date":"2022-03-08","commitResults":[{"hash":"f422a0742f4dda5e60745149e45873f8acfc0d38","messageTitle":"Update Developer Guide - Update add command format - Refactor add command title to use plural form - Change user story table format from IntelliJ\u0027s suggestion - Fix program name in value proposition","messageBody":"","fileTypesAndContributionMap":{"docs":{"insertions":16,"deletions":16}}},{"hash":"168f9c366357f0dc0b4d04bbe8a360283254948c","messageTitle":"Fix grammatical error","messageBody":"","fileTypesAndContributionMap":{"docs":{"insertions":1,"deletions":1}}}]},{"date":"2022-03-10","commitResults":[{"hash":"486e34efabe875bb1bcaae0f80f1c7670b566e9f","messageTitle":"Person Model - Update Person class to accommodate for new fields - Remove address field - Fix incompatible fields from Person in EditCommand","messageBody":"","fileTypesAndContributionMap":{"functional-code":{"insertions":164,"deletions":46}}},{"hash":"36afcd5ab8fa3ce956c21acee7deba29cf9ec77c","messageTitle":"Refactor relevant main and test files to meet changes of new Person model","messageBody":"","fileTypesAndContributionMap":{"functional-code":{"insertions":91,"deletions":33},"test-code":{"insertions":219,"deletions":121}}},{"hash":"cf58322c6e9c0f11f1624ab6b23c619594744856","messageTitle":"Person Model Testing - Fix tests according to updated Person model - Add basic tests for new attributes of Person model","messageBody":"","fileTypesAndContributionMap":{"functional-code":{"insertions":6,"deletions":5},"test-code":{"insertions":103,"deletions":87}}},{"hash":"9621a12c28a2d6126c9ee1ce69577d9f350fa644","messageTitle":"Fix checkstyle findings from report","messageBody":"","fileTypesAndContributionMap":{"functional-code":{"insertions":21,"deletions":17},"test-code":{"insertions":27,"deletions":10}}}]},{"date":"2022-03-12","commitResults":[{"hash":"1e72401722181c8cbdeb5a2334e79c5206c21784","messageTitle":"Add auto uppercase to ID when adding a new applicant","messageBody":"","fileTypesAndContributionMap":{"functional-code":{"insertions":3,"deletions":3}}},{"hash":"1a3c0c75b7635ceab9440de79df051cc4413486d","messageTitle":"Add auto generated email functionality for when user adds a command","messageBody":"","fileTypesAndContributionMap":{"functional-code":{"insertions":12,"deletions":14}}},{"hash":"2649f65f7fc041e88b17e62ec98c7539b626bfb3","messageTitle":"Fix: Bug when starting up app - Cause of bug from email validation","messageBody":"","fileTypesAndContributionMap":{"functional-code":{"insertions":6,"deletions":2}}},{"hash":"9407a59927e83ea5b0213bb8e53444f9d33b2b75","messageTitle":"Fix test cases that clash with removing email as input param for add command","messageBody":"","fileTypesAndContributionMap":{"test-code":{"insertions":14,"deletions":29}}},{"hash":"82dc69ccae54a5ed024960baa9466a81605d2723","messageTitle":"Remove unused imports","messageBody":"","fileTypesAndContributionMap":{"functional-code":{"insertions":0,"deletions":1},"test-code":{"insertions":0,"deletions":2}}},{"hash":"eb7e99431fca05d7d1dcfc1afe8e48078348a540","messageTitle":"Fix codecov warnings on unchecked emails","messageBody":"","fileTypesAndContributionMap":{"functional-code":{"insertions":6,"deletions":6}}}]},{"date":"2022-03-13","commitResults":[{"hash":"8ac3f02f1f5706c285bc10bf5b6af8541d8bab80","messageTitle":"Add fix to drop in codecov","messageBody":"","fileTypesAndContributionMap":{"test-code":{"insertions":5,"deletions":7}}}]},{"date":"2022-03-14","commitResults":[{"hash":"b49381f3b6da9fc169d77b1f48f81212a50db67e","messageTitle":"Update add command - Refactor command input and prefixes - Minor fix with UG markdown warnings","messageBody":"","fileTypesAndContributionMap":{"docs":{"insertions":7,"deletions":7}}},{"hash":"8e7e716dcd9c9b8821a8406b6049d73d283eedbd","messageTitle":"Re-order members in alphabetical order","messageBody":"","fileTypesAndContributionMap":{"docs":{"insertions":14,"deletions":14}}}]},{"date":"2022-03-15","commitResults":[{"hash":"b7d1ee37e4c560868aa9586e624b020d279ecee6","messageTitle":"Change naming convention of Student ID in related files","messageBody":"","fileTypesAndContributionMap":{"functional-code":{"insertions":56,"deletions":55},"other":{"insertions":9,"deletions":9},"test-code":{"insertions":61,"deletions":61}}},{"hash":"3223f96a5c2864a16e2540f05660d337e1e42fda","messageTitle":"Update app icon and add reference to image (copyright)","messageBody":"","fileTypesAndContributionMap":{"functional-code":{"insertions":2,"deletions":2},"test-code":{"insertions":1,"deletions":1}}},{"hash":"394df1151fdc30ba03ff2c7a17811aacf87c1414","messageTitle":"Remnants of AB3 - Update application name - Update README badges","messageBody":"","fileTypesAndContributionMap":{"functional-code":{"insertions":1,"deletions":1},"other":{"insertions":1,"deletions":1},"docs":{"insertions":3,"deletions":2}}},{"hash":"4934ae4e75b706b002fa161418fb3b4716be05c8","messageTitle":"Update badges to team\u0027s actions","messageBody":"","fileTypesAndContributionMap":{"docs":{"insertions":2,"deletions":1}}},{"hash":"810d13282281b834e5cb1473f29579608250f358","messageTitle":"Add foundational tests for SortCommand","messageBody":"","fileTypesAndContributionMap":{"functional-code":{"insertions":4,"deletions":0},"test-code":{"insertions":42,"deletions":0}}},{"hash":"8f9a60863ecc4151c87fec88f68f156716d2fd96","messageTitle":"Fix checkstyle error","messageBody":"","fileTypesAndContributionMap":{"functional-code":{"insertions":0,"deletions":1}}}]}],"LeeEnEn":[{"date":"2022-02-26","commitResults":[{"hash":"b51e1ecbd4405a5a7530825cf5c0af58db06bf99","messageTitle":"Update AboutUs.md","messageBody":"Included personal image and responsibilities.\n","fileTypesAndContributionMap":{"docs":{"insertions":56,"deletions":5}}}]},{"date":"2022-02-28","commitResults":[{"hash":"1a2f52743d00309c68a104c2b8555072489cf1ae","messageTitle":"Update leeenen.md","messageBody":"Removed filler body contents from personal .md file to make the file look cleaner.\n","fileTypesAndContributionMap":{"docs":{"insertions":6,"deletions":22}}}]},{"date":"2022-03-03","commitResults":[{"hash":"7cea418ea946bdc5cb951a5f59f5361ea4c31c0b","messageTitle":"Update list command in UG","messageBody":"","fileTypesAndContributionMap":{"docs":{"insertions":2,"deletions":2}}},{"hash":"811b4c7bf48bc9d170d14215427c96dbd54e73b7","messageTitle":"Update DeveloperGuide.md with NFR and Glossary","messageBody":"","fileTypesAndContributionMap":{"docs":{"insertions":12,"deletions":3}}}]},{"date":"2022-03-09","commitResults":[{"hash":"8e09730cec07386eeaede80431300bd885264dfd","messageTitle":"Update Developer Guide","messageBody":"","fileTypesAndContributionMap":{"docs":{"insertions":2,"deletions":2}}},{"hash":"13dbc72b6e222578694a7b0772fdebac385d7375","messageTitle":"Update Developer Guide","messageBody":"","fileTypesAndContributionMap":{"docs":{"insertions":5,"deletions":6}}}]},{"date":"2022-03-10","commitResults":[{"hash":"50d830ba8fc2ef53c394bcc4a7b65e06ecf29482","messageTitle":"Add list command","messageBody":"","fileTypesAndContributionMap":{"functional-code":{"insertions":6,"deletions":2},"test-code":{"insertions":9,"deletions":1}}}]},{"date":"2022-03-17","commitResults":[{"hash":"38b7d4de41eda13dbfbfd5fdf91f7e8df21fd411","messageTitle":"Add availabilities for each candidate","messageBody":"Added a new prefix avail/ to capture the available dates of each candidate. Dates are currently as: 1 (Monday) to 7 (Sunday).\n","fileTypesAndContributionMap":{"functional-code":{"insertions":158,"deletions":30},"test-code":{"insertions":176,"deletions":33}}}]}],"lzan98":[{"date":"2022-02-28","commitResults":[{"hash":"b1d4ea1f4c38285a71eada6259f16e0e2f34b267","messageTitle":"Update User Guide with Quick Start and Motivation sections","messageBody":"","fileTypesAndContributionMap":{"docs":{"insertions":12,"deletions":9}}}]},{"date":"2022-03-02","commitResults":[{"hash":"3874b7d48f8d9c8a45d4dc5affbafe48e7d00841","messageTitle":"Update delete command in User Guide","messageBody":"","fileTypesAndContributionMap":{"docs":{"insertions":7,"deletions":8}}},{"hash":"f390bc3e29fdff45096f79680ca0d329221f0bdc","messageTitle":"Add lzan98\u0027S PPP and AboutUs.md","messageBody":"","fileTypesAndContributionMap":{"docs":{"insertions":52,"deletions":0}}}]},{"date":"2022-03-03","commitResults":[{"hash":"cb80abbb1c3f11056f60674f2fd9bc6034b4aaba","messageTitle":"Update Developer Guide","messageBody":"","fileTypesAndContributionMap":{"docs":{"insertions":12,"deletions":10}}}]},{"date":"2022-03-09","commitResults":[{"hash":"db1d155fa9e22db3b98de545d8195afb44bf17a7","messageTitle":"Update Developer Guide","messageBody":"","fileTypesAndContributionMap":{"docs":{"insertions":10,"deletions":8}}},{"hash":"24c96d6dddcf8ee24fafc8b674ddbbccab99c703","messageTitle":"Fix syntax error in DG","messageBody":"","fileTypesAndContributionMap":{"docs":{"insertions":1,"deletions":1}}}]},{"date":"2022-03-12","commitResults":[{"hash":"500aa39807e4753208fa23e606dd351045e3da47","messageTitle":"Add delete command and empty list message","messageBody":"","fileTypesAndContributionMap":{"functional-code":{"insertions":18,"deletions":11},"test-code":{"insertions":13,"deletions":2}}},{"hash":"7757603dc84c0d939df8a355e469266104c372a4","messageTitle":"Fix test case of LogicManagerTest for delete","messageBody":"","fileTypesAndContributionMap":{"test-code":{"insertions":3,"deletions":4}}},{"hash":"9aa0bb089cdd56b3c218d0d5be41cdb66dc9739b","messageTitle":"Fix extra * in setUaerPrefs","messageBody":"","fileTypesAndContributionMap":{"functional-code":{"insertions":1,"deletions":1}}}]},{"date":"2022-03-17","commitResults":[{"hash":"4843e80eb037310b87750f459507303dfe77158a","messageTitle":"Update DG and UG with schedule command","messageBody":"","fileTypesAndContributionMap":{"docs":{"insertions":53,"deletions":6}}},{"hash":"155f7ea410c437a593898039706af45801b3263b","messageTitle":"Fix naming conventions","messageBody":"","fileTypesAndContributionMap":{"docs":{"insertions":13,"deletions":12}}}]}]},"authorFileTypeContributionMap":{"charmainehly":{"docs":194,"functional-code":589,"test-code":673},"tiewweijian":{"docs":44,"functional-code":362,"test-code":253},"domlimm":{"docs":85,"functional-code":254,"test-code":323,"other":2},"LeeEnEn":{"docs":53,"functional-code":154,"test-code":175},"lzan98":{"docs":109,"functional-code":17,"test-code":14}},"authorContributionVariance":{"charmainehly":36173.883,"tiewweijian":7079.6665,"domlimm":33643.21,"LeeEnEn":5453.0967,"lzan98":469.0344},"authorDisplayNameMap":{"charmainehly":"CS2103-F11-2 HO L..AINE","tiewweijian":"CS2103-F11-2 TIEW..JIAN","domlimm":"CS2103-F11-2 DOMI.. JUN","LeeEnEn":"CS2103-F11-2 LEE ..N EN","lzan98":"CS2103-F11-2 HO L..NZAN"}}
