{"authorDailyContributionsMap":{"bakano98":[{"date":"2022-02-19","commitResults":[{"hash":"09dbf4070d6fdc70a935c5e891880a0f5bb29801","messageTitle":"Update README.md","messageBody":"","fileTypesAndContributionMap":{"docs":{"insertions":1,"deletions":1}}},{"hash":"b7e801fa4bd650577824cb2097de389f4073cac3","messageTitle":"Update AboutUs","messageBody":"Update AboutUs to reflect my own details.\n","fileTypesAndContributionMap":{"docs":{"insertions":3,"deletions":3}}},{"hash":"7224c9ec5d5d22d1b316002ebe78b1b27b7820fd","messageTitle":"Add PPP for bakano98","messageBody":"Add Project Portfolio Page to describe my contributions to ModuleMate Finder.\n\nThis markdown file contains a skeletal version of what I have contributed to the project.\n\nIn order to show my contribution to this team project, this file will be updated periodically as more functionalities are completed.\n","fileTypesAndContributionMap":{"docs":{"insertions":53,"deletions":0}}},{"hash":"1aa81e2c5590653463a84a972c678f447c979a29","messageTitle":"Update UserGuide","messageBody":"User guide update to reflect what ModuleMate Finder has in store for users.\n\nThe user guide is still incomplete. Some of the things that needs updating is:\n- removing unnecessary/undeveloped details.\n- feature description\n- app description\n- add\n- edit\n- delete\n\nFor this to be fully complete, FAQ needs to be compiled as more (possibly) complex features appear.\n","fileTypesAndContributionMap":{"docs":{"insertions":81,"deletions":48}}},{"hash":"252fb806fc476ceb87d944930c5dbea3dd6d128d","messageTitle":"Update bakano98.md","messageBody":"","fileTypesAndContributionMap":{"docs":{"insertions":2,"deletions":2}}}]},{"date":"2022-02-20","commitResults":[{"hash":"d9ccc8b673e316531844fa4d0ee3e2c6b837cd7e","messageTitle":"Tutorial 2 - Adding a New Command","messageBody":"","fileTypesAndContributionMap":{"functional-code":{"insertions":232,"deletions":18},"test-code":{"insertions":152,"deletions":4}}},{"hash":"4fe7437bdd1a4084471dcf4e5ec42e43230e31a1","messageTitle":"Reformat code","messageBody":"","fileTypesAndContributionMap":{"functional-code":{"insertions":5,"deletions":4},"test-code":{"insertions":51,"deletions":43}}},{"hash":"cdab29e1bb3e27823a23fbcc57ac050b59eb0d9a","messageTitle":"Revert \"Reformat code\"","messageBody":"This reverts commit 4fe7437bdd1a4084471dcf4e5ec42e43230e31a1.\n","fileTypesAndContributionMap":{"functional-code":{"insertions":4,"deletions":5},"test-code":{"insertions":43,"deletions":51}}},{"hash":"c1b5a9e6c1518bc60da98b7981dba24b58cd2171","messageTitle":"Add EOF","messageBody":"","fileTypesAndContributionMap":{"functional-code":{"insertions":3,"deletions":3},"test-code":{"insertions":1,"deletions":2}}},{"hash":"2d186864d207c44de8fd588082a663f6d003042c","messageTitle":"Add EOF","messageBody":"","fileTypesAndContributionMap":{"test-code":{"insertions":1,"deletions":1}}},{"hash":"52ec11d9c935b367c9219d9b3ff0dc435b56ac07","messageTitle":"Fix javadoc errors","messageBody":"","fileTypesAndContributionMap":{"functional-code":{"insertions":16,"deletions":13},"test-code":{"insertions":23,"deletions":20}}}]},{"date":"2022-02-21","commitResults":[{"hash":"181f82ef090d825750b2147a5a3e4cf540954bed","messageTitle":"test adding blacklist/favourites","messageBody":"","fileTypesAndContributionMap":{"functional-code":{"insertions":39,"deletions":13}}},{"hash":"47fa8c624904c214de5b1e8e639632d6b7e7da76","messageTitle":"Fix issue with loading remarks","messageBody":"","fileTypesAndContributionMap":{"functional-code":{"insertions":1,"deletions":1}}}]},{"date":"2022-02-22","commitResults":[{"hash":"0e607b917640b341accc0b1a31e19c36142b86d2","messageTitle":"Test filtering tags","messageBody":"","fileTypesAndContributionMap":{"functional-code":{"insertions":127,"deletions":12}}}]},{"date":"2022-02-25","commitResults":[{"hash":"856381cefb0161fb54b08272dbe72c66e715a066","messageTitle":"Revert \"Test filtering tags\"","messageBody":"This reverts commit 0e607b917640b341accc0b1a31e19c36142b86d2.\n","fileTypesAndContributionMap":{"functional-code":{"insertions":12,"deletions":127}}},{"hash":"7335c66c5ed33a1a5c75fca6b3564c8e44ae405d","messageTitle":"Revert \"Revert \"Test filtering tags\"\"","messageBody":"This reverts commit 856381cefb0161fb54b08272dbe72c66e715a066.\n","fileTypesAndContributionMap":{"functional-code":{"insertions":127,"deletions":12}}},{"hash":"fbdc22d8964f98d00d34feeba24a76086b2d02f5","messageTitle":"Refactor \"remark\" to \"status\"","messageBody":"Change names for blacklisting/whitelisting contacts in ModuleMateFinder.\n\n\"Status\" is a better representation than \"Remark\" as remarks seems to be way too generic.\n","fileTypesAndContributionMap":{"functional-code":{"insertions":105,"deletions":113},"other":{"insertions":62,"deletions":62},"test-code":{"insertions":10,"deletions":14}}},{"hash":"07898bb5164c1a58612ff5fd14a6f7fd416134c5","messageTitle":"Add and modify test cases for Status","messageBody":"Add new test case to check for adding status failure\n\nModify current test cases\n","fileTypesAndContributionMap":{"functional-code":{"insertions":6,"deletions":5},"test-code":{"insertions":33,"deletions":8}}},{"hash":"27598ad63bc2e5bdcb4d604145ad205a253ae019","messageTitle":"Remove unused constant","messageBody":"","fileTypesAndContributionMap":{"functional-code":{"insertions":0,"deletions":1}}},{"hash":"456d4aec8bbbac144e9a20b3c5201be890ef2ac9","messageTitle":"Add test cases for FilterCommand","messageBody":"Add test cases for automated testing of FilterCommand.\n\nThe data used is read from the default data given in AB3. However, as tags are supposed to only be module names, might need to modify next time in order to have a more comprehensive/accurate test case.\n\nFor now, we will leave the data as it is, and use the data from AB3 to do testing for FilterCommand.\n","fileTypesAndContributionMap":{"functional-code":{"insertions":1,"deletions":1},"test-code":{"insertions":117,"deletions":0}}},{"hash":"f05a5f5fa0bd9641359c13cf682d2ef1432dec39","messageTitle":"Fix checkstyle errors","messageBody":"","fileTypesAndContributionMap":{"functional-code":{"insertions":35,"deletions":19},"test-code":{"insertions":5,"deletions":5}}}]},{"date":"2022-02-26","commitResults":[{"hash":"9ce777ac07d3b9c88420cf6c96cda406bba37050","messageTitle":"Change REMARK to STATUS","messageBody":"Add constants for the string, blacklist and favourite.\n\nAlso comparing string values instead status values when during equality check.\n","fileTypesAndContributionMap":{"functional-code":{"insertions":5,"deletions":4},"test-code":{"insertions":22,"deletions":22}}},{"hash":"2a5c3dd2c7534f2f5e5c2c94cfbacf97af57e2ab","messageTitle":"Update admin stuff for bakano98","messageBody":"","fileTypesAndContributionMap":{"docs":{"insertions":5,"deletions":1}}},{"hash":"447da7956fadb05944c830acbca9ff486f83e701","messageTitle":"Update README","messageBody":"Add new mockup of UI\n\nUpdate README with correct links, additional badges, as well as overall description of what ModuleMateFinder is.\n","fileTypesAndContributionMap":{"docs":{"insertions":19,"deletions":11}}},{"hash":"848685dc343ff12c9734705a84531725307293f7","messageTitle":"End README with newline","messageBody":"","fileTypesAndContributionMap":{"docs":{"insertions":1,"deletions":1}}},{"hash":"9737dd19ac24d2fabc1e2d6167b32542b59d99a2","messageTitle":"Update DeveloperGuide.md","messageBody":"Add use cases for\n1) Favourite a person\n2) Blacklist a person\n3) Filter persons by tags\n","fileTypesAndContributionMap":{"docs":{"insertions":44,"deletions":12}}}]},{"date":"2022-03-05","commitResults":[{"hash":"5e8b3e3004478cb7695e83f4df6a5c561820786d","messageTitle":"Change example output and better error handling","messageBody":"Example output when receiving an invalid status command was wrong. Now, changed to the correct example.\n\nPreviously, typing \"status 1\" did not correctly give an invalid command. Now, it will output an \"Invalid command\" and show an example usage.\n","fileTypesAndContributionMap":{"functional-code":{"insertions":10,"deletions":3}}},{"hash":"43114078fa6b4c9ad90bbf15590fc8acecc7c5c4","messageTitle":"Change import order","messageBody":"","fileTypesAndContributionMap":{"functional-code":{"insertions":2,"deletions":2}}}]},{"date":"2022-03-06","commitResults":[{"hash":"86ae50ea35cb866d046627e63c92247f94092171","messageTitle":"Add AddWindow UI","messageBody":"UI for adding a person is implemented in this commit.\n\nFunctionality is minimal -- you can type text into each of the boxes, but submitting does nothing for now.\nPressing cancel will hide the window and reset all fields, so this works as intended.\n\nThe next step would be to properly handle a submit request. Right now, it just hides the window.\n","fileTypesAndContributionMap":{"functional-code":{"insertions":295,"deletions":0}}},{"hash":"58b846ec37c43348c93c922baecc21df0388ffca","messageTitle":"Edit layout","messageBody":"","fileTypesAndContributionMap":{"functional-code":{"insertions":10,"deletions":3}}},{"hash":"198ef8ecdf6b01c54f7267f65dd713929ca1414f","messageTitle":"Add prompt text into text fields","messageBody":"Prompt text added to text fields in order to aid the user\n","fileTypesAndContributionMap":{"functional-code":{"insertions":23,"deletions":10}}},{"hash":"0a8477ba6d5642a123bc4d59cd2ca6634afc7159","messageTitle":"Add logic for adding persons","messageBody":"It is now possible to add people through AddWindow.\n\nHowever, the result of adding is not displayed in MainWindow.\n","fileTypesAndContributionMap":{"functional-code":{"insertions":62,"deletions":8}}},{"hash":"425978057c4d045c0cded870379021cff139f9b3","messageTitle":"AddWindow complete","messageBody":"Result of successfully/failing to add a person into ModuleMateFinder will be displayed on MainWindow\u0027s Ui.\n","fileTypesAndContributionMap":{"functional-code":{"insertions":6,"deletions":9}}},{"hash":"78385da3611a5b5053350b381421aeaab4fbf138","messageTitle":"Add JavaDoc and comments","messageBody":"","fileTypesAndContributionMap":{"functional-code":{"insertions":11,"deletions":9}}},{"hash":"8aeeae6aa46459b5dff4d2f41101119e03301864","messageTitle":"Update JavaDoc comments","messageBody":"","fileTypesAndContributionMap":{"functional-code":{"insertions":2,"deletions":2}}}]},{"date":"2022-03-07","commitResults":[{"hash":"43468f5a17d285f411f58cead01e28957c3542e3","messageTitle":"Add images to PersonCard","messageBody":"When a person has a particular status, it will show their corresponding image.\n\nIf a person has no status, then a placeholder (fully transparent) is used instead.\n","fileTypesAndContributionMap":{"functional-code":{"insertions":40,"deletions":5}}},{"hash":"607e3acbb24366b0e10b4e070c61607e7ad8bede","messageTitle":"Add \"final\" keyword to Images","messageBody":"","fileTypesAndContributionMap":{"functional-code":{"insertions":4,"deletions":6}}},{"hash":"058811da2aac5dc9a951612c23d78e8af9cc134b","messageTitle":"Remove Status label","messageBody":"","fileTypesAndContributionMap":{"functional-code":{"insertions":1,"deletions":5}}}]}],"lawwm":[{"date":"2022-02-22","commitResults":[{"hash":"7f0fe226d2c845ad6c429319f83c899306c1e609","messageTitle":"Add PPP and update AboutUs.md for lawwm","messageBody":"","fileTypesAndContributionMap":{"docs":{"insertions":57,"deletions":3}}}]},{"date":"2022-02-25","commitResults":[{"hash":"3c276a9ab6e0514274e114c85e1e81574e1bbfa7","messageTitle":"Add photo to about us page for lawwm","messageBody":"","fileTypesAndContributionMap":{"docs":{"insertions":1,"deletions":1}}}]},{"date":"2022-02-26","commitResults":[{"hash":"c8639d95193e9c30e229fb662b688475792661f5","messageTitle":"Add command to clear all modules for a contact","messageBody":"Add a clearmodules command and parser, as well as the corresponding\ntests. Use regex expression is to check that the syntax of the modules\nfit nus module code.\n","fileTypesAndContributionMap":{"functional-code":{"insertions":127,"deletions":4},"test-code":{"insertions":167,"deletions":40}}},{"hash":"45fb553a579f86a48a8c534219b17f97263f20ba","messageTitle":"Add command to delete specific modules","messageBody":"","fileTypesAndContributionMap":{"functional-code":{"insertions":175,"deletions":0},"test-code":{"insertions":169,"deletions":25}}},{"hash":"63d802f3e7fff1013365e1c3f33660c294dc73e8","messageTitle":"Update userguide to remove flags","messageBody":"","fileTypesAndContributionMap":{"docs":{"insertions":63,"deletions":23}}}]}],"junlee1991":[{"date":"2022-02-26","commitResults":[{"hash":"2e768ffc9eba7436d20d1ea1c5322d944a580b22","messageTitle":"Updated UserGuide NotesOnCommandFormat","messageBody":"","fileTypesAndContributionMap":{"docs":{"insertions":10,"deletions":7}}},{"hash":"8f586aa58d351026ac87521404d6c3bdac44ea09","messageTitle":"Added own PPP","messageBody":"","fileTypesAndContributionMap":{"docs":{"insertions":3,"deletions":1}}},{"hash":"f4483441c716c1f446c11891baac668a47dc8b27","messageTitle":"Added Photo","messageBody":"","fileTypesAndContributionMap":{"docs":{"insertions":1,"deletions":1}}}]}],"Btaykb":[{"date":"2022-02-22","commitResults":[{"hash":"cc0fb57ad1a71f903d5d2f887a4ff3fb4c5c9db8","messageTitle":"Add PPP and update AboutUs.md for Btaykb","messageBody":"","fileTypesAndContributionMap":{"docs":{"insertions":65,"deletions":0}}}]},{"date":"2022-02-26","commitResults":[{"hash":"fb6727eea59dec3c8e352b2fce292dde1c06d430","messageTitle":"Add photo and rename PPP","messageBody":"","fileTypesAndContributionMap":{"docs":{"insertions":2,"deletions":2}}}]},{"date":"2022-03-01","commitResults":[{"hash":"74a9041071100898f6f1efda1aaf6fdf3f9d2f31","messageTitle":"Add undo and redo to features in User Guide","messageBody":"","fileTypesAndContributionMap":{"docs":{"insertions":23,"deletions":0}}}]},{"date":"2022-03-05","commitResults":[{"hash":"3f2f3b89fd56b1709d37a664324397c246d8b83c","messageTitle":"Update DG - add use case for existing features","messageBody":"","fileTypesAndContributionMap":{"docs":{"insertions":137,"deletions":28}}}]}],"fantablack":[{"date":"2022-02-22","commitResults":[{"hash":"370c7b02ca6b6ef34eef1e2c733390ec837c011e","messageTitle":"Update AboutUs.md to include fantablack\u0027s details","messageBody":"","fileTypesAndContributionMap":{"docs":{"insertions":5,"deletions":5}}},{"hash":"fe3043c8ee1139d900992923b6ea2f01eac7a1bb","messageTitle":"Add skeletal Project Portfolio Page for fantablack","messageBody":"","fileTypesAndContributionMap":{"docs":{"insertions":47,"deletions":0}}}]},{"date":"2022-02-28","commitResults":[{"hash":"6eca72f57a04b8458f3f3b1fe8a5a575dba39e1e","messageTitle":"Add fantablack profile photo into AboutUs.md","messageBody":"","fileTypesAndContributionMap":{"docs":{"insertions":1,"deletions":1}}},{"hash":"454be89d24963536bcc8687af1fe78ef34f33773","messageTitle":"Fix table rows and removed stray \u003c/div\u003e in UserGuide.md","messageBody":"","fileTypesAndContributionMap":{"docs":{"insertions":12,"deletions":14}}},{"hash":"c31f816f3d4efd43f3b8439eb73b087b1823cd8d","messageTitle":"Update header and quick start in AboutUs.md","messageBody":"","fileTypesAndContributionMap":{"docs":{"insertions":12,"deletions":5}}},{"hash":"e5ecadaaf14006ef49dbd3cc8bace45f6b5735cd","messageTitle":"Add Add commands for UserGuide.md and fix quick links","messageBody":"","fileTypesAndContributionMap":{"docs":{"insertions":17,"deletions":10}}}]},{"date":"2022-03-03","commitResults":[{"hash":"ee038eed7843295a2330a5ae35bd64e0545caaf6","messageTitle":"Update project name in fantablack PPP","messageBody":"","fileTypesAndContributionMap":{"docs":{"insertions":1,"deletions":1}}},{"hash":"d2f152d5cc7a2ef40f98de5365bd906ab8a929b2","messageTitle":"Update NFRs","messageBody":"","fileTypesAndContributionMap":{"docs":{"insertions":13,"deletions":3}}},{"hash":"cc69132fbea39a7f67a3065c471593566b919a73","messageTitle":"Update Product Scope","messageBody":"","fileTypesAndContributionMap":{"docs":{"insertions":1,"deletions":1}}},{"hash":"fa138742670b35f6deaea4b97a29230a5f50ffb4","messageTitle":"Update User Stories","messageBody":"","fileTypesAndContributionMap":{"docs":{"insertions":9,"deletions":8}}}]}]},"authorFileTypeContributionMap":{"bakano98":{"docs":143,"functional-code":792,"test-code":288,"other":1},"lawwm":{"docs":98,"functional-code":307,"test-code":355},"junlee1991":{"docs":14,"functional-code":0,"test-code":0},"Btaykb":{"docs":160,"functional-code":0,"test-code":0},"fantablack":{"docs":102,"functional-code":0,"test-code":0}},"authorContributionVariance":{"bakano98":64394.25,"lawwm":32880.027,"junlee1991":27.756172,"Btaykb":1573.6453,"fantablack":459.50613},"authorDisplayNameMap":{"bakano98":"CS2103T-T13-4 LAW .. JIE","lawwm":"CS2103T-T13-4 LAW ..MING","junlee1991":"CS2103T-T13-4 JULI..ARJO","Btaykb":"CS2103T-T13-4 BENJ.. BIN","fantablack":"CS2103T-T13-4 BRYA.. KAI"}}
