{"authorDailyContributionsMap":{"iztanpy":[{"date":"2022-02-24","commitResults":[{"hash":"010bb318137a2fb3c8323701c2956a3bf0f42b3e","messageTitle":"Change UserGuide addClient function to fit our project","messageBody":"","fileTypesAndContributionMap":{"docs":{"insertions":29,"deletions":44}}},{"hash":"61c512fce61a99196283640d4172442d138be5a6","messageTitle":"Add team member iztanpy to teams section","messageBody":"","fileTypesAndContributionMap":{"docs":{"insertions":23,"deletions":0}}}]},{"date":"2022-02-26","commitResults":[{"hash":"db678fd95b8404d6c0decdd96d0543e33d720fd8","messageTitle":"Add profile picture and updated description in AboutUs.md","messageBody":"","fileTypesAndContributionMap":{"docs":{"insertions":7,"deletions":6}}}]},{"date":"2022-03-02","commitResults":[{"hash":"282c53ff6f721ee02c071d78c739ca2421969b7d","messageTitle":"Edit iztanpy.md for better formatting and add repoSense link","messageBody":"","fileTypesAndContributionMap":{"docs":{"insertions":9,"deletions":1}}},{"hash":"cc152fd223fa525638106f205ac0a31a0b0d1c30","messageTitle":"Add Networkers developer guide","messageBody":"","fileTypesAndContributionMap":{"docs":{"insertions":2,"deletions":248}}}]},{"date":"2022-03-03","commitResults":[{"hash":"ca006d8b4f76d8056d1904a58447ca66c647d97f","messageTitle":"Edit Developer guide to match Networkers project","messageBody":"","fileTypesAndContributionMap":{"docs":{"insertions":380,"deletions":38}}}]},{"date":"2022-03-08","commitResults":[{"hash":"c31fce7c60cc69b20d631fd25c0bb7c27630516a","messageTitle":"Add concrete implementation of procedure class","messageBody":"","fileTypesAndContributionMap":{"functional-code":{"insertions":274,"deletions":0},"test-code":{"insertions":280,"deletions":0}}},{"hash":"0339ad98a7c37a041d53d4527209bf4664d40ab0","messageTitle":"Update code for checkstyle","messageBody":"","fileTypesAndContributionMap":{"test-code":{"insertions":5,"deletions":7}}},{"hash":"d89f710d5e4fc9a8d7c5c9971fb6ae5764f5122b","messageTitle":"Update code for checkstyle","messageBody":"","fileTypesAndContributionMap":{"test-code":{"insertions":1,"deletions":1}}},{"hash":"306abc3baab3e86d16aab5231644eba5f9ecddf4","messageTitle":"Fix Checkstyle violations","messageBody":"","fileTypesAndContributionMap":{"functional-code":{"insertions":16,"deletions":14}}},{"hash":"2861034e882f6a0d77106c3bd56a884e5a1a9e69","messageTitle":"Update code for checkstyle","messageBody":"","fileTypesAndContributionMap":{"functional-code":{"insertions":7,"deletions":7}}},{"hash":"0588c50fae9714eb90157a2831128e2469544113","messageTitle":"Update order of imports for ProcedureBuilder","messageBody":"","fileTypesAndContributionMap":{"test-code":{"insertions":51,"deletions":56}}},{"hash":"410dc26ff442a3854820871ba0935f612205c6ed","messageTitle":"Finish tests for procedure, information, date and cost","messageBody":"","fileTypesAndContributionMap":{"test-code":{"insertions":49,"deletions":48}}},{"hash":"43c9bf0d238f76a30dd39e036854d777ceb3cce2","messageTitle":"Change UniquePersonList to consider 2 clients unique when they have the same address rather than having the same name and Add new tests to UniquePersonListTest to make testing more comprehensive","messageBody":"","fileTypesAndContributionMap":{"functional-code":{"insertions":26,"deletions":11},"test-code":{"insertions":36,"deletions":10}}}]},{"date":"2022-03-09","commitResults":[{"hash":"11f2dd50ac892433f668fbe1048cc43a047022ac","messageTitle":"Change AddressBook logic to recognise same address as being the sameClient rather than same name","messageBody":"","fileTypesAndContributionMap":{"functional-code":{"insertions":11,"deletions":26},"test-code":{"insertions":56,"deletions":41}}}]},{"date":"2022-03-12","commitResults":[{"hash":"f98f69213a7c74c99a42ceccbc6223892c17efd6","messageTitle":"change addCommand COMMAND_WORD from add to addClient","messageBody":"","fileTypesAndContributionMap":{"functional-code":{"insertions":1,"deletions":1}}}]},{"date":"2022-03-14","commitResults":[{"hash":"2413ab7566488b14411eac9998e6950d6d6eb880","messageTitle":"Change testing data from individuals to company data","messageBody":"","fileTypesAndContributionMap":{"functional-code":{"insertions":3,"deletions":4},"test-code":{"insertions":354,"deletions":346}}},{"hash":"907d5a406c89f31feed68e82e18dea51e4d777cd","messageTitle":"Touch up some test cases","messageBody":"","fileTypesAndContributionMap":{"functional-code":{"insertions":1,"deletions":1},"test-code":{"insertions":31,"deletions":31}}}]},{"date":"2022-03-19","commitResults":[{"hash":"fd9c83f2b88a87820ac834a1d889a8e05bd87014","messageTitle":"Update incorrect javadocs","messageBody":"","fileTypesAndContributionMap":{"functional-code":{"insertions":2,"deletions":6}}},{"hash":"854189fd66be1f84bdb265c4f2d9bbf888e6b3ae","messageTitle":"Change date from dd/MM/uuuu format to dd/MM/uuuu HH:mm","messageBody":"","fileTypesAndContributionMap":{"functional-code":{"insertions":8,"deletions":10},"test-code":{"insertions":16,"deletions":14}}}]},{"date":"2022-03-20","commitResults":[{"hash":"f81baafb25a5b9e372df39b17b94e55e06a8c852","messageTitle":"Add Calculate cost method","messageBody":"","fileTypesAndContributionMap":{"functional-code":{"insertions":214,"deletions":1}}},{"hash":"2ea48f2b976ecb68b7208167625df38491484d23","messageTitle":"Abstract out date time formatter","messageBody":"","fileTypesAndContributionMap":{"functional-code":{"insertions":7,"deletions":4}}}]},{"date":"2022-03-21","commitResults":[{"hash":"4ccb32d824982d9facf6762115932e1c067e24e7","messageTitle":"Update to match updated date class from master","messageBody":"","fileTypesAndContributionMap":{"functional-code":{"insertions":4,"deletions":4}}}]},{"date":"2022-03-22","commitResults":[{"hash":"bc1550579b45536f1085c829924683db7de6d94a","messageTitle":"Create Calculate Command feature","messageBody":"","fileTypesAndContributionMap":{"functional-code":{"insertions":26,"deletions":11}}},{"hash":"73f02e187484b29cceee0c0c070a9423c87e3d9c","messageTitle":"Create DG for Calculate Cost function","messageBody":"","fileTypesAndContributionMap":{"docs":{"insertions":144,"deletions":2}}},{"hash":"e7a90535f1c6b00f83e0d1566a037923fc4519be","messageTitle":"Improve and clarify error message when error is encountered","messageBody":"","fileTypesAndContributionMap":{"functional-code":{"insertions":2,"deletions":1}}},{"hash":"bc11fb28efa4134ef68321c0f7b3e83b35f27fbc","messageTitle":"Change files to match checkstyle","messageBody":"","fileTypesAndContributionMap":{"functional-code":{"insertions":2,"deletions":10},"test-code":{"insertions":13,"deletions":3}}},{"hash":"8efa3bcd8d27ae42707e4cb3d908d8f2e15862da","messageTitle":"Improve sequence diagram in DG","messageBody":"","fileTypesAndContributionMap":{"docs":{"insertions":20,"deletions":3}}}]},{"date":"2022-03-23","commitResults":[{"hash":"27be90f014a39bce454fedfe14a8d1a0590c1902","messageTitle":"Abstract out values and create testing classes","messageBody":"","fileTypesAndContributionMap":{"functional-code":{"insertions":6,"deletions":2},"test-code":{"insertions":34,"deletions":0}}},{"hash":"74083714a57cdfbf509df48f8f3f53f278d1b449","messageTitle":"Add procedures to typical clients","messageBody":"","fileTypesAndContributionMap":{"test-code":{"insertions":9,"deletions":2}}},{"hash":"12e8916fa3a8873467c7f0425582501788263df7","messageTitle":"Updates to calculate diagrams in ug","messageBody":"","fileTypesAndContributionMap":{"docs":{"insertions":4,"deletions":4}}},{"hash":"54ba4b25fa9fb95a022e557cb18bd7f7350a69d3","messageTitle":"Add user guide for calculate cost feature","messageBody":"","fileTypesAndContributionMap":{"functional-code":{"insertions":6,"deletions":19},"other":{"insertions":3,"deletions":1},"docs":{"insertions":32,"deletions":3},"test-code":{"insertions":1,"deletions":7}}},{"hash":"88eef5cf40e1e1737c3a16582c4c06322d4b768d","messageTitle":"Ammend state diagram for checkstyle","messageBody":"","fileTypesAndContributionMap":{"docs":{"insertions":1,"deletions":1}}}]},{"date":"2022-03-24","commitResults":[{"hash":"cc09690c0be203d5e26c6e8c84289570731f2be1","messageTitle":"Update Calculate Cost by date within DG","messageBody":"","fileTypesAndContributionMap":{"docs":{"insertions":38,"deletions":37}}},{"hash":"399f13fafce753d0b5907393f038417ff1765bb9","messageTitle":"Reformat developer guide","messageBody":"","fileTypesAndContributionMap":{"docs":{"insertions":74,"deletions":55}}},{"hash":"f1df17260eac17c25c426caa674fbe66989502e1","messageTitle":"Update to Developer Guide","messageBody":"","fileTypesAndContributionMap":{"docs":{"insertions":0,"deletions":1}}}]}],"jbkim1999":[{"date":"2022-02-27","commitResults":[{"hash":"cee6d5de98b7da15b33e9331e880c21b5c7ca38a","messageTitle":"Add JB\u0027s portion of AboutUs page","messageBody":"","fileTypesAndContributionMap":{"docs":{"insertions":6,"deletions":6}}},{"hash":"ff2d5a1653cba31e080c6f8f5153475d8aaa39e0","messageTitle":"Add addProc command to UG","messageBody":"","fileTypesAndContributionMap":{"docs":{"insertions":13,"deletions":188}}},{"hash":"03443f22dd0fce551e7d9fd0fb699e0d4748ea8c","messageTitle":"Add JB\u0027s skeletal PPP","messageBody":"","fileTypesAndContributionMap":{"docs":{"insertions":20,"deletions":0}}}]},{"date":"2022-02-28","commitResults":[{"hash":"a35aa488facf0e361f37b14381c29e9382c8f933","messageTitle":"Fix README to match with project description","messageBody":"","fileTypesAndContributionMap":{"docs":{"insertions":26,"deletions":30}}}]},{"date":"2022-03-10","commitResults":[{"hash":"1a5add682077f94d10be15d0c54c3fd5a2973b9a","messageTitle":"Rename person to client","messageBody":"","fileTypesAndContributionMap":{"functional-code":{"insertions":417,"deletions":417},"other":{"insertions":185,"deletions":185},"docs":{"insertions":119,"deletions":119},"test-code":{"insertions":703,"deletions":703}}},{"hash":"6128e0668815cd3dd8d8ae4b5947ea4631dbf0ea","messageTitle":"Fix implicit merge conflicts for JavaDoc header lines","messageBody":"","fileTypesAndContributionMap":{"functional-code":{"insertions":0,"deletions":12}}},{"hash":"3eb0a036360725c625faa27518bd4d4dc8f1b009","messageTitle":"Revert back tutorial docs","messageBody":"","fileTypesAndContributionMap":{"docs":{"insertions":65,"deletions":115}}}]},{"date":"2022-03-11","commitResults":[{"hash":"84e2d9b9cd15134802fc9040ed3968a3b537151e","messageTitle":"Add plan attribute to Client class","messageBody":"","fileTypesAndContributionMap":{"functional-code":{"insertions":138,"deletions":24},"test-code":{"insertions":119,"deletions":12}}}]},{"date":"2022-03-12","commitResults":[{"hash":"8f123d4b159aa952754f29471ccbd060fcd4e197","messageTitle":"Fix AddCommandParserTest","messageBody":"","fileTypesAndContributionMap":{"functional-code":{"insertions":3,"deletions":1},"test-code":{"insertions":40,"deletions":20}}},{"hash":"fef78b0804518764cf468cac4b7f4a7dd01d41cf","messageTitle":"Fix AddressBookParserTest","messageBody":"","fileTypesAndContributionMap":{"functional-code":{"insertions":8,"deletions":2},"test-code":{"insertions":3,"deletions":0}}},{"hash":"a549a28384a6b2fe204c8f698533e11abd8dcb86","messageTitle":"Fix all tests involving plan attribute","messageBody":"","fileTypesAndContributionMap":{"test-code":{"insertions":2,"deletions":1}}}]},{"date":"2022-03-13","commitResults":[{"hash":"a4404055c947633feb1f985a8d7f2c7a068ad7bf","messageTitle":"Add AddProcCommand and its depedencies in the Logic component","messageBody":"","fileTypesAndContributionMap":{"functional-code":{"insertions":199,"deletions":1}}},{"hash":"b919d9f9cc4d52af0cea778e7a2c7ffc679defef","messageTitle":"Remove unnecessary imports from AddProcCommand","messageBody":"","fileTypesAndContributionMap":{"functional-code":{"insertions":0,"deletions":6}}}]},{"date":"2022-03-15","commitResults":[{"hash":"cf507ddac7c1d4c72bb9c790bcc79df164a3b826","messageTitle":"Add AddProcCommand and its dependencies for all components","messageBody":"","fileTypesAndContributionMap":{"functional-code":{"insertions":81,"deletions":9}}},{"hash":"047b636002cc15b9dd09d826c5b93eb1a44c6142","messageTitle":"Fix minor checkstyle issues","messageBody":"","fileTypesAndContributionMap":{"functional-code":{"insertions":5,"deletions":3}}},{"hash":"e7e429e3e8b14b13be7c7e96c56603adf1b6b9d3","messageTitle":"Rename variable e to otherCommand for readability","messageBody":"","fileTypesAndContributionMap":{"functional-code":{"insertions":3,"deletions":3}}}]},{"date":"2022-03-18","commitResults":[{"hash":"e7c40387e23200f630a5ce267ecd492c990724dd","messageTitle":"Add AddProcCommandParserTest","messageBody":"","fileTypesAndContributionMap":{"functional-code":{"insertions":1,"deletions":1},"test-code":{"insertions":369,"deletions":17}}}]},{"date":"2022-03-23","commitResults":[{"hash":"d7220ebabd764fb1b73116c2d15d76e635ef0d56","messageTitle":"Reword some comments under AddProcCommandTest","messageBody":"","fileTypesAndContributionMap":{"functional-code":{"insertions":1,"deletions":1},"test-code":{"insertions":1,"deletions":1}}}]},{"date":"2022-03-24","commitResults":[{"hash":"63b77149d2277b12bc11decab1570d1bde49fb35","messageTitle":"Adjust spacing for AddProcCommandTest for better readability","messageBody":"","fileTypesAndContributionMap":{"test-code":{"insertions":5,"deletions":0}}},{"hash":"ffb0ba79d82ffb648e2f7338caef2261d6b7901a","messageTitle":"Add implementation descriptions for ListProcOnCommand","messageBody":"","fileTypesAndContributionMap":{"docs":{"insertions":77,"deletions":0}}},{"hash":"38a809c5e04c4b3dedb8d6ea0864a0a5709df0e2","messageTitle":"Fix minor checkstyle issues","messageBody":"","fileTypesAndContributionMap":{"docs":{"insertions":5,"deletions":5}}},{"hash":"04388aa207ad3e8f6682d75f21e047e8e77f171e","messageTitle":"Format UG for better consistency","messageBody":"","fileTypesAndContributionMap":{"docs":{"insertions":89,"deletions":118}}}]}],"robinrojh":[{"date":"2022-02-27","commitResults":[{"hash":"245fab67c7aff37a0869e0281d417d890b93850c","messageTitle":"Add Yong Gi\u0027s portion of AboutUs page","messageBody":"","fileTypesAndContributionMap":{"docs":{"insertions":5,"deletions":44}}},{"hash":"5b14acdf0c88e75cf76d045e7577bf6abf5dd6aa","messageTitle":"Add profile image","messageBody":"","fileTypesAndContributionMap":{"docs":{"insertions":1,"deletions":1}}},{"hash":"4c807af17732a40dbf8e379099de2179c8682b32","messageTitle":"Add Yong Gi\u0027s skeletal PPP","messageBody":"","fileTypesAndContributionMap":{"docs":{"insertions":20,"deletions":0}}},{"hash":"ac698938f5e56f4cf9b598bf6bb37d0faa6cb82f","messageTitle":"Fix style issue","messageBody":"","fileTypesAndContributionMap":{"docs":{"insertions":1,"deletions":1}}},{"hash":"e33978d246349325529e8de769e7073552ee6385","messageTitle":"Fix style issue","messageBody":"","fileTypesAndContributionMap":{"docs":{"insertions":1,"deletions":1}}},{"hash":"c2267006ca914b3763e8c06c8edba457352dbba2","messageTitle":"Add list command and command summary in UG","messageBody":"","fileTypesAndContributionMap":{"docs":{"insertions":22,"deletions":191}}},{"hash":"0142285c2cc74a59dbc3524a4b81bba53e98994a","messageTitle":"Add UserGuide.md to pages","messageBody":"","fileTypesAndContributionMap":{"docs":{"insertions":4,"deletions":1}}},{"hash":"d93a8137ed60e51ca2233286221fa341301df2a8","messageTitle":"Fix style issue in pages for UserGuide.md","messageBody":"","fileTypesAndContributionMap":{"docs":{"insertions":8,"deletions":10}}},{"hash":"040455b0011b04df718d71024b1d14085efd9c6e","messageTitle":"Fix formatting for view and edit _base.scss text to Networkers","messageBody":"","fileTypesAndContributionMap":{"docs":{"insertions":6,"deletions":6}}},{"hash":"c608dff359bf967702bc1463d942df483e9dc26a","messageTitle":"Fix another format issue in command summary","messageBody":"","fileTypesAndContributionMap":{"docs":{"insertions":1,"deletions":1}}},{"hash":"b33f7277ae4cba69ab3e02deb05fdf0455dc9f2e","messageTitle":"Fix command summary table","messageBody":"","fileTypesAndContributionMap":{"docs":{"insertions":1,"deletions":0}}}]},{"date":"2022-03-02","commitResults":[{"hash":"d617c2b1fcfadc83d36cdeb86b6f7dea33687661","messageTitle":"Edit README.md and _config.yml to match current project","messageBody":"","fileTypesAndContributionMap":{"docs":{"insertions":1,"deletions":1}}}]},{"date":"2022-03-09","commitResults":[{"hash":"b7eb329365d7c7afb2ac09a31bdb20349f2024e6","messageTitle":"Split MainWindow into two using personListGridPane","messageBody":"","fileTypesAndContributionMap":{"functional-code":{"insertions":149,"deletions":14}}}]},{"date":"2022-03-10","commitResults":[{"hash":"9015f4759586f4253d64e1825e2c55a2dd72192a","messageTitle":"Update based on new Procedure Class","messageBody":"","fileTypesAndContributionMap":{"functional-code":{"insertions":188,"deletions":109}}},{"hash":"c5cf33eed5b7040393fafb5cb29d44d199344993","messageTitle":"Create JsonAdaptedProcedure.java for storage","messageBody":"","fileTypesAndContributionMap":{"functional-code":{"insertions":76,"deletions":0}}},{"hash":"3fd7f37dd69961e039812be58e7f34b3e5065630","messageTitle":"Fix style issue","messageBody":"","fileTypesAndContributionMap":{"functional-code":{"insertions":4,"deletions":8}}}]},{"date":"2022-03-12","commitResults":[{"hash":"7be00d917ffb2c25f9c63736e8f77a0c7f7d5e5f","messageTitle":"Fix JavaDoc typo","messageBody":"","fileTypesAndContributionMap":{"functional-code":{"insertions":2,"deletions":2}}}]},{"date":"2022-03-13","commitResults":[{"hash":"dd801440d2bef83c70b47bfe064f6c8a5e3d5194","messageTitle":"Fix column assignment and add example procedure","messageBody":"","fileTypesAndContributionMap":{"functional-code":{"insertions":29,"deletions":30}}},{"hash":"cb725fe6a0238102d84cc6a70861083debad8d7b","messageTitle":"Add comment for future reference","messageBody":"","fileTypesAndContributionMap":{"functional-code":{"insertions":1,"deletions":0}}},{"hash":"0cb06ad0eca57badd70a2476aa444a8454a6bf75","messageTitle":"Clean up code","messageBody":"","fileTypesAndContributionMap":{"functional-code":{"insertions":18,"deletions":4}}},{"hash":"4b0a6a267a0da12c9c0fe42b7d995396a3482eb6","messageTitle":"Add ListProcCommand.java","messageBody":"","fileTypesAndContributionMap":{"functional-code":{"insertions":61,"deletions":0}}},{"hash":"aad984425569217e66dbe9e2d111fcdf3266d4b8","messageTitle":"Fix style issues","messageBody":"","fileTypesAndContributionMap":{"functional-code":{"insertions":14,"deletions":11},"test-code":{"insertions":10,"deletions":0}}},{"hash":"93e47920f0daa921b57499576acda23f8fcc36c9","messageTitle":"Modify ListProcCommand to have correct format","messageBody":"","fileTypesAndContributionMap":{"functional-code":{"insertions":5,"deletions":21}}}]},{"date":"2022-03-14","commitResults":[{"hash":"254c2af6f39a99f05d84be69ab42408b1418a851","messageTitle":"Add ListProcCommand and ListProcCommandParser and some corresponding tests","messageBody":"","fileTypesAndContributionMap":{"functional-code":{"insertions":43,"deletions":17},"test-code":{"insertions":61,"deletions":0}}}]},{"date":"2022-03-15","commitResults":[{"hash":"f70873b91b6ac544bdbac4d0f98e4116e941396c","messageTitle":"Fix merge conflict","messageBody":"","fileTypesAndContributionMap":{"functional-code":{"insertions":1,"deletions":0}}},{"hash":"afaca0e9d481842e07f1d2f4304ee0712464791b","messageTitle":"Complete ListProcCommand and finish respective changes","messageBody":"","fileTypesAndContributionMap":{"functional-code":{"insertions":49,"deletions":36},"test-code":{"insertions":6,"deletions":1}}},{"hash":"c37b95f0a934438d2a1ec5fe4940c51531dfd70e","messageTitle":"Fix style issues","messageBody":"","fileTypesAndContributionMap":{"functional-code":{"insertions":6,"deletions":9},"test-code":{"insertions":12,"deletions":20}}},{"hash":"7cf2262c5a58298bac5ba069db95843757e751d3","messageTitle":"Fix update related issue","messageBody":"","fileTypesAndContributionMap":{"functional-code":{"insertions":29,"deletions":11}}}]},{"date":"2022-03-16","commitResults":[{"hash":"c98e96dfce58214cc8f7698f1b2d72f37e678880","messageTitle":"Fix UI issue","messageBody":"","fileTypesAndContributionMap":{"functional-code":{"insertions":10,"deletions":7}}},{"hash":"a9c559f47103b7320a40a9b1d4690286665c4cef","messageTitle":"Fix style issues","messageBody":"","fileTypesAndContributionMap":{"functional-code":{"insertions":0,"deletions":4},"test-code":{"insertions":6,"deletions":0}}}]},{"date":"2022-03-18","commitResults":[{"hash":"b79c711b9d45f276cd1ad7bf137b1372e47690d4","messageTitle":"Add tests and additional messages to ListProcCommand","messageBody":"","fileTypesAndContributionMap":{"functional-code":{"insertions":12,"deletions":3},"test-code":{"insertions":55,"deletions":3}}},{"hash":"ce2725003641a6d4648d97a00cf2ecaaad3d1b77","messageTitle":"Add newline to MESSAGE_USAGE","messageBody":"","fileTypesAndContributionMap":{"functional-code":{"insertions":1,"deletions":1}}}]},{"date":"2022-03-22","commitResults":[{"hash":"3620627c2ef84a377ff9be14c2c3638d3fef95c6","messageTitle":"Update DG","messageBody":"","fileTypesAndContributionMap":{"functional-code":{"insertions":0,"deletions":1},"docs":{"insertions":128,"deletions":0}}}]},{"date":"2022-03-23","commitResults":[{"hash":"efbcef93b26f9752ea28d854832d85e29b571215","messageTitle":"Add assertion support","messageBody":"","fileTypesAndContributionMap":{"other":{"insertions":4,"deletions":0}}},{"hash":"7ba4880ea354fdd5bbf4dfa85e79c65984ec5590","messageTitle":"Update screenshot of listProc Command","messageBody":"","fileTypesAndContributionMap":{"docs":{"insertions":35,"deletions":38}}},{"hash":"d3adce2e54511fd045e90ff8e3d97d474d87115b","messageTitle":"Fix style issue","messageBody":"","fileTypesAndContributionMap":{"docs":{"insertions":1,"deletions":1}}},{"hash":"d945f5a9a85871a375c158f1968608d3e460e208","messageTitle":"Fix style issue attempt 2","messageBody":"","fileTypesAndContributionMap":{"docs":{"insertions":4,"deletions":4}}}]},{"date":"2022-03-24","commitResults":[{"hash":"d069710be18505496f2d20987f09276bd6d4e4d6","messageTitle":"Update UserGuide.md","messageBody":"","fileTypesAndContributionMap":{"docs":{"insertions":20,"deletions":6}}},{"hash":"92dfd14069f7228128b3515c60ecdbdc24b86283","messageTitle":"Fix style issue","messageBody":"","fileTypesAndContributionMap":{"docs":{"insertions":1,"deletions":1}}},{"hash":"f32beed38ab1df6c4e71a639f16099d54aaeb2d1","messageTitle":"Fix my part of DG","messageBody":"","fileTypesAndContributionMap":{"docs":{"insertions":2,"deletions":3}}},{"hash":"98b050e38b297d2c43c291f9aaddb0a7d965e93b","messageTitle":"Fixed documentation style issues","messageBody":"","fileTypesAndContributionMap":{"docs":{"insertions":8,"deletions":6}}},{"hash":"bbee4036967f00d9ffbbc7f2ae7275d4693f66db","messageTitle":"Remove space before toc","messageBody":"","fileTypesAndContributionMap":{"docs":{"insertions":1,"deletions":2}}},{"hash":"1351990d0612817832191dff55e19ebcf439af62","messageTitle":"Add toc","messageBody":"","fileTypesAndContributionMap":{"docs":{"insertions":3,"deletions":0}}},{"hash":"4a972966fc07bca4fe66a93e60853850ae724545","messageTitle":"Add command word on listProc section","messageBody":"","fileTypesAndContributionMap":{"docs":{"insertions":1,"deletions":1}}}]}],"teominghuang":[{"date":"2022-02-26","commitResults":[{"hash":"0f6354fb526f4aaa4f376ffe42c5f9a07496fc65","messageTitle":"Edit AboutUs.md","messageBody":"The AboutUs is the sample provided and it can be confusing when the user\nlike to contact the developers for Networkers.\n\nAdd my profile into the AboutUs file.\n\nEdit UserGuide.md\n\nThe User Guide is the sample provided and it can be confusing to follow\n when it does not reflect the current product.\n\nChange and edit the User Guide to reflect the one written in the google\ndocs.\n\nAdd teominghuang.md\n\nWe are trying to get used to creating a skeletal PPP. This allows\nemployees and the module to track user contribution.\n\nAdd my own profile and contribution into the skeletal PPP to get used\nto the feature.\n","fileTypesAndContributionMap":{"docs":{"insertions":124,"deletions":148}}},{"hash":"d0b86120923b2822d70321a48ad51ea39f160248","messageTitle":"Edit User Guide","messageBody":"User Guide is tracked by RepoSense. I changed it to include only the\nportion which I will be touching on for RepoSense to track it easily.\n","fileTypesAndContributionMap":{"docs":{"insertions":1,"deletions":92}}},{"hash":"fbeed4500cdca21396d9949d5df00b45b0ce91f0","messageTitle":"Edit User Guide Part 2","messageBody":"User Guide is tracked by RepoSense. I changed it to include only the\nportion which I will be touching on for RepoSense to track it easily.\n","fileTypesAndContributionMap":{"docs":{"insertions":0,"deletions":4}}}]},{"date":"2022-02-27","commitResults":[{"hash":"5eabc06176b57ba30c6f6e91e5c86d7a2921115e","messageTitle":"Edit UserGuide","messageBody":"","fileTypesAndContributionMap":{"docs":{"insertions":12,"deletions":8}}}]},{"date":"2022-03-12","commitResults":[{"hash":"e1c07963e1d48b97d5a4f344968927ded20eb659","messageTitle":"Connect procedure to other dependencies.","messageBody":"When left unconnected, other dependencies are unable to account for Procedures.\n\nThis edit shoud allow  dependencies of Procedure to account for it.\n","fileTypesAndContributionMap":{"functional-code":{"insertions":169,"deletions":10},"test-code":{"insertions":23,"deletions":9}}},{"hash":"239a02c21f0f962c37f2bebc25f080a6dd238357","messageTitle":"Resolve checkstyle issue","messageBody":"","fileTypesAndContributionMap":{"functional-code":{"insertions":10,"deletions":7},"test-code":{"insertions":18,"deletions":9}}}]},{"date":"2022-03-13","commitResults":[{"hash":"0954dc18e8c92bd188e455e4a11d59e4dc2c7362","messageTitle":"Create DeleteProcedure Command","messageBody":"The users are currently unable to delete Procedures from a Client.\n\nThis command would help to facilitate the command and that deletion\nprocess.\n\nThis is important for the users to perform basic CRUD functions.\n","fileTypesAndContributionMap":{"functional-code":{"insertions":224,"deletions":9}}},{"hash":"bc4d0552fe1a7088a51bddf6d1311256d2df0339","messageTitle":"Integrate tests","messageBody":"To allow for a more comprehensive testing unit.\n\nThis allows developer to get a tangible metric when\ntheir implementation affects this feature.\n","fileTypesAndContributionMap":{"functional-code":{"insertions":4,"deletions":20},"test-code":{"insertions":53,"deletions":0}}}]},{"date":"2022-03-14","commitResults":[{"hash":"69e9525f145b1c87e6242067cfeb0f21677a5e5e","messageTitle":"Create Completion and ClientInfo attribute","messageBody":"There was no way to indicate completion status prior.\nWith this, there is now an attribute to signal\nProcedure completion.\n\nThere was also no way to indicate the client\nwhom the procedure belongs to earlier. With this\ncommit, there will be a backwards link to the client\nfrom the Procedure.\n","fileTypesAndContributionMap":{"functional-code":{"insertions":150,"deletions":11}}},{"hash":"01ee7dadd99adddada434fe27a01db3c7eadf503","messageTitle":"Removed ClientInfo attribute","messageBody":"We needed it prior for a backward link,\nhowever, now that we have establish that we do\nnot require it for the current features, we\ndeleted it to clean up the code base.\n","fileTypesAndContributionMap":{"functional-code":{"insertions":17,"deletions":80}}},{"hash":"208d6e4755a448879f8864a7c9c5df26402ad7aa","messageTitle":"Resolve merge conflicts","messageBody":"","fileTypesAndContributionMap":{"functional-code":{"insertions":140,"deletions":128},"test-code":{"insertions":14,"deletions":34}}},{"hash":"f125e6abcb5ec4b2ac89dfb849583f7ae9930f49","messageTitle":"Edit trivial messages","messageBody":"This allows for better user experience.\n","fileTypesAndContributionMap":{"functional-code":{"insertions":2,"deletions":2}}}]},{"date":"2022-03-15","commitResults":[{"hash":"8b5c0d83ef46b6b0adc122878df860a1ab32e5f7","messageTitle":"Change variable names to coding standard","messageBody":"","fileTypesAndContributionMap":{"functional-code":{"insertions":25,"deletions":27},"test-code":{"insertions":6,"deletions":6}}},{"hash":"5919d6fb560a0b9e0754c13a97f9bd5e44a66822","messageTitle":"Fix trivial bugs","messageBody":"","fileTypesAndContributionMap":{"functional-code":{"insertions":10,"deletions":10},"test-code":{"insertions":1,"deletions":1}}},{"hash":"b5d29f6fd091bc5027535dcbc800f7217077e762","messageTitle":"Remove wildcard import","messageBody":"","fileTypesAndContributionMap":{"functional-code":{"insertions":5,"deletions":1}}},{"hash":"fe28c364b1a129df5de540cb52402d323e08d5bf","messageTitle":"Add more Procedure Tests","messageBody":"Procedure Tests do not cover jUnit tests for Completion class.\n\nA comprehensive jUnit tests ensure that the current system lives\nup to scrutiny and helps to automate testing process.\n\nCreating a comprehensive testing unit for the system improves\ncode quality.\n\nLet\u0027s work on Procedure tests to cover all the different attributes.\n","fileTypesAndContributionMap":{"functional-code":{"insertions":3,"deletions":3},"test-code":{"insertions":76,"deletions":19}}},{"hash":"c4e29e860199bfc6d55aaf54c53b9f7e4820fda9","messageTitle":"Fix minor bugs","messageBody":"","fileTypesAndContributionMap":{"functional-code":{"insertions":1,"deletions":1}}}]},{"date":"2022-03-18","commitResults":[{"hash":"eaa85968ae72bfd04e008c7cc1469e193c8909fe","messageTitle":"Fix trivial checkstyle issue","messageBody":"","fileTypesAndContributionMap":{"functional-code":{"insertions":1,"deletions":2}}},{"hash":"fd71510ab8977bf27318741c2b5b0d562e1fa338","messageTitle":"Fix checkstyle trivial issue","messageBody":"","fileTypesAndContributionMap":{"functional-code":{"insertions":4,"deletions":6}}}]},{"date":"2022-03-23","commitResults":[{"hash":"1a7d88e5f8741ae12b5129f3a41c6b691d8972ab","messageTitle":"Create Sequence Diagram","messageBody":"","fileTypesAndContributionMap":{"docs":{"insertions":84,"deletions":1}}}]},{"date":"2022-03-24","commitResults":[{"hash":"92246c7211de79849fa9829664a09e1cd2a42cec","messageTitle":"Add deleteProc feature to developer guide\u0027s implementation","messageBody":"","fileTypesAndContributionMap":{"docs":{"insertions":43,"deletions":83}}},{"hash":"a85ac1cd3260203e9b12b0de972d1bbd752cdf54","messageTitle":"Add deleteProc pUML diagram file into the commit","messageBody":"","fileTypesAndContributionMap":{"docs":{"insertions":113,"deletions":0}}},{"hash":"97fc2224abf49c947a83fb355da8f4b58d93f909","messageTitle":"Fix checkstyle issues","messageBody":"","fileTypesAndContributionMap":{"docs":{"insertions":13,"deletions":13}}},{"hash":"5fcf6a36dcdc86ef1cbaf8a85e6fa70f40be9b90","messageTitle":"Add diagram for DeleteProcState(s)","messageBody":"","fileTypesAndContributionMap":{"docs":{"insertions":42,"deletions":0}}},{"hash":"07fc33e2095235b3eaff41953f1a91a9f44d21de","messageTitle":"Fix checkstyle issues","messageBody":"","fileTypesAndContributionMap":{"docs":{"insertions":1,"deletions":1}}},{"hash":"d52c046f812419b6c641978ff1f140fc138266ee","messageTitle":"Minor changes to DG","messageBody":"","fileTypesAndContributionMap":{"docs":{"insertions":1,"deletions":1}}},{"hash":"e13c730de2ba733e5defc459d2cd643a814e9c46","messageTitle":"Fix checkstyle issues","messageBody":"","fileTypesAndContributionMap":{"docs":{"insertions":1,"deletions":1}}},{"hash":"b0c11b9e05295af873bcb4d9cb2e00a654def16a","messageTitle":"Fix Markdown formatting in Developer Guide","messageBody":"","fileTypesAndContributionMap":{"docs":{"insertions":1,"deletions":2}}},{"hash":"e4c5bc0cebba034ce3c58a6453c7edd2a4231064","messageTitle":"Delete Undo and Redo feature from DeveloperGuide","messageBody":"","fileTypesAndContributionMap":{"docs":{"insertions":1,"deletions":77}}},{"hash":"8796b12abab3f3849b8364807a95c4dbedff14a4","messageTitle":"Remove duplicate image from the DeveloperGuide","messageBody":"","fileTypesAndContributionMap":{"docs":{"insertions":0,"deletions":1}}}]}],"aceszhenwei":[{"date":"2022-02-26","commitResults":[{"hash":"6a32b79d2d453b15d4d45eb30c7eef6129f02e79","messageTitle":"Update AboutUs.md","messageBody":"","fileTypesAndContributionMap":{"docs":{"insertions":3,"deletions":5}}}]},{"date":"2022-02-27","commitResults":[{"hash":"96481a198f8d33a5721faeb667383cb4c3d26792","messageTitle":"Update AboutUs.md","messageBody":"","fileTypesAndContributionMap":{"docs":{"insertions":3,"deletions":1}}},{"hash":"ad7ee6efbcd647f1f9509bb2901dc43831a2966b","messageTitle":"Update UserGuide.md","messageBody":"Updated UserGuide with deleteClient to satisfy tP requirement.","fileTypesAndContributionMap":{"docs":{"insertions":24,"deletions":174}}},{"hash":"88192838b8f12335bab4b8bbd058ce6f687703bd","messageTitle":"Add Alexander skeletal PPP","messageBody":"","fileTypesAndContributionMap":{"docs":{"insertions":32,"deletions":46}}}]},{"date":"2022-03-07","commitResults":[{"hash":"00c51f27b6095db8bc32de4bf68fef2acf97dbf4","messageTitle":"Update DeleteCommand.java","messageBody":"Updated the command string required for delete to deleteClient\n","fileTypesAndContributionMap":{"functional-code":{"insertions":3,"deletions":3}}}]},{"date":"2022-03-08","commitResults":[{"hash":"472bdc2614dd542e5dcca139363dc6ac6ecfdde7","messageTitle":"Update LogicManagerTest.java","messageBody":"","fileTypesAndContributionMap":{"test-code":{"insertions":1,"deletions":1}}}]},{"date":"2022-03-09","commitResults":[{"hash":"1562b15ba24711cd9971e6eb6b8ca9c693dc4ed6","messageTitle":"Update Client Name","messageBody":"Person classes and attributes within methods were refactored to Client in order to keep in theme with our tP.\n","fileTypesAndContributionMap":{"functional-code":{"insertions":409,"deletions":415},"other":{"insertions":181,"deletions":184},"docs":{"insertions":43,"deletions":43},"test-code":{"insertions":693,"deletions":696}}}]},{"date":"2022-03-10","commitResults":[{"hash":"e1b1bc0d31251d334c883dc28da2dfdc8980779b","messageTitle":"Update Person to Clients v2","messageBody":"","fileTypesAndContributionMap":{"functional-code":{"insertions":6,"deletions":7},"other":{"insertions":1,"deletions":1}}},{"hash":"d1d495b55439246770d7ce5560c413248050ff88","messageTitle":"Fix Person to Client Bug","messageBody":"Originally, there was a NullPointerException that was triggered in the UiManager class.\n\nIdentified the bug within ClientListPanel due to a capital error mistake. Hence, this update is to patch the bug.\n","fileTypesAndContributionMap":{"functional-code":{"insertions":4,"deletions":3}}}]},{"date":"2022-03-11","commitResults":[{"hash":"c4bd96fb335de180f6a89df9c0df9fd2696fd959","messageTitle":"Update LogicManagerTest.java","messageBody":"Corrected a mispelling within LogicManagerTest from \u0027Person\u0027 to \u0027Client\u0027\n","fileTypesAndContributionMap":{"test-code":{"insertions":1,"deletions":1}}}]},{"date":"2022-03-18","commitResults":[{"hash":"074db307eb3fe70797a7e0b851448327a5e64372","messageTitle":"Add Autosort Feature","messageBody":"Implemented an autosort feature whereby the procedures will get autosort by date when a client adds them.\n\nIn essence, the newly added Procedures will be sorted by LocalDate (in ascending order), in which the more urgent ones will be placed on top.\n","fileTypesAndContributionMap":{"functional-code":{"insertions":14,"deletions":4}}},{"hash":"91bd5443f0a9ab483eaa8f0dac06d6f05b09bc7b","messageTitle":"Fixed Checkstyle Errors","messageBody":"","fileTypesAndContributionMap":{"functional-code":{"insertions":8,"deletions":7}}}]},{"date":"2022-03-21","commitResults":[{"hash":"dd432bdad1022b5e8c3e31ed807175f8e60aa6d0","messageTitle":"Update LocalDate to LocalDateTime","messageBody":"In the previous PR, the comparison between the two Date classes for the autosort feature was between LocalDate.\n\nHowever, in a later update to master, we have updated the Date class to use LocalDateTime instead. Hence, this PR is to update the autosort feature to reflect that.\n\nThis PR also updated the compareTo to compare the Date class with another Date object as commented by @iztanpy.\n","fileTypesAndContributionMap":{"functional-code":{"insertions":3,"deletions":3}}}]},{"date":"2022-03-22","commitResults":[{"hash":"4d1183de658cb5fd83748ec47072a963f192b4bf","messageTitle":"Add AddProcCommand into DG","messageBody":"As per tP requirements, this PR\u0027s goal is to add Alexander\u0027s portion to the DG. This commit adds the Sequence Diagram for AddProcCommand.\n","fileTypesAndContributionMap":{"docs":{"insertions":111,"deletions":0}}}]},{"date":"2022-03-23","commitResults":[{"hash":"86f08d2c9ced458ec1c2c53f2ab0855c313b5378","messageTitle":"Update DG","messageBody":"Updated DG as per tP specifications.\n\nThis is a second part commit to build upon the previous one. The sequence diagram has been corrected and the main DG itself has addProc command reflected in it.\n","fileTypesAndContributionMap":{"docs":{"insertions":37,"deletions":27}}}]},{"date":"2022-03-24","commitResults":[{"hash":"04baa63c92443b8b108457b8500a5d70ec319c04","messageTitle":"Update Date.java","messageBody":"","fileTypesAndContributionMap":{"functional-code":{"insertions":0,"deletions":4}}},{"hash":"36094a592a5e7ecad35d03b568aef80108b2cc14","messageTitle":"Update UG as per tP requirements","messageBody":"This is a partial update to the UG to match our current progress. Some examples include updating the mock-up GUI to proper screenshots of our app.\n","fileTypesAndContributionMap":{"docs":{"insertions":37,"deletions":29}}}]},{"date":"2022-03-25","commitResults":[{"hash":"5a1561a602e9c9b744485538a44f0c27d2c0d4e8","messageTitle":"Add AutoSort Tests","messageBody":"Added (pseudo) randomly generated tests. These tests will take three random procedures and attempt to sort them via addProcCommand\u0027s method. Then, it will compare this new Procedure list with an expected, previously sorted one.\n","fileTypesAndContributionMap":{"functional-code":{"insertions":1,"deletions":1},"test-code":{"insertions":159,"deletions":6}}},{"hash":"927aa45c3fe5e166fb72301d3ccf73ffce39ec4a","messageTitle":"Update Autosort Tests","messageBody":"Fixed poor usage of magic numbers. Added in two leap years in date generator for variety. Added in Javadoc in a method in addProcCommand.\n","fileTypesAndContributionMap":{"functional-code":{"insertions":3,"deletions":0},"test-code":{"insertions":15,"deletions":26}}},{"hash":"97f32388adaf3d16cf01f2268ad9b40af705ac47","messageTitle":"Fixed Checkstyle Issues","messageBody":"","fileTypesAndContributionMap":{"test-code":{"insertions":29,"deletions":32}}}]}]},"authorFileTypeContributionMap":{"iztanpy":{"docs":339,"functional-code":500,"test-code":681},"jbkim1999":{"docs":286,"functional-code":627,"test-code":574},"robinrojh":{"docs":160,"functional-code":364,"test-code":113,"other":5},"teominghuang":{"docs":185,"functional-code":439,"test-code":145},"aceszhenwei":{"docs":149,"functional-code":272,"test-code":632}},"authorContributionVariance":{"iztanpy":41957.27,"jbkim1999":251947.08,"robinrojh":8819.081,"teominghuang":19342.05,"aceszhenwei":192339.31},"authorDisplayNameMap":{"iztanpy":"CS2103T-W13-1 ISAA.. YEW","jbkim1999":"CS2103T-W13-1 KIM ..GBAE","robinrojh":"CS2103T-W13-1 ROH ..G GI","teominghuang":"CS2103T-W13-1 TEO ..UANG","aceszhenwei":"CS2103T-W13-1 ALEX..NWEI"}}
