{"authorDailyContributionsMap":{"yl-ang":[{"date":"2022-02-23","commitResults":[{"hash":"d058725cc005171ca4dd656307e8379273587e66","messageTitle":"Update AboutUs","messageBody":"","fileTypesAndContributionMap":{"docs":{"insertions":33,"deletions":5}}},{"hash":"42455c3e152e8b84b183f96d468fe050618b2480","messageTitle":"Update README","messageBody":"","fileTypesAndContributionMap":{"docs":{"insertions":14,"deletions":11}}}]},{"date":"2022-02-24","commitResults":[{"hash":"c346288c9bce59c9c4f30b7f784b2b772d2bf7eb","messageTitle":"Update user guide","messageBody":"","fileTypesAndContributionMap":{"docs":{"insertions":20,"deletions":10}}},{"hash":"466802fa3934c7674ad97ede42cef0c75060b811","messageTitle":"Fix typo","messageBody":"","fileTypesAndContributionMap":{"docs":{"insertions":1,"deletions":1}}}]},{"date":"2022-03-01","commitResults":[{"hash":"4ebafad4f4ec63d95b592ebaaebb8e27eb278a61","messageTitle":"Fix header in README","messageBody":"","fileTypesAndContributionMap":{"docs":{"insertions":1,"deletions":1}}},{"hash":"2e854acce7ec5b5239e9ad1cd372d9c34e018091","messageTitle":"Update README to include user and developer guide hyperlinks.","messageBody":"","fileTypesAndContributionMap":{"docs":{"insertions":1,"deletions":1}}}]},{"date":"2022-03-04","commitResults":[{"hash":"174b4a29881b5a31fb179eb85715e5dba3ac5add","messageTitle":"Update DG product scope","messageBody":"","fileTypesAndContributionMap":{"docs":{"insertions":1,"deletions":1}}},{"hash":"d528f5f072f14ced40e3ce7942745a22b8db22ea","messageTitle":"Update DG product scope","messageBody":"","fileTypesAndContributionMap":{"docs":{"insertions":1,"deletions":1}}}]},{"date":"2022-03-07","commitResults":[{"hash":"6cd0015d0f183f42e7eead4b1949d65f203553a3","messageTitle":"Update index.html and config.yml to reflect in our GitHub page","messageBody":"","fileTypesAndContributionMap":{"docs":{"insertions":5,"deletions":5}}}]}],"yuqitanyq":[{"date":"2022-02-23","commitResults":[{"hash":"958b12bfdf15024c29bcff4b5939994dec5f2bfc","messageTitle":"Included Own Details for AboutUs page","messageBody":"","fileTypesAndContributionMap":{"docs":{"insertions":7,"deletions":7}}}]},{"date":"2022-02-24","commitResults":[{"hash":"c45912ce1238ebcc3291205015f5f5b2ea053464","messageTitle":"Add Details Of User Guide","messageBody":"","fileTypesAndContributionMap":{"docs":{"insertions":7,"deletions":11}}},{"hash":"468ed777ed9107c4d376ab1b1937d7934750e09b","messageTitle":"Update Project Portfolio Page","messageBody":"","fileTypesAndContributionMap":{"docs":{"insertions":13,"deletions":25}}},{"hash":"be692b11feeab6e35a2e01651642a6c81ddbce76","messageTitle":"Add User Stories into Developer Guide","messageBody":"","fileTypesAndContributionMap":{"docs":{"insertions":35,"deletions":8}}},{"hash":"2b646faadaf6970ca9107ea6ccdd5bb1e74e970d","messageTitle":"Update The AboutUs Page","messageBody":"","fileTypesAndContributionMap":{"docs":{"insertions":3,"deletions":3}}}]},{"date":"2022-02-27","commitResults":[{"hash":"1e9a551e275aa5bb651b67dc5b1c7f75724164d6","messageTitle":"Format Summary Of Commands Into 3 Tables","messageBody":"Current Implementation compresses all commands into one table.\n\nThis is not neat and prevents easy reading for user.\n\nLet\u0027s\nSplit commands into 3 categories, Patron, Book and General Commands.\n","fileTypesAndContributionMap":{"docs":{"insertions":27,"deletions":5}}},{"hash":"f26976406424a1f0f4746e88ebae71dcee1601a0","messageTitle":"Fix Minor Styling Issues","messageBody":"","fileTypesAndContributionMap":{"docs":{"insertions":6,"deletions":8}}},{"hash":"9f951d2fd41ee75ce526ad944f76830635cff4ec","messageTitle":"Fix Spacing Issues","messageBody":"","fileTypesAndContributionMap":{"docs":{"insertions":4,"deletions":4}}},{"hash":"aa9a3a6dc53b878a2a8d316eaecc2df805203bbc","messageTitle":"Add new line at EOF","messageBody":"","fileTypesAndContributionMap":{"docs":{"insertions":1,"deletions":1}}}]},{"date":"2022-03-05","commitResults":[{"hash":"ffac790f15d905e3ca5a0b2cd3231cb81338520c","messageTitle":"Modify the order, format of commands in the Command Summary and fix rendering bug","messageBody":"","fileTypesAndContributionMap":{"docs":{"insertions":22,"deletions":23}}},{"hash":"069dd0544159bbb23b44c3201b4e4ee3252a7eb3","messageTitle":"Fix layout format of the PPP and edited responsibilities","messageBody":"","fileTypesAndContributionMap":{"docs":{"insertions":6,"deletions":12}}}]},{"date":"2022-03-06","commitResults":[{"hash":"8964ed60c0ca6376a1f1b027c6a049b0855a1d7d","messageTitle":"Fixing Table Rendering Bug and Include Emojis","messageBody":"","fileTypesAndContributionMap":{"docs":{"insertions":27,"deletions":22}}},{"hash":"f6d4af0a7a8bc3d350c7df3ce2884529bb2a1f06","messageTitle":"Modify the format of the command for the last command","messageBody":"","fileTypesAndContributionMap":{"docs":{"insertions":6,"deletions":6}}}]}],"bingsen0806":[{"date":"2022-02-24","commitResults":[{"hash":"adbdf07beac2e6130af6503f4ee9fc985d58ac40","messageTitle":"Add AboutUs and PPP for bingsen","messageBody":"","fileTypesAndContributionMap":{"docs":{"insertions":36,"deletions":8}}}]},{"date":"2022-03-01","commitResults":[{"hash":"b9ee362b1a3d85d222608146107fc4466d01ff33","messageTitle":"Update User Guide to include Books Features","messageBody":"","fileTypesAndContributionMap":{"docs":{"insertions":62,"deletions":37}}}]}],"Halpfrog":[{"date":"2022-02-26","commitResults":[{"hash":"cd4c1d5491186edc7d12ee3265700f0ea7b246a4","messageTitle":"Update AboutUs for Sarthak. Add a png image for Sarthak and update PPP","messageBody":"","fileTypesAndContributionMap":{"docs":{"insertions":41,"deletions":5}}}]},{"date":"2022-03-02","commitResults":[{"hash":"857e3ee8bb8aacab8e0df17811b75f187ee7f120","messageTitle":"Add Use cases, NFR and Glossary to Developer Guide","messageBody":"","fileTypesAndContributionMap":{"docs":{"insertions":324,"deletions":36}}},{"hash":"ba734a2c3401c82d626970cfb738a5f38793fcfa","messageTitle":"Fix bugs with headers","messageBody":"","fileTypesAndContributionMap":{"docs":{"insertions":13,"deletions":13}}},{"hash":"81395ac318cc4192e197a113a8195daa40563a42","messageTitle":"Fix bugs with headers","messageBody":"","fileTypesAndContributionMap":{"docs":{"insertions":1,"deletions":1}}},{"hash":"695284b14cea4fcb1ad2f49a146f8e27166d21e0","messageTitle":"Fix bugs with headers","messageBody":"","fileTypesAndContributionMap":{"docs":{"insertions":1,"deletions":1}}}]}],"aditi2313":[{"date":"2022-02-25","commitResults":[{"hash":"eed78d39c14044d369f8731fdffe26c4cabd2b38","messageTitle":"AboutUs and PPP updates.","messageBody":"","fileTypesAndContributionMap":{"docs":{"insertions":33,"deletions":5}}}]},{"date":"2022-03-01","commitResults":[{"hash":"4f2415b734c7effc7b6e0b7f014109402c45c8e5","messageTitle":"Add patron commands to UG.","messageBody":"","fileTypesAndContributionMap":{"docs":{"insertions":1,"deletions":1}}},{"hash":"4cb5c50d7413efea8cf5cc5cbcd64e7266d38e71","messageTitle":"Add patron commands to User Guide.","messageBody":"","fileTypesAndContributionMap":{"docs":{"insertions":32,"deletions":32}}}]}]},"authorFileTypeContributionMap":{"yl-ang":{"docs":72,"functional-code":0,"test-code":0},"yuqitanyq":{"docs":82,"functional-code":0,"test-code":0},"bingsen0806":{"docs":98,"functional-code":0,"test-code":0},"Halpfrog":{"docs":331,"functional-code":0,"test-code":0},"aditi2313":{"docs":66,"functional-code":0,"test-code":0}},"authorContributionVariance":{"yl-ang":245.3118,"yuqitanyq":948.9042,"bingsen0806":588.9414,"Halpfrog":7980.8403,"aditi2313":288.8395},"authorDisplayNameMap":{"yl-ang":"CS2103T-W14-1 ANG ..IANG","yuqitanyq":"CS2103T-W14-1 TAN ..U QI","bingsen0806":"CS2103T-W14-1 LIM .. SEN","Halpfrog":"CS2103T-W14-1 SART..DHAN","aditi2313":"CS2103T-W14-1 GUPT..DITI"}}
