{"authorDailyContributionsMap":{"brian16600":[{"date":"2022-03-01","commitResults":[{"hash":"cdd302283c68cae48cb7d0815fe9e84e3f9705b0","messageTitle":"Added AboutUs","messageBody":"","fileTypesAndContributionMap":{"docs":{"insertions":46,"deletions":0}}}]},{"date":"2022-03-02","commitResults":[{"hash":"af31fd708e5497f3e770d807789d21cf6eb311db","messageTitle":"Added image and changed AboutUs","messageBody":"","fileTypesAndContributionMap":{"docs":{"insertions":3,"deletions":3}}},{"hash":"0e24c23b2b00b1d6bb0cfd1f2e70595cd0ea21df","messageTitle":"Add command in UserGuide.md for both add task and add contact","messageBody":"","fileTypesAndContributionMap":{"docs":{"insertions":16,"deletions":7}}},{"hash":"b56ef05267b047481f9b6b854f046ce13d48f192","messageTitle":"Add 2 use cases, delete contact and update task in DG.","messageBody":"","fileTypesAndContributionMap":{"docs":{"insertions":26,"deletions":0}}}]},{"date":"2022-03-05","commitResults":[{"hash":"54144e684289acab786dfa780711c4d711f55657","messageTitle":"Update checkstyle violations","messageBody":"","fileTypesAndContributionMap":{"docs":{"insertions":5,"deletions":4}}},{"hash":"eacd5e762d522e1e3d8a252ea7500223fcd02f75","messageTitle":"Update name","messageBody":"","fileTypesAndContributionMap":{"docs":{"insertions":1,"deletions":1}}},{"hash":"3cad26c28733393e766b1a311773939915553f85","messageTitle":"Change styling","messageBody":"","fileTypesAndContributionMap":{"docs":{"insertions":1,"deletions":2}}},{"hash":"02fbd4519f26201c3162cfac059012c0ba100658","messageTitle":"Change brian16600.md","messageBody":"","fileTypesAndContributionMap":{"docs":{"insertions":1,"deletions":3}}},{"hash":"69cdd1f10d342389f1deb88fffd8bb0b8a7fedbd","messageTitle":"Change brian16600.md","messageBody":"","fileTypesAndContributionMap":{"docs":{"insertions":22,"deletions":20}}},{"hash":"7714609a4d9c85bcba74c972e6ae8bec6872de3f","messageTitle":"Update brian16600.md since previous commit failed checkstyle","messageBody":"","fileTypesAndContributionMap":{"docs":{"insertions":1,"deletions":1}}},{"hash":"9281b79fa8d193afe403538a4028f5f08156fec5","messageTitle":"Add newline at EOF in brian16600.md","messageBody":"","fileTypesAndContributionMap":{"docs":{"insertions":2,"deletions":1}}}]},{"date":"2022-03-08","commitResults":[{"hash":"25d9957a58bc8ec519f84548cdbac8408d6da09b","messageTitle":"AddTask implementation: Add AddTaskCommand.java, AddTaskCommandParser.java, Task.java, TaskList.java and modified CliSyntax.java and AddressBookParser.java","messageBody":"","fileTypesAndContributionMap":{"functional-code":{"insertions":150,"deletions":1}}},{"hash":"13d0dc6e56ba3959c2c689779bd7bbb4c400d8df","messageTitle":"Further changes: Add JsonTasksStorage.java, Tasks.java and modified inputs of ModelManager to handle Tasks","messageBody":"","fileTypesAndContributionMap":{"functional-code":{"insertions":148,"deletions":14}}}]},{"date":"2022-03-15","commitResults":[{"hash":"f4a4a29217e1bf9c29d0ba57d84b5307735696f9","messageTitle":"Update Task with new parameter: Tag to represent tagging of a task Update AssignCommand, UnassignCommand, AddTaskCommand to reflect the tagging Update test cases in SampleDataUtil Update Structure of Task object to include Tag Update ReadOnlyTaskList interface to add addTask()","messageBody":"Clean up documentation of UG and various methods\n","fileTypesAndContributionMap":{"functional-code":{"insertions":123,"deletions":29},"docs":{"insertions":15,"deletions":15}}},{"hash":"2c13f1c6c8059d3c8409e9589f69a9132a16a14c","messageTitle":"Change AboutUs for adrianongjj.jpg to adrianongjj.png","messageBody":"","fileTypesAndContributionMap":{"docs":{"insertions":1,"deletions":1}}},{"hash":"7cf8e252977bccb454ce521b619479c262739dbf","messageTitle":"Update Test folder and test cases","messageBody":"","fileTypesAndContributionMap":{"test-code":{"insertions":24,"deletions":11}}},{"hash":"aee6963412ffb6ca7cbe844318f15e1130b297ac","messageTitle":"Change valid regex of Tag to ASCII instead of alphanumeric since it was not accepting blank spaces","messageBody":"","fileTypesAndContributionMap":{"functional-code":{"insertions":2,"deletions":2},"test-code":{"insertions":5,"deletions":0}}},{"hash":"5c99e2022feede87559a1620305ee5b97e1c245e","messageTitle":"Change parser tests to accomodate for changes in tag type","messageBody":"","fileTypesAndContributionMap":{"test-code":{"insertions":1,"deletions":5}}},{"hash":"3715b51f7a391019206c37453649e352ac334146","messageTitle":"Update based on checkstyle","messageBody":"","fileTypesAndContributionMap":{"test-code":{"insertions":0,"deletions":3}}},{"hash":"0a436ea394a603e6482c723a4aebb4593827585e","messageTitle":"Update test cases further","messageBody":"","fileTypesAndContributionMap":{"test-code":{"insertions":0,"deletions":13}}},{"hash":"0a200a471276a4e01d9e21178898f9a8db3139df","messageTitle":"Clean checkstyle","messageBody":"","fileTypesAndContributionMap":{"test-code":{"insertions":0,"deletions":2}}}]},{"date":"2022-03-17","commitResults":[{"hash":"feee865d7f45501b2729b54617bf3840a9bbaeed","messageTitle":"Fix testing errors in DeleteTaskCommandTest.java","messageBody":"","fileTypesAndContributionMap":{"test-code":{"insertions":6,"deletions":0}}},{"hash":"c4d35bc132beb838c804674c4833b941f62dbb5e","messageTitle":"Change AddCommand, AddCommandParser, EditCommand, EditCommandParser. AddCommand no longer requires address. EditCommand no longer requires address","messageBody":"","fileTypesAndContributionMap":{"functional-code":{"insertions":26,"deletions":21}}},{"hash":"fb8ea26b614f09a23e4e4c7068602367be18d4a2","messageTitle":"Change Test Cases and Update UserGuide accordingly","messageBody":"","fileTypesAndContributionMap":{"functional-code":{"insertions":12,"deletions":0},"docs":{"insertions":48,"deletions":33},"test-code":{"insertions":57,"deletions":13}}},{"hash":"6b2aae7b8da56c0e0af0ce9d6cd9c7f7b1090d92","messageTitle":"Minor edits to UG","messageBody":"","fileTypesAndContributionMap":{"docs":{"insertions":1,"deletions":0}}},{"hash":"23c1d545d42de9624bd7185b733c3af9a6c9a8d1","messageTitle":"Minor changes to LogicManagerTest","messageBody":"","fileTypesAndContributionMap":{"test-code":{"insertions":3,"deletions":0}}},{"hash":"d35abb5476306c1bee68af8c5a022a9cd7697eff","messageTitle":"Minor changes to LogicManagerTest imports","messageBody":"","fileTypesAndContributionMap":{"test-code":{"insertions":7,"deletions":4}}},{"hash":"fc092f34a5a167be55f5b4b4867189fc61e88c7a","messageTitle":"Minor changes to LogicManagerTest imports","messageBody":"","fileTypesAndContributionMap":{"test-code":{"insertions":0,"deletions":1}}}]},{"date":"2022-03-21","commitResults":[{"hash":"c027a3c6b28cda866519d13d6eaea44716d55f7a","messageTitle":"Made changes to include Username field","messageBody":"","fileTypesAndContributionMap":{"functional-code":{"insertions":162,"deletions":67},"test-code":{"insertions":60,"deletions":42}}}]},{"date":"2022-03-22","commitResults":[{"hash":"726a144d343160535afe15b15328bc69afe83c65","messageTitle":"Changes to Test cases","messageBody":"","fileTypesAndContributionMap":{"functional-code":{"insertions":29,"deletions":7},"test-code":{"insertions":19,"deletions":22}}},{"hash":"7ccb67e52da5e58aa0405beec542d1820d6f647f","messageTitle":"Update uniqueness of contacts in addcommand. Contacts now need different names, phone numbers, emails and usernames.","messageBody":"","fileTypesAndContributionMap":{"functional-code":{"insertions":104,"deletions":3},"docs":{"insertions":1,"deletions":1},"test-code":{"insertions":12,"deletions":0}}}]},{"date":"2022-03-25","commitResults":[{"hash":"d14cf1d3499861cea5c5dc112b5be83e7f775cce","messageTitle":"Update UG","messageBody":"","fileTypesAndContributionMap":{"docs":{"insertions":44,"deletions":36}}},{"hash":"39be5548520de9792273a087801c197e5d501c52","messageTitle":"Update Username to GitUsername.java Update UG","messageBody":"","fileTypesAndContributionMap":{"functional-code":{"insertions":83,"deletions":82},"other":{"insertions":8,"deletions":8},"docs":{"insertions":2,"deletions":2},"test-code":{"insertions":14,"deletions":14}}},{"hash":"d169482700e566b2b838eaa6a327e26a1bf3c2de","messageTitle":"Fix checkstyle issues","messageBody":"","fileTypesAndContributionMap":{"docs":{"insertions":7,"deletions":7}}},{"hash":"fcdb397ad6041f54d00240e41420a9abc850aad1","messageTitle":"Update UG and DG as per feedback","messageBody":"","fileTypesAndContributionMap":{"docs":{"insertions":56,"deletions":23}}},{"hash":"44577703de85774c5abb3323abc0b73403433ee5","messageTitle":"Update headings of UG","messageBody":"","fileTypesAndContributionMap":{"docs":{"insertions":4,"deletions":4}}}]},{"date":"2022-03-26","commitResults":[{"hash":"21d9f626d233e3a232f8b56fcb7b8476a428eb3b","messageTitle":"Update UI to display Github: instead of GitUsername","messageBody":"","fileTypesAndContributionMap":{"functional-code":{"insertions":1,"deletions":1}}}]}],"junjunjieOng":[{"date":"2022-02-28","commitResults":[{"hash":"e44575a797f9f87ff4d5ffffade00db08b798eb8","messageTitle":"Update personal information for about us","messageBody":"","fileTypesAndContributionMap":{"docs":{"insertions":52,"deletions":5}}},{"hash":"b1f988a9e5ea16273c878db057c784e6e8e82a31","messageTitle":"Update user guide for delete task feature","messageBody":"","fileTypesAndContributionMap":{"docs":{"insertions":12,"deletions":0}}},{"hash":"29618ad4deb72d372468886dd63ac71ca6d1984a","messageTitle":"Update user stories and NFR","messageBody":"","fileTypesAndContributionMap":{"docs":{"insertions":29,"deletions":15}}},{"hash":"edf4ac96d95eed8296e7c54329342b990cafbdfc","messageTitle":"Update value proposition","messageBody":"","fileTypesAndContributionMap":{"docs":{"insertions":1,"deletions":1}}},{"hash":"557fea1f489353ed18e85cc18549cdaf18b599ce","messageTitle":"Updated Project Portfolio Page","messageBody":"","fileTypesAndContributionMap":{"docs":{"insertions":42,"deletions":0}}}]},{"date":"2022-03-13","commitResults":[{"hash":"4af48b8a40daac366584ae71e247fbd1ce768ee4","messageTitle":"Add delete features and update DG and UG","messageBody":"","fileTypesAndContributionMap":{"functional-code":{"insertions":158,"deletions":1},"docs":{"insertions":29,"deletions":23},"test-code":{"insertions":179,"deletions":0}}},{"hash":"f18a8e94549562f953ea34456303a32803f3c442","messageTitle":"Update ModelManager.java","messageBody":"","fileTypesAndContributionMap":{"functional-code":{"insertions":1,"deletions":0}}},{"hash":"81298e784c111c87c872b9260b618bb7b7cd8354","messageTitle":"Update TaskList.java","messageBody":"","fileTypesAndContributionMap":{"functional-code":{"insertions":1,"deletions":0}}}]},{"date":"2022-03-16","commitResults":[{"hash":"3601de523385e153fa0f9e77af843233e6f56f5b","messageTitle":"Add edit task feature, test cases and update UG","messageBody":"","fileTypesAndContributionMap":{"functional-code":{"insertions":324,"deletions":0},"docs":{"insertions":5,"deletions":5},"test-code":{"insertions":442,"deletions":0}}},{"hash":"7e5aeb80927dd2b96a3102a8938571f17c99c0c8","messageTitle":"Update TaskList.java","messageBody":"","fileTypesAndContributionMap":{"functional-code":{"insertions":0,"deletions":1}}},{"hash":"a3efc172d37e11de2e405334f4e3adbf0ba6f89c","messageTitle":"Update EditTaskCommand.java","messageBody":"","fileTypesAndContributionMap":{"functional-code":{"insertions":1,"deletions":6}}},{"hash":"bf66011f96816469a54f549a4eab7c3eb4b5bccf","messageTitle":"Update Task.java","messageBody":"","fileTypesAndContributionMap":{"functional-code":{"insertions":2,"deletions":1}}},{"hash":"81ebbaba506333d82faf19f71b3e5dc7f418df2b","messageTitle":"Update Task.java","messageBody":"","fileTypesAndContributionMap":{"functional-code":{"insertions":2,"deletions":3}}},{"hash":"9f319a8c6327f5587329a59f6c8ea36be05ffb8e","messageTitle":"Update EditTaskCommand.java","messageBody":"","fileTypesAndContributionMap":{"functional-code":{"insertions":4,"deletions":4}}},{"hash":"9cf66651ab1e1b2d816c290ac918a20c239ad0b5","messageTitle":"Update UserGuide.md","messageBody":"","fileTypesAndContributionMap":{"docs":{"insertions":4,"deletions":4}}}]},{"date":"2022-03-22","commitResults":[{"hash":"dc53f0b98df15273d9486628c70dfc44c36b79d9","messageTitle":"Update draft DG for Delete task and Edit task features","messageBody":"","fileTypesAndContributionMap":{"docs":{"insertions":269,"deletions":0}}},{"hash":"baafd3906e946312241d0ac8a4f2ccc7f1e9cb14","messageTitle":"Update DeleteTaskOutcome.puml","messageBody":"","fileTypesAndContributionMap":{"docs":{"insertions":1,"deletions":1}}},{"hash":"5e77bece5267f1b024c2929cb3679ff3e860eb90","messageTitle":"Update EditTaskOutcome.puml","messageBody":"","fileTypesAndContributionMap":{"docs":{"insertions":1,"deletions":1}}},{"hash":"8a8dc8076eb74469417c3340bdcc449621a52c11","messageTitle":"Update EditTaskSequenceDiagram.puml","messageBody":"","fileTypesAndContributionMap":{"docs":{"insertions":1,"deletions":1}}}]},{"date":"2022-03-23","commitResults":[{"hash":"c425db06c3e6fbc4f9ad817a3b0486cca96c3724","messageTitle":"Add display of alert box feature for task that is due soon","messageBody":"","fileTypesAndContributionMap":{"functional-code":{"insertions":150,"deletions":17}}},{"hash":"8f312a290f591204123ed1265d80c73d3ae479ee","messageTitle":"Update AlertWindow.java","messageBody":"","fileTypesAndContributionMap":{"functional-code":{"insertions":1,"deletions":1}}},{"hash":"932a2d529882593404c330fe982b359b18d00573","messageTitle":"Update MainWindow.java","messageBody":"","fileTypesAndContributionMap":{"functional-code":{"insertions":0,"deletions":1}}},{"hash":"b6d865e15a04268e4c3c26f887791cfae15d7ee9","messageTitle":"Update AlertWindow.java","messageBody":"","fileTypesAndContributionMap":{"functional-code":{"insertions":9,"deletions":9}}},{"hash":"c35af407017a7242e65ced4e06d5a4630acac539","messageTitle":"Update AlertWindow.java","messageBody":"","fileTypesAndContributionMap":{"functional-code":{"insertions":15,"deletions":16}}},{"hash":"15a7bb8f7cc8a9633597fc1f975ee7bd70974b0c","messageTitle":"Update docs/DeveloperGuide.md","messageBody":"Co-authored-by: junrong98 \u003c77258042+junrong98@users.noreply.github.com\u003e","fileTypesAndContributionMap":{"docs":{"insertions":1,"deletions":1}}},{"hash":"360bc684d8a4df44538b020140ee111373bb4046","messageTitle":"Update DeveloperGuide.md","messageBody":"","fileTypesAndContributionMap":{"docs":{"insertions":1,"deletions":1}}},{"hash":"df8f8c344badc593955e07c4195734f996237e5c","messageTitle":"Update DeveloperGuide.md","messageBody":"","fileTypesAndContributionMap":{"docs":{"insertions":1,"deletions":1}}},{"hash":"1c020c4cfa61ff983caeefdf193014016fba73ab","messageTitle":"Update DeveloperGuide.md","messageBody":"","fileTypesAndContributionMap":{"docs":{"insertions":1,"deletions":1}}}]},{"date":"2022-03-24","commitResults":[{"hash":"f31e44f2e1d9be4c5636ddcb108e4f49dd3c2c2e","messageTitle":"Update details in DG draft","messageBody":"","fileTypesAndContributionMap":{"docs":{"insertions":5,"deletions":5}}},{"hash":"61a2b448589b2d13de4768732373a88a1fc1ae13","messageTitle":"Rectify minor error","messageBody":"","fileTypesAndContributionMap":{"functional-code":{"insertions":1,"deletions":1}}},{"hash":"b69c572592d8541c2965b314b17abec00aa45d69","messageTitle":"Update DeveloperGuide.md","messageBody":"","fileTypesAndContributionMap":{"docs":{"insertions":1,"deletions":1}}},{"hash":"4d3725b1651d757d84d1e2e42b6cb5650ca84052","messageTitle":"Update DG diagram","messageBody":"","fileTypesAndContributionMap":{"docs":{"insertions":7,"deletions":7}}}]},{"date":"2022-03-25","commitResults":[{"hash":"2f8554e87feffbbe5e28760c826669ebfd092c19","messageTitle":"Update Editcommand and Userguide","messageBody":"","fileTypesAndContributionMap":{"functional-code":{"insertions":14,"deletions":5},"docs":{"insertions":1,"deletions":1},"test-code":{"insertions":6,"deletions":14}}},{"hash":"255afd02f64424cc80f2ec978fd8299c40690f44","messageTitle":"Rectify check style error","messageBody":"","fileTypesAndContributionMap":{"functional-code":{"insertions":4,"deletions":3}}},{"hash":"c0fb690c5d084d10271a8f623e118625ce84eb35","messageTitle":"Update DG for EditTaskCommand","messageBody":"","fileTypesAndContributionMap":{"docs":{"insertions":11,"deletions":11}}},{"hash":"51b0b1b97de2aef59826d381e1d4de4e51442f72","messageTitle":"Update DG","messageBody":"","fileTypesAndContributionMap":{"docs":{"insertions":1,"deletions":1}}}]},{"date":"2022-03-26","commitResults":[{"hash":"c93f01e1d9fbbf4b31767ef63fe16e0483b7b352","messageTitle":"Add DeleteTaskCommandParser test case","messageBody":"","fileTypesAndContributionMap":{"test-code":{"insertions":33,"deletions":0}}},{"hash":"a4e8ec82684e1ce27b09aa607d9248b70b442bee","messageTitle":"Change Indexes name form person to task","messageBody":"","fileTypesAndContributionMap":{"test-code":{"insertions":2,"deletions":2}}}]}],"junrong98":[{"date":"2022-02-28","commitResults":[{"hash":"9516660f1b3b7a1fa9267d265c8d6abfaf30cb1f","messageTitle":"Update AboutUs.md to include personal information.","messageBody":"","fileTypesAndContributionMap":{"docs":{"insertions":6,"deletions":5}}},{"hash":"cdfdb2c24a8d2d4d4c4cb53f0825dd1edd4f2d22","messageTitle":"Added junrong98.md","messageBody":"","fileTypesAndContributionMap":{"docs":{"insertions":10,"deletions":0}}},{"hash":"09f8299b235c85d742b02ca84162ec6b2b7fb95e","messageTitle":"Update UserGuide.md","messageBody":"","fileTypesAndContributionMap":{"docs":{"insertions":31,"deletions":10}}},{"hash":"2be10942da06b5f2b29375be0d941d8e43b84753","messageTitle":"Update README.md","messageBody":"","fileTypesAndContributionMap":{"docs":{"insertions":18,"deletions":10}}}]},{"date":"2022-03-01","commitResults":[{"hash":"51c8cf4bd06519d02cc27758dbe76bbb116fb5cc","messageTitle":"Update PPP","messageBody":"","fileTypesAndContributionMap":{"docs":{"insertions":32,"deletions":1}}},{"hash":"c7cac62d262a26a55362521d41f55f426acad236","messageTitle":"Resolve minor issue.","messageBody":"","fileTypesAndContributionMap":{"docs":{"insertions":1,"deletions":1}}},{"hash":"ff2d2920b970765cb289d74f2b266f83f2ad8716","messageTitle":"Resolve minor issue","messageBody":"","fileTypesAndContributionMap":{"docs":{"insertions":1,"deletions":1}}},{"hash":"ce5453df8fc4610e00cca2f53d11eaacc2a9b456","messageTitle":"Resolve minor issue","messageBody":"","fileTypesAndContributionMap":{"docs":{"insertions":1,"deletions":1}}},{"hash":"893bb3ea4e8319f096b494482873375a21615bcc","messageTitle":"Update PPP","messageBody":"","fileTypesAndContributionMap":{"docs":{"insertions":2,"deletions":2}}}]},{"date":"2022-03-13","commitResults":[{"hash":"c858310784046d27c1c5381df00a0a099c952328","messageTitle":"Update branch","messageBody":"","fileTypesAndContributionMap":{"functional-code":{"insertions":625,"deletions":12},"test-code":{"insertions":10,"deletions":4}}},{"hash":"b2700b4331eb72078b708e5ce86da0e3ac87f21f","messageTitle":"Update GUI, logic and model to populate task ui","messageBody":"","fileTypesAndContributionMap":{"functional-code":{"insertions":205,"deletions":4}}},{"hash":"a072532777159a65c24b49e82772aa7ea61ec2a4","messageTitle":"Update checkstyle","messageBody":"","fileTypesAndContributionMap":{"functional-code":{"insertions":4,"deletions":7}}},{"hash":"b7004a28391985a4386a333e65d26fbb816a85db","messageTitle":"Update test cases","messageBody":"","fileTypesAndContributionMap":{"functional-code":{"insertions":1,"deletions":1},"test-code":{"insertions":44,"deletions":21}}}]},{"date":"2022-03-14","commitResults":[{"hash":"a04355725bca9ed1717c6fe0588ba362bb7d1f16","messageTitle":"Add view tasks feature and update DG and UG.","messageBody":"","fileTypesAndContributionMap":{"functional-code":{"insertions":136,"deletions":2},"docs":{"insertions":31,"deletions":38},"test-code":{"insertions":126,"deletions":0}}},{"hash":"252dd66c9a1e6251e6f51bdba3417bcd351063e9","messageTitle":"Update TypicalAssignedTasks.java","messageBody":"","fileTypesAndContributionMap":{"test-code":{"insertions":0,"deletions":3}}},{"hash":"85782684473749130ee37c9761eef5ed71bb555f","messageTitle":"Update ViewTaskCommand.java","messageBody":"","fileTypesAndContributionMap":{"functional-code":{"insertions":0,"deletions":1}}},{"hash":"8fa7f7e3d15e87f17d6eea04460699b5565a40ae","messageTitle":"Update Ui","messageBody":"","fileTypesAndContributionMap":{"functional-code":{"insertions":74,"deletions":36},"test-code":{"insertions":1,"deletions":1}}},{"hash":"102e65cc688b2e439fcbea4a5b680318ec5c1765","messageTitle":"Update Ui to make it resizable","messageBody":"","fileTypesAndContributionMap":{"functional-code":{"insertions":0,"deletions":1}}}]},{"date":"2022-03-15","commitResults":[{"hash":"8b1b7fc56487584f1b27986f8c26860fb75369d0","messageTitle":"Update UI","messageBody":"Fixed resizing issue with panel. Set min and max height to ensure\nthat app remain consistent.\n","fileTypesAndContributionMap":{"functional-code":{"insertions":12,"deletions":7}}},{"hash":"5b8393897a9ffe2aae2e0b42a478b9fca75517ca","messageTitle":"Refactor view command files.","messageBody":"Rename ViewTaskCommand.java to ViewCommand.java. Rename\nViewTaskCommandParser.java to ViewCommandParser.java.\n\nUpdated relevant files.\n","fileTypesAndContributionMap":{"functional-code":{"insertions":3,"deletions":3},"other":{"insertions":11,"deletions":11}}},{"hash":"31231ad7ed99e6a4d977df773d6e0b446ec42727","messageTitle":"Update MainWindow.java","messageBody":"Remove unused imports, resolve CI issues","fileTypesAndContributionMap":{"functional-code":{"insertions":0,"deletions":1}}},{"hash":"05711d72df55fd8ae5646f6aaca55bf8a7f2fbce","messageTitle":"Update assign, unassign feature and task class","messageBody":"Update the feature and class in order to display dateTime in a\nmore readable friendly way.\n\nAdditionally, update user information displayed in result box to\nonly display relevant information which is tentatively name and\nphone number.\n","fileTypesAndContributionMap":{"functional-code":{"insertions":21,"deletions":9},"test-code":{"insertions":7,"deletions":3}}},{"hash":"13a2bbee397123c8ab74cd8225a29fcae39e3694","messageTitle":"Resolve minor cosmetic bug","messageBody":"","fileTypesAndContributionMap":{"functional-code":{"insertions":11,"deletions":3},"test-code":{"insertions":1,"deletions":1}}},{"hash":"310db2c354a48ef4d48e069ebe592a5462673dcd","messageTitle":"Update task ui to display tags","messageBody":"","fileTypesAndContributionMap":{"functional-code":{"insertions":5,"deletions":1}}},{"hash":"1ea208895e5f08fd696e55cc7e774053132230c8","messageTitle":"Update task class","messageBody":"Change formatting of date to be more user friendly\n","fileTypesAndContributionMap":{"functional-code":{"insertions":3,"deletions":3}}},{"hash":"75eb6a8ce857601e8c98bd94928a116cab9a50ec","messageTitle":"Update displayed results for task","messageBody":"Update results displayed to users during assignment, unassignment,\nviewing of tasks.\n","fileTypesAndContributionMap":{"functional-code":{"insertions":52,"deletions":7},"test-code":{"insertions":4,"deletions":5}}},{"hash":"ae292dcf8cb9cdca48e6fd68a1485adbfde169ed","messageTitle":"Fix issue with formatting of date","messageBody":"","fileTypesAndContributionMap":{"functional-code":{"insertions":3,"deletions":1}}},{"hash":"96765c4368a380c8f86371b4770d148bdb464efc","messageTitle":"Update usage message for add task","messageBody":"Display the correct format used by logic.\u003d\n","fileTypesAndContributionMap":{"functional-code":{"insertions":1,"deletions":3}}}]},{"date":"2022-03-16","commitResults":[{"hash":"fb7d15790805f6cc58bd92c9391f5118d3f095cf","messageTitle":"Update AssignCommand.java","messageBody":"","fileTypesAndContributionMap":{"functional-code":{"insertions":1,"deletions":1}}},{"hash":"17b308647754084f149f25301f586e783a96799f","messageTitle":"Update AssignCommand.java","messageBody":"","fileTypesAndContributionMap":{"functional-code":{"insertions":1,"deletions":1}}},{"hash":"833555e63bd704779d2bb5dd0b0cdf1480b062a7","messageTitle":"Update UnassignCommand.java","messageBody":"","fileTypesAndContributionMap":{"functional-code":{"insertions":3,"deletions":3}}},{"hash":"182703ca0d2fb055a4e040ffecbb288fc9358397","messageTitle":"Update checkstyle","messageBody":"","fileTypesAndContributionMap":{"functional-code":{"insertions":3,"deletions":1}}}]},{"date":"2022-03-21","commitResults":[{"hash":"4eb733ef92add9aaeed3bf5d4131d86e213deb2d","messageTitle":"Update build.gradle","messageBody":"","fileTypesAndContributionMap":{"other":{"insertions":1,"deletions":1}}}]},{"date":"2022-03-22","commitResults":[{"hash":"58bcf2e9793593aae74c93d8772b78e5e636ae1f","messageTitle":"Update tasks to include link","messageBody":"","fileTypesAndContributionMap":{"functional-code":{"insertions":30,"deletions":0}}},{"hash":"afd7b438c82dffe1901925d3143921f8da095de0","messageTitle":"Revert \"Update tasks to include link\"","messageBody":"This reverts commit 58bcf2e9793593aae74c93d8772b78e5e636ae1f.\n","fileTypesAndContributionMap":{"functional-code":{"insertions":0,"deletions":30}}},{"hash":"dfce98e0edc59d9e6c7dbee14384d31d2a6597b9","messageTitle":"Update task to include links","messageBody":"","fileTypesAndContributionMap":{"functional-code":{"insertions":112,"deletions":17},"test-code":{"insertions":23,"deletions":12}}},{"hash":"2dd42ba26240c5e2498cf6c227d813610a6646ab","messageTitle":"Update Task.java","messageBody":"","fileTypesAndContributionMap":{"functional-code":{"insertions":1,"deletions":0}}},{"hash":"c36f1fe17832566ed15943490a1fbe85e16c7aa9","messageTitle":"Update Task.java","messageBody":"","fileTypesAndContributionMap":{"functional-code":{"insertions":1,"deletions":1}}},{"hash":"8faddc5efaecbd99cf981751d41f4d357487c714","messageTitle":"Update Task.java","messageBody":"","fileTypesAndContributionMap":{"functional-code":{"insertions":1,"deletions":0}}},{"hash":"7751785a2334fc76d3ebd7a84ddbdea55a8b48f8","messageTitle":"Update tag to allow optional tagging","messageBody":"","fileTypesAndContributionMap":{"functional-code":{"insertions":21,"deletions":5}}},{"hash":"a4bdc02430ffd14de41d13481e2225ae5b0fe6a4","messageTitle":"Remove a testcase from TagTest","messageBody":"","fileTypesAndContributionMap":{"test-code":{"insertions":0,"deletions":6}}},{"hash":"19b1a5c99e8bb5dda45dc50ebf91b3cae8dc7ddc","messageTitle":"Update logic for optional tagging of task","messageBody":"","fileTypesAndContributionMap":{"functional-code":{"insertions":81,"deletions":52},"test-code":{"insertions":72,"deletions":46}}},{"hash":"7d2aee5a35af88f9260fbf39b0b70c41f00d6a40","messageTitle":"Update naming of variables for consistency","messageBody":"","fileTypesAndContributionMap":{"functional-code":{"insertions":12,"deletions":12}}},{"hash":"ef6e5a5880dc92ffed4337ea09a2c7dc8c53c4f7","messageTitle":"Update params","messageBody":"","fileTypesAndContributionMap":{"functional-code":{"insertions":4,"deletions":1}}},{"hash":"214d52c8e2ef45b6ec9e188e5a8581b7060f930d","messageTitle":"Update UiClassDiagram","messageBody":"","fileTypesAndContributionMap":{"docs":{"insertions":7,"deletions":0}}},{"hash":"cd12f50f90386aaf382f3f3da6c16eb7858f2c22","messageTitle":"Fix issue with test cases","messageBody":"","fileTypesAndContributionMap":{"test-code":{"insertions":19,"deletions":2}}},{"hash":"78f55cb5233c8957104794896c26086f856cbfee","messageTitle":"Update UiClassDiagram.puml","messageBody":"","fileTypesAndContributionMap":{"docs":{"insertions":0,"deletions":7}}}]},{"date":"2022-03-23","commitResults":[{"hash":"fa563b06ea2e0041e6d62bb30867e541255017dd","messageTitle":"Added recurring creation of tasks","messageBody":"","fileTypesAndContributionMap":{"functional-code":{"insertions":187,"deletions":23},"test-code":{"insertions":7,"deletions":4}}},{"hash":"cda47481b1fdaf61fe4f6d0eb4efc701c15ac9f1","messageTitle":"Fix semantic.","messageBody":"","fileTypesAndContributionMap":{"functional-code":{"insertions":5,"deletions":2}}},{"hash":"95a6d1e362028302aa83dc983d3db9b7d2e6f181","messageTitle":"Update UG, and minor modifications to files related to AddTask","messageBody":"","fileTypesAndContributionMap":{"functional-code":{"insertions":4,"deletions":2},"docs":{"insertions":3,"deletions":1}}},{"hash":"9c28b7c7493d04cd4d77bec594fb1467673e35f3","messageTitle":"Update AddTaskCommand.java","messageBody":"","fileTypesAndContributionMap":{"functional-code":{"insertions":4,"deletions":0}}},{"hash":"428c2a622afbe22064f50fc8745d044aac5d6884","messageTitle":"Update DG to include view task","messageBody":"","fileTypesAndContributionMap":{"docs":{"insertions":91,"deletions":65}}},{"hash":"c2b52c306b1d9d9206d374560b46b93b53b10de7","messageTitle":"Remove tid field from task","messageBody":"","fileTypesAndContributionMap":{"functional-code":{"insertions":18,"deletions":56},"test-code":{"insertions":4,"deletions":7}}},{"hash":"7372a5176eea97398a1b46c5c68d382a2589960d","messageTitle":"Update DG for View Task feature","messageBody":"","fileTypesAndContributionMap":{"docs":{"insertions":14,"deletions":0}}},{"hash":"2367dc736e2fc6b337cf8ccba272cba131091222","messageTitle":"Update ModelClassDiagram.puml","messageBody":"","fileTypesAndContributionMap":{"docs":{"insertions":1,"deletions":1}}}]},{"date":"2022-03-24","commitResults":[{"hash":"466181444032f794b3f8a98fa747d0560b67fc89","messageTitle":"Fix issue with activation bar","messageBody":"","fileTypesAndContributionMap":{"docs":{"insertions":0,"deletions":1}}},{"hash":"613af6176c39727bb0514dd6ec45c7bd3f4a3d43","messageTitle":"Update AddTaskCommand.java","messageBody":"","fileTypesAndContributionMap":{"functional-code":{"insertions":4,"deletions":4}}},{"hash":"cd8d21b5812be75f05cc605aed08c6530d4fe6a6","messageTitle":"Update AddTaskCommandParser.java","messageBody":"","fileTypesAndContributionMap":{"functional-code":{"insertions":0,"deletions":1}}},{"hash":"19035c8d9beed9575945840abecb1dd1c410b505","messageTitle":"Update View command","messageBody":"- Show the current list without change\n","fileTypesAndContributionMap":{"functional-code":{"insertions":10,"deletions":2},"test-code":{"insertions":16,"deletions":13}}},{"hash":"1b869dc169a5b8c53fffab6232e474a5815cd57b","messageTitle":"Fix error","messageBody":"","fileTypesAndContributionMap":{"functional-code":{"insertions":1,"deletions":1}}},{"hash":"bda3deff30435afd011f6ae9950b5d178d54b169","messageTitle":"Fix issue with ViewCommand testcase","messageBody":"","fileTypesAndContributionMap":{"test-code":{"insertions":26,"deletions":45}}},{"hash":"4bb7067f7add97f02e178a8da3f95383ba837d51","messageTitle":"Simplify view command","messageBody":"","fileTypesAndContributionMap":{"functional-code":{"insertions":8,"deletions":13}}},{"hash":"250ee53939d5d87545c5f65e142ecfb64fbfd692","messageTitle":"Update Dg","messageBody":"","fileTypesAndContributionMap":{"docs":{"insertions":3,"deletions":3}}},{"hash":"2003a2ccbaa9e9cad1cb6b535120f7067a7db539","messageTitle":"Update README.md","messageBody":"","fileTypesAndContributionMap":{"docs":{"insertions":23,"deletions":13}}},{"hash":"fbfb8f11f587df52b0e0ee9cc6efed5c6a4bec86","messageTitle":"Update link","messageBody":"","fileTypesAndContributionMap":{"functional-code":{"insertions":33,"deletions":3},"test-code":{"insertions":4,"deletions":4}}},{"hash":"feae9b2ea6432ce8ec59e018613fc048e8e5a5ef","messageTitle":"Update README.md","messageBody":"","fileTypesAndContributionMap":{"docs":{"insertions":1,"deletions":1}}}]},{"date":"2022-03-25","commitResults":[{"hash":"dbd6c03fb98c9177e4bc52564c80c1060d271080","messageTitle":"Update commands","messageBody":"Shows consistency in commands between people and tasks\n","fileTypesAndContributionMap":{"functional-code":{"insertions":17,"deletions":17},"other":{"insertions":5,"deletions":5},"test-code":{"insertions":1,"deletions":1}}},{"hash":"47ee019a7200da058000ad66eec492888cd95617","messageTitle":"Add List Task command.","messageBody":"","fileTypesAndContributionMap":{"functional-code":{"insertions":29,"deletions":1},"test-code":{"insertions":42,"deletions":3}}},{"hash":"a4eea0ae0263f9573cfa158f52c3ddb10a9ecb70","messageTitle":"Update UserGuide for list task","messageBody":"","fileTypesAndContributionMap":{"docs":{"insertions":5,"deletions":0}}},{"hash":"48d6bd3deeec332640deeb93b6276bd91132cd41","messageTitle":"Update User Guide","messageBody":"","fileTypesAndContributionMap":{"docs":{"insertions":14,"deletions":14}}},{"hash":"3e7937577b4c58ac57765d983aeda94f55ce1922","messageTitle":"Update User Guide","messageBody":"","fileTypesAndContributionMap":{"docs":{"insertions":4,"deletions":4}}},{"hash":"52182ac488b897c27a8e9e016b098eba3864564c","messageTitle":"Update TaskCard highlight","messageBody":"","fileTypesAndContributionMap":{"functional-code":{"insertions":62,"deletions":10}}},{"hash":"675cede2090667c5d34b61ca3e310539266dfb83","messageTitle":"Update TaskCard.java","messageBody":"","fileTypesAndContributionMap":{"functional-code":{"insertions":1,"deletions":1}}}]},{"date":"2022-03-26","commitResults":[{"hash":"db99f03b8974d5b2e56197cb65d00739afdf0fa2","messageTitle":"Update User Guide","messageBody":"","fileTypesAndContributionMap":{"docs":{"insertions":8,"deletions":8}}},{"hash":"3fa7fc318874a71ee97eb2e63a483fca5dab2447","messageTitle":"Remove additional editc","messageBody":"","fileTypesAndContributionMap":{"docs":{"insertions":0,"deletions":1}}},{"hash":"12d23c7bb7619a3a0c75339b84fd8bee13f57c86","messageTitle":"Add listt to command summary","messageBody":"","fileTypesAndContributionMap":{"docs":{"insertions":1,"deletions":0}}}]}],"snss231":[{"date":"2022-03-01","commitResults":[{"hash":"b56225f47b712ea1720a40d202f74ce01221accb","messageTitle":"Update AboutUs.md","messageBody":"","fileTypesAndContributionMap":{"docs":{"insertions":3,"deletions":3}}},{"hash":"eab62b21d46e1b8d4821ac32c4dc56bd0512dba0","messageTitle":"Create snss231.md","messageBody":"Skeletal PPP","fileTypesAndContributionMap":{"docs":{"insertions":46,"deletions":0}}}]},{"date":"2022-03-02","commitResults":[{"hash":"17569727da3afc38e4369a30fe1963e4d2e160be","messageTitle":"Update UG documentation for update command","messageBody":"","fileTypesAndContributionMap":{"docs":{"insertions":14,"deletions":0}}},{"hash":"ee47d05aebcd90b5cc7054b1c89c671c571e3d5e","messageTitle":"Add 2 use cases to DG","messageBody":"","fileTypesAndContributionMap":{"docs":{"insertions":32,"deletions":1}}}]},{"date":"2022-03-05","commitResults":[{"hash":"2a6825fa057b8f37854a42ead1673c8267a16b71","messageTitle":"Update CI banners","messageBody":"","fileTypesAndContributionMap":{"docs":{"insertions":1,"deletions":1}}},{"hash":"ddd409c36220419c2073cb34ce55a9144ebc3a48","messageTitle":"Remove placeholder, update formatting","messageBody":"","fileTypesAndContributionMap":{"docs":{"insertions":4,"deletions":28}}},{"hash":"19a345f1c9196158ead521286c80c0bd12c514c0","messageTitle":"Update UG to replace AB3 references","messageBody":"","fileTypesAndContributionMap":{"docs":{"insertions":3,"deletions":3}}}]},{"date":"2022-03-07","commitResults":[{"hash":"4f719d9e2a2522d1d71c90db3c416cc9d2ee5a26","messageTitle":"Rename photo and change file format","messageBody":"","fileTypesAndContributionMap":{"docs":{"insertions":1,"deletions":1}}},{"hash":"22e18a97625c83c39fb4ce8e998517c7a9acfabf","messageTitle":"Update to png","messageBody":"","fileTypesAndContributionMap":{"docs":{"insertions":1,"deletions":1}}}]},{"date":"2022-03-08","commitResults":[{"hash":"bb685aa10648aa21ec29d5bcc0e42a1c8d564dba","messageTitle":"Update AboutUs.md","messageBody":"change jpg to png in aboutUs.md","fileTypesAndContributionMap":{"docs":{"insertions":1,"deletions":1}}}]},{"date":"2022-03-09","commitResults":[{"hash":"d8429223f579ceef383510c2493cc9c5b1ce411b","messageTitle":"Revert \"Merge branch \u0027master\u0027 of https://github.com/AY2122S2-CS2103T-T12-4/tp\"","messageBody":"This reverts commit 4cf0eb0d93a06eb81ec3dca2352be79b15aed689, reversing\nchanges made to 1e3929c615438a479a4087fc7babeaeaa996e575.\n","fileTypesAndContributionMap":{"functional-code":{"insertions":12,"deletions":295}}}]},{"date":"2022-03-13","commitResults":[{"hash":"1b96023302f60d93c0971e22a9ea2755768c48d0","messageTitle":"Add addPersonToTask command, task seed data, test methods","messageBody":"","fileTypesAndContributionMap":{"functional-code":{"insertions":173,"deletions":0},"test-code":{"insertions":102,"deletions":0}}},{"hash":"9d8e48346b8daaa4d5957a794cc41d0804e066e9","messageTitle":"Rename AddPersonToTask to Assign","messageBody":"","fileTypesAndContributionMap":{"functional-code":{"insertions":3,"deletions":3},"other":{"insertions":17,"deletions":17}}},{"hash":"cea03f48f0538b8ad7d6477c133d232cc2397a6d","messageTitle":"Fix typo in message usage","messageBody":"","fileTypesAndContributionMap":{"functional-code":{"insertions":1,"deletions":1}}},{"hash":"62292ad2e60f011ba576585393e98da872e31bb5","messageTitle":"Add unassign command and tests","messageBody":"","fileTypesAndContributionMap":{"functional-code":{"insertions":116,"deletions":3},"test-code":{"insertions":59,"deletions":0}}},{"hash":"458028bc8a002f6742616a624f2993a322207b07","messageTitle":"Add testcase for AssignCommand","messageBody":"","fileTypesAndContributionMap":{"functional-code":{"insertions":22,"deletions":1},"test-code":{"insertions":9,"deletions":6}}},{"hash":"74b17d74c702c841f1bc41f54ea10d54428399f7","messageTitle":"Fix bug in test case","messageBody":"","fileTypesAndContributionMap":{"functional-code":{"insertions":9,"deletions":2},"test-code":{"insertions":1,"deletions":2}}}]},{"date":"2022-03-15","commitResults":[{"hash":"74693c0971064bbbc6df556de043c20d1ca50276","messageTitle":"Fix assign/unassign parser, refactor arePrefixesPresent to parserUtil","messageBody":"","fileTypesAndContributionMap":{"functional-code":{"insertions":26,"deletions":23}}},{"hash":"c492bdc473c7e5a5cfcf628d8d669dee2d7075ff","messageTitle":"Update AddTaskCommandParser to use ParserUtil::arePrefixesPresent","messageBody":"","fileTypesAndContributionMap":{"functional-code":{"insertions":1,"deletions":7}}},{"hash":"545564ab76ce30ebfd71c5703ae045b4c6194575","messageTitle":"Update UG documentation for assign and unassign","messageBody":"","fileTypesAndContributionMap":{"docs":{"insertions":20,"deletions":2}}},{"hash":"cb789dafb9c99937ee376cdd956d31151f8dfd67","messageTitle":"Add user stories for assign and unassign","messageBody":"","fileTypesAndContributionMap":{"docs":{"insertions":22,"deletions":19}}},{"hash":"f571ce21a7e7d980120c324fff8015a2bec1c247","messageTitle":"Add testing for Assign and Unassign","messageBody":"","fileTypesAndContributionMap":{"functional-code":{"insertions":18,"deletions":2},"test-code":{"insertions":89,"deletions":0}}},{"hash":"66bd295e25af285f91a533b02f8db0cbcdf6f211","messageTitle":"Checkstyle fix","messageBody":"","fileTypesAndContributionMap":{"functional-code":{"insertions":0,"deletions":5},"test-code":{"insertions":6,"deletions":2}}}]},{"date":"2022-03-21","commitResults":[{"hash":"9994b5e9a54a073e0b6750de214cfc4af0b3d29f","messageTitle":"Enable assertions in build.gradle","messageBody":"","fileTypesAndContributionMap":{"other":{"insertions":4,"deletions":0}}}]},{"date":"2022-03-22","commitResults":[{"hash":"23989ab97fd0f1f15448d2101a8074b90008ca08","messageTitle":"Delete contacts from tasks upon contact list deletion","messageBody":"","fileTypesAndContributionMap":{"functional-code":{"insertions":19,"deletions":0},"test-code":{"insertions":22,"deletions":0}}},{"hash":"4952631f112165d25c3eee4a58d2ce9e9c273c4e","messageTitle":"Fix imports checkstyle","messageBody":"","fileTypesAndContributionMap":{"test-code":{"insertions":1,"deletions":2}}},{"hash":"1170dab177bd30ff3e725b9e8b0f9477ce4287d2","messageTitle":"Add end datetime functionality to addTask and updateTask","messageBody":"","fileTypesAndContributionMap":{"functional-code":{"insertions":124,"deletions":19}}},{"hash":"b51997c987e5478227e54add67c7f82703e99a18","messageTitle":"Revert \"Add end datetime functionality to addTask and updateTask\"","messageBody":"This reverts commit 1170dab177bd30ff3e725b9e8b0f9477ce4287d2.\n","fileTypesAndContributionMap":{"functional-code":{"insertions":19,"deletions":124}}},{"hash":"4674b67db2e5e08f6bb3b9a5891e3d7912291229","messageTitle":"Edit UG to reflect date range functionality for add task and update task","messageBody":"","fileTypesAndContributionMap":{"docs":{"insertions":6,"deletions":4}}},{"hash":"1459d61bc52c47ab19e626fdec74c4d6c16244ed","messageTitle":"Fix bug in parser class diagram, update storage class diagram","messageBody":"","fileTypesAndContributionMap":{"docs":{"insertions":21,"deletions":5}}},{"hash":"2f60d5f917e7886e822a61b79a76865688caf913","messageTitle":"Update Ui and Model class diagrams","messageBody":"","fileTypesAndContributionMap":{"docs":{"insertions":26,"deletions":11}}},{"hash":"68bfd7c1b8fe2e3e5d41b39adc770335733688f5","messageTitle":"Update images for class diagrams","messageBody":"","fileTypesAndContributionMap":{"docs":{"insertions":1,"deletions":1}}},{"hash":"9a1e392ef645ea94909ed0ddf41de4c84812f6ef","messageTitle":"Change nested square brackets to asterisk","messageBody":"","fileTypesAndContributionMap":{"docs":{"insertions":5,"deletions":3}}},{"hash":"705a63215d53f48762d0ccc79b7b5d2b845eee3d","messageTitle":"Change Storage class to extend TaskListStorage","messageBody":"","fileTypesAndContributionMap":{"functional-code":{"insertions":1,"deletions":1}}},{"hash":"d9627f9fb598ae2f00dc56034cd60c8cf8bc55f1","messageTitle":"Add delete command implementation and design considerations to DG","messageBody":"","fileTypesAndContributionMap":{"docs":{"insertions":31,"deletions":11}}},{"hash":"be343b2eb951571a9a4c271da008d638526c3709","messageTitle":"Update Storage and Model class diagrams","messageBody":"","fileTypesAndContributionMap":{"docs":{"insertions":8,"deletions":3}}},{"hash":"8991d1e8895fd86e8ed7d05808bd04e107dad9cb","messageTitle":"Add sequence diagram in Model for delete command","messageBody":"","fileTypesAndContributionMap":{"docs":{"insertions":35,"deletions":1}}}]}],"AdrianOngJJ":[{"date":"2022-03-01","commitResults":[{"hash":"e3578988f243b9ddad88db3d68067f338b6b968e","messageTitle":"Add AdrianOngJJ\u0027s photo, update AboutUs.md","messageBody":"","fileTypesAndContributionMap":{"docs":{"insertions":50,"deletions":0}}}]},{"date":"2022-03-02","commitResults":[{"hash":"7ed85f904fb82d7f06cf9b59f0f719b136de44e1","messageTitle":"Update DG glossary.","messageBody":"","fileTypesAndContributionMap":{"docs":{"insertions":16,"deletions":8}}}]},{"date":"2022-03-05","commitResults":[{"hash":"139df97fece72521b32eeb7cf4d980b622419c4d","messageTitle":"Update DG wrt checkstyle errors","messageBody":"","fileTypesAndContributionMap":{"docs":{"insertions":2,"deletions":5}}},{"hash":"09a8a22d0e0ae339c14c9c87ad006258a639687a","messageTitle":"Update DG wrt. checkstyle errors","messageBody":"","fileTypesAndContributionMap":{"docs":{"insertions":7,"deletions":8}}}]},{"date":"2022-03-07","commitResults":[{"hash":"8939d65f02220e8b07e4d40f87d796f6a4d859d4","messageTitle":"Rename PP Skeleton","messageBody":"","fileTypesAndContributionMap":{"docs":{"insertions":1,"deletions":1}}},{"hash":"b69b6de79d9f13fbdc6fee450b4bd9d985d770b6","messageTitle":"Rename PPP and photo","messageBody":"","fileTypesAndContributionMap":{"docs":{"insertions":2,"deletions":2}}},{"hash":"a4eecfd94c991ef9c4451c1102ec745ef5486570","messageTitle":"Rename PPP and photo","messageBody":"","fileTypesAndContributionMap":{"docs":{"insertions":1,"deletions":1}}},{"hash":"1cfd827b1ca0ff003ecffb703e332208a30ab9d8","messageTitle":"Complete v1.1 tutorial adding command","messageBody":"","fileTypesAndContributionMap":{"docs":{"insertions":1,"deletions":1}}}]},{"date":"2022-03-13","commitResults":[{"hash":"bdd6e23bee2d7223c8e8515f0a901f1fda7ff05f","messageTitle":"Update UG for filter command","messageBody":"","fileTypesAndContributionMap":{"docs":{"insertions":23,"deletions":6}}},{"hash":"cc911f91091532b4b1f439c82fae10201e32fae2","messageTitle":"Add filter command","messageBody":"","fileTypesAndContributionMap":{"functional-code":{"insertions":42,"deletions":0}}}]},{"date":"2022-03-16","commitResults":[{"hash":"9f962091c1ab754bad502402af75052d9e6c8b49","messageTitle":"Improve filter command","messageBody":"","fileTypesAndContributionMap":{"functional-code":{"insertions":39,"deletions":15}}},{"hash":"4cbc452e753e5a227b5a3cf5faf9d30238abdd8d","messageTitle":"Adjust 1 LOC for filter command","messageBody":"","fileTypesAndContributionMap":{"functional-code":{"insertions":1,"deletions":1}}},{"hash":"c82d36755ebcd3652a4f1fad6d364e7f61faaeb6","messageTitle":"Complete filter command","messageBody":"","fileTypesAndContributionMap":{"functional-code":{"insertions":10,"deletions":6}}},{"hash":"29d46b9f4c96de119343dabef22fac2943452c5c","messageTitle":"Solve checkstyle issues","messageBody":"","fileTypesAndContributionMap":{"functional-code":{"insertions":22,"deletions":10}}}]}]},"authorFileTypeContributionMap":{"brian16600":{"docs":192,"functional-code":324,"test-code":139,"other":1},"junjunjieOng":{"docs":339,"functional-code":624,"test-code":603},"junrong98":{"docs":217,"functional-code":1577,"test-code":300,"other":1},"snss231":{"docs":215,"functional-code":347,"test-code":261,"other":4},"AdrianOngJJ":{"docs":55,"functional-code":71,"test-code":0}},"authorContributionVariance":{"brian16600":11684.565,"junjunjieOng":23188.973,"junrong98":41263.49,"snss231":17024.63,"AdrianOngJJ":469.8086},"authorDisplayNameMap":{"brian16600":"CS2103T-T12-4 BRIA..XUAN","junjunjieOng":"CS2103T-T12-4 ONG .. JIE","junrong98":"CS2103T-T12-4 TAN ..RONG","snss231":"CS2103T-T12-4 SEAN..HENG","AdrianOngJJ":"CS2103T-T12-4 ONG ..RIAN"}}
