{"authorDailyContributionsMap":{"brian16600":[{"date":"2022-03-01","commitResults":[{"hash":"cdd302283c68cae48cb7d0815fe9e84e3f9705b0","messageTitle":"Added AboutUs","messageBody":"","fileTypesAndContributionMap":{"docs":{"insertions":46,"deletions":0}}}]},{"date":"2022-03-02","commitResults":[{"hash":"af31fd708e5497f3e770d807789d21cf6eb311db","messageTitle":"Added image and changed AboutUs","messageBody":"","fileTypesAndContributionMap":{"docs":{"insertions":3,"deletions":3}}},{"hash":"0e24c23b2b00b1d6bb0cfd1f2e70595cd0ea21df","messageTitle":"Add command in UserGuide.md for both add task and add contact","messageBody":"","fileTypesAndContributionMap":{"docs":{"insertions":16,"deletions":7}}},{"hash":"b56ef05267b047481f9b6b854f046ce13d48f192","messageTitle":"Add 2 use cases, delete contact and update task in DG.","messageBody":"","fileTypesAndContributionMap":{"docs":{"insertions":26,"deletions":0}}}]},{"date":"2022-03-05","commitResults":[{"hash":"54144e684289acab786dfa780711c4d711f55657","messageTitle":"Update checkstyle violations","messageBody":"","fileTypesAndContributionMap":{"docs":{"insertions":5,"deletions":4}}},{"hash":"eacd5e762d522e1e3d8a252ea7500223fcd02f75","messageTitle":"Update name","messageBody":"","fileTypesAndContributionMap":{"docs":{"insertions":1,"deletions":1}}},{"hash":"3cad26c28733393e766b1a311773939915553f85","messageTitle":"Change styling","messageBody":"","fileTypesAndContributionMap":{"docs":{"insertions":1,"deletions":2}}},{"hash":"02fbd4519f26201c3162cfac059012c0ba100658","messageTitle":"Change brian16600.md","messageBody":"","fileTypesAndContributionMap":{"docs":{"insertions":1,"deletions":3}}},{"hash":"69cdd1f10d342389f1deb88fffd8bb0b8a7fedbd","messageTitle":"Change brian16600.md","messageBody":"","fileTypesAndContributionMap":{"docs":{"insertions":22,"deletions":20}}},{"hash":"7714609a4d9c85bcba74c972e6ae8bec6872de3f","messageTitle":"Update brian16600.md since previous commit failed checkstyle","messageBody":"","fileTypesAndContributionMap":{"docs":{"insertions":1,"deletions":1}}},{"hash":"9281b79fa8d193afe403538a4028f5f08156fec5","messageTitle":"Add newline at EOF in brian16600.md","messageBody":"","fileTypesAndContributionMap":{"docs":{"insertions":2,"deletions":1}}}]},{"date":"2022-03-08","commitResults":[{"hash":"25d9957a58bc8ec519f84548cdbac8408d6da09b","messageTitle":"AddTask implementation: Add AddTaskCommand.java, AddTaskCommandParser.java, Task.java, TaskList.java and modified CliSyntax.java and AddressBookParser.java","messageBody":"","fileTypesAndContributionMap":{"functional-code":{"insertions":150,"deletions":1}}},{"hash":"13d0dc6e56ba3959c2c689779bd7bbb4c400d8df","messageTitle":"Further changes: Add JsonTasksStorage.java, Tasks.java and modified inputs of ModelManager to handle Tasks","messageBody":"","fileTypesAndContributionMap":{"functional-code":{"insertions":148,"deletions":14}}}]},{"date":"2022-03-15","commitResults":[{"hash":"f4a4a29217e1bf9c29d0ba57d84b5307735696f9","messageTitle":"Update Task with new parameter: Tag to represent tagging of a task Update AssignCommand, UnassignCommand, AddTaskCommand to reflect the tagging Update test cases in SampleDataUtil Update Structure of Task object to include Tag Update ReadOnlyTaskList interface to add addTask()","messageBody":"Clean up documentation of UG and various methods\n","fileTypesAndContributionMap":{"functional-code":{"insertions":123,"deletions":29},"docs":{"insertions":15,"deletions":15}}},{"hash":"2c13f1c6c8059d3c8409e9589f69a9132a16a14c","messageTitle":"Change AboutUs for adrianongjj.jpg to adrianongjj.png","messageBody":"","fileTypesAndContributionMap":{"docs":{"insertions":1,"deletions":1}}},{"hash":"7cf8e252977bccb454ce521b619479c262739dbf","messageTitle":"Update Test folder and test cases","messageBody":"","fileTypesAndContributionMap":{"test-code":{"insertions":24,"deletions":11}}},{"hash":"aee6963412ffb6ca7cbe844318f15e1130b297ac","messageTitle":"Change valid regex of Tag to ASCII instead of alphanumeric since it was not accepting blank spaces","messageBody":"","fileTypesAndContributionMap":{"functional-code":{"insertions":2,"deletions":2},"test-code":{"insertions":5,"deletions":0}}},{"hash":"5c99e2022feede87559a1620305ee5b97e1c245e","messageTitle":"Change parser tests to accomodate for changes in tag type","messageBody":"","fileTypesAndContributionMap":{"test-code":{"insertions":1,"deletions":5}}},{"hash":"3715b51f7a391019206c37453649e352ac334146","messageTitle":"Update based on checkstyle","messageBody":"","fileTypesAndContributionMap":{"test-code":{"insertions":0,"deletions":3}}},{"hash":"0a436ea394a603e6482c723a4aebb4593827585e","messageTitle":"Update test cases further","messageBody":"","fileTypesAndContributionMap":{"test-code":{"insertions":0,"deletions":13}}},{"hash":"0a200a471276a4e01d9e21178898f9a8db3139df","messageTitle":"Clean checkstyle","messageBody":"","fileTypesAndContributionMap":{"test-code":{"insertions":0,"deletions":2}}}]},{"date":"2022-03-17","commitResults":[{"hash":"feee865d7f45501b2729b54617bf3840a9bbaeed","messageTitle":"Fix testing errors in DeleteTaskCommandTest.java","messageBody":"","fileTypesAndContributionMap":{"test-code":{"insertions":6,"deletions":0}}},{"hash":"c4d35bc132beb838c804674c4833b941f62dbb5e","messageTitle":"Change AddCommand, AddCommandParser, EditCommand, EditCommandParser. AddCommand no longer requires address. EditCommand no longer requires address","messageBody":"","fileTypesAndContributionMap":{"functional-code":{"insertions":26,"deletions":21}}},{"hash":"fb8ea26b614f09a23e4e4c7068602367be18d4a2","messageTitle":"Change Test Cases and Update UserGuide accordingly","messageBody":"","fileTypesAndContributionMap":{"functional-code":{"insertions":12,"deletions":0},"docs":{"insertions":48,"deletions":33},"test-code":{"insertions":57,"deletions":13}}},{"hash":"6b2aae7b8da56c0e0af0ce9d6cd9c7f7b1090d92","messageTitle":"Minor edits to UG","messageBody":"","fileTypesAndContributionMap":{"docs":{"insertions":1,"deletions":0}}},{"hash":"23c1d545d42de9624bd7185b733c3af9a6c9a8d1","messageTitle":"Minor changes to LogicManagerTest","messageBody":"","fileTypesAndContributionMap":{"test-code":{"insertions":3,"deletions":0}}},{"hash":"d35abb5476306c1bee68af8c5a022a9cd7697eff","messageTitle":"Minor changes to LogicManagerTest imports","messageBody":"","fileTypesAndContributionMap":{"test-code":{"insertions":7,"deletions":4}}},{"hash":"fc092f34a5a167be55f5b4b4867189fc61e88c7a","messageTitle":"Minor changes to LogicManagerTest imports","messageBody":"","fileTypesAndContributionMap":{"test-code":{"insertions":0,"deletions":1}}}]},{"date":"2022-03-21","commitResults":[{"hash":"c027a3c6b28cda866519d13d6eaea44716d55f7a","messageTitle":"Made changes to include Username field","messageBody":"","fileTypesAndContributionMap":{"functional-code":{"insertions":162,"deletions":67},"test-code":{"insertions":60,"deletions":42}}}]},{"date":"2022-03-22","commitResults":[{"hash":"726a144d343160535afe15b15328bc69afe83c65","messageTitle":"Changes to Test cases","messageBody":"","fileTypesAndContributionMap":{"functional-code":{"insertions":29,"deletions":7},"test-code":{"insertions":19,"deletions":22}}},{"hash":"7ccb67e52da5e58aa0405beec542d1820d6f647f","messageTitle":"Update uniqueness of contacts in addcommand. Contacts now need different names, phone numbers, emails and usernames.","messageBody":"","fileTypesAndContributionMap":{"functional-code":{"insertions":104,"deletions":3},"docs":{"insertions":1,"deletions":1},"test-code":{"insertions":12,"deletions":0}}}]},{"date":"2022-03-25","commitResults":[{"hash":"d14cf1d3499861cea5c5dc112b5be83e7f775cce","messageTitle":"Update UG","messageBody":"","fileTypesAndContributionMap":{"docs":{"insertions":44,"deletions":36}}},{"hash":"39be5548520de9792273a087801c197e5d501c52","messageTitle":"Update Username to GitUsername.java Update UG","messageBody":"","fileTypesAndContributionMap":{"functional-code":{"insertions":83,"deletions":82},"other":{"insertions":8,"deletions":8},"docs":{"insertions":2,"deletions":2},"test-code":{"insertions":14,"deletions":14}}},{"hash":"d169482700e566b2b838eaa6a327e26a1bf3c2de","messageTitle":"Fix checkstyle issues","messageBody":"","fileTypesAndContributionMap":{"docs":{"insertions":7,"deletions":7}}},{"hash":"fcdb397ad6041f54d00240e41420a9abc850aad1","messageTitle":"Update UG and DG as per feedback","messageBody":"","fileTypesAndContributionMap":{"docs":{"insertions":56,"deletions":23}}},{"hash":"44577703de85774c5abb3323abc0b73403433ee5","messageTitle":"Update headings of UG","messageBody":"","fileTypesAndContributionMap":{"docs":{"insertions":4,"deletions":4}}}]},{"date":"2022-03-26","commitResults":[{"hash":"21d9f626d233e3a232f8b56fcb7b8476a428eb3b","messageTitle":"Update UI to display Github: instead of GitUsername","messageBody":"","fileTypesAndContributionMap":{"functional-code":{"insertions":1,"deletions":1}}},{"hash":"6239f31f68dd1e4e132c1c8caa0bb89c7c6d085c","messageTitle":"Update SampleDataUtil to include relevant examples. Update CSS to change color for zoom link display","messageBody":"","fileTypesAndContributionMap":{"functional-code":{"insertions":39,"deletions":28}}}]},{"date":"2022-03-27","commitResults":[{"hash":"2d14e5da468e547b29fe961bdc7f0b675fb9668a","messageTitle":"Updates to UG, Ui.png and SampleDataUtil.java","messageBody":"","fileTypesAndContributionMap":{"functional-code":{"insertions":6,"deletions":6},"docs":{"insertions":50,"deletions":41}}},{"hash":"40812e045d7e2a73b2c7feec9b6d2f5c8e584668","messageTitle":"Updates to UG, Ui.png and SampleDataUtil.java and added new images for UG","messageBody":"","fileTypesAndContributionMap":{"functional-code":{"insertions":1,"deletions":1},"docs":{"insertions":94,"deletions":59}}},{"hash":"ded996b45bf285840e23eca917e75833b6a6e12b","messageTitle":"Change helpMessage.png and update UG as per feedback","messageBody":"","fileTypesAndContributionMap":{"docs":{"insertions":28,"deletions":15}}},{"hash":"5a8efe839416a562b2a23735fb68a932334edd94","messageTitle":"Change header in UG","messageBody":"","fileTypesAndContributionMap":{"docs":{"insertions":1,"deletions":1}}}]},{"date":"2022-03-28","commitResults":[{"hash":"ff863cb5ce6ed560f7db4fdefa3d8179b4e4d4df","messageTitle":"Changes to UserGuide.md links","messageBody":"","fileTypesAndContributionMap":{"docs":{"insertions":27,"deletions":27}}},{"hash":"168a04f44ba31ea70b3b95eefc634a17974f5b4c","messageTitle":"Fix spacing issue in AddCommand.java help message","messageBody":"","fileTypesAndContributionMap":{"functional-code":{"insertions":1,"deletions":1}}}]},{"date":"2022-03-29","commitResults":[{"hash":"4e1ebe1f432132be3f1462258d36e3461463df96","messageTitle":"Update error messages: 1. Changed \"Parameters: \" to \"Usage: \" to show how to use the command for users 2. Fix minor spacing bugs","messageBody":"Switched up editc command: username comes before tag\n","fileTypesAndContributionMap":{"functional-code":{"insertions":59,"deletions":29},"docs":{"insertions":27,"deletions":27}}},{"hash":"994e5e5c13a76468bbbe90f107a776bdc3485ba2","messageTitle":"Update error messages: 1. Changed \"Parameters: \" to \"Usage: \" to show how to use the command for users 2. Fix minor spacing bugs","messageBody":"Switched up editc command: username comes before tag\n","fileTypesAndContributionMap":{"functional-code":{"insertions":2,"deletions":2}}}]},{"date":"2022-03-30","commitResults":[{"hash":"2d22cea688c28fc20f4ac74ce07cce1d0ffdbca2","messageTitle":"Update Error messages for the following command and their specifics: 1. addc - displays missing compulsory parameters + correct format 2. addt - displays missing compulsory parameters - displays date error message for wrong format - Recurrence format is invalid - Recurrence index is invalid 3. assignc - displays missing parameter 4. unassignc - displays missing parameter 5. deletec - displays invalid contact index 6. deletet - displays invalid task index 7. editc - displays invalid contact index 8. editt - displays no parameters entered - displays invalid task index - displays invalid datetime 9. findc - displays no keywords specified 10. gen - displays invalid task index 11. mark - displays invalid task index 12. unmark - displays invalid task index 13. view - displays invalid task index","messageBody":"","fileTypesAndContributionMap":{"functional-code":{"insertions":145,"deletions":45},"test-code":{"insertions":34,"deletions":21}}}]},{"date":"2022-03-31","commitResults":[{"hash":"3b2dfb1daccd5ef6cc490be0ea78a78d677690a5","messageTitle":"Update ViewCommand.java","messageBody":"","fileTypesAndContributionMap":{"functional-code":{"insertions":2,"deletions":4}}},{"hash":"065f0f0b46bf17916922fb0664a4f7dcf4006faa","messageTitle":"Update UserGuide.md","messageBody":"","fileTypesAndContributionMap":{"docs":{"insertions":1,"deletions":1}}},{"hash":"a6c55058f93ccefec814fe3fde99da11588fbd8e","messageTitle":"Update UserGuide.md","messageBody":"","fileTypesAndContributionMap":{"docs":{"insertions":1,"deletions":1}}},{"hash":"9c14207cdd6b8ec0e41480c803f76e60c71a58c0","messageTitle":"Update AddTaskCommand.java","messageBody":"","fileTypesAndContributionMap":{"functional-code":{"insertions":2,"deletions":2}}},{"hash":"6dd7bc5b24efb79ca41c74e42bd41034e314bf4c","messageTitle":"Update UserGuide.md","messageBody":"","fileTypesAndContributionMap":{"docs":{"insertions":1,"deletions":1}}},{"hash":"80dc3a9cecc9231e482242c4fbf20f3d31668763","messageTitle":"Update AddTaskCommand.java","messageBody":"","fileTypesAndContributionMap":{"functional-code":{"insertions":3,"deletions":3}}},{"hash":"f7949aabb9c4b5783d9f0531f5ee2cd2b5baf31e","messageTitle":"Update FindTaskCommand.java","messageBody":"","fileTypesAndContributionMap":{"functional-code":{"insertions":1,"deletions":1}}}]},{"date":"2022-04-04","commitResults":[{"hash":"f11c6dd8b0cc702b978d6c8e4ca927e146a0ad89","messageTitle":"Fixes for: 1. Issue #238 list instead of listc in command summary 2. Issue #233 missing bracket in editing the data file 3.Issue #226 Change explanation for command/missing help page 4. Issue #223 Change examples for findt by date to findt instead of find 5. Issue #220 Change phrasing for Alert in README.md 6. Issue #209 Fix documentation bug for unassign feature 7. Issue #204 Remove \"examples\" from command summary 8. Issue #195 Add ...ZWSP behind [TAGS] for addc, editc etc to indicate multiple tags can be added","messageBody":"","fileTypesAndContributionMap":{"docs":{"insertions":37,"deletions":34}}},{"hash":"80e9f13f6907a06e3e27ca8c84f2a3bb05d59437","messageTitle":"Further changes: 1. Issue #202 Change explanation of uniqueness of tags in same task 2. Issue #208 Enable GitHub username to allow hyphens by changing regex in GitUsername.java 3. Update README as per feedback 4. Update UG: - Change [TAGS] to [TAG] - Change size of headers for Features and Task/Contact Features - Change email in example in addc - Change findc and findt description - Deleted findc and findt tip: unnecessary to mention can search by tags as a tip","messageBody":"","fileTypesAndContributionMap":{"functional-code":{"insertions":7,"deletions":5},"docs":{"insertions":35,"deletions":37}}}]},{"date":"2022-04-05","commitResults":[{"hash":"10fbca5fb79d389891f152f10ea616c73d8c31a1","messageTitle":"Add functionality of allowing same name. Change error message in AddCommand.java and EditCommand.java to show duplicate username, phone or email Fix multiple test cases, removed Address Field from many test cases.","messageBody":"Unclear on AddressBookTest.java test, so I commented it out\n","fileTypesAndContributionMap":{"functional-code":{"insertions":44,"deletions":25},"test-code":{"insertions":98,"deletions":89}}},{"hash":"56967eca19e74ce4e8f3c3863b3dc0f06ed0ffb4","messageTitle":"Update docs/UserGuide.md","messageBody":"Co-authored-by: junrong98 \u003c77258042+junrong98@users.noreply.github.com\u003e","fileTypesAndContributionMap":{"docs":{"insertions":1,"deletions":1}}},{"hash":"7aa4e42176a7ee3f71ca7c74cb2b2530699e5b01","messageTitle":"Update UserGuide.md","messageBody":"","fileTypesAndContributionMap":{"docs":{"insertions":1,"deletions":1}}},{"hash":"76940592ff3d297cfa8463d84daeb85ec74e21b4","messageTitle":"Update UserGuide.md","messageBody":"","fileTypesAndContributionMap":{"docs":{"insertions":1,"deletions":1}}},{"hash":"0100a642e90ae530f47a9f75b85f69cb2afed5cf","messageTitle":"Added whitespace in GitUsername","messageBody":"","fileTypesAndContributionMap":{"functional-code":{"insertions":1,"deletions":1}}}]},{"date":"2022-04-06","commitResults":[{"hash":"4acce05a8a2e40cbac6ec48fbea7f158f518c8db","messageTitle":"Changes: 1. Update AddTaskCommandTest.java 2. Update AddCommandTest.java 3. Update AddTaskCommandParserTest.java 4. Update AddCommandParserTest.java 5. Update datetime to be 2050 for test cases and 2023 for examples so they are valid 6. Issue #235 Duplicate tasks explanation fixed in UG 7. Issue #217 Wrong index explanation added in UG 8. General bug fixes","messageBody":"","fileTypesAndContributionMap":{"functional-code":{"insertions":72,"deletions":18},"docs":{"insertions":9,"deletions":1},"test-code":{"insertions":358,"deletions":57}}}]},{"date":"2022-04-07","commitResults":[{"hash":"42048f81cf5bc71414d4e0afc73040d1b3c7b0fa","messageTitle":"Add GitUsernameTest.java and update explanation for invalid GitUsername.","messageBody":"","fileTypesAndContributionMap":{"functional-code":{"insertions":4,"deletions":1},"docs":{"insertions":3,"deletions":0},"test-code":{"insertions":41,"deletions":0}}},{"hash":"0b4a0aa58db3d2d0d72dd247c1a2b88869543e81","messageTitle":"Update AddTaskCommand.java","messageBody":"","fileTypesAndContributionMap":{"functional-code":{"insertions":1,"deletions":2}}},{"hash":"757b6aee0e699585394cff83bf917876fe9e5998","messageTitle":"Update AddTaskCommandTest.java","messageBody":"","fileTypesAndContributionMap":{"test-code":{"insertions":0,"deletions":4}}},{"hash":"881bf1ae503181da272649458aafb4394aa7da3c","messageTitle":"Update AddTaskCommandParserTest.java","messageBody":"","fileTypesAndContributionMap":{"test-code":{"insertions":2,"deletions":4}}},{"hash":"fbce304cfc84c45aa9cb1ebffc9a03444b81e7d0","messageTitle":"Update GitUsernameTest.java","messageBody":"","fileTypesAndContributionMap":{"test-code":{"insertions":10,"deletions":10}}},{"hash":"6fce54c84dd00ab0aaecc59333d5b14bf5a19b06","messageTitle":"Update AddTaskCommand.java","messageBody":"","fileTypesAndContributionMap":{"functional-code":{"insertions":1,"deletions":2}}},{"hash":"7ab8324ef1462acc1a3ade259a73621e444e7b41","messageTitle":"Update AddTaskCommandTest.java","messageBody":"","fileTypesAndContributionMap":{"test-code":{"insertions":0,"deletions":4}}},{"hash":"1feb367239a5ce94032b8f9edc88dfe5fec27f64","messageTitle":"Update AddTaskCommandParserTest.java","messageBody":"","fileTypesAndContributionMap":{"test-code":{"insertions":1,"deletions":3}}},{"hash":"acdcd55b0ce04c8a6c4032af8867a74b97daa034","messageTitle":"Update AddTaskCommandParserTest.java","messageBody":"","fileTypesAndContributionMap":{"test-code":{"insertions":1,"deletions":1}}},{"hash":"67ee73abad14acea0a525350fef642b9bbb5fc7e","messageTitle":"Update AddTaskCommandParserTest.java","messageBody":"","fileTypesAndContributionMap":{"test-code":{"insertions":1,"deletions":1}}},{"hash":"7db06b297ae07b30c98b894579a3076482393972","messageTitle":"Update AddTaskCommandParserTest.java","messageBody":"","fileTypesAndContributionMap":{"test-code":{"insertions":1,"deletions":1}}},{"hash":"0756c65f38bb727a468112fe6b3d64ce7d0bd2aa","messageTitle":"Update AddTaskCommandParserTest.java","messageBody":"","fileTypesAndContributionMap":{"test-code":{"insertions":1,"deletions":1}}},{"hash":"73e8c93602d4d1f4c4072d8cf98c23cefe21e1f5","messageTitle":"Update UG, FilterByDateCommand and FilterByDateCommand","messageBody":"","fileTypesAndContributionMap":{"functional-code":{"insertions":10,"deletions":9},"docs":{"insertions":116,"deletions":88}}},{"hash":"0ea64e7e127a3365f8f496e1ed68608ae0b58805","messageTitle":"Update PPP as well as some issues: Issue #214 Issue #203 Issue #201","messageBody":"","fileTypesAndContributionMap":{"docs":{"insertions":46,"deletions":13},"test-code":{"insertions":0,"deletions":31}}}]},{"date":"2022-04-08","commitResults":[{"hash":"102f969fd40ceb0396b33c2e588504ed0e119369","messageTitle":"Create test classes for: TaskBetweenDatesPredicateTest and EditCommandParserTest","messageBody":"Update EditTaskCommandParser to include task name check\n\nFix spelling error in Messages.java\n","fileTypesAndContributionMap":{"functional-code":{"insertions":7,"deletions":4},"test-code":{"insertions":141,"deletions":168}}},{"hash":"6de778fbff5fae0628c38124d3eefd72a61a563b","messageTitle":"Fix checkstyle","messageBody":"","fileTypesAndContributionMap":{"test-code":{"insertions":8,"deletions":7}}}]}],"junjunjieOng":[{"date":"2022-02-28","commitResults":[{"hash":"e44575a797f9f87ff4d5ffffade00db08b798eb8","messageTitle":"Update personal information for about us","messageBody":"","fileTypesAndContributionMap":{"docs":{"insertions":52,"deletions":5}}},{"hash":"b1f988a9e5ea16273c878db057c784e6e8e82a31","messageTitle":"Update user guide for delete task feature","messageBody":"","fileTypesAndContributionMap":{"docs":{"insertions":12,"deletions":0}}},{"hash":"29618ad4deb72d372468886dd63ac71ca6d1984a","messageTitle":"Update user stories and NFR","messageBody":"","fileTypesAndContributionMap":{"docs":{"insertions":29,"deletions":15}}},{"hash":"edf4ac96d95eed8296e7c54329342b990cafbdfc","messageTitle":"Update value proposition","messageBody":"","fileTypesAndContributionMap":{"docs":{"insertions":1,"deletions":1}}},{"hash":"557fea1f489353ed18e85cc18549cdaf18b599ce","messageTitle":"Updated Project Portfolio Page","messageBody":"","fileTypesAndContributionMap":{"docs":{"insertions":42,"deletions":0}}}]},{"date":"2022-03-13","commitResults":[{"hash":"4af48b8a40daac366584ae71e247fbd1ce768ee4","messageTitle":"Add delete features and update DG and UG","messageBody":"","fileTypesAndContributionMap":{"functional-code":{"insertions":158,"deletions":1},"docs":{"insertions":29,"deletions":23},"test-code":{"insertions":179,"deletions":0}}},{"hash":"f18a8e94549562f953ea34456303a32803f3c442","messageTitle":"Update ModelManager.java","messageBody":"","fileTypesAndContributionMap":{"functional-code":{"insertions":1,"deletions":0}}},{"hash":"81298e784c111c87c872b9260b618bb7b7cd8354","messageTitle":"Update TaskList.java","messageBody":"","fileTypesAndContributionMap":{"functional-code":{"insertions":1,"deletions":0}}}]},{"date":"2022-03-16","commitResults":[{"hash":"3601de523385e153fa0f9e77af843233e6f56f5b","messageTitle":"Add edit task feature, test cases and update UG","messageBody":"","fileTypesAndContributionMap":{"functional-code":{"insertions":324,"deletions":0},"docs":{"insertions":5,"deletions":5},"test-code":{"insertions":442,"deletions":0}}},{"hash":"7e5aeb80927dd2b96a3102a8938571f17c99c0c8","messageTitle":"Update TaskList.java","messageBody":"","fileTypesAndContributionMap":{"functional-code":{"insertions":0,"deletions":1}}},{"hash":"a3efc172d37e11de2e405334f4e3adbf0ba6f89c","messageTitle":"Update EditTaskCommand.java","messageBody":"","fileTypesAndContributionMap":{"functional-code":{"insertions":1,"deletions":6}}},{"hash":"bf66011f96816469a54f549a4eab7c3eb4b5bccf","messageTitle":"Update Task.java","messageBody":"","fileTypesAndContributionMap":{"functional-code":{"insertions":2,"deletions":1}}},{"hash":"81ebbaba506333d82faf19f71b3e5dc7f418df2b","messageTitle":"Update Task.java","messageBody":"","fileTypesAndContributionMap":{"functional-code":{"insertions":2,"deletions":3}}},{"hash":"9f319a8c6327f5587329a59f6c8ea36be05ffb8e","messageTitle":"Update EditTaskCommand.java","messageBody":"","fileTypesAndContributionMap":{"functional-code":{"insertions":4,"deletions":4}}},{"hash":"9cf66651ab1e1b2d816c290ac918a20c239ad0b5","messageTitle":"Update UserGuide.md","messageBody":"","fileTypesAndContributionMap":{"docs":{"insertions":4,"deletions":4}}}]},{"date":"2022-03-22","commitResults":[{"hash":"dc53f0b98df15273d9486628c70dfc44c36b79d9","messageTitle":"Update draft DG for Delete task and Edit task features","messageBody":"","fileTypesAndContributionMap":{"docs":{"insertions":269,"deletions":0}}},{"hash":"baafd3906e946312241d0ac8a4f2ccc7f1e9cb14","messageTitle":"Update DeleteTaskOutcome.puml","messageBody":"","fileTypesAndContributionMap":{"docs":{"insertions":1,"deletions":1}}},{"hash":"5e77bece5267f1b024c2929cb3679ff3e860eb90","messageTitle":"Update EditTaskOutcome.puml","messageBody":"","fileTypesAndContributionMap":{"docs":{"insertions":1,"deletions":1}}},{"hash":"8a8dc8076eb74469417c3340bdcc449621a52c11","messageTitle":"Update EditTaskSequenceDiagram.puml","messageBody":"","fileTypesAndContributionMap":{"docs":{"insertions":1,"deletions":1}}}]},{"date":"2022-03-23","commitResults":[{"hash":"c425db06c3e6fbc4f9ad817a3b0486cca96c3724","messageTitle":"Add display of alert box feature for task that is due soon","messageBody":"","fileTypesAndContributionMap":{"functional-code":{"insertions":150,"deletions":17}}},{"hash":"8f312a290f591204123ed1265d80c73d3ae479ee","messageTitle":"Update AlertWindow.java","messageBody":"","fileTypesAndContributionMap":{"functional-code":{"insertions":1,"deletions":1}}},{"hash":"932a2d529882593404c330fe982b359b18d00573","messageTitle":"Update MainWindow.java","messageBody":"","fileTypesAndContributionMap":{"functional-code":{"insertions":0,"deletions":1}}},{"hash":"b6d865e15a04268e4c3c26f887791cfae15d7ee9","messageTitle":"Update AlertWindow.java","messageBody":"","fileTypesAndContributionMap":{"functional-code":{"insertions":9,"deletions":9}}},{"hash":"c35af407017a7242e65ced4e06d5a4630acac539","messageTitle":"Update AlertWindow.java","messageBody":"","fileTypesAndContributionMap":{"functional-code":{"insertions":15,"deletions":16}}},{"hash":"15a7bb8f7cc8a9633597fc1f975ee7bd70974b0c","messageTitle":"Update docs/DeveloperGuide.md","messageBody":"Co-authored-by: junrong98 \u003c77258042+junrong98@users.noreply.github.com\u003e","fileTypesAndContributionMap":{"docs":{"insertions":1,"deletions":1}}},{"hash":"360bc684d8a4df44538b020140ee111373bb4046","messageTitle":"Update DeveloperGuide.md","messageBody":"","fileTypesAndContributionMap":{"docs":{"insertions":1,"deletions":1}}},{"hash":"df8f8c344badc593955e07c4195734f996237e5c","messageTitle":"Update DeveloperGuide.md","messageBody":"","fileTypesAndContributionMap":{"docs":{"insertions":1,"deletions":1}}},{"hash":"1c020c4cfa61ff983caeefdf193014016fba73ab","messageTitle":"Update DeveloperGuide.md","messageBody":"","fileTypesAndContributionMap":{"docs":{"insertions":1,"deletions":1}}}]},{"date":"2022-03-24","commitResults":[{"hash":"f31e44f2e1d9be4c5636ddcb108e4f49dd3c2c2e","messageTitle":"Update details in DG draft","messageBody":"","fileTypesAndContributionMap":{"docs":{"insertions":5,"deletions":5}}},{"hash":"61a2b448589b2d13de4768732373a88a1fc1ae13","messageTitle":"Rectify minor error","messageBody":"","fileTypesAndContributionMap":{"functional-code":{"insertions":1,"deletions":1}}},{"hash":"b69c572592d8541c2965b314b17abec00aa45d69","messageTitle":"Update DeveloperGuide.md","messageBody":"","fileTypesAndContributionMap":{"docs":{"insertions":1,"deletions":1}}},{"hash":"4d3725b1651d757d84d1e2e42b6cb5650ca84052","messageTitle":"Update DG diagram","messageBody":"","fileTypesAndContributionMap":{"docs":{"insertions":7,"deletions":7}}}]},{"date":"2022-03-25","commitResults":[{"hash":"2f8554e87feffbbe5e28760c826669ebfd092c19","messageTitle":"Update Editcommand and Userguide","messageBody":"","fileTypesAndContributionMap":{"functional-code":{"insertions":14,"deletions":5},"docs":{"insertions":1,"deletions":1},"test-code":{"insertions":6,"deletions":14}}},{"hash":"255afd02f64424cc80f2ec978fd8299c40690f44","messageTitle":"Rectify check style error","messageBody":"","fileTypesAndContributionMap":{"functional-code":{"insertions":4,"deletions":3}}},{"hash":"c0fb690c5d084d10271a8f623e118625ce84eb35","messageTitle":"Update DG for EditTaskCommand","messageBody":"","fileTypesAndContributionMap":{"docs":{"insertions":11,"deletions":11}}},{"hash":"51b0b1b97de2aef59826d381e1d4de4e51442f72","messageTitle":"Update DG","messageBody":"","fileTypesAndContributionMap":{"docs":{"insertions":1,"deletions":1}}}]},{"date":"2022-03-26","commitResults":[{"hash":"31276e166b26e33def139f60e6470d182e5a6652","messageTitle":"Add mark and unmark features","messageBody":"","fileTypesAndContributionMap":{"functional-code":{"insertions":333,"deletions":144},"docs":{"insertions":28,"deletions":0},"test-code":{"insertions":216,"deletions":4}}},{"hash":"e345a0b152b14e2942a1e6cf256931e6e91ae5dc","messageTitle":"Edit check-style error","messageBody":"","fileTypesAndContributionMap":{"functional-code":{"insertions":0,"deletions":1}}},{"hash":"c93f01e1d9fbbf4b31767ef63fe16e0483b7b352","messageTitle":"Add DeleteTaskCommandParser test case","messageBody":"","fileTypesAndContributionMap":{"test-code":{"insertions":33,"deletions":0}}},{"hash":"a4e8ec82684e1ce27b09aa607d9248b70b442bee","messageTitle":"Change Indexes name form person to task","messageBody":"","fileTypesAndContributionMap":{"test-code":{"insertions":2,"deletions":2}}},{"hash":"3504871ba5c171730b684d97972b92b60775f0a6","messageTitle":"Update EditTaskCommand.java","messageBody":"","fileTypesAndContributionMap":{"functional-code":{"insertions":2,"deletions":2}}},{"hash":"8dd1adae8197c713ae932600738dfabef270dc29","messageTitle":"Update AddressBookParser.java","messageBody":"","fileTypesAndContributionMap":{"functional-code":{"insertions":1,"deletions":1}}},{"hash":"6ba0c12aa32a655f9059008d348230136b8ad3de","messageTitle":"Update Task.java","messageBody":"","fileTypesAndContributionMap":{"functional-code":{"insertions":1,"deletions":0}}}]},{"date":"2022-03-27","commitResults":[{"hash":"ade652c4bd0665b3992d3ff320d88345d8170a51","messageTitle":"Update SampleDataUtil.java","messageBody":"","fileTypesAndContributionMap":{"functional-code":{"insertions":1,"deletions":1}}},{"hash":"980f40e7ceb13e23d216ffa6811d57c40e985414","messageTitle":"Update List Task feature","messageBody":"","fileTypesAndContributionMap":{"functional-code":{"insertions":87,"deletions":4},"docs":{"insertions":11,"deletions":3},"test-code":{"insertions":67,"deletions":2}}},{"hash":"d5d2fd0e73123bb6f9ac7aaaebe04475b4a56bb4","messageTitle":"Update task link UI","messageBody":"","fileTypesAndContributionMap":{"functional-code":{"insertions":15,"deletions":1}}},{"hash":"c3267228e91cd756629f55892d993249f779a33f","messageTitle":"Update User Guide","messageBody":"","fileTypesAndContributionMap":{"docs":{"insertions":4,"deletions":4}}},{"hash":"d67a11f26ec9706805ec7a66c34460d36875022d","messageTitle":"Update User Guide","messageBody":"","fileTypesAndContributionMap":{"docs":{"insertions":3,"deletions":3}}},{"hash":"1a3d86b4890e4caa83f2ead52e1f98bc8d1a004d","messageTitle":"Update link UI","messageBody":"","fileTypesAndContributionMap":{"functional-code":{"insertions":0,"deletions":2}}},{"hash":"30f39c10cdde0da7ad66c41671e2cc0276c8e69c","messageTitle":"Update task link UI","messageBody":"","fileTypesAndContributionMap":{"functional-code":{"insertions":4,"deletions":1}}},{"hash":"7316b893179893392e20a8284693d22283e93e94","messageTitle":"Update UserGuide.md","messageBody":"","fileTypesAndContributionMap":{"docs":{"insertions":7,"deletions":3}}},{"hash":"0015ec78cefed6d87d74563c5fc8d093f4d39de5","messageTitle":"Update UserGuide.md","messageBody":"","fileTypesAndContributionMap":{"docs":{"insertions":1,"deletions":1}}}]},{"date":"2022-03-28","commitResults":[{"hash":"9ace8e0f4c82942b1232b0dfa1e06f990e0de647","messageTitle":"Update Index file","messageBody":"","fileTypesAndContributionMap":{"docs":{"insertions":1,"deletions":1}}}]},{"date":"2022-03-30","commitResults":[{"hash":"3af70d3085b63410366513820a2b688fc39716f6","messageTitle":"Update edit task function to edit link","messageBody":"","fileTypesAndContributionMap":{"functional-code":{"insertions":11,"deletions":4},"docs":{"insertions":15,"deletions":4}}}]},{"date":"2022-04-03","commitResults":[{"hash":"fc512a837aa07015fcb1ee837989d0c5f34acc83","messageTitle":"Update PPP-JunJie","messageBody":"","fileTypesAndContributionMap":{"docs":{"insertions":41,"deletions":20}}}]},{"date":"2022-04-04","commitResults":[{"hash":"30a050e403f7624bb07d29b2f8b6371f817d0066","messageTitle":"Rectify EditTask link","messageBody":"","fileTypesAndContributionMap":{"functional-code":{"insertions":2,"deletions":2}}},{"hash":"c44b7746221dd24bb336b6daa581174ce93c40a9","messageTitle":"Update listt UG command summary","messageBody":"","fileTypesAndContributionMap":{"docs":{"insertions":1,"deletions":1}}},{"hash":"5fd2395c09dea107bedacf9a75d16a80fc991bad","messageTitle":"Rectify list task command error messages","messageBody":"","fileTypesAndContributionMap":{"functional-code":{"insertions":10,"deletions":4},"docs":{"insertions":5,"deletions":2},"test-code":{"insertions":4,"deletions":2}}}]},{"date":"2022-04-05","commitResults":[{"hash":"132984faa3e38cafdbcd09d88460f5bdc727d66b","messageTitle":"Fix date-time error","messageBody":"","fileTypesAndContributionMap":{"functional-code":{"insertions":5,"deletions":3},"test-code":{"insertions":4,"deletions":4}}}]}],"junrong98":[{"date":"2022-02-28","commitResults":[{"hash":"9516660f1b3b7a1fa9267d265c8d6abfaf30cb1f","messageTitle":"Update AboutUs.md to include personal information.","messageBody":"","fileTypesAndContributionMap":{"docs":{"insertions":6,"deletions":5}}},{"hash":"cdfdb2c24a8d2d4d4c4cb53f0825dd1edd4f2d22","messageTitle":"Added junrong98.md","messageBody":"","fileTypesAndContributionMap":{"docs":{"insertions":10,"deletions":0}}},{"hash":"09f8299b235c85d742b02ca84162ec6b2b7fb95e","messageTitle":"Update UserGuide.md","messageBody":"","fileTypesAndContributionMap":{"docs":{"insertions":31,"deletions":10}}},{"hash":"2be10942da06b5f2b29375be0d941d8e43b84753","messageTitle":"Update README.md","messageBody":"","fileTypesAndContributionMap":{"docs":{"insertions":18,"deletions":10}}}]},{"date":"2022-03-01","commitResults":[{"hash":"51c8cf4bd06519d02cc27758dbe76bbb116fb5cc","messageTitle":"Update PPP","messageBody":"","fileTypesAndContributionMap":{"docs":{"insertions":32,"deletions":1}}},{"hash":"c7cac62d262a26a55362521d41f55f426acad236","messageTitle":"Resolve minor issue.","messageBody":"","fileTypesAndContributionMap":{"docs":{"insertions":1,"deletions":1}}},{"hash":"ff2d2920b970765cb289d74f2b266f83f2ad8716","messageTitle":"Resolve minor issue","messageBody":"","fileTypesAndContributionMap":{"docs":{"insertions":1,"deletions":1}}},{"hash":"ce5453df8fc4610e00cca2f53d11eaacc2a9b456","messageTitle":"Resolve minor issue","messageBody":"","fileTypesAndContributionMap":{"docs":{"insertions":1,"deletions":1}}},{"hash":"893bb3ea4e8319f096b494482873375a21615bcc","messageTitle":"Update PPP","messageBody":"","fileTypesAndContributionMap":{"docs":{"insertions":2,"deletions":2}}}]},{"date":"2022-03-13","commitResults":[{"hash":"c858310784046d27c1c5381df00a0a099c952328","messageTitle":"Update branch","messageBody":"","fileTypesAndContributionMap":{"functional-code":{"insertions":625,"deletions":12},"test-code":{"insertions":10,"deletions":4}}},{"hash":"b2700b4331eb72078b708e5ce86da0e3ac87f21f","messageTitle":"Update GUI, logic and model to populate task ui","messageBody":"","fileTypesAndContributionMap":{"functional-code":{"insertions":205,"deletions":4}}},{"hash":"a072532777159a65c24b49e82772aa7ea61ec2a4","messageTitle":"Update checkstyle","messageBody":"","fileTypesAndContributionMap":{"functional-code":{"insertions":4,"deletions":7}}},{"hash":"b7004a28391985a4386a333e65d26fbb816a85db","messageTitle":"Update test cases","messageBody":"","fileTypesAndContributionMap":{"functional-code":{"insertions":1,"deletions":1},"test-code":{"insertions":44,"deletions":21}}}]},{"date":"2022-03-14","commitResults":[{"hash":"a04355725bca9ed1717c6fe0588ba362bb7d1f16","messageTitle":"Add view tasks feature and update DG and UG.","messageBody":"","fileTypesAndContributionMap":{"functional-code":{"insertions":136,"deletions":2},"docs":{"insertions":31,"deletions":38},"test-code":{"insertions":126,"deletions":0}}},{"hash":"252dd66c9a1e6251e6f51bdba3417bcd351063e9","messageTitle":"Update TypicalAssignedTasks.java","messageBody":"","fileTypesAndContributionMap":{"test-code":{"insertions":0,"deletions":3}}},{"hash":"85782684473749130ee37c9761eef5ed71bb555f","messageTitle":"Update ViewTaskCommand.java","messageBody":"","fileTypesAndContributionMap":{"functional-code":{"insertions":0,"deletions":1}}},{"hash":"8fa7f7e3d15e87f17d6eea04460699b5565a40ae","messageTitle":"Update Ui","messageBody":"","fileTypesAndContributionMap":{"functional-code":{"insertions":74,"deletions":36},"test-code":{"insertions":1,"deletions":1}}},{"hash":"102e65cc688b2e439fcbea4a5b680318ec5c1765","messageTitle":"Update Ui to make it resizable","messageBody":"","fileTypesAndContributionMap":{"functional-code":{"insertions":0,"deletions":1}}}]},{"date":"2022-03-15","commitResults":[{"hash":"8b1b7fc56487584f1b27986f8c26860fb75369d0","messageTitle":"Update UI","messageBody":"Fixed resizing issue with panel. Set min and max height to ensure\nthat app remain consistent.\n","fileTypesAndContributionMap":{"functional-code":{"insertions":12,"deletions":7}}},{"hash":"5b8393897a9ffe2aae2e0b42a478b9fca75517ca","messageTitle":"Refactor view command files.","messageBody":"Rename ViewTaskCommand.java to ViewCommand.java. Rename\nViewTaskCommandParser.java to ViewCommandParser.java.\n\nUpdated relevant files.\n","fileTypesAndContributionMap":{"functional-code":{"insertions":3,"deletions":3},"other":{"insertions":11,"deletions":11}}},{"hash":"31231ad7ed99e6a4d977df773d6e0b446ec42727","messageTitle":"Update MainWindow.java","messageBody":"Remove unused imports, resolve CI issues","fileTypesAndContributionMap":{"functional-code":{"insertions":0,"deletions":1}}},{"hash":"05711d72df55fd8ae5646f6aaca55bf8a7f2fbce","messageTitle":"Update assign, unassign feature and task class","messageBody":"Update the feature and class in order to display dateTime in a\nmore readable friendly way.\n\nAdditionally, update user information displayed in result box to\nonly display relevant information which is tentatively name and\nphone number.\n","fileTypesAndContributionMap":{"functional-code":{"insertions":21,"deletions":9},"test-code":{"insertions":7,"deletions":3}}},{"hash":"13a2bbee397123c8ab74cd8225a29fcae39e3694","messageTitle":"Resolve minor cosmetic bug","messageBody":"","fileTypesAndContributionMap":{"functional-code":{"insertions":11,"deletions":3},"test-code":{"insertions":1,"deletions":1}}},{"hash":"310db2c354a48ef4d48e069ebe592a5462673dcd","messageTitle":"Update task ui to display tags","messageBody":"","fileTypesAndContributionMap":{"functional-code":{"insertions":5,"deletions":1}}},{"hash":"1ea208895e5f08fd696e55cc7e774053132230c8","messageTitle":"Update task class","messageBody":"Change formatting of date to be more user friendly\n","fileTypesAndContributionMap":{"functional-code":{"insertions":3,"deletions":3}}},{"hash":"75eb6a8ce857601e8c98bd94928a116cab9a50ec","messageTitle":"Update displayed results for task","messageBody":"Update results displayed to users during assignment, unassignment,\nviewing of tasks.\n","fileTypesAndContributionMap":{"functional-code":{"insertions":52,"deletions":7},"test-code":{"insertions":4,"deletions":5}}},{"hash":"ae292dcf8cb9cdca48e6fd68a1485adbfde169ed","messageTitle":"Fix issue with formatting of date","messageBody":"","fileTypesAndContributionMap":{"functional-code":{"insertions":3,"deletions":1}}},{"hash":"96765c4368a380c8f86371b4770d148bdb464efc","messageTitle":"Update usage message for add task","messageBody":"Display the correct format used by logic.\u003d\n","fileTypesAndContributionMap":{"functional-code":{"insertions":1,"deletions":3}}}]},{"date":"2022-03-16","commitResults":[{"hash":"fb7d15790805f6cc58bd92c9391f5118d3f095cf","messageTitle":"Update AssignCommand.java","messageBody":"","fileTypesAndContributionMap":{"functional-code":{"insertions":1,"deletions":1}}},{"hash":"17b308647754084f149f25301f586e783a96799f","messageTitle":"Update AssignCommand.java","messageBody":"","fileTypesAndContributionMap":{"functional-code":{"insertions":1,"deletions":1}}},{"hash":"833555e63bd704779d2bb5dd0b0cdf1480b062a7","messageTitle":"Update UnassignCommand.java","messageBody":"","fileTypesAndContributionMap":{"functional-code":{"insertions":3,"deletions":3}}},{"hash":"182703ca0d2fb055a4e040ffecbb288fc9358397","messageTitle":"Update checkstyle","messageBody":"","fileTypesAndContributionMap":{"functional-code":{"insertions":3,"deletions":1}}}]},{"date":"2022-03-21","commitResults":[{"hash":"4eb733ef92add9aaeed3bf5d4131d86e213deb2d","messageTitle":"Update build.gradle","messageBody":"","fileTypesAndContributionMap":{"other":{"insertions":1,"deletions":1}}}]},{"date":"2022-03-22","commitResults":[{"hash":"58bcf2e9793593aae74c93d8772b78e5e636ae1f","messageTitle":"Update tasks to include link","messageBody":"","fileTypesAndContributionMap":{"functional-code":{"insertions":30,"deletions":0}}},{"hash":"afd7b438c82dffe1901925d3143921f8da095de0","messageTitle":"Revert \"Update tasks to include link\"","messageBody":"This reverts commit 58bcf2e9793593aae74c93d8772b78e5e636ae1f.\n","fileTypesAndContributionMap":{"functional-code":{"insertions":0,"deletions":30}}},{"hash":"dfce98e0edc59d9e6c7dbee14384d31d2a6597b9","messageTitle":"Update task to include links","messageBody":"","fileTypesAndContributionMap":{"functional-code":{"insertions":112,"deletions":17},"test-code":{"insertions":23,"deletions":12}}},{"hash":"2dd42ba26240c5e2498cf6c227d813610a6646ab","messageTitle":"Update Task.java","messageBody":"","fileTypesAndContributionMap":{"functional-code":{"insertions":1,"deletions":0}}},{"hash":"c36f1fe17832566ed15943490a1fbe85e16c7aa9","messageTitle":"Update Task.java","messageBody":"","fileTypesAndContributionMap":{"functional-code":{"insertions":1,"deletions":1}}},{"hash":"8faddc5efaecbd99cf981751d41f4d357487c714","messageTitle":"Update Task.java","messageBody":"","fileTypesAndContributionMap":{"functional-code":{"insertions":1,"deletions":0}}},{"hash":"7751785a2334fc76d3ebd7a84ddbdea55a8b48f8","messageTitle":"Update tag to allow optional tagging","messageBody":"","fileTypesAndContributionMap":{"functional-code":{"insertions":21,"deletions":5}}},{"hash":"a4bdc02430ffd14de41d13481e2225ae5b0fe6a4","messageTitle":"Remove a testcase from TagTest","messageBody":"","fileTypesAndContributionMap":{"test-code":{"insertions":0,"deletions":6}}},{"hash":"19b1a5c99e8bb5dda45dc50ebf91b3cae8dc7ddc","messageTitle":"Update logic for optional tagging of task","messageBody":"","fileTypesAndContributionMap":{"functional-code":{"insertions":81,"deletions":52},"test-code":{"insertions":72,"deletions":46}}},{"hash":"7d2aee5a35af88f9260fbf39b0b70c41f00d6a40","messageTitle":"Update naming of variables for consistency","messageBody":"","fileTypesAndContributionMap":{"functional-code":{"insertions":12,"deletions":12}}},{"hash":"ef6e5a5880dc92ffed4337ea09a2c7dc8c53c4f7","messageTitle":"Update params","messageBody":"","fileTypesAndContributionMap":{"functional-code":{"insertions":4,"deletions":1}}},{"hash":"214d52c8e2ef45b6ec9e188e5a8581b7060f930d","messageTitle":"Update UiClassDiagram","messageBody":"","fileTypesAndContributionMap":{"docs":{"insertions":7,"deletions":0}}},{"hash":"cd12f50f90386aaf382f3f3da6c16eb7858f2c22","messageTitle":"Fix issue with test cases","messageBody":"","fileTypesAndContributionMap":{"test-code":{"insertions":19,"deletions":2}}},{"hash":"78f55cb5233c8957104794896c26086f856cbfee","messageTitle":"Update UiClassDiagram.puml","messageBody":"","fileTypesAndContributionMap":{"docs":{"insertions":0,"deletions":7}}}]},{"date":"2022-03-23","commitResults":[{"hash":"fa563b06ea2e0041e6d62bb30867e541255017dd","messageTitle":"Added recurring creation of tasks","messageBody":"","fileTypesAndContributionMap":{"functional-code":{"insertions":187,"deletions":23},"test-code":{"insertions":7,"deletions":4}}},{"hash":"cda47481b1fdaf61fe4f6d0eb4efc701c15ac9f1","messageTitle":"Fix semantic.","messageBody":"","fileTypesAndContributionMap":{"functional-code":{"insertions":5,"deletions":2}}},{"hash":"95a6d1e362028302aa83dc983d3db9b7d2e6f181","messageTitle":"Update UG, and minor modifications to files related to AddTask","messageBody":"","fileTypesAndContributionMap":{"functional-code":{"insertions":4,"deletions":2},"docs":{"insertions":3,"deletions":1}}},{"hash":"9c28b7c7493d04cd4d77bec594fb1467673e35f3","messageTitle":"Update AddTaskCommand.java","messageBody":"","fileTypesAndContributionMap":{"functional-code":{"insertions":4,"deletions":0}}},{"hash":"428c2a622afbe22064f50fc8745d044aac5d6884","messageTitle":"Update DG to include view task","messageBody":"","fileTypesAndContributionMap":{"docs":{"insertions":91,"deletions":65}}},{"hash":"c2b52c306b1d9d9206d374560b46b93b53b10de7","messageTitle":"Remove tid field from task","messageBody":"","fileTypesAndContributionMap":{"functional-code":{"insertions":18,"deletions":56},"test-code":{"insertions":4,"deletions":7}}},{"hash":"7372a5176eea97398a1b46c5c68d382a2589960d","messageTitle":"Update DG for View Task feature","messageBody":"","fileTypesAndContributionMap":{"docs":{"insertions":14,"deletions":0}}},{"hash":"2367dc736e2fc6b337cf8ccba272cba131091222","messageTitle":"Update ModelClassDiagram.puml","messageBody":"","fileTypesAndContributionMap":{"docs":{"insertions":1,"deletions":1}}}]},{"date":"2022-03-24","commitResults":[{"hash":"466181444032f794b3f8a98fa747d0560b67fc89","messageTitle":"Fix issue with activation bar","messageBody":"","fileTypesAndContributionMap":{"docs":{"insertions":0,"deletions":1}}},{"hash":"613af6176c39727bb0514dd6ec45c7bd3f4a3d43","messageTitle":"Update AddTaskCommand.java","messageBody":"","fileTypesAndContributionMap":{"functional-code":{"insertions":4,"deletions":4}}},{"hash":"cd8d21b5812be75f05cc605aed08c6530d4fe6a6","messageTitle":"Update AddTaskCommandParser.java","messageBody":"","fileTypesAndContributionMap":{"functional-code":{"insertions":0,"deletions":1}}},{"hash":"19035c8d9beed9575945840abecb1dd1c410b505","messageTitle":"Update View command","messageBody":"- Show the current list without change\n","fileTypesAndContributionMap":{"functional-code":{"insertions":10,"deletions":2},"test-code":{"insertions":16,"deletions":13}}},{"hash":"1b869dc169a5b8c53fffab6232e474a5815cd57b","messageTitle":"Fix error","messageBody":"","fileTypesAndContributionMap":{"functional-code":{"insertions":1,"deletions":1}}},{"hash":"bda3deff30435afd011f6ae9950b5d178d54b169","messageTitle":"Fix issue with ViewCommand testcase","messageBody":"","fileTypesAndContributionMap":{"test-code":{"insertions":26,"deletions":45}}},{"hash":"4bb7067f7add97f02e178a8da3f95383ba837d51","messageTitle":"Simplify view command","messageBody":"","fileTypesAndContributionMap":{"functional-code":{"insertions":8,"deletions":13}}},{"hash":"250ee53939d5d87545c5f65e142ecfb64fbfd692","messageTitle":"Update Dg","messageBody":"","fileTypesAndContributionMap":{"docs":{"insertions":3,"deletions":3}}},{"hash":"2003a2ccbaa9e9cad1cb6b535120f7067a7db539","messageTitle":"Update README.md","messageBody":"","fileTypesAndContributionMap":{"docs":{"insertions":23,"deletions":13}}},{"hash":"fbfb8f11f587df52b0e0ee9cc6efed5c6a4bec86","messageTitle":"Update link","messageBody":"","fileTypesAndContributionMap":{"functional-code":{"insertions":33,"deletions":3},"test-code":{"insertions":4,"deletions":4}}},{"hash":"feae9b2ea6432ce8ec59e018613fc048e8e5a5ef","messageTitle":"Update README.md","messageBody":"","fileTypesAndContributionMap":{"docs":{"insertions":1,"deletions":1}}}]},{"date":"2022-03-25","commitResults":[{"hash":"dbd6c03fb98c9177e4bc52564c80c1060d271080","messageTitle":"Update commands","messageBody":"Shows consistency in commands between people and tasks\n","fileTypesAndContributionMap":{"functional-code":{"insertions":17,"deletions":17},"other":{"insertions":5,"deletions":5},"test-code":{"insertions":1,"deletions":1}}},{"hash":"47ee019a7200da058000ad66eec492888cd95617","messageTitle":"Add List Task command.","messageBody":"","fileTypesAndContributionMap":{"functional-code":{"insertions":29,"deletions":1},"test-code":{"insertions":42,"deletions":3}}},{"hash":"a4eea0ae0263f9573cfa158f52c3ddb10a9ecb70","messageTitle":"Update UserGuide for list task","messageBody":"","fileTypesAndContributionMap":{"docs":{"insertions":5,"deletions":0}}},{"hash":"48d6bd3deeec332640deeb93b6276bd91132cd41","messageTitle":"Update User Guide","messageBody":"","fileTypesAndContributionMap":{"docs":{"insertions":14,"deletions":14}}},{"hash":"3e7937577b4c58ac57765d983aeda94f55ce1922","messageTitle":"Update User Guide","messageBody":"","fileTypesAndContributionMap":{"docs":{"insertions":4,"deletions":4}}},{"hash":"52182ac488b897c27a8e9e016b098eba3864564c","messageTitle":"Update TaskCard highlight","messageBody":"","fileTypesAndContributionMap":{"functional-code":{"insertions":62,"deletions":10}}},{"hash":"675cede2090667c5d34b61ca3e310539266dfb83","messageTitle":"Update TaskCard.java","messageBody":"","fileTypesAndContributionMap":{"functional-code":{"insertions":1,"deletions":1}}}]},{"date":"2022-03-26","commitResults":[{"hash":"db99f03b8974d5b2e56197cb65d00739afdf0fa2","messageTitle":"Update User Guide","messageBody":"","fileTypesAndContributionMap":{"docs":{"insertions":8,"deletions":8}}},{"hash":"3fa7fc318874a71ee97eb2e63a483fca5dab2447","messageTitle":"Remove additional editc","messageBody":"","fileTypesAndContributionMap":{"docs":{"insertions":0,"deletions":1}}},{"hash":"12d23c7bb7619a3a0c75339b84fd8bee13f57c86","messageTitle":"Add listt to command summary","messageBody":"","fileTypesAndContributionMap":{"docs":{"insertions":1,"deletions":0}}}]},{"date":"2022-03-27","commitResults":[{"hash":"0b837ef8942a9b72f2cd6f84b4136a0548efe6df","messageTitle":"Update docs/UserGuide.md","messageBody":"","fileTypesAndContributionMap":{"docs":{"insertions":1,"deletions":2}}},{"hash":"dcbcc8d4b263485c48f1883be594ebaaa5ee507e","messageTitle":"Update UserGuide.md","messageBody":"","fileTypesAndContributionMap":{"docs":{"insertions":1,"deletions":2}}}]},{"date":"2022-03-31","commitResults":[{"hash":"82f47d3fb4c77616d2f21307d74a6710ffe9932c","messageTitle":"Resolve issue with AddTaskCommand","messageBody":"","fileTypesAndContributionMap":{"functional-code":{"insertions":5,"deletions":1}}}]},{"date":"2022-04-04","commitResults":[{"hash":"d09e871b729e17ddc5feb08f3c3a814a5dfe29b8","messageTitle":"Limit phone number, email, and task name length","messageBody":"","fileTypesAndContributionMap":{"functional-code":{"insertions":49,"deletions":6}}},{"hash":"e8dd6df08dcb609b69959a2ed59193b2f1dbc052","messageTitle":"Update status bar text","messageBody":"- Remove the text entirely\n","fileTypesAndContributionMap":{"functional-code":{"insertions":4,"deletions":4}}},{"hash":"236751b3394bcaafc35aefaa059d80f91f74465a","messageTitle":"Validate links","messageBody":"","fileTypesAndContributionMap":{"functional-code":{"insertions":10,"deletions":1}}},{"hash":"b539b7a3ba94c4828110c6c6a5c078ea67ada559","messageTitle":"Make URL for help UG link be clickable.","messageBody":"","fileTypesAndContributionMap":{"functional-code":{"insertions":44,"deletions":38}}},{"hash":"3d618eead5b9f0425dc78eb7517338e7bc47638f","messageTitle":"Update file causing build error","messageBody":"","fileTypesAndContributionMap":{"functional-code":{"insertions":1,"deletions":1}}},{"hash":"d5903b806995541fde29e6cf17426438be3107e4","messageTitle":"Update file causing build issue","messageBody":"","fileTypesAndContributionMap":{"functional-code":{"insertions":0,"deletions":3}}}]},{"date":"2022-04-05","commitResults":[{"hash":"53e8a7a665e7b541006dde7df1ce4c9e59fdffb0","messageTitle":"Add test cases for view task command","messageBody":"","fileTypesAndContributionMap":{"functional-code":{"insertions":7,"deletions":0},"test-code":{"insertions":36,"deletions":3}}},{"hash":"2058b272f77b26c2817b9b4150104a1c084ac68f","messageTitle":"Resolve reviews","messageBody":"","fileTypesAndContributionMap":{"functional-code":{"insertions":13,"deletions":12}}},{"hash":"c04e2977c4d43963ba1fb213d5496c37360f2a05","messageTitle":"Update link logic and resolve comments","messageBody":"","fileTypesAndContributionMap":{"functional-code":{"insertions":17,"deletions":9}}},{"hash":"a2a691adbda9adfc5d8c5cc1fa81ff277b9d6a09","messageTitle":"Updated PPP","messageBody":"","fileTypesAndContributionMap":{"docs":{"insertions":37,"deletions":22}}},{"hash":"7bb19a33c18e2c5cae61bb9dc99eec451519eb85","messageTitle":"Update formatting of text.","messageBody":"","fileTypesAndContributionMap":{"functional-code":{"insertions":1,"deletions":1}}}]},{"date":"2022-04-06","commitResults":[{"hash":"765028fc250ea8410d4007407563a7c30a9323aa","messageTitle":"Add more test cases","messageBody":"","fileTypesAndContributionMap":{"test-code":{"insertions":8,"deletions":0}}}]},{"date":"2022-04-07","commitResults":[{"hash":"ea6840bbe1cba2a0819e50cc61074649f596d9ad","messageTitle":"Fix issue causing null invocation","messageBody":"","fileTypesAndContributionMap":{"functional-code":{"insertions":4,"deletions":4}}}]}],"snss231":[{"date":"2022-03-01","commitResults":[{"hash":"b56225f47b712ea1720a40d202f74ce01221accb","messageTitle":"Update AboutUs.md","messageBody":"","fileTypesAndContributionMap":{"docs":{"insertions":3,"deletions":3}}},{"hash":"eab62b21d46e1b8d4821ac32c4dc56bd0512dba0","messageTitle":"Create snss231.md","messageBody":"Skeletal PPP","fileTypesAndContributionMap":{"docs":{"insertions":46,"deletions":0}}}]},{"date":"2022-03-02","commitResults":[{"hash":"17569727da3afc38e4369a30fe1963e4d2e160be","messageTitle":"Update UG documentation for update command","messageBody":"","fileTypesAndContributionMap":{"docs":{"insertions":14,"deletions":0}}},{"hash":"ee47d05aebcd90b5cc7054b1c89c671c571e3d5e","messageTitle":"Add 2 use cases to DG","messageBody":"","fileTypesAndContributionMap":{"docs":{"insertions":32,"deletions":1}}}]},{"date":"2022-03-05","commitResults":[{"hash":"2a6825fa057b8f37854a42ead1673c8267a16b71","messageTitle":"Update CI banners","messageBody":"","fileTypesAndContributionMap":{"docs":{"insertions":1,"deletions":1}}},{"hash":"ddd409c36220419c2073cb34ce55a9144ebc3a48","messageTitle":"Remove placeholder, update formatting","messageBody":"","fileTypesAndContributionMap":{"docs":{"insertions":4,"deletions":28}}},{"hash":"19a345f1c9196158ead521286c80c0bd12c514c0","messageTitle":"Update UG to replace AB3 references","messageBody":"","fileTypesAndContributionMap":{"docs":{"insertions":3,"deletions":3}}}]},{"date":"2022-03-07","commitResults":[{"hash":"4f719d9e2a2522d1d71c90db3c416cc9d2ee5a26","messageTitle":"Rename photo and change file format","messageBody":"","fileTypesAndContributionMap":{"docs":{"insertions":1,"deletions":1}}},{"hash":"22e18a97625c83c39fb4ce8e998517c7a9acfabf","messageTitle":"Update to png","messageBody":"","fileTypesAndContributionMap":{"docs":{"insertions":1,"deletions":1}}}]},{"date":"2022-03-08","commitResults":[{"hash":"bb685aa10648aa21ec29d5bcc0e42a1c8d564dba","messageTitle":"Update AboutUs.md","messageBody":"change jpg to png in aboutUs.md","fileTypesAndContributionMap":{"docs":{"insertions":1,"deletions":1}}}]},{"date":"2022-03-09","commitResults":[{"hash":"d8429223f579ceef383510c2493cc9c5b1ce411b","messageTitle":"Revert \"Merge branch \u0027master\u0027 of https://github.com/AY2122S2-CS2103T-T12-4/tp\"","messageBody":"This reverts commit 4cf0eb0d93a06eb81ec3dca2352be79b15aed689, reversing\nchanges made to 1e3929c615438a479a4087fc7babeaeaa996e575.\n","fileTypesAndContributionMap":{"functional-code":{"insertions":12,"deletions":295}}}]},{"date":"2022-03-13","commitResults":[{"hash":"1b96023302f60d93c0971e22a9ea2755768c48d0","messageTitle":"Add addPersonToTask command, task seed data, test methods","messageBody":"","fileTypesAndContributionMap":{"functional-code":{"insertions":173,"deletions":0},"test-code":{"insertions":102,"deletions":0}}},{"hash":"9d8e48346b8daaa4d5957a794cc41d0804e066e9","messageTitle":"Rename AddPersonToTask to Assign","messageBody":"","fileTypesAndContributionMap":{"functional-code":{"insertions":3,"deletions":3},"other":{"insertions":17,"deletions":17}}},{"hash":"cea03f48f0538b8ad7d6477c133d232cc2397a6d","messageTitle":"Fix typo in message usage","messageBody":"","fileTypesAndContributionMap":{"functional-code":{"insertions":1,"deletions":1}}},{"hash":"62292ad2e60f011ba576585393e98da872e31bb5","messageTitle":"Add unassign command and tests","messageBody":"","fileTypesAndContributionMap":{"functional-code":{"insertions":116,"deletions":3},"test-code":{"insertions":59,"deletions":0}}},{"hash":"458028bc8a002f6742616a624f2993a322207b07","messageTitle":"Add testcase for AssignCommand","messageBody":"","fileTypesAndContributionMap":{"functional-code":{"insertions":22,"deletions":1},"test-code":{"insertions":9,"deletions":6}}},{"hash":"74b17d74c702c841f1bc41f54ea10d54428399f7","messageTitle":"Fix bug in test case","messageBody":"","fileTypesAndContributionMap":{"functional-code":{"insertions":9,"deletions":2},"test-code":{"insertions":1,"deletions":2}}}]},{"date":"2022-03-15","commitResults":[{"hash":"74693c0971064bbbc6df556de043c20d1ca50276","messageTitle":"Fix assign/unassign parser, refactor arePrefixesPresent to parserUtil","messageBody":"","fileTypesAndContributionMap":{"functional-code":{"insertions":26,"deletions":23}}},{"hash":"c492bdc473c7e5a5cfcf628d8d669dee2d7075ff","messageTitle":"Update AddTaskCommandParser to use ParserUtil::arePrefixesPresent","messageBody":"","fileTypesAndContributionMap":{"functional-code":{"insertions":1,"deletions":7}}},{"hash":"545564ab76ce30ebfd71c5703ae045b4c6194575","messageTitle":"Update UG documentation for assign and unassign","messageBody":"","fileTypesAndContributionMap":{"docs":{"insertions":20,"deletions":2}}},{"hash":"cb789dafb9c99937ee376cdd956d31151f8dfd67","messageTitle":"Add user stories for assign and unassign","messageBody":"","fileTypesAndContributionMap":{"docs":{"insertions":22,"deletions":19}}},{"hash":"f571ce21a7e7d980120c324fff8015a2bec1c247","messageTitle":"Add testing for Assign and Unassign","messageBody":"","fileTypesAndContributionMap":{"functional-code":{"insertions":18,"deletions":2},"test-code":{"insertions":89,"deletions":0}}},{"hash":"66bd295e25af285f91a533b02f8db0cbcdf6f211","messageTitle":"Checkstyle fix","messageBody":"","fileTypesAndContributionMap":{"functional-code":{"insertions":0,"deletions":5},"test-code":{"insertions":6,"deletions":2}}}]},{"date":"2022-03-21","commitResults":[{"hash":"014f51e3f467db1971fc6f421cb77be7b8d96ead","messageTitle":"Enable assertions in build.gradle","messageBody":"","fileTypesAndContributionMap":{"other":{"insertions":4,"deletions":0}}},{"hash":"9994b5e9a54a073e0b6750de214cfc4af0b3d29f","messageTitle":"Enable assertions in build.gradle","messageBody":"","fileTypesAndContributionMap":{"other":{"insertions":4,"deletions":0}}}]},{"date":"2022-03-22","commitResults":[{"hash":"23989ab97fd0f1f15448d2101a8074b90008ca08","messageTitle":"Delete contacts from tasks upon contact list deletion","messageBody":"","fileTypesAndContributionMap":{"functional-code":{"insertions":19,"deletions":0},"test-code":{"insertions":22,"deletions":0}}},{"hash":"4952631f112165d25c3eee4a58d2ce9e9c273c4e","messageTitle":"Fix imports checkstyle","messageBody":"","fileTypesAndContributionMap":{"test-code":{"insertions":1,"deletions":2}}},{"hash":"1170dab177bd30ff3e725b9e8b0f9477ce4287d2","messageTitle":"Add end datetime functionality to addTask and updateTask","messageBody":"","fileTypesAndContributionMap":{"functional-code":{"insertions":124,"deletions":19}}},{"hash":"b51997c987e5478227e54add67c7f82703e99a18","messageTitle":"Revert \"Add end datetime functionality to addTask and updateTask\"","messageBody":"This reverts commit 1170dab177bd30ff3e725b9e8b0f9477ce4287d2.\n","fileTypesAndContributionMap":{"functional-code":{"insertions":19,"deletions":124}}},{"hash":"4674b67db2e5e08f6bb3b9a5891e3d7912291229","messageTitle":"Edit UG to reflect date range functionality for add task and update task","messageBody":"","fileTypesAndContributionMap":{"docs":{"insertions":6,"deletions":4}}},{"hash":"1459d61bc52c47ab19e626fdec74c4d6c16244ed","messageTitle":"Fix bug in parser class diagram, update storage class diagram","messageBody":"","fileTypesAndContributionMap":{"docs":{"insertions":21,"deletions":5}}},{"hash":"2f60d5f917e7886e822a61b79a76865688caf913","messageTitle":"Update Ui and Model class diagrams","messageBody":"","fileTypesAndContributionMap":{"docs":{"insertions":26,"deletions":11}}},{"hash":"68bfd7c1b8fe2e3e5d41b39adc770335733688f5","messageTitle":"Update images for class diagrams","messageBody":"","fileTypesAndContributionMap":{"docs":{"insertions":1,"deletions":1}}},{"hash":"9a1e392ef645ea94909ed0ddf41de4c84812f6ef","messageTitle":"Change nested square brackets to asterisk","messageBody":"","fileTypesAndContributionMap":{"docs":{"insertions":5,"deletions":3}}},{"hash":"705a63215d53f48762d0ccc79b7b5d2b845eee3d","messageTitle":"Change Storage class to extend TaskListStorage","messageBody":"","fileTypesAndContributionMap":{"functional-code":{"insertions":1,"deletions":1}}},{"hash":"d9627f9fb598ae2f00dc56034cd60c8cf8bc55f1","messageTitle":"Add delete command implementation and design considerations to DG","messageBody":"","fileTypesAndContributionMap":{"docs":{"insertions":31,"deletions":11}}},{"hash":"be343b2eb951571a9a4c271da008d638526c3709","messageTitle":"Update Storage and Model class diagrams","messageBody":"","fileTypesAndContributionMap":{"docs":{"insertions":8,"deletions":3}}},{"hash":"8991d1e8895fd86e8ed7d05808bd04e107dad9cb","messageTitle":"Add sequence diagram in Model for delete command","messageBody":"","fileTypesAndContributionMap":{"docs":{"insertions":35,"deletions":1}}}]},{"date":"2022-03-28","commitResults":[{"hash":"99841fa70c80cc43fa1a59b5300fffde116e8fd5","messageTitle":"Implement generate emails command","messageBody":"","fileTypesAndContributionMap":{"functional-code":{"insertions":87,"deletions":0}}},{"hash":"3a4e0c3d81705c153f01fc27e5923dc785c33127","messageTitle":"Show copy button when generate emails is executed. Hide when another commmand is executed.","messageBody":"","fileTypesAndContributionMap":{"functional-code":{"insertions":82,"deletions":10}}},{"hash":"e515ee74803ff40ceaaf961f726ac7d0184ac2da","messageTitle":"Hide copy button upon Command or Parse exception.","messageBody":"","fileTypesAndContributionMap":{"functional-code":{"insertions":1,"deletions":0}}},{"hash":"83ecbe04410a5a85ba7052cb141c0d35fb472b70","messageTitle":"Add UG documentation for gen command","messageBody":"","fileTypesAndContributionMap":{"docs":{"insertions":15,"deletions":1}}},{"hash":"b669c856a9c3b7c0d4127a778cbbd7017b544922","messageTitle":"Re-add date range functionality","messageBody":"","fileTypesAndContributionMap":{"functional-code":{"insertions":104,"deletions":17}}},{"hash":"8f1a3efd83cc0c3e9ea238e4760431ca84f64769","messageTitle":"Fix bug in EditTaskCommandParser","messageBody":"","fileTypesAndContributionMap":{"functional-code":{"insertions":44,"deletions":40}}},{"hash":"d1495f460c9176499dcad5fae66088717197a54f","messageTitle":"Remove unused import","messageBody":"","fileTypesAndContributionMap":{"functional-code":{"insertions":0,"deletions":1}}},{"hash":"e54fe19b1e161700dffd625ff0968a9d23922063","messageTitle":"Fix bug in Task constructor","messageBody":"","fileTypesAndContributionMap":{"functional-code":{"insertions":1,"deletions":1}}},{"hash":"9899ce8ce6b8f94f1731d0d560cfc5cc02acd2d2","messageTitle":"Update UG for gen","messageBody":"","fileTypesAndContributionMap":{"docs":{"insertions":1,"deletions":0}}},{"hash":"cd1fa280fe97b755581e8d74f5129a0ff9d801c9","messageTitle":"dummy","messageBody":"","fileTypesAndContributionMap":{"functional-code":{"insertions":4,"deletions":1}}},{"hash":"e3cbef65e8f4daf73aec4468c43a04f9a1aca383","messageTitle":"Make datetime display more user friendly.","messageBody":"","fileTypesAndContributionMap":{"functional-code":{"insertions":50,"deletions":12}}},{"hash":"30bc262e3d1e2d86f11698a1a9f08f3e2d3e704b","messageTitle":"Add example to generate email method javadoc","messageBody":"","fileTypesAndContributionMap":{"functional-code":{"insertions":1,"deletions":0}}},{"hash":"175f6e7855b13801b9d88834fc7c54a76226eade","messageTitle":"Fix bug in task updating in Assign and Unassign command","messageBody":"","fileTypesAndContributionMap":{"functional-code":{"insertions":2,"deletions":2}}},{"hash":"3be469d6eae74c85f336e2f0d83a5648d47e3bc9","messageTitle":"Fix bug","messageBody":"","fileTypesAndContributionMap":{"functional-code":{"insertions":1,"deletions":1}}}]},{"date":"2022-03-29","commitResults":[{"hash":"68eb924932381986c04544206763b8c28d6bd363","messageTitle":"Fix icon and links for codecov and CI","messageBody":"","fileTypesAndContributionMap":{"docs":{"insertions":2,"deletions":2}}}]},{"date":"2022-03-30","commitResults":[{"hash":"e99af4673a6c501242ad83c8bf830d6946a22d6d","messageTitle":"Ensure tags are less than 50 chars","messageBody":"","fileTypesAndContributionMap":{"functional-code":{"insertions":63,"deletions":0}}},{"hash":"0d2492591429a4034c49b0456558abb1b7027493","messageTitle":"Add (s) to message","messageBody":"","fileTypesAndContributionMap":{"functional-code":{"insertions":1,"deletions":1}}},{"hash":"17a62a2e274299dba74c3b4bb7e7eaa32fa415d6","messageTitle":"Make changes to UI feedback","messageBody":"","fileTypesAndContributionMap":{"functional-code":{"insertions":23,"deletions":30},"test-code":{"insertions":1,"deletions":1}}},{"hash":"56baf465f1660fbb5b58691bd5938c6debaa35b7","messageTitle":"Remove unused import","messageBody":"","fileTypesAndContributionMap":{"functional-code":{"insertions":0,"deletions":1}}},{"hash":"18cfe53615cf1e34f65744a0f0a6c1c12942b882","messageTitle":"Fix test case","messageBody":"","fileTypesAndContributionMap":{"test-code":{"insertions":4,"deletions":2}}},{"hash":"a151cd7c4e02bd883d70092d8b025ad721163f49","messageTitle":"Update AddTaskCommand.java","messageBody":"add missing ]","fileTypesAndContributionMap":{"functional-code":{"insertions":1,"deletions":1}}},{"hash":"171951cc0e27038f6d69550b0d2ca775294eafbc","messageTitle":"Update AddTaskCommand.java","messageBody":"add missing [","fileTypesAndContributionMap":{"functional-code":{"insertions":1,"deletions":1}}},{"hash":"c040422f06dd9f6ef5817091736086e7d86b72c1","messageTitle":"Fix text","messageBody":"","fileTypesAndContributionMap":{"functional-code":{"insertions":5,"deletions":5}}},{"hash":"78f0d86a49f98fc83d93408bc667dcbfc54327ff","messageTitle":"Fix bug in storage causing assigned contacts not to be saved","messageBody":"","fileTypesAndContributionMap":{"functional-code":{"insertions":15,"deletions":3}}},{"hash":"6083890758afbef4e688d11701782dda665f2abf","messageTitle":"Update clear command to delete tasks","messageBody":"","fileTypesAndContributionMap":{"functional-code":{"insertions":10,"deletions":1}}},{"hash":"f885f260218283f93f5144343cab0e9011a121a7","messageTitle":"Update user guide to reflect updated clear command","messageBody":"","fileTypesAndContributionMap":{"docs":{"insertions":10,"deletions":5}}},{"hash":"ebe41af6c2d4b0f5124a40f33e074cf6d6bc013b","messageTitle":"Update ModelStub to include setTaskList method","messageBody":"","fileTypesAndContributionMap":{"test-code":{"insertions":5,"deletions":0}}}]},{"date":"2022-03-31","commitResults":[{"hash":"3d9965e6a336f059e843d80df5fed9e73bf4797e","messageTitle":"Implement import functionality","messageBody":"","fileTypesAndContributionMap":{"functional-code":{"insertions":181,"deletions":4}}},{"hash":"7944d0d1977c847bd3893b23717f17cefafd7940","messageTitle":"Fix bugs","messageBody":"","fileTypesAndContributionMap":{"functional-code":{"insertions":63,"deletions":15}}},{"hash":"01ea0ee0e636950f5262eca21d0e4007e409b494","messageTitle":"Revert change to Person::isSamePerson due to test incompatibility","messageBody":"","fileTypesAndContributionMap":{"functional-code":{"insertions":21,"deletions":10}}},{"hash":"b4101c35a78d811fc8cc214614afeb3f8b6b6125","messageTitle":"Fix indentation","messageBody":"","fileTypesAndContributionMap":{"functional-code":{"insertions":1,"deletions":1}}},{"hash":"fff2ef130b1c36f9542e421b9de71fb297a15f6e","messageTitle":"Update UG to include import command and fix editingdatafiles section` `","messageBody":"","fileTypesAndContributionMap":{"docs":{"insertions":12,"deletions":0}}},{"hash":"fa3ed28f9dd2b4e63e39b31cdcd2b8356572f89a","messageTitle":"Update ImportCommand.java","messageBody":"Fix MESSAGE_USAGE","fileTypesAndContributionMap":{"functional-code":{"insertions":1,"deletions":1}}},{"hash":"5536edc8e991a691622509e2c1f098e9d0425c86","messageTitle":"Update UG","messageBody":"","fileTypesAndContributionMap":{"docs":{"insertions":19,"deletions":16}}},{"hash":"f16f1161f02a46dc4fd5a7978882575275752ade","messageTitle":"Update ImportCommand.java","messageBody":"Fix too long line","fileTypesAndContributionMap":{"functional-code":{"insertions":2,"deletions":1}}},{"hash":"c58a1790bbcb732cfea79c91b27f3644e40fe262","messageTitle":"Update UserGuide.md","messageBody":"Add Import to summary","fileTypesAndContributionMap":{"docs":{"insertions":4,"deletions":4}}}]},{"date":"2022-04-04","commitResults":[{"hash":"324c79ca8a4dc8e8643d6830f818e9b9bffd0be9","messageTitle":"Fix import command","messageBody":"","fileTypesAndContributionMap":{"functional-code":{"insertions":33,"deletions":24},"docs":{"insertions":3,"deletions":3}}},{"hash":"c4addb20143750f472357c83a721c5f8b4489617","messageTitle":"Remove unused imports","messageBody":"","fileTypesAndContributionMap":{"functional-code":{"insertions":0,"deletions":2}}},{"hash":"8cc7cec6920cd9ed61423764379a4cb9e01491fc","messageTitle":"Update UG to explain date display","messageBody":"","fileTypesAndContributionMap":{"docs":{"insertions":15,"deletions":0}}},{"hash":"eba2ee05725e25e8b9adde596e45837883e6cf09","messageTitle":"Update tasks upon updating contacts","messageBody":"","fileTypesAndContributionMap":{"functional-code":{"insertions":39,"deletions":9}}},{"hash":"f6732b546e830631a15c3cc3972b9cecab4f2fdb","messageTitle":"Fix checkstyle","messageBody":"","fileTypesAndContributionMap":{"functional-code":{"insertions":0,"deletions":1},"test-code":{"insertions":5,"deletions":0}}},{"hash":"615df5e0575740ad94325d7a382f2969e5ac6a70","messageTitle":"Change validation regex for names","messageBody":"","fileTypesAndContributionMap":{"functional-code":{"insertions":3,"deletions":2}}},{"hash":"7710f9d5d87586ea6697ac49165bcda4db5f0aea","messageTitle":"Fix test cases","messageBody":"","fileTypesAndContributionMap":{"functional-code":{"insertions":3,"deletions":2},"test-code":{"insertions":10,"deletions":6}}},{"hash":"f62d6657bfaabc65804cc06071bb734f9121146d","messageTitle":"Fix/add javadocs","messageBody":"","fileTypesAndContributionMap":{"functional-code":{"insertions":11,"deletions":4}}}]},{"date":"2022-04-05","commitResults":[{"hash":"a35d2b6b4f7c57cd516c6662b231e889efa67069","messageTitle":"Add my PPP draft","messageBody":"","fileTypesAndContributionMap":{"docs":{"insertions":57,"deletions":24}}}]}],"AdrianOngJJ":[{"date":"2022-03-01","commitResults":[{"hash":"e3578988f243b9ddad88db3d68067f338b6b968e","messageTitle":"Add AdrianOngJJ\u0027s photo, update AboutUs.md","messageBody":"","fileTypesAndContributionMap":{"docs":{"insertions":50,"deletions":0}}}]},{"date":"2022-03-02","commitResults":[{"hash":"7ed85f904fb82d7f06cf9b59f0f719b136de44e1","messageTitle":"Update DG glossary.","messageBody":"","fileTypesAndContributionMap":{"docs":{"insertions":16,"deletions":8}}}]},{"date":"2022-03-05","commitResults":[{"hash":"139df97fece72521b32eeb7cf4d980b622419c4d","messageTitle":"Update DG wrt checkstyle errors","messageBody":"","fileTypesAndContributionMap":{"docs":{"insertions":2,"deletions":5}}},{"hash":"09a8a22d0e0ae339c14c9c87ad006258a639687a","messageTitle":"Update DG wrt. checkstyle errors","messageBody":"","fileTypesAndContributionMap":{"docs":{"insertions":7,"deletions":8}}}]},{"date":"2022-03-07","commitResults":[{"hash":"8939d65f02220e8b07e4d40f87d796f6a4d859d4","messageTitle":"Rename PP Skeleton","messageBody":"","fileTypesAndContributionMap":{"docs":{"insertions":1,"deletions":1}}},{"hash":"b69b6de79d9f13fbdc6fee450b4bd9d985d770b6","messageTitle":"Rename PPP and photo","messageBody":"","fileTypesAndContributionMap":{"docs":{"insertions":2,"deletions":2}}},{"hash":"a4eecfd94c991ef9c4451c1102ec745ef5486570","messageTitle":"Rename PPP and photo","messageBody":"","fileTypesAndContributionMap":{"docs":{"insertions":1,"deletions":1}}},{"hash":"1cfd827b1ca0ff003ecffb703e332208a30ab9d8","messageTitle":"Complete v1.1 tutorial adding command","messageBody":"","fileTypesAndContributionMap":{"docs":{"insertions":1,"deletions":1}}}]},{"date":"2022-03-13","commitResults":[{"hash":"bdd6e23bee2d7223c8e8515f0a901f1fda7ff05f","messageTitle":"Update UG for filter command","messageBody":"","fileTypesAndContributionMap":{"docs":{"insertions":23,"deletions":6}}},{"hash":"cc911f91091532b4b1f439c82fae10201e32fae2","messageTitle":"Add filter command","messageBody":"","fileTypesAndContributionMap":{"functional-code":{"insertions":42,"deletions":0}}}]},{"date":"2022-03-16","commitResults":[{"hash":"9f962091c1ab754bad502402af75052d9e6c8b49","messageTitle":"Improve filter command","messageBody":"","fileTypesAndContributionMap":{"functional-code":{"insertions":39,"deletions":15}}},{"hash":"4cbc452e753e5a227b5a3cf5faf9d30238abdd8d","messageTitle":"Adjust 1 LOC for filter command","messageBody":"","fileTypesAndContributionMap":{"functional-code":{"insertions":1,"deletions":1}}},{"hash":"c82d36755ebcd3652a4f1fad6d364e7f61faaeb6","messageTitle":"Complete filter command","messageBody":"","fileTypesAndContributionMap":{"functional-code":{"insertions":10,"deletions":6}}},{"hash":"29d46b9f4c96de119343dabef22fac2943452c5c","messageTitle":"Solve checkstyle issues","messageBody":"","fileTypesAndContributionMap":{"functional-code":{"insertions":22,"deletions":10}}}]},{"date":"2022-03-23","commitResults":[{"hash":"8063043efb9a008519aaa7024aaf1d7e64da429f","messageTitle":"Add filterdatetime with errors","messageBody":"","fileTypesAndContributionMap":{"functional-code":{"insertions":125,"deletions":0}}}]},{"date":"2022-03-25","commitResults":[{"hash":"d283f8eec6e83a898579a52666c0686468d2325c","messageTitle":"Add filter by date time","messageBody":"","fileTypesAndContributionMap":{"functional-code":{"insertions":58,"deletions":26},"docs":{"insertions":1,"deletions":1}}}]},{"date":"2022-03-29","commitResults":[{"hash":"4814d8d320d7674703fb93c46ea9f38f65f4ead4","messageTitle":"Update src/main/java/seedu/address/logic/commands/FilterCommand.java","messageBody":"Co-authored-by: junrong98 \u003c77258042+junrong98@users.noreply.github.com\u003e","fileTypesAndContributionMap":{"functional-code":{"insertions":1,"deletions":0}}},{"hash":"9023c0db022d586e4fb0b2435e98f9ee9ad15026","messageTitle":"Update src/main/java/seedu/address/logic/commands/FilterCommand.java","messageBody":"Co-authored-by: junrong98 \u003c77258042+junrong98@users.noreply.github.com\u003e","fileTypesAndContributionMap":{"functional-code":{"insertions":6,"deletions":4}}},{"hash":"abbdd1e0008b535b6e53f608c2cd60d46b980187","messageTitle":"Upgrade findt to be inclusive of search date","messageBody":"","fileTypesAndContributionMap":{"functional-code":{"insertions":14,"deletions":35}}},{"hash":"e80e7a6e7715fa6691d1a37fcd48ad0001ca800d","messageTitle":"Upgrade findt to accept date filter without time","messageBody":"","fileTypesAndContributionMap":{"functional-code":{"insertions":74,"deletions":23}}}]},{"date":"2022-03-30","commitResults":[{"hash":"51977702ea395d88cdc0e6f63dacf65660d9dc7f","messageTitle":"Adjust findTask command based on review","messageBody":"","fileTypesAndContributionMap":{"functional-code":{"insertions":87,"deletions":58}}}]},{"date":"2022-03-31","commitResults":[{"hash":"cecc249f7552fc47b51524a65b7ce2680d1cc0c3","messageTitle":"Cleanup UG and change find command","messageBody":"","fileTypesAndContributionMap":{"functional-code":{"insertions":91,"deletions":28},"docs":{"insertions":207,"deletions":128}}},{"hash":"2d5c0af0c63824f54d9d455954dc0c6ae48fa1ae","messageTitle":"Cleanup UG and edit find command","messageBody":"","fileTypesAndContributionMap":{"functional-code":{"insertions":3,"deletions":3}}},{"hash":"586622818370435d3cd066e6cdd60e13d32dda39","messageTitle":"Realign Command Summary","messageBody":"","fileTypesAndContributionMap":{"docs":{"insertions":1,"deletions":0}}},{"hash":"86707f8596fcf476ea38d988d20c2c4e983248fb","messageTitle":"Remove double UG header","messageBody":"","fileTypesAndContributionMap":{"docs":{"insertions":0,"deletions":2}}},{"hash":"2c0a3cde15b3f87c7c1866447df8bdf1e3775023","messageTitle":"Update UG based on review","messageBody":"","fileTypesAndContributionMap":{"docs":{"insertions":3,"deletions":3}}},{"hash":"aa51a2ddd0f0113e5d4bda5393ca31ee10f4d89e","messageTitle":"Add findt/findc by tags details into UG","messageBody":"","fileTypesAndContributionMap":{"functional-code":{"insertions":15,"deletions":11},"docs":{"insertions":23,"deletions":11}}},{"hash":"e363f1e8632fb5b51fa7f761902e32c0c619cd79","messageTitle":"Add findc/findt by tag description","messageBody":"","fileTypesAndContributionMap":{"docs":{"insertions":1,"deletions":1}}},{"hash":"5488c648899ad476c7dbac67a930f17d56e7ae05","messageTitle":"Fix UG tab","messageBody":"","fileTypesAndContributionMap":{"docs":{"insertions":4,"deletions":0}}}]},{"date":"2022-04-01","commitResults":[{"hash":"52558bca9ad7b921f81335fb2d2c0b4ba038da6b","messageTitle":"Fix standardisation of tip and caution colour boxes","messageBody":"","fileTypesAndContributionMap":{"docs":{"insertions":60,"deletions":59}}},{"hash":"e3ca9563397bbd4980151daa623858df08f0c9ef","messageTitle":"Adjust some format for better readablitity","messageBody":"","fileTypesAndContributionMap":{"docs":{"insertions":3,"deletions":3}}}]},{"date":"2022-04-08","commitResults":[{"hash":"2201a06ce912c6087b05eb66e6e8a3a6b35ec6f9","messageTitle":"Solve Issue #214","messageBody":"","fileTypesAndContributionMap":{"functional-code":{"insertions":3,"deletions":3}}},{"hash":"85f681c4b4dc89665d1d057bce465ac179fbdf2d","messageTitle":"Solve Issue #241","messageBody":"","fileTypesAndContributionMap":{"functional-code":{"insertions":14,"deletions":4}}},{"hash":"959b8a3272bc5e83555f80488e499d8777c288ec","messageTitle":"Solve Issue #201","messageBody":"","fileTypesAndContributionMap":{"docs":{"insertions":2,"deletions":2}}},{"hash":"b06de09360219133a7176f2ee221a8ca32ffc59b","messageTitle":"Solve Issue #201","messageBody":"","fileTypesAndContributionMap":{"docs":{"insertions":10,"deletions":1}}}]}]},"authorFileTypeContributionMap":{"brian16600":{"docs":388,"functional-code":653,"test-code":770,"other":1},"junjunjieOng":{"docs":387,"functional-code":920,"test-code":867},"junrong98":{"docs":186,"functional-code":1573,"test-code":324,"other":1},"snss231":{"docs":277,"functional-code":1065,"test-code":281,"other":9},"AdrianOngJJ":{"docs":286,"functional-code":383,"test-code":0}},"authorContributionVariance":{"brian16600":19270.783,"junjunjieOng":28437.0,"junrong98":32116.438,"snss231":19150.496,"AdrianOngJJ":6940.041},"authorDisplayNameMap":{"brian16600":"CS2103T-T12-4 BRIA..XUAN","junjunjieOng":"CS2103T-T12-4 ONG .. JIE","junrong98":"CS2103T-T12-4 TAN ..RONG","snss231":"CS2103T-T12-4 SEAN..HENG","AdrianOngJJ":"CS2103T-T12-4 ONG ..RIAN"}}
