{"authorDailyContributionsMap":{"Decaxical":[{"date":"2022-02-22","commitResults":[{"hash":"7072ea30cbeb5390afe74a53a6b5f56648624419","messageTitle":"Update AboutUs.md","messageBody":"AboutUs.d not filled\n\nReflect correct particulars\n\nUpdated profile picture, personal particulars and skeletal PPP\n","fileTypesAndContributionMap":{"docs":{"insertions":53,"deletions":5}}},{"hash":"0629b3e5b05b3ddd6f69c18ac41ff955d44622e1","messageTitle":"Update README.MD","messageBody":"Wrong GitHub Actions build status badge link\n\nCorrectly reflect our project build status\n\nUpdated to our project build status badge\n","fileTypesAndContributionMap":{"docs":{"insertions":1,"deletions":1}}}]},{"date":"2022-02-25","commitResults":[{"hash":"7a740db9c4e582c158061478abc8d0a6c511f633","messageTitle":"Update DeveloperGuide.md","messageBody":"Developer Guide is outdated and needs to be updated with information on HustleBook\n\nIn order to reflect accurate information on our product\n\nLet\u0027s update use case for deleting a client\n","fileTypesAndContributionMap":{"docs":{"insertions":37,"deletions":2}}},{"hash":"8fe3946ce96044df73531565ed6bf40e1d57a906","messageTitle":"Update Developer Guide","messageBody":"","fileTypesAndContributionMap":{"docs":{"insertions":1,"deletions":1}}},{"hash":"ac1b5720f0b3191ae9339a08f334364366de2998","messageTitle":"Update DeveloperGuide.md","messageBody":"","fileTypesAndContributionMap":{"docs":{"insertions":1,"deletions":1}}}]},{"date":"2022-03-15","commitResults":[{"hash":"18af6f8eb40e785334a574ca26497b57c0a46e6b","messageTitle":"Added SortCommand feature","messageBody":"HustleBook is unable to sort clients by Flagged clients and PrevDateMet.\n\nThis feature helps users better visualize the persons data.\n\nLet\u0027s\n- add Sort Command\n- add PrevDateComparator to help in sorting\n\nNote:\n- Test cases for Sort not yet implemented.\n","fileTypesAndContributionMap":{"functional-code":{"insertions":108,"deletions":1}}},{"hash":"0efd078402df5dc465a746a9b2d1a7df0bfa5e01","messageTitle":"Update import order","messageBody":"","fileTypesAndContributionMap":{"functional-code":{"insertions":2,"deletions":3}}},{"hash":"63b903cef8c9a014ed06f5a6fa1f8e864259623c","messageTitle":"Update AddCommandTest","messageBody":"","fileTypesAndContributionMap":{"test-code":{"insertions":5,"deletions":0}}},{"hash":"803c8b0c1205bf81064d83a0cfcfae87a0597054","messageTitle":"Update UserGuide","messageBody":"User Guide did not reflect sort command\n\nResults in incomplete User Guide\n\nLet\u0027s include sort command to the user guide\n","fileTypesAndContributionMap":{"docs":{"insertions":9,"deletions":1}}},{"hash":"c0bd16c2d5973b78032c599bf492a576d8aa32df","messageTitle":"Update UserGuide.md","messageBody":"","fileTypesAndContributionMap":{"docs":{"insertions":9,"deletions":8}}},{"hash":"bfb5b1364260c76360c304613ae4daa8666c62ec","messageTitle":"Update UserGuide.md","messageBody":"","fileTypesAndContributionMap":{"docs":{"insertions":1,"deletions":1}}}]},{"date":"2022-03-25","commitResults":[{"hash":"c9f2936f0470d21036ce93d69674d86c271194ca","messageTitle":"Update SortCommand","messageBody":"Sort could only sort clients by previous date met.\n\nHaving a more flexible sort that allows users to sort by different parameters will help the users better visualize the data.\n\nLet\u0027s:\n- Allow sort to accept an extra parameter to sort by\n- Create subclasses of Comparator to allow sorting of other variables\n\nNote:\n-Test cases for Sort not yet implemented\n","fileTypesAndContributionMap":{"functional-code":{"insertions":130,"deletions":10},"other":{"insertions":7,"deletions":10}}},{"hash":"2790d9d5f98042aa989875761ea4768888a620ee","messageTitle":"Update to adhere to checkstyle","messageBody":"","fileTypesAndContributionMap":{"functional-code":{"insertions":37,"deletions":21},"test-code":{"insertions":2,"deletions":1}}},{"hash":"a877c2844c45d4c95d1af45f6206841275720254","messageTitle":"Revert \"Merge branch \u0027master\u0027 into branch-updatedSort\"","messageBody":"This reverts commit feb7593aa2a50d7cb796d2e7cf5f9bc5e18f3087, reversing\nchanges made to 2790d9d5f98042aa989875761ea4768888a620ee.\n","fileTypesAndContributionMap":{"functional-code":{"insertions":93,"deletions":419},"other":{"insertions":7,"deletions":14},"docs":{"insertions":0,"deletions":92},"test-code":{"insertions":33,"deletions":80}}},{"hash":"5a41a36451ceaa8eabd7e20b9731b35349a5ba50","messageTitle":"Revert \"Revert \"Merge branch \u0027master\u0027 into branch-updatedSort\"\"","messageBody":"This reverts commit a877c2844c45d4c95d1af45f6206841275720254.\n","fileTypesAndContributionMap":{"functional-code":{"insertions":419,"deletions":93},"other":{"insertions":14,"deletions":7},"docs":{"insertions":92,"deletions":0},"test-code":{"insertions":80,"deletions":33}}},{"hash":"bb6a2ee3965b062a176930954973df0c5aae30b5","messageTitle":"Update to fix clashes","messageBody":"","fileTypesAndContributionMap":{"functional-code":{"insertions":60,"deletions":9}}},{"hash":"32a2fbf3d562b8c07918366693a88408f97a2653","messageTitle":"Update DeveloperGuide to include SortCommand","messageBody":"The developer guide does not have documentation of sort command.\n\nEssential to include information of the implementation of sort command.\n\nLet\u0027s update the Developer Guide to reflect Sort Command\n","fileTypesAndContributionMap":{"docs":{"insertions":31,"deletions":0}}},{"hash":"96bd87fcb38ffae22c756de6b3428473af493791","messageTitle":"Update DeveloperGuide.md","messageBody":"","fileTypesAndContributionMap":{"docs":{"insertions":12,"deletions":12}}}]},{"date":"2022-03-26","commitResults":[{"hash":"07f3c034ce5ca585d05da08856d4b2ef07c7a5a1","messageTitle":"Update SortCommandParser","messageBody":"","fileTypesAndContributionMap":{"functional-code":{"insertions":1,"deletions":2}}},{"hash":"0e18342649b24e16cd7ace6126052a054359e2d6","messageTitle":"update SortCommandParser","messageBody":"Clean imports\n","fileTypesAndContributionMap":{"functional-code":{"insertions":0,"deletions":1}}}]},{"date":"2022-03-27","commitResults":[{"hash":"26bcb92d76b8a85ae8d0edecd7fb0f383ed2973d","messageTitle":"Update UserGuide","messageBody":"UserGuide did not reflect current implementation of sort command\n\nLet\u0027s:\n* Update the User Guide to include PARAMETER\n* update all instances of person to client for consistent terminology\n","fileTypesAndContributionMap":{"docs":{"insertions":38,"deletions":30}}}]},{"date":"2022-03-28","commitResults":[{"hash":"11dfd0bfccbff0140b10619e54c079bca7e88cc4","messageTitle":"Update UserGuide.md","messageBody":"","fileTypesAndContributionMap":{"docs":{"insertions":1,"deletions":1}}}]}],"Vishwanth2210":[{"date":"2022-02-21","commitResults":[{"hash":"f609464f05f982077c6626392eb3765255998b3a","messageTitle":"Add personal info (vishwanth2210)","messageBody":"This adds my details to AboutUs.md and creates a file with my project contributions in the team folder.\n","fileTypesAndContributionMap":{"docs":{"insertions":56,"deletions":5}}},{"hash":"842d058c25dea24be2df7ae5ea0661a18adbb902","messageTitle":"Update UserGuide.md","messageBody":"Updates the user guide to include description of the following commands:\nEditing of the clients meeting date using the client\u0027s name and\nDeleting the client info using the client\u0027s name.\n","fileTypesAndContributionMap":{"docs":{"insertions":39,"deletions":17}}}]},{"date":"2022-02-22","commitResults":[{"hash":"898649b0f1601dfa4c289fe2e47c1027d7b4c49d","messageTitle":"Update AboutUs.md","messageBody":"Adds brackets to my GitHub and portfolio links in my profile.","fileTypesAndContributionMap":{"docs":{"insertions":2,"deletions":2}}}]},{"date":"2022-02-23","commitResults":[{"hash":"a9650f936dfc75bed1e33cf6130b8fa103d436d4","messageTitle":"Update README.md","messageBody":"Adds attribution to the author who created the icon used for Hustlebook.\n","fileTypesAndContributionMap":{"docs":{"insertions":5,"deletions":0}}}]},{"date":"2022-02-25","commitResults":[{"hash":"a2f4b2389e60e6170e327c09839394a346ee374d","messageTitle":"Update DeveloperGuide.md","messageBody":"Adds the use case for the edit command.\n","fileTypesAndContributionMap":{"docs":{"insertions":53,"deletions":0}}},{"hash":"4baa9921def03c95a024a913c3768eb26840307b","messageTitle":"Update DeveloperGuide.md","messageBody":"This updates and formats the developer guide.\n","fileTypesAndContributionMap":{"docs":{"insertions":66,"deletions":64}}}]},{"date":"2022-03-04","commitResults":[{"hash":"83d8aaeb1af088214e47a01bdd2e03cb15cd986c","messageTitle":"Split the extension","messageBody":"This splits the two extensions under UC01 (Extension 1c) to extensions 1c and 1d.\n","fileTypesAndContributionMap":{"docs":{"insertions":9,"deletions":6}}},{"hash":"222280bb6342c73691f669f5cf51327d49037633","messageTitle":"Update DeveloperGuide.md","messageBody":"Formats the bullet points to standardize the guide.\n","fileTypesAndContributionMap":{"docs":{"insertions":5,"deletions":6}}}]},{"date":"2022-03-13","commitResults":[{"hash":"c01a8e800c6af14e6607f444576d92d7e574256a","messageTitle":"Update GUI","messageBody":"Updates the GUI to reflect the correct app name and icon.\n\nUpdates the icon image test method to check with the new HustleBook icon.\n","fileTypesAndContributionMap":{"functional-code":{"insertions":3,"deletions":3},"test-code":{"insertions":1,"deletions":1}}}]},{"date":"2022-03-14","commitResults":[{"hash":"82a8f654d5e2abdf9e76c44c7ea47f2417f85bef","messageTitle":"Revert \"Demo data does not include new attributes of Person\"","messageBody":"","fileTypesAndContributionMap":{"functional-code":{"insertions":8,"deletions":8}}}]},{"date":"2022-03-15","commitResults":[{"hash":"72a58dd569759d88fffebd46344ff1b6ead24c1d","messageTitle":"Modify delete command","messageBody":"Currently the `delete` command uses index to delete a person.\n\nDue to the use of index, `list` is utilized to get the correct index first.\nThis results in an additional command being used making it slow to type out both commands.\n\nWith this modification, Hustlebook deletes a person using their name. This can be achieved with only one command now.\n","fileTypesAndContributionMap":{"functional-code":{"insertions":48,"deletions":10},"docs":{"insertions":4,"deletions":16},"test-code":{"insertions":68,"deletions":28}}},{"hash":"af9d2b94882d477163e61677edb2f2cedea7245e","messageTitle":"Improve code quality","messageBody":"Removes un-utilized import statements and use of constant variable.\n","fileTypesAndContributionMap":{"functional-code":{"insertions":0,"deletions":2},"test-code":{"insertions":1,"deletions":1}}},{"hash":"9b5d47543907a8e4b23c198e26b3281e1a258874","messageTitle":"Update DeleteCommandTest.java","messageBody":"Re-order the import statements.\n","fileTypesAndContributionMap":{"test-code":{"insertions":1,"deletions":1}}},{"hash":"e51d2ef40a9b30f1d9c3284eba17f02077e844dc","messageTitle":"Modify edit command","messageBody":"Currently the `edit` command requests users for index to select and edit a person.\n\nDue to the use of index, `list` is utilized to get the correct index first.\nThis results in the user doing two commands to fulfil one., making it time consuming.\n\nWith this modification, HustleBook edits a person using their name.\n","fileTypesAndContributionMap":{"functional-code":{"insertions":53,"deletions":23},"test-code":{"insertions":91,"deletions":86}}},{"hash":"509df45d7f7de754029774cb43e75a1644606bf1","messageTitle":"Update UserGuide.md","messageBody":"Updates the user guide summary to reflect the correct usage of the command.\n","fileTypesAndContributionMap":{"docs":{"insertions":2,"deletions":2}}},{"hash":"65faf54ce28e2adebcdb6afd30547903621b3e7b","messageTitle":"Update build.gradle","messageBody":"Updates the build gradle file to create the jar file with the correct name.\n","fileTypesAndContributionMap":{"other":{"insertions":2,"deletions":1}}},{"hash":"1fd742e1bd77596c9db94e645c09feaee87ce756","messageTitle":"Update UserGuide.md","messageBody":"Updates user guide to give users more information regarding the commands\n","fileTypesAndContributionMap":{"docs":{"insertions":22,"deletions":29}}}]},{"date":"2022-03-19","commitResults":[{"hash":"384a565a3ffd9f20b4883ddacc725dd687e43768","messageTitle":"Refactor \"AddressBook\" in tp.main to \"HustleBook\"","messageBody":"Currently, the main java folder (tp/src/main) still has reference to \"AddressBook\". This might cause confusion as the application name is \"HustleBook\".\n\nThis update changes to all occurrences of  \"AddressBook\" to \"HustleBook\" to match with the application name.\n","fileTypesAndContributionMap":{"functional-code":{"insertions":141,"deletions":141}}},{"hash":"6341616e5faa17eacea7d2a945e0f7be9fa96d90","messageTitle":"Refactor \"AddressBook\" in tp.test to \"HustleBook\"","messageBody":"Currently, the test java folder (tp/src/test) still has reference to \"AddressBook\". This might cause confusion as the application name is \"HustleBook\".\n\nThis update changes to all occurrences of  \"AddressBook\" to \"HustleBook\" to match with the application name.\n","fileTypesAndContributionMap":{"test-code":{"insertions":160,"deletions":160}}},{"hash":"bf6507e3528484c6f5b3ab6c27d91e1d25fc4b36","messageTitle":"Refactor \"addressBook\" in tp.main to \"hustleBook\"","messageBody":"Currently, the main java folder (tp/src/main) still has reference to \"addressBook\". This might cause confusion.\n\nThis update changes to all occurrences of  \"addressBook\" to \"hustleBook\" to match with the application name.\n","fileTypesAndContributionMap":{"functional-code":{"insertions":63,"deletions":63}}},{"hash":"9d10db70949b44637a9480123f67778d31b5075b","messageTitle":"Refactor \"addressBook\" in tp.test to \"hustleBook\"","messageBody":"Currently, the test java folder (tp/src/test) still has reference to \"addressBook\". This might cause confusion.\n\nThis update changes to all occurrences of  \"addressBook\" to \"hustleBook\" to match with the application name.\n","fileTypesAndContributionMap":{"test-code":{"insertions":40,"deletions":40}}},{"hash":"173b4d20fbc64bd74f8b724f3d07473d4e5fc923","messageTitle":"Refactor \"addressbook\" in tp.main to \"hustlebook\"","messageBody":"Currently, the main java folder (tp/src/main) still has reference to \"addressbook\". This might cause confusion.\n\nThis update changes to all occurrences of  \"addressbook\" to \"hustlebook\" to match with the application name.\n","fileTypesAndContributionMap":{"functional-code":{"insertions":2,"deletions":2}}},{"hash":"5d56b91b1e615a6a3f77af0ff24ab3bb211e0c41","messageTitle":"Refactor \"addressbook\" in tp.test to \"hustlebook\"","messageBody":"Currently, the test java folder (tp/src/test) still has reference to \"addressbook\". This might cause confusion.\n\nThis update changes to all occurrences of  \"addressbook\" to \"hustlebook\" to match with the application name.\n","fileTypesAndContributionMap":{"test-code":{"insertions":1,"deletions":1}}},{"hash":"8b4b8493faf2913161c4eb1489ff42181743681b","messageTitle":"Rename class names","messageBody":"Currently, the class names contain \"AddressBook\". This can cause confusion.\n\nThis updates renames all classes with \"AddressBook\" in their name to \"HustleBook\".\n","fileTypesAndContributionMap":{"other":{"insertions":0,"deletions":0}}},{"hash":"375ff545538d323c15260ade4d15687b6af477c1","messageTitle":"Update HustleBookBuilder.java","messageBody":"Renames the class to match the application name.\n","fileTypesAndContributionMap":{"other":{"insertions":1,"deletions":1}}},{"hash":"02288c71ea5583a3ba1a1bdce1a6e9d93286962c","messageTitle":"Refactor \"address book\" in tp.main to \"hustle book\"","messageBody":"Currently, the main java folder (tp/src/main) still has reference to \"address book\". This might cause confusion.\n\nThis update changes to all occurrences of  \"address book\" to \"hustle book\" to match with the application name.\n","fileTypesAndContributionMap":{"functional-code":{"insertions":45,"deletions":45}}},{"hash":"ddfa5e026ee4198d74b7bc404778463d31aba7f6","messageTitle":"Refactor \"address book\" in tp.test to \"hustle book\"","messageBody":"Currently, the test java folder (tp/src/test) still has reference to \"address book\". This might cause confusion.\n\nThis update changes to all occurrences of  \"address book\" to \"hustle book\" to match with the application name.\n","fileTypesAndContributionMap":{"test-code":{"insertions":3,"deletions":3}}},{"hash":"783ea4cbbc838954f46e2bb0888676df7f4817bf","messageTitle":"Update class names in tp.test","messageBody":"Updates the class names in test java file (tp/src/test).\n","fileTypesAndContributionMap":{"other":{"insertions":0,"deletions":0}}},{"hash":"7e170e74c1e60a009f69500b863ad93684ef061c","messageTitle":"Update MainApp.java","messageBody":"Updates the current version number to v1.3.0ea\n","fileTypesAndContributionMap":{"functional-code":{"insertions":1,"deletions":1}}}]},{"date":"2022-03-20","commitResults":[{"hash":"f818da3037e97f9bc0cb3e7f3418c30e4bf55010","messageTitle":"Update MainApp.java","messageBody":"Updates the logger output text from \"Hustle Book\" to \"HustleBook\"\n\nCo-authored-by: Jack Ng \u003c77227513+j4ck990@users.noreply.github.com\u003e","fileTypesAndContributionMap":{"functional-code":{"insertions":1,"deletions":1}}}]},{"date":"2022-03-24","commitResults":[{"hash":"6e33521e665157451af0240230f6677ce4c52007","messageTitle":"Update build.gradle","messageBody":"Enables assertions.\n","fileTypesAndContributionMap":{"other":{"insertions":4,"deletions":0}}},{"hash":"4c845dc0b4f73c4fc3fb130ad55495744817cfca","messageTitle":"Create Salary class","messageBody":"This update created the salary class and links it with the person model.\n","fileTypesAndContributionMap":{"functional-code":{"insertions":85,"deletions":16}}},{"hash":"b36d735702eb41daf0a7c58a8918f7dac0a9c158","messageTitle":"Update UI to have text display of salary","messageBody":"This update enables the salary to be displayed for each client.\n","fileTypesAndContributionMap":{"functional-code":{"insertions":3,"deletions":0}}},{"hash":"3cf3c2d472d37f7a8fc1b305ab41fc9d3c9e1d7b","messageTitle":"Update Add command, Edit command and Test","messageBody":"Currently, the salary attribute has been implemented but users cannot add this attribute to their contacts as well as edit this in their contacts.\n\nThis update allows the users to add and edit salary attribute for their clients.\nAdditionally, the test is updated to reflect these changes.\n","fileTypesAndContributionMap":{"functional-code":{"insertions":75,"deletions":13},"docs":{"insertions":29,"deletions":0},"test-code":{"insertions":80,"deletions":33}}}]},{"date":"2022-03-25","commitResults":[{"hash":"e8e1b0d40af6bd09e79f685168563670f6ae6bd0","messageTitle":"Revert \"Update SortCommand\"","messageBody":"","fileTypesAndContributionMap":{"functional-code":{"insertions":10,"deletions":130},"other":{"insertions":10,"deletions":7}}}]},{"date":"2022-03-28","commitResults":[{"hash":"5b96ad48e659ae27dadd75915dce48c32b06922d","messageTitle":"Update UserGuide.md","messageBody":"","fileTypesAndContributionMap":{"docs":{"insertions":15,"deletions":5}}}]}],"kuanjr":[{"date":"2022-02-19","commitResults":[{"hash":"ffc4ac6afc0c3ab4e57eb8c0fa9092f77dabc4eb","messageTitle":"Add my profile to AboutUs.md","messageBody":"","fileTypesAndContributionMap":{"docs":{"insertions":5,"deletions":6}}}]},{"date":"2022-02-22","commitResults":[{"hash":"8374c5cc20bf3d0923e3f53439e6ff8671e9732f","messageTitle":"Update UserGuide.md","messageBody":"","fileTypesAndContributionMap":{"docs":{"insertions":13,"deletions":0}}},{"hash":"f1538bd86209f522681b88c9075d07b5cfcf96e6","messageTitle":"Update AboutUs.md","messageBody":"Also added kuanjr.md and renamed jr.png to kuanjr.png\n","fileTypesAndContributionMap":{"docs":{"insertions":47,"deletions":1}}},{"hash":"e962067a972ca7d2da356bb00e836ec5b240a63a","messageTitle":"Update AboutUs.md","messageBody":"","fileTypesAndContributionMap":{"docs":{"insertions":1,"deletions":1}}}]},{"date":"2022-02-25","commitResults":[{"hash":"1947cb9fe9ce1f5952ecaa9d8d061fef6d4077f5","messageTitle":"Update DevelopersGuide.md","messageBody":"","fileTypesAndContributionMap":{"docs":{"insertions":26,"deletions":0}}}]},{"date":"2022-03-14","commitResults":[{"hash":"636bf325806dc32b82cbeb7ea44a54f300662e01","messageTitle":"Modify PersonCard layout","messageBody":"","fileTypesAndContributionMap":{"functional-code":{"insertions":8,"deletions":8}}},{"hash":"bab528b048e6a68d0ca297eef6889880bfc0469d","messageTitle":"Modify Demo Data","messageBody":"","fileTypesAndContributionMap":{"functional-code":{"insertions":5,"deletions":10}}},{"hash":"def958386d07b0d46d2b0e57227d117ca5281da0","messageTitle":"Add newline in EOF to preferences.json","messageBody":"","fileTypesAndContributionMap":{"functional-code":{"insertions":10,"deletions":5}}},{"hash":"4ce46a6dffaf622c577d017c54b5080c2f9fd695","messageTitle":"Modify Demodata","messageBody":"","fileTypesAndContributionMap":{"functional-code":{"insertions":12,"deletions":17},"docs":{"insertions":0,"deletions":5}}},{"hash":"6e3df142485b7b7b5d97152842986e9bc7ae0493","messageTitle":"List all imports from seedu.address.model.person\u0027","messageBody":"","fileTypesAndContributionMap":{"functional-code":{"insertions":8,"deletions":1}}}]},{"date":"2022-03-25","commitResults":[{"hash":"ba4f288a1784834141f91b3decc063a02abfe1e3","messageTitle":"Add functionality to Edit command.","messageBody":"Add feature to detect duplicates and let user choose which of the\nduplicates they want to edit.\n","fileTypesAndContributionMap":{"functional-code":{"insertions":113,"deletions":34},"test-code":{"insertions":27,"deletions":27}}},{"hash":"5bccdbd000d9b218e496faf884e088dd28c9b2d0","messageTitle":"Change imports to fit coding standard","messageBody":"","fileTypesAndContributionMap":{"functional-code":{"insertions":27,"deletions":5}}},{"hash":"790f0e2a35623fcd2145e3c97223dc1d3d398549","messageTitle":"Solve Checkstyle and Test issues","messageBody":"","fileTypesAndContributionMap":{"functional-code":{"insertions":26,"deletions":27},"test-code":{"insertions":40,"deletions":42}}},{"hash":"48fc4254498a96f359f1ef5bcb8e44586d023f7a","messageTitle":"Add First Draft of Implementation of Edit/Delete feature","messageBody":"","fileTypesAndContributionMap":{"docs":{"insertions":16,"deletions":0}}},{"hash":"30ec62bf43a6c5ac5349381a01bd2eb4899e7c6b","messageTitle":"Change parameters to standardise constructor signature","messageBody":"","fileTypesAndContributionMap":{"functional-code":{"insertions":7,"deletions":20},"test-code":{"insertions":21,"deletions":21}}}]},{"date":"2022-03-26","commitResults":[{"hash":"f4ca48e65fe130996575762c771192114cd2b7cd","messageTitle":"Solve Checkstyle and Test issues","messageBody":"","fileTypesAndContributionMap":{"functional-code":{"insertions":2,"deletions":5},"test-code":{"insertions":48,"deletions":43}}},{"hash":"97a9480d0e009fbf9ad625c2f27d476a98789398","messageTitle":"Fix checkstyle and test issue","messageBody":"","fileTypesAndContributionMap":{"functional-code":{"insertions":12,"deletions":12}}}]}],"j4ck990":[{"date":"2022-02-21","commitResults":[{"hash":"bfb2a560d5c420b21bec122f59cdc860ff7d9b7f","messageTitle":"Update UserGuide.md, README.md, AboutUs.md","messageBody":"","fileTypesAndContributionMap":{"docs":{"insertions":74,"deletions":18}}}]},{"date":"2022-02-25","commitResults":[{"hash":"8177994ee10ac38ab0de347e1a9d04ea116a766f","messageTitle":"Add use case for `tag` command","messageBody":"Developer Guide missing use case for `tag` command.\n","fileTypesAndContributionMap":{"docs":{"insertions":24,"deletions":0}}},{"hash":"113e2a98d470191d9c866540dab1dfa56bba9fc0","messageTitle":"Update badges","messageBody":"index.md and DevOps.md currently contains badges for address book 3.\n\nUpdated current badges to reflect new badges for HustleBook.\n","fileTypesAndContributionMap":{"docs":{"insertions":3,"deletions":3}}},{"hash":"eb9f07d24cfe6bca648cd9885785c26cedc409b7","messageTitle":"Update Common system name","messageBody":"Current still reflects AddressBook.\n\nUpdated to show HustleBook.\n","fileTypesAndContributionMap":{"docs":{"insertions":1,"deletions":1}}},{"hash":"45c35defbb9ce4716a655dac99af0de95b4ed787","messageTitle":"Add extension to `tag` command and update indentation","messageBody":"Missing extension for `tag` command for clients with the same name.\nIndentation was not consistent.\n\nAdded extension. Fix indentation to 4 spaces for all.\n","fileTypesAndContributionMap":{"docs":{"insertions":67,"deletions":55}}},{"hash":"7e84f0e47cb32ee7e00cf8022f2138bbc3d30ceb","messageTitle":"Fix display issues with UC01 after changing indentation","messageBody":"\"Use case ends\" is currently displayed on the previous line.\n\nAdded additional line before this lines.\n","fileTypesAndContributionMap":{"docs":{"insertions":18,"deletions":1}}},{"hash":"1103ab5ffcdb42f0185246b35ed682d034316875","messageTitle":"Update title of UC03 to use imperative language","messageBody":"","fileTypesAndContributionMap":{"docs":{"insertions":1,"deletions":1}}},{"hash":"9982de7063ccc7c30a4763f6853103a712e2d8d3","messageTitle":"Update README.md","messageBody":"Changed Hustlebook to HustleBook for consistency","fileTypesAndContributionMap":{"docs":{"insertions":1,"deletions":1}}}]},{"date":"2022-03-02","commitResults":[{"hash":"d95ef69b5ccce64b32692213f5d424d251e2e3d6","messageTitle":"Add flag for persons","messageBody":"","fileTypesAndContributionMap":{"functional-code":{"insertions":50,"deletions":0}}},{"hash":"07c44ffec0cfff68254fe102b2e8991c34e7db45","messageTitle":"Add flag to persons","messageBody":"","fileTypesAndContributionMap":{"functional-code":{"insertions":56,"deletions":44},"test-code":{"insertions":2,"deletions":0}}},{"hash":"11708d419dac3a363f6b1fab9c4f87c89a45b452","messageTitle":"Add flag command","messageBody":"","fileTypesAndContributionMap":{"functional-code":{"insertions":175,"deletions":2}}}]},{"date":"2022-03-13","commitResults":[{"hash":"012fe7aebf45011c2fb4c5c63683360e13ec0241","messageTitle":"Add flag functionality for person","messageBody":"","fileTypesAndContributionMap":{"functional-code":{"insertions":7,"deletions":10},"test-code":{"insertions":51,"deletions":20}}}]},{"date":"2022-03-14","commitResults":[{"hash":"3ed087c602f5f29359db73aa6be7ef9cfd422981","messageTitle":"Update code to follow checkStyle","messageBody":"","fileTypesAndContributionMap":{"functional-code":{"insertions":38,"deletions":28},"test-code":{"insertions":5,"deletions":1}}},{"hash":"ce2dd1503ef94b5b161285711a215e8521794b0a","messageTitle":"Fix code checkStyle","messageBody":"","fileTypesAndContributionMap":{"functional-code":{"insertions":18,"deletions":0}}},{"hash":"96a9cbd157206f2dc0421eba09970411bd028550","messageTitle":"Update case-insensitive input for flag","messageBody":"","fileTypesAndContributionMap":{"functional-code":{"insertions":3,"deletions":3}}}]},{"date":"2022-03-15","commitResults":[{"hash":"f7a6996d0aaa195c23b92c0cdc9f88800c02b62f","messageTitle":"Add help messages to help window","messageBody":"","fileTypesAndContributionMap":{"functional-code":{"insertions":30,"deletions":24}}},{"hash":"3fb0744e2bf4aa36ab0d0bb762aa64b47a326bdb","messageTitle":"Fix Flag command usage","messageBody":"","fileTypesAndContributionMap":{"functional-code":{"insertions":2,"deletions":2}}}]},{"date":"2022-03-22","commitResults":[{"hash":"c70a623adb5b9872e69b5e9ea5dfbeada7ab5adc","messageTitle":"Split flag command into `flag` and `unflag`","messageBody":"Flag command took in f/ prefix to show `flag` or `unflag`. Wasn\u0027t very\nintuitive and convenient.\n\nChanged to `flag` and `unflag` to set a person\u0027s flag.\n","fileTypesAndContributionMap":{"functional-code":{"insertions":26,"deletions":28}}},{"hash":"32674630b7efff3153667bfbd3232eb4d3a01a16","messageTitle":"Update flag command to use name","messageBody":"Flag command using index, inconsistent with other commands.\n\nUpdated to also use names to specify clients.\n","fileTypesAndContributionMap":{"functional-code":{"insertions":13,"deletions":10}}}]},{"date":"2022-03-23","commitResults":[{"hash":"25b725095a4608f6e227def24a9cd57694c1c2ef","messageTitle":"Update flag messages","messageBody":"","fileTypesAndContributionMap":{"functional-code":{"insertions":3,"deletions":3},"other":{"insertions":4,"deletions":0}}}]},{"date":"2022-03-24","commitResults":[{"hash":"7dc868fc2c7cd78adcfce5aa6cb41467d59857d4","messageTitle":"Remove assertion in build.gradle","messageBody":"","fileTypesAndContributionMap":{"other":{"insertions":0,"deletions":4}}},{"hash":"7436b649dbf2355d5d084ffb73703d079a63fe17","messageTitle":"Update DG to include Flag implementation","messageBody":"","fileTypesAndContributionMap":{"docs":{"insertions":32,"deletions":0}}}]}],"AD-NAP":[{"date":"2022-02-21","commitResults":[{"hash":"fa7d2feefae0151bcd68a06ee2bc7c2f48f32a79","messageTitle":"Edit AboutUs.md","messageBody":"Add my profile picture and details about myself.\n\nAdd Skeletal PPP: ad-nap.md. Content to be changed in the future.\n","fileTypesAndContributionMap":{"docs":{"insertions":56,"deletions":8}}},{"hash":"9a3ba2265f233dd6aaf89e5aeab465c7e44cbb2f","messageTitle":"Edit ReadMe.md","messageBody":"ReadMe content is about AB3.\n\nLet\u0027s change content of ReadMe.md to describe HustleBook.\n","fileTypesAndContributionMap":{"docs":{"insertions":15,"deletions":10}}},{"hash":"9efda76724a5ab689468772c8bf8f382e5a22e0a","messageTitle":"Edit UserGuide.md","messageBody":"UserGuide.md contains user guide for AB3.\n\nLet\u0027s change the content to match HustleBook for description, list and\nadding a client feature.\n","fileTypesAndContributionMap":{"docs":{"insertions":25,"deletions":28}}}]},{"date":"2022-02-25","commitResults":[{"hash":"c86f9abe581220a6967f462a47b895935c35388a","messageTitle":"Edit DeveloperGuide.md","messageBody":"Develop guide is incomplete and contains information regarding\nAB3 and not HustleBook.\n\nLet\u0027s,\n* edit table of content\n* add use case for add command\n* edit target user profile\n* edit value proposition\n* edit user stories\n* edit non-functional requirements\n* edit glossary\n","fileTypesAndContributionMap":{"docs":{"insertions":79,"deletions":42}}}]},{"date":"2022-03-12","commitResults":[{"hash":"6ba0a61253e81fd1a679da29fb0ce4d05a20b367","messageTitle":"Person object does not contain needed attributes for a client.","messageBody":"Client requires an attribute to capture essential information\nand last met up date.\n\nLet\u0027s,\n* add Info class and PrevDateMet class\n* add Info and PrevDateMet as attributes for Person class\n* modified add command feature to accept the new syntax prefixes\n* modified test files to fit with the new attributes\n\nUsers of HustleBook can now add in info using i/ in CLI and\nadd previous date met using d/ with \"YYYY-MM-DD\" format.\n\nNote:\n* Test cases for both classes not implemented\n* Require discussion regarding PrevDateMet (to save as\nString or LocalDate)\n* Require discussion regarding i/ and d/ if it is an optional input\n","fileTypesAndContributionMap":{"functional-code":{"insertions":230,"deletions":7},"test-code":{"insertions":112,"deletions":26}}}]},{"date":"2022-03-14","commitResults":[{"hash":"5a53b423407ead176611475a8bdd606ed34f4abf","messageTitle":"Add command message usage and example is not updated with the new prefix of flag, info and previous date met","messageBody":"User would need to know the new command format if they enter the\nwrong format.\n\nLet\u0027s change the message usage to address the new command format with\nexample that showcases all three pre-fix that were implemented.\n\nThis should close #52.\n","fileTypesAndContributionMap":{"functional-code":{"insertions":7,"deletions":0}}},{"hash":"e60afa518e5fac375ca649e183b35b5d91111a43","messageTitle":"Test cases for PrevDateMet not implemented","messageBody":"Regression testing should be implemented to avoid future bugs when\nimplementing other features.\nA bug found in ParserUtil needs to be squished ASAP.\n\nLet\u0027s,\n* implement the correct regular expression for PrevDateMet.\n* add test cases for PrevDateMet using JUnit5 testing.\n* fix the bug found in ParserUtil\n\nThis should close #51.\n","fileTypesAndContributionMap":{"functional-code":{"insertions":3,"deletions":4},"test-code":{"insertions":60,"deletions":0}}},{"hash":"3e418415d5cf4e9d9740aa4eac494510dfc50846","messageTitle":"Default date is set to 2022-03-14 as a temporary fix","messageBody":"Default date of previous date met should be set to date of when\nthe client is being added into HustleBook. Default value of info\nof an empty string can be counterintuitive when displayed in the\nHustleBook.\n\nLet\u0027s,\n* change the default value of date to the current date of adding\nclient.\n* change the default value of info to No further info.\n","fileTypesAndContributionMap":{"functional-code":{"insertions":13,"deletions":4}}}]},{"date":"2022-03-15","commitResults":[{"hash":"93a01b4d0b40a668ffdaf5434f24faac1d87ce97","messageTitle":"Change default of info was not standardised throughout","messageBody":"Some bug fixes required after the default value was changed.\n\nAnother bug found in date format regular expression - was not accepting\n2022-12-20 or 2022-12-10.\n\nLet\u0027s\n* standardise default value of info\n* squish bug in edit command test cases\n* squish bug of date format regular expression\n","fileTypesAndContributionMap":{"functional-code":{"insertions":32,"deletions":7},"test-code":{"insertions":23,"deletions":3}}},{"hash":"cc5b5e7c662e307cc44beefdea5495b8b4681d71","messageTitle":"Info class was yet to be tested","messageBody":"Let\u0027s create test cases for info class.\n","fileTypesAndContributionMap":{"test-code":{"insertions":38,"deletions":0}}},{"hash":"0fe6bd076474455e6d960939476f5e081cb851d6","messageTitle":"Add new line at EOF","messageBody":"new line missing at OEF.\n\nLet\u0027s add new line to pass Java CI.\n","fileTypesAndContributionMap":{"test-code":{"insertions":1,"deletions":1}}},{"hash":"da28a71e42e6889d6df6842c72bf0294d3c69c15","messageTitle":"User Guide not updated with the new commands","messageBody":"Let\u0027s update user guide with the new commands for adding and flagging\nclients.\n\nNote: UG Section on deleting and editing by name will be done by Vish.\n","fileTypesAndContributionMap":{"docs":{"insertions":46,"deletions":33}}},{"hash":"f0148b2dce9d01987acc88fc1aa486b137ececc2","messageTitle":"Edit sentence to match the new edit command","messageBody":"Removed the sentence on edit by index. The edit command now uses name\ninstead of index.\n","fileTypesAndContributionMap":{"docs":{"insertions":1,"deletions":1}}},{"hash":"34536b8d453d74bee3e06b8b64575ef10bde2ff2","messageTitle":"Update edit command format parameters","messageBody":"Edit command does not show the new prefixes of i/ and d/ that it can\ntake in.\n\nLet\u0027s update edit command format parameter message to fit the new\nprefixes.\n","fileTypesAndContributionMap":{"functional-code":{"insertions":4,"deletions":0}}},{"hash":"a177e5f0781996c6efb8fde5afd05379eaddedd6","messageTitle":"Modify edit info parser","messageBody":"No way to clear info of client through edit to show the default\nvalue of \"No further info\"\n\nLet\u0027s make changes to the info parser to allow user to key edit NAME\ni/ where parameter is empty to clear the info - similar to clearing\ntags.\n\nNote: This change still should not allow i/ to be empty when adding\nnew person.\n","fileTypesAndContributionMap":{"functional-code":{"insertions":17,"deletions":1}}},{"hash":"43b134f7e78b7bafeccb37bec5092f55e5e2ac4a","messageTitle":"Update User Guide to reflect edit info","messageBody":"Let\u0027s mention how to clear info in the User Guide under `edit` command.\n","fileTypesAndContributionMap":{"docs":{"insertions":1,"deletions":0}}}]},{"date":"2022-03-24","commitResults":[{"hash":"a249bccd92afeeb7711bc45f5523011834a1b332","messageTitle":"Person attribute does not have an upcoming meeting","messageBody":"To allow users to schedule meeting with clients, person would\nrequire to have an upcoming meeting attribute that is added by\nthe user.\n\nJsonSerialiazableAddressBook does not have the correct file name.\n\nLet\u0027s\n* Add MeetingDate class to handle the date of the meeting.\n* Add MeetingTime class to handle the time of the meeting.\n* Add ScheduledMeeting class to capture the date and time of the\nupcoming meeting.\n* Add ScheduledMeeting as an attribute to the person class.\n* Rename JsonSerialiazableAddressBook to JsonSerialiazableHustleBook.\n\nNote:\nTests have yet to be done and person isEqual method yet to check on\nscheduled meeting attribute.\n","fileTypesAndContributionMap":{"functional-code":{"insertions":201,"deletions":2},"other":{"insertions":0,"deletions":0}}},{"hash":"223f465acd93c1b7d030df5fbe4c30e1ae1b6289","messageTitle":"Update documentation","messageBody":"A few lines had the wrong documentation.\n\nLet\u0027s update to fit the correct description for documentation.\n","fileTypesAndContributionMap":{"functional-code":{"insertions":4,"deletions":5}}},{"hash":"05f28eb345eea6f774730261d7d4c8b2f81b4d94","messageTitle":"Modify code to handle no upcoming meeting","messageBody":"As suggested by Vish, would best not to pass null values for\nno upcoming meeting for a client.\n\nLet\u0027s\n* create an empty constructor to handle no upcoming meetings\nwhen a person is being created.\n* use boolean to check if scheduled meeting is non-null.\n","fileTypesAndContributionMap":{"functional-code":{"insertions":17,"deletions":4}}},{"hash":"4e264d89bb148f48664aab648fb164813c598343","messageTitle":"Update code indentation","messageBody":"Checkstyle failed.\n\nLet\u0027s update code indentation to pass checkstyle test.\n","fileTypesAndContributionMap":{"functional-code":{"insertions":1,"deletions":1}}},{"hash":"101fb7ac77298432e91af6aa840a1274dc71f411","messageTitle":"Update implementation of the new client attributes","messageBody":"Design details of the new attribute previous date met and\nadditional info yet to be explained in the DG.\n\nLet\u0027s update the DG with the design details of the modified\nperson class.\n\nNote:\nSequence and activity diagram will be added in the future.\n","fileTypesAndContributionMap":{"docs":{"insertions":31,"deletions":0}}}]},{"date":"2022-03-25","commitResults":[{"hash":"0c464798620dce971951fdc9407f589a83f2bac6","messageTitle":"Command to schedule meeting is not implemented","messageBody":"HustleBook users needs to manage meeting with their clients through\nthe command box.\n\nLet\u0027s create a new command \"meet\" that takes in the parameters of\ndate and time.\n\nNote:\n* Test for meet commands not yet tested.\n* Need to discuss on how to handle default value of no scheduled\nmeeting in Json format.\n* Edit and deleting of scheduled meeting is not implemented yet.\n","fileTypesAndContributionMap":{"functional-code":{"insertions":261,"deletions":10},"test-code":{"insertions":39,"deletions":13}}},{"hash":"c40ac62936c13f31056cd6c9f590e00b9a4e66d7","messageTitle":"Meet command using prefix that is not intuitive","messageBody":"Prefix currently used are md/ and mt/ to represent date and time of\nthe meeting. Would be more intuitive to use d/ and t/ for date and\ntime.\n\nLet\u0027s\n* Change the prefix of meet command.\n* Modify code for edit command to handle d/ prefix to only modify\nprevious date met and not meeting date.\n* Remove at: between date and time when saving into Json file.\n* Only shows at between date and time when displaying it in the GUI.\n","fileTypesAndContributionMap":{"functional-code":{"insertions":41,"deletions":21}}}]},{"date":"2022-03-26","commitResults":[{"hash":"b12954aba75220a4b526326e26ff1abc3b067b2f","messageTitle":"Add comments for clarifications","messageBody":"Edit command does not change existing scheduled meetings of the person\nbut it cannot be ignored as it requires to get the existing\nmeeting to reconstruct the edited person.\n\nLet\u0027s\n* Add a comment to clarify the process behind this.\n* Improve code quality when handling booleans in if statements.\n","fileTypesAndContributionMap":{"functional-code":{"insertions":4,"deletions":2}}},{"hash":"7ef820bcca549c3ccf0158eb6c742558da5f39a3","messageTitle":"Unable to cancel meeting through meet command","messageBody":"Meet command should be able to handle a way to clear\nscheduled meeting with clients.\nDisplaying no scheduled meeting was also not working as intended.\n\nLet\u0027s\n* add a prefix c/ to clear meetings for client.\n* add proper regular expression check for 24hr format time input.\n* bugfix to display no scheduled meeting properly.\n","fileTypesAndContributionMap":{"functional-code":{"insertions":38,"deletions":15}}}]},{"date":"2022-03-27","commitResults":[{"hash":"91796608ceb60c796cade08edbdf2900e94c45c8","messageTitle":"Update User Guide","messageBody":"User Guide is not updated with the new commands `meet`, `flag`,\nand `unflag`.\n\nLet\u0027s update the User Guide with these new commands.\n","fileTypesAndContributionMap":{"docs":{"insertions":62,"deletions":23}}}]}]},"authorFileTypeContributionMap":{"Decaxical":{"docs":160,"functional-code":266,"test-code":6},"Vishwanth2210":{"docs":201,"functional-code":467,"test-code":410,"other":6},"kuanjr":{"docs":88,"functional-code":99,"test-code":18},"j4ck990":{"docs":126,"functional-code":291,"test-code":52,"other":1},"AD-NAP":{"docs":230,"functional-code":780,"test-code":236}},"authorContributionVariance":{"Decaxical":82547.836,"Vishwanth2210":28989.225,"kuanjr":5584.96,"j4ck990":3894.9795,"AD-NAP":9745.426},"authorDisplayNameMap":{"Decaxical":"CS2103T-W15-2 ANG ..HENG","Vishwanth2210":"CS2103T-W15-2 VENK..ASAN","kuanjr":"CS2103T-W15-2 KUAN..RONG","j4ck990":"CS2103T-W15-2 NG W..JACK","AD-NAP":"CS2103T-W15-2 MOHA..ADAM"}}
