{"authorDailyContributionsMap":{"brandonrhan":[{"date":"2022-02-26","commitResults":[{"hash":"d6ec31a5def22ee462ae144614db8fd510e4aabb","messageTitle":"Update photo in AboutUs.md","messageBody":"","fileTypesAndContributionMap":{"docs":{"insertions":1,"deletions":39}}},{"hash":"e865c94faa27014cf68c902ade72a415e361142c","messageTitle":"Update name in AboutUs.md","messageBody":"","fileTypesAndContributionMap":{"docs":{"insertions":1,"deletions":1}}},{"hash":"0fabea287a4d5bf393851c8399754c1bf4a5f7d4","messageTitle":"Update AboutUs.md","messageBody":"","fileTypesAndContributionMap":{"docs":{"insertions":2,"deletions":2}}},{"hash":"73c4f07adfe8107fcee2d5d4a53b48f2cbe9c3f9","messageTitle":"Update personal photo","messageBody":"","fileTypesAndContributionMap":{"docs":{"insertions":1,"deletions":1}}},{"hash":"a8cd2313ae674af9679d7f71c2aead0f484a935b","messageTitle":"Update personal photo","messageBody":"","fileTypesAndContributionMap":{"docs":{"insertions":1,"deletions":1}}},{"hash":"497dca5f43a146a74025de36915e5cc435236e7c","messageTitle":"Remove extra code in AboutUs","messageBody":"","fileTypesAndContributionMap":{"docs":{"insertions":1,"deletions":1}}},{"hash":"0cc2bfe1ae42a384447a99762d2ce26ecdd9b623","messageTitle":"Update Brandon\u0027s PPP","messageBody":"","fileTypesAndContributionMap":{"docs":{"insertions":29,"deletions":47}}},{"hash":"60ee86036326082a2588435cdb1085126028e652","messageTitle":"Add new line at the end of brandonrhan.md","messageBody":"","fileTypesAndContributionMap":{"docs":{"insertions":2,"deletions":0}}},{"hash":"f9a65a49c9defea35a83c2f5b6ac33c4c3e86af3","messageTitle":"remove extra space in brandonrhan.md","messageBody":"","fileTypesAndContributionMap":{"docs":{"insertions":5,"deletions":10}}},{"hash":"0c62ac7f1e0d600f53ac7c227a786f6913e6892a","messageTitle":"Add new line at end of file of brandonrhan.md","messageBody":"","fileTypesAndContributionMap":{"docs":{"insertions":1,"deletions":1}}}]},{"date":"2022-02-28","commitResults":[{"hash":"dafa4fdd763db10b72527c43230fe5faa582d0c8","messageTitle":"Update UserGuide","messageBody":"","fileTypesAndContributionMap":{"docs":{"insertions":34,"deletions":15}}},{"hash":"c49b60826ebe8191761582101c52bc8396548499","messageTitle":"Deletes some AB3 commands","messageBody":"","fileTypesAndContributionMap":{"docs":{"insertions":0,"deletions":41}}},{"hash":"330862680ed1a9b169cb907dd5987e0b5157eaca","messageTitle":"Revert \"Deletes some AB3 commands\"","messageBody":"This reverts commit c49b60826ebe8191761582101c52bc8396548499.\n","fileTypesAndContributionMap":{"docs":{"insertions":41,"deletions":0}}},{"hash":"3ae311341b014995d06e377ac552a815a815a695","messageTitle":"Revert \"Update UserGuide\"","messageBody":"This reverts commit dafa4fdd763db10b72527c43230fe5faa582d0c8.\n","fileTypesAndContributionMap":{"docs":{"insertions":15,"deletions":34}}},{"hash":"2eb9ea9c2f9d21f4934c2dfb78da751624c03fdb","messageTitle":"Update UserGuide","messageBody":"","fileTypesAndContributionMap":{"docs":{"insertions":33,"deletions":1}}}]},{"date":"2022-03-07","commitResults":[{"hash":"fda6c7da0abad52a418d0582f500384905c77384","messageTitle":"Delete the invalid email address in AboutUs","messageBody":"","fileTypesAndContributionMap":{"docs":{"insertions":0,"deletions":2}}}]},{"date":"2022-03-10","commitResults":[{"hash":"090d624b9f3a440703d9338176257bd631f1111c","messageTitle":"Creates Team package and adds in Team class, TeamName class and TeamList class","messageBody":"","fileTypesAndContributionMap":{"functional-code":{"insertions":101,"deletions":0}}},{"hash":"a4aa9ce95c9a9b1537a75303ea3576311e195de7","messageTitle":"Corrects syntax errors","messageBody":"","fileTypesAndContributionMap":{"functional-code":{"insertions":4,"deletions":3}}}]},{"date":"2022-03-12","commitResults":[{"hash":"f029c55399cbc95cc7469ee534140b90dfc13368","messageTitle":"Change methods to public","messageBody":"","fileTypesAndContributionMap":{"functional-code":{"insertions":8,"deletions":6}}},{"hash":"ace84e79dd18095ab6d03dcc21cbce6711eb747d","messageTitle":"Add javadoc comments","messageBody":"","fileTypesAndContributionMap":{"functional-code":{"insertions":33,"deletions":8}}}]},{"date":"2022-03-14","commitResults":[{"hash":"d5e9bf9898e5b917dbdb18191a1d9f8f28d9b6a3","messageTitle":"Adds TeamLineupList class which contains all the lineup of a team. Adds logic about put player to a team and put player to a line up. Adds JavaDoc comments","messageBody":"","fileTypesAndContributionMap":{"functional-code":{"insertions":70,"deletions":7},"other":{"insertions":15,"deletions":5}}},{"hash":"551b7211b28df4123f4ff8df326e9942ff3ba5a4","messageTitle":"Add exceptions for team","messageBody":"","fileTypesAndContributionMap":{"functional-code":{"insertions":21,"deletions":0}}},{"hash":"7302e97e99112bfdd7bf155bcee6e6c6493bb9db","messageTitle":"Corrects syntax error","messageBody":"","fileTypesAndContributionMap":{"functional-code":{"insertions":5,"deletions":8}}}]}],"FYimu":[{"date":"2022-02-28","commitResults":[{"hash":"2f7956df076362477b841ae8cd43fab73697c58c","messageTitle":"Update personal details for Fan Jue","messageBody":"","fileTypesAndContributionMap":{"docs":{"insertions":54,"deletions":0}}},{"hash":"b91140a282bb617a1bb46819c98929cb5a446660","messageTitle":"Update NFRs and glossary for DG","messageBody":"","fileTypesAndContributionMap":{"docs":{"insertions":9,"deletions":6}}},{"hash":"c2f7816c7f86bcd28d44de3b096e33b2828e4b66","messageTitle":"Update put, mark, filter and load commands","messageBody":"","fileTypesAndContributionMap":{"docs":{"insertions":63,"deletions":6}}}]},{"date":"2022-03-01","commitResults":[{"hash":"196e591bd3615f8318ad446380221059767155e9","messageTitle":"Edit AboutUs and PPP","messageBody":"","fileTypesAndContributionMap":{"docs":{"insertions":2,"deletions":10}}},{"hash":"ff86349e6984379f07a9c6d1ae2a27078f08fc3f","messageTitle":"no message","messageBody":"","fileTypesAndContributionMap":{"docs":{"insertions":0,"deletions":35}}},{"hash":"7ece2422b0b3b47ee34bee9c8bcef2d266a0fda4","messageTitle":"no message","messageBody":"","fileTypesAndContributionMap":{"docs":{"insertions":35,"deletions":0}}},{"hash":"e11e1b73b23c30cf5e8bba6ed80e9a751b941a39","messageTitle":"Edit AboutUs.md","messageBody":"","fileTypesAndContributionMap":{"docs":{"insertions":1,"deletions":1}}},{"hash":"cc7a9d536cc7fd1f9388279a1f8a24d7aca619be","messageTitle":"Edit formatting in AboutUs.md","messageBody":"","fileTypesAndContributionMap":{"docs":{"insertions":1,"deletions":1}}}]},{"date":"2022-03-05","commitResults":[{"hash":"fdd2e10bcb79791734e2efeb3c3f0778a0231df6","messageTitle":"Update format for AboutUs","messageBody":"","fileTypesAndContributionMap":{"docs":{"insertions":1,"deletions":1}}}]},{"date":"2022-03-13","commitResults":[{"hash":"8aa856f1a0b4e3660cc53a92e777cf48d23c33da","messageTitle":"Update Age, JerseyNumber, Weight and Height","messageBody":"","fileTypesAndContributionMap":{"functional-code":{"insertions":4,"deletions":4}}}]}],"DALIN-Prog":[{"date":"2022-02-26","commitResults":[{"hash":"3c85e85d9ce2c60fd9756c76dc9b6b4bd870b2f4","messageTitle":"Update README.md","messageBody":"Change the CI status to point to team repo","fileTypesAndContributionMap":{"docs":{"insertions":1,"deletions":1}}},{"hash":"8440b598e61a41385b926c94c15e78de7a5e7ace","messageTitle":"Update index.md","messageBody":"Change CI status to point to team repo","fileTypesAndContributionMap":{"docs":{"insertions":1,"deletions":1}}},{"hash":"cddc617ed4264c10e5b29edbce270f085bd92a73","messageTitle":"Edit README.md and change AB3 to MyGM","messageBody":"","fileTypesAndContributionMap":{"docs":{"insertions":11,"deletions":10}}},{"hash":"192bfc25c42be3b9cdaa676ee51549258bd47485","messageTitle":"Resolve CI failure","messageBody":"","fileTypesAndContributionMap":{"docs":{"insertions":1,"deletions":1}}}]},{"date":"2022-02-27","commitResults":[{"hash":"f6542323d883a6c04a2f46159de29a7b39fc65ef","messageTitle":"Update use cases in developer guide","messageBody":"","fileTypesAndContributionMap":{"docs":{"insertions":45,"deletions":12}}},{"hash":"2f27303f0ddf9fb520ba16e9b20f652c2bc16515","messageTitle":"Update README.md","messageBody":"","fileTypesAndContributionMap":{"docs":{"insertions":2,"deletions":2}}},{"hash":"9898b1be370efd44f3a1d2e378b6362596a0872a","messageTitle":"Update user guide: Add and Tag","messageBody":"","fileTypesAndContributionMap":{"docs":{"insertions":104,"deletions":35}}},{"hash":"9ad2065f11c9c7faceef5e26b38e39f7ed26df42","messageTitle":"Edit command summary for Add","messageBody":"","fileTypesAndContributionMap":{"docs":{"insertions":1,"deletions":1}}}]},{"date":"2022-02-28","commitResults":[{"hash":"bf31b65fbf21f8df22616e13d4af075bfb39b40d","messageTitle":"Add skeletal PPP","messageBody":"","fileTypesAndContributionMap":{"docs":{"insertions":43,"deletions":0}}},{"hash":"180f7b5a2f1c1f8055b50a4ef6fc0668b703e400","messageTitle":"Resolve CI failure","messageBody":"","fileTypesAndContributionMap":{"docs":{"insertions":1,"deletions":1}}},{"hash":"5f4910e6ab3e767cec9217905a2d843cc9070f92","messageTitle":"Update AboutUs.md and add profile picture","messageBody":"","fileTypesAndContributionMap":{"docs":{"insertions":12,"deletions":1}}}]},{"date":"2022-03-01","commitResults":[{"hash":"98e91f860f9ca12e120c7d7c99ccbd2f0f3c85ca","messageTitle":"Edit image src","messageBody":"","fileTypesAndContributionMap":{"docs":{"insertions":2,"deletions":4}}}]},{"date":"2022-03-10","commitResults":[{"hash":"aa73618eda5147b3c8fb7f93fa980121de3770c2","messageTitle":"Include relevant attributes for MyGM and minor edit to javadocs","messageBody":"","fileTypesAndContributionMap":{"functional-code":{"insertions":127,"deletions":15}}},{"hash":"385654c93a2bf9d55a9512860cc6375f7eb20202","messageTitle":"edit JsonAdaptedPerson to fit MyGM","messageBody":"","fileTypesAndContributionMap":{"functional-code":{"insertions":61,"deletions":12}}},{"hash":"c8252825e62a9ea02b023042432f6b787940e7d8","messageTitle":"Edit EditCommand and CliSyntax to resolve error","messageBody":"","fileTypesAndContributionMap":{"functional-code":{"insertions":65,"deletions":15}}},{"hash":"6456031b7d273a4af30fecf71b0826d1770f8107","messageTitle":"Edit EditCommandParser, AddCommandParser, AddCommand to resolve compilation error","messageBody":"","fileTypesAndContributionMap":{"functional-code":{"insertions":53,"deletions":13}}},{"hash":"f3e1ed0ed9c90d882fa71fc05619767fd0e43a97","messageTitle":"Resolve error for PersonBuilder and include minor details to main/model","messageBody":"","fileTypesAndContributionMap":{"functional-code":{"insertions":30,"deletions":13},"test-code":{"insertions":49,"deletions":14}}},{"hash":"7e590142dcd1db9a66bbdc94a6b923b5b541ee63","messageTitle":"Remove code related to address attribute in test folder","messageBody":"","fileTypesAndContributionMap":{"functional-code":{"insertions":40,"deletions":22},"test-code":{"insertions":76,"deletions":109}}},{"hash":"49240d828d453ef51e5ede6ef0bbb98541c6e379","messageTitle":"Comment and modify test cases to pass CI","messageBody":"","fileTypesAndContributionMap":{"test-code":{"insertions":111,"deletions":74}}}]},{"date":"2022-03-12","commitResults":[{"hash":"e25e562392c05b98793ddfe12f9396b12baed3d5","messageTitle":"Change user guide link in help window","messageBody":"","fileTypesAndContributionMap":{"functional-code":{"insertions":1,"deletions":1}}}]},{"date":"2022-03-13","commitResults":[{"hash":"bc37e926c98f1c4602ddbe4bd37024b584aa09de","messageTitle":"Update UserGuide.md","messageBody":"","fileTypesAndContributionMap":{"docs":{"insertions":20,"deletions":20}}}]},{"date":"2022-03-14","commitResults":[{"hash":"d248d703c4866d595a16ee545428902b6718acb7","messageTitle":"Refactor Age class, add test cases, resolve error","messageBody":"Previously isValidAge did not make use of regular expression which\nmakes the code long. New implementation uses regular expression\nto perform the same checks. Detailed testing is found in AgeTest.java.\n\nPreviously constructor in Age does not check for valid input. New\nimplementation checks for null case and valid argument.\n","fileTypesAndContributionMap":{"functional-code":{"insertions":28,"deletions":27},"test-code":{"insertions":41,"deletions":0}}},{"hash":"91f481f05b59f80062821f8bc1b008a9a59356b2","messageTitle":"Refactor Jersey class, add test cases, resolve error","messageBody":"Previously isValidJerseyNumber did not make use of regular\nexpression which makes the code long. New implementation uses\nregular expression to perform the same checks.\nDetailed testing is found in JerseyNumberTest.java.\n\nPreviously constructor in JerseyNumber does not check for valid input. New\nimplementation checks for null case and valid argument.\n","fileTypesAndContributionMap":{"functional-code":{"insertions":37,"deletions":37},"test-code":{"insertions":41,"deletions":0}}},{"hash":"f45917506e310dbb199d080b27ead19d8b67bb8e","messageTitle":"Refactor Height class, add test cases, resolve error","messageBody":"Previously isValidHeight did not make use of regular expression which\nmakes the code long. New implementation uses regular expression\nto perform the same checks. Detailed testing is found in HeightTest.java.\n\nPreviously constructor in Height does not check for valid input. New\nimplementation checks for null case and valid argument.\n","fileTypesAndContributionMap":{"functional-code":{"insertions":37,"deletions":35},"test-code":{"insertions":42,"deletions":1}}},{"hash":"45fbf09d1d73a677bea29e347f2ca23ae2e2e297","messageTitle":"Refactor Weight class, add test cases, resolve error","messageBody":"Previously isValidWeight did not make use of regular expression which\nmakes the code long. New implementation uses regular expression\nto perform the same checks. Detailed testing is found in WeightTest.java.\n\nPreviously constructor in Weight does not check for valid input. New\nimplementation checks for null case and valid argument.\n","fileTypesAndContributionMap":{"functional-code":{"insertions":32,"deletions":33},"test-code":{"insertions":42,"deletions":1}}},{"hash":"a245261c504704a71377fee79189fa7999f08afc","messageTitle":"Minor edits","messageBody":"","fileTypesAndContributionMap":{"functional-code":{"insertions":4,"deletions":9},"test-code":{"insertions":10,"deletions":11}}},{"hash":"74ce6524bd0411088c5441eff68a0bfcd7915d9d","messageTitle":"Edit regex for height","messageBody":"","fileTypesAndContributionMap":{"functional-code":{"insertions":1,"deletions":1}}},{"hash":"9b337734ec6bd090572dde8860ece2d2e3fb7a7f","messageTitle":"Rectify equals method in Age, Weight, Height etc","messageBody":"","fileTypesAndContributionMap":{"functional-code":{"insertions":9,"deletions":9},"test-code":{"insertions":16,"deletions":17}}},{"hash":"3c2be79cbdb74bab89506ee05acb0878918c2d28","messageTitle":"Remove unwanted package","messageBody":"","fileTypesAndContributionMap":{"test-code":{"insertions":0,"deletions":1}}},{"hash":"a3c9c0bb21f1f58a7042e9081687b15381ac5991","messageTitle":"Add more test cases for JsonAdaptedPersonTest","messageBody":"","fileTypesAndContributionMap":{"functional-code":{"insertions":3,"deletions":3},"test-code":{"insertions":67,"deletions":8}}},{"hash":"9abed0bba6ef59e812220f652b873cc7ad1ea2e7","messageTitle":"Remove unnecessary indenation","messageBody":"","fileTypesAndContributionMap":{"test-code":{"insertions":0,"deletions":3}}}]}],"TeddYE":[{"date":"2022-02-28","commitResults":[{"hash":"4d102297a011a6127f98ac52da57ea9c66fd6ab8","messageTitle":"Update developer guide to include user stories","messageBody":"","fileTypesAndContributionMap":{"docs":{"insertions":36,"deletions":8}}},{"hash":"c661bf393400e347d27de346d2da87eddd1ff81d","messageTitle":"Update aboutus page","messageBody":"* Add Weiye\u0027s image\n* Add Weiye\u0027s PPP\n* Edit aboutus.md accordingly\n","fileTypesAndContributionMap":{"docs":{"insertions":51,"deletions":5}}},{"hash":"eae0f8cf065c045df3742c4062b9ab461ab20897","messageTitle":"Resolve conflict in AboutUs page","messageBody":"","fileTypesAndContributionMap":{"docs":{"insertions":3,"deletions":33}}},{"hash":"8d08335b16df2980c0a943dbcd22401b551ded64","messageTitle":"Remove unwanted line in AboutUs due to conflict","messageBody":"","fileTypesAndContributionMap":{"docs":{"insertions":0,"deletions":2}}},{"hash":"ce334088da019305f9de4bb87b018c94aa85f986","messageTitle":"Update UserGuide to include unmark, update and save","messageBody":"","fileTypesAndContributionMap":{"docs":{"insertions":72,"deletions":18}}}]},{"date":"2022-03-01","commitResults":[{"hash":"4978bd65dcf61ee1a8b599be24af68a157dc2ce5","messageTitle":"Edit user guide \u0027update\u0027 function section","messageBody":"","fileTypesAndContributionMap":{"docs":{"insertions":9,"deletions":17}}},{"hash":"fec2d44400bbcf1bdeeb1763b65e0f8b7817eb26","messageTitle":"Edit user guide \u0027update\u0027 function section","messageBody":"","fileTypesAndContributionMap":{"docs":{"insertions":18,"deletions":18}}}]},{"date":"2022-03-12","commitResults":[{"hash":"031254a8b06897354a2fcc79219e13c2f53d1681","messageTitle":"Add lineup package","messageBody":"* Add Lineup, LineupName and LineupList classes\n","fileTypesAndContributionMap":{"functional-code":{"insertions":151,"deletions":0}}},{"hash":"ecaffed39bea0486ab1b0aeb9b2a0365f5fff77c","messageTitle":"Rearrange import statements to pass git checks","messageBody":"","fileTypesAndContributionMap":{"functional-code":{"insertions":4,"deletions":5}}},{"hash":"9aff86144d3e32627a61d068b4f1443e2dfcf35b","messageTitle":"Add javadoc comment to pass git checks","messageBody":"","fileTypesAndContributionMap":{"functional-code":{"insertions":10,"deletions":4}}}]},{"date":"2022-03-13","commitResults":[{"hash":"1d4d73224617e620a1026cfa3ab22b5552930848","messageTitle":"Change variable names","messageBody":"","fileTypesAndContributionMap":{"functional-code":{"insertions":9,"deletions":9},"other":{"insertions":10,"deletions":10}}}]}],"snoidetx":[{"date":"2022-02-28","commitResults":[{"hash":"1cc837cb1353fb5acabeb5cf08575f999899cb9e","messageTitle":"Update AboutUs.md","messageBody":"","fileTypesAndContributionMap":{"docs":{"insertions":9,"deletions":0}}},{"hash":"272a2a557644459f7e5a99686729bcbd86813832","messageTitle":"Add photo and portfolio","messageBody":"","fileTypesAndContributionMap":{"docs":{"insertions":21,"deletions":0}}},{"hash":"d14a5fe5b5dbb59cbb3e4deec7970f1dadb8695f","messageTitle":"Update DeveloperGuide.md","messageBody":"","fileTypesAndContributionMap":{"docs":{"insertions":12,"deletions":7}}},{"hash":"a50441fcaed8940fa64e7c6e07c129a8bc97a513","messageTitle":"Update UserGuide.md","messageBody":"","fileTypesAndContributionMap":{"docs":{"insertions":65,"deletions":0}}},{"hash":"61d167a6418362b9ee887136957b5d1ad1132ad9","messageTitle":"Update UserGuide.md","messageBody":"","fileTypesAndContributionMap":{"docs":{"insertions":15,"deletions":15}}}]},{"date":"2022-03-01","commitResults":[{"hash":"a5d12dba3d2e4225b37f89ebbffab3c32fba8c8e","messageTitle":"Update UserGuide.md","messageBody":"","fileTypesAndContributionMap":{"docs":{"insertions":1,"deletions":2}}},{"hash":"7b6810878e962cce92c54bfcff793c1aa50da23f","messageTitle":"Update snoidetx.md","messageBody":"","fileTypesAndContributionMap":{"docs":{"insertions":0,"deletions":1}}}]},{"date":"2022-03-13","commitResults":[{"hash":"07b51aef4c0cf4214d9dd4f92b081b3072e81f29","messageTitle":"Modify CliSyntax.java which contains the command prefixes","messageBody":"","fileTypesAndContributionMap":{"functional-code":{"insertions":4,"deletions":1}}},{"hash":"05f419c544393ad9d5ff411bb0c2f676adef49de","messageTitle":"Modify AddCommandParser which parses an user input to an Add command","messageBody":"","fileTypesAndContributionMap":{"functional-code":{"insertions":13,"deletions":4}}},{"hash":"d68462e466a8de74350e0853a4bae55e162f0d06","messageTitle":"Fix bugs","messageBody":"","fileTypesAndContributionMap":{"functional-code":{"insertions":11,"deletions":11}}},{"hash":"6e52ee22f215948781b15bfa06f96512c94ce613","messageTitle":"Modify ParserUtil.java so that it can handle Age, Height, Weight and Jersey Number","messageBody":"","fileTypesAndContributionMap":{"functional-code":{"insertions":95,"deletions":2}}},{"hash":"8969fff6770faac1e8531e7a508b3884946e09a5","messageTitle":"Modify Age and Height class to handle exceptions","messageBody":"","fileTypesAndContributionMap":{"functional-code":{"insertions":21,"deletions":1}}},{"hash":"ed6cc3d48c6682a19803e22359347103252d4f88","messageTitle":"Modify Weight and JerseyNumber class to handle exceptions","messageBody":"","fileTypesAndContributionMap":{"functional-code":{"insertions":42,"deletions":2}}},{"hash":"b2b55eae2fe6ae58e69c5d4b47c74ca238a8930e","messageTitle":"Fix bugs","messageBody":"","fileTypesAndContributionMap":{"functional-code":{"insertions":31,"deletions":21}}}]},{"date":"2022-03-15","commitResults":[{"hash":"c67c884ae9bccecf19b5fe2e7dc8f8e55cc4b47c","messageTitle":"Add prefixes for Team, Lineup and Player","messageBody":"","fileTypesAndContributionMap":{"functional-code":{"insertions":3,"deletions":0}}},{"hash":"6542d6227eed7be74d353099ca33ebad624608a0","messageTitle":"Creates MyGm and UniquePlayerList class as the outest layer of model","messageBody":"","fileTypesAndContributionMap":{"functional-code":{"insertions":25,"deletions":0}}},{"hash":"d4f2b80d4df98b52752d9f03e8c306a54b0510d5","messageTitle":"Creates MyGm and UniquePlayerList class as the outest layer of model","messageBody":"","fileTypesAndContributionMap":{"functional-code":{"insertions":114,"deletions":10}}}]}]},"authorFileTypeContributionMap":{"brandonrhan":{"docs":56,"functional-code":220,"test-code":0},"FYimu":{"docs":106,"functional-code":0,"test-code":0},"DALIN-Prog":{"docs":212,"functional-code":365,"test-code":435,"other":1},"TeddYE":{"docs":106,"functional-code":156,"test-code":0},"snoidetx":{"docs":96,"functional-code":282,"test-code":0}},"authorContributionVariance":{"brandonrhan":3179.12,"FYimu":938.53845,"DALIN-Prog":41990.715,"TeddYE":2994.443,"snoidetx":3804.5576},"authorDisplayNameMap":{"brandonrhan":"CS2103-F09-1 BRAN.. HAN","FYimu":"CS2103-F09-1 FAN .. JUE","DALIN-Prog":"CS2103-F09-1 LIN ..N DA","TeddYE":"CS2103-F09-1 WU W..EIYE","snoidetx":"CS2103-F09-1 TIAN..XIAO"}}
