{"authorDailyContributionsMap":{"brandonrhan":[{"date":"2022-02-26","commitResults":[{"hash":"d6ec31a5def22ee462ae144614db8fd510e4aabb","messageTitle":"Update photo in AboutUs.md","messageBody":"","fileTypesAndContributionMap":{"docs":{"insertions":1,"deletions":39}}},{"hash":"e865c94faa27014cf68c902ade72a415e361142c","messageTitle":"Update name in AboutUs.md","messageBody":"","fileTypesAndContributionMap":{"docs":{"insertions":1,"deletions":1}}},{"hash":"0fabea287a4d5bf393851c8399754c1bf4a5f7d4","messageTitle":"Update AboutUs.md","messageBody":"","fileTypesAndContributionMap":{"docs":{"insertions":2,"deletions":2}}},{"hash":"73c4f07adfe8107fcee2d5d4a53b48f2cbe9c3f9","messageTitle":"Update personal photo","messageBody":"","fileTypesAndContributionMap":{"docs":{"insertions":1,"deletions":1}}},{"hash":"a8cd2313ae674af9679d7f71c2aead0f484a935b","messageTitle":"Update personal photo","messageBody":"","fileTypesAndContributionMap":{"docs":{"insertions":1,"deletions":1}}},{"hash":"497dca5f43a146a74025de36915e5cc435236e7c","messageTitle":"Remove extra code in AboutUs","messageBody":"","fileTypesAndContributionMap":{"docs":{"insertions":1,"deletions":1}}},{"hash":"0cc2bfe1ae42a384447a99762d2ce26ecdd9b623","messageTitle":"Update Brandon\u0027s PPP","messageBody":"","fileTypesAndContributionMap":{"docs":{"insertions":29,"deletions":47}}},{"hash":"60ee86036326082a2588435cdb1085126028e652","messageTitle":"Add new line at the end of brandonrhan.md","messageBody":"","fileTypesAndContributionMap":{"docs":{"insertions":2,"deletions":0}}},{"hash":"f9a65a49c9defea35a83c2f5b6ac33c4c3e86af3","messageTitle":"remove extra space in brandonrhan.md","messageBody":"","fileTypesAndContributionMap":{"docs":{"insertions":5,"deletions":10}}},{"hash":"0c62ac7f1e0d600f53ac7c227a786f6913e6892a","messageTitle":"Add new line at end of file of brandonrhan.md","messageBody":"","fileTypesAndContributionMap":{"docs":{"insertions":1,"deletions":1}}}]},{"date":"2022-02-28","commitResults":[{"hash":"dafa4fdd763db10b72527c43230fe5faa582d0c8","messageTitle":"Update UserGuide","messageBody":"","fileTypesAndContributionMap":{"docs":{"insertions":34,"deletions":15}}},{"hash":"c49b60826ebe8191761582101c52bc8396548499","messageTitle":"Deletes some AB3 commands","messageBody":"","fileTypesAndContributionMap":{"docs":{"insertions":0,"deletions":41}}},{"hash":"330862680ed1a9b169cb907dd5987e0b5157eaca","messageTitle":"Revert \"Deletes some AB3 commands\"","messageBody":"This reverts commit c49b60826ebe8191761582101c52bc8396548499.\n","fileTypesAndContributionMap":{"docs":{"insertions":41,"deletions":0}}},{"hash":"3ae311341b014995d06e377ac552a815a815a695","messageTitle":"Revert \"Update UserGuide\"","messageBody":"This reverts commit dafa4fdd763db10b72527c43230fe5faa582d0c8.\n","fileTypesAndContributionMap":{"docs":{"insertions":15,"deletions":34}}},{"hash":"2eb9ea9c2f9d21f4934c2dfb78da751624c03fdb","messageTitle":"Update UserGuide","messageBody":"","fileTypesAndContributionMap":{"docs":{"insertions":33,"deletions":1}}}]},{"date":"2022-03-07","commitResults":[{"hash":"fda6c7da0abad52a418d0582f500384905c77384","messageTitle":"Delete the invalid email address in AboutUs","messageBody":"","fileTypesAndContributionMap":{"docs":{"insertions":0,"deletions":2}}}]},{"date":"2022-03-10","commitResults":[{"hash":"090d624b9f3a440703d9338176257bd631f1111c","messageTitle":"Creates Team package and adds in Team class, TeamName class and TeamList class","messageBody":"","fileTypesAndContributionMap":{"functional-code":{"insertions":101,"deletions":0}}},{"hash":"a4aa9ce95c9a9b1537a75303ea3576311e195de7","messageTitle":"Corrects syntax errors","messageBody":"","fileTypesAndContributionMap":{"functional-code":{"insertions":4,"deletions":3}}}]},{"date":"2022-03-12","commitResults":[{"hash":"f029c55399cbc95cc7469ee534140b90dfc13368","messageTitle":"Change methods to public","messageBody":"","fileTypesAndContributionMap":{"functional-code":{"insertions":8,"deletions":6}}},{"hash":"ace84e79dd18095ab6d03dcc21cbce6711eb747d","messageTitle":"Add javadoc comments","messageBody":"","fileTypesAndContributionMap":{"functional-code":{"insertions":33,"deletions":8}}}]},{"date":"2022-03-14","commitResults":[{"hash":"d5e9bf9898e5b917dbdb18191a1d9f8f28d9b6a3","messageTitle":"Adds TeamLineupList class which contains all the lineup of a team. Adds logic about put player to a team and put player to a line up. Adds JavaDoc comments","messageBody":"","fileTypesAndContributionMap":{"functional-code":{"insertions":70,"deletions":7},"other":{"insertions":15,"deletions":5}}},{"hash":"551b7211b28df4123f4ff8df326e9942ff3ba5a4","messageTitle":"Add exceptions for team","messageBody":"","fileTypesAndContributionMap":{"functional-code":{"insertions":21,"deletions":0}}},{"hash":"7302e97e99112bfdd7bf155bcee6e6c6493bb9db","messageTitle":"Corrects syntax error","messageBody":"","fileTypesAndContributionMap":{"functional-code":{"insertions":5,"deletions":8}}}]},{"date":"2022-03-16","commitResults":[{"hash":"6af642eba095dd73b605339142266a5e8ccdb81a","messageTitle":"Add UniqueTeamList to represents all teams","messageBody":"","fileTypesAndContributionMap":{"functional-code":{"insertions":43,"deletions":2}}}]},{"date":"2022-03-17","commitResults":[{"hash":"aacab8dba6a47eac07e0d7db174be0dc89737040","messageTitle":"Add UniqueTeamList class","messageBody":"","fileTypesAndContributionMap":{"functional-code":{"insertions":53,"deletions":4},"other":{"insertions":2,"deletions":2}}}]},{"date":"2022-03-21","commitResults":[{"hash":"98e2651b095aa2b2ed80adb7dc0ecb0704e40bd4","messageTitle":"Adds UniqueLineupList to store all lineups","messageBody":"","fileTypesAndContributionMap":{"functional-code":{"insertions":87,"deletions":70}}},{"hash":"ea4edf53bdf85b3da6d7b70b97713660a3c8b684","messageTitle":"Add checks using LineupName","messageBody":"","fileTypesAndContributionMap":{"functional-code":{"insertions":20,"deletions":0}}},{"hash":"551dce174e9352205874f050ad90efefb5a3e013","messageTitle":"Adds checks for requireNonNull","messageBody":"","fileTypesAndContributionMap":{"functional-code":{"insertions":9,"deletions":0}}}]},{"date":"2022-03-22","commitResults":[{"hash":"987a9d1a9673215835273527887cb34f707956ab","messageTitle":"Edits some function","messageBody":"","fileTypesAndContributionMap":{"functional-code":{"insertions":30,"deletions":0}}},{"hash":"79d7f223d8e9bc6d97805bfc40435b81c17e17c9","messageTitle":"Adds and edits most of the javadoc comments","messageBody":"","fileTypesAndContributionMap":{"functional-code":{"insertions":153,"deletions":14}}},{"hash":"3604b40bdc8362291635e4f7724d8c648ec29013","messageTitle":"Corrects all checkstyle problems","messageBody":"","fileTypesAndContributionMap":{"functional-code":{"insertions":106,"deletions":27}}},{"hash":"bf91710bd5c3315fc5d5fa51e9eca14cd9ad94a3","messageTitle":"Remove test about address","messageBody":"","fileTypesAndContributionMap":{"test-code":{"insertions":0,"deletions":23}}},{"hash":"d9585b643a8a1f1d568f4cfe24b4a8caec2159af","messageTitle":"Remove AddressTest","messageBody":"","fileTypesAndContributionMap":{"test-code":{"insertions":0,"deletions":36}}}]},{"date":"2022-03-23","commitResults":[{"hash":"1a025cddbf9a864512726a44d9689a75dfc9ef11","messageTitle":"no message","messageBody":"","fileTypesAndContributionMap":{"functional-code":{"insertions":4,"deletions":0}}},{"hash":"bb5bad1fc172cdd1f136e43db840b8aa82e5f7e1","messageTitle":"Update DG","messageBody":"","fileTypesAndContributionMap":{"functional-code":{"insertions":1,"deletions":7}}},{"hash":"a2b49addb4cccc4a431ceeb90f35fb7cee8ea613","messageTitle":"Update DG","messageBody":"","fileTypesAndContributionMap":{"docs":{"insertions":13,"deletions":12}}},{"hash":"d95c903dabdbda80b87e410346ba2f8358b74486","messageTitle":"Resolve conflict","messageBody":"","fileTypesAndContributionMap":{"functional-code":{"insertions":0,"deletions":7}}}]},{"date":"2022-03-24","commitResults":[{"hash":"d1cc0eca50d348d91766354b6771e4d3513418c7","messageTitle":"Updates some tests","messageBody":"","fileTypesAndContributionMap":{"functional-code":{"insertions":1,"deletions":1},"test-code":{"insertions":17,"deletions":14}}},{"hash":"13c7adfd55d63025fe9ab89859d4b50306b4c36c","messageTitle":"Updates AddCommandIntegrationTest","messageBody":"","fileTypesAndContributionMap":{"test-code":{"insertions":6,"deletions":6}}},{"hash":"0279a64d08c26dc3849f81ff74441e2fc588cbfb","messageTitle":"Remove extra white space","messageBody":"","fileTypesAndContributionMap":{"docs":{"insertions":42,"deletions":44},"test-code":{"insertions":6,"deletions":8}}},{"hash":"1435cf3be0bf7ce3ace8441145bf0669a0689a05","messageTitle":"Corrects more syntax error","messageBody":"","fileTypesAndContributionMap":{"docs":{"insertions":1,"deletions":2},"test-code":{"insertions":9,"deletions":9}}},{"hash":"f201e1869caf1438685ecfc8babf70f5414988b3","messageTitle":"Edits Readme","messageBody":"","fileTypesAndContributionMap":{"docs":{"insertions":1,"deletions":1}}},{"hash":"6f0efce165bbe1a95fee223cb56188cac65c9c64","messageTitle":"Updates DG","messageBody":"","fileTypesAndContributionMap":{"docs":{"insertions":19,"deletions":0}}},{"hash":"0c3cd16f1e1d630e0a1dc439252b9e623195f0fb","messageTitle":"Adds explanation of Put","messageBody":"","fileTypesAndContributionMap":{"docs":{"insertions":1,"deletions":0}}}]},{"date":"2022-03-25","commitResults":[{"hash":"07b103a80cbb58465830e47d6cf1d8bf3face92f","messageTitle":"Adds UML diagram","messageBody":"","fileTypesAndContributionMap":{"docs":{"insertions":58,"deletions":0}}},{"hash":"18b82805a97d76d791e0a2e00515a379420e9f2b","messageTitle":"creates a puml file","messageBody":"","fileTypesAndContributionMap":{"docs":{"insertions":0,"deletions":0}}}]},{"date":"2022-03-26","commitResults":[{"hash":"e73a04fd99590c6790a6b10f538ffbfeb1514805","messageTitle":"Update UML diagram","messageBody":"","fileTypesAndContributionMap":{"docs":{"insertions":1,"deletions":1}}}]},{"date":"2022-03-27","commitResults":[{"hash":"1c0926a4e3ce286faa7ebe3951b1e6656d019098","messageTitle":"Updates message usage for all commands","messageBody":"","fileTypesAndContributionMap":{"functional-code":{"insertions":121,"deletions":34},"docs":{"insertions":6,"deletions":27}}},{"hash":"241ed8572d2109c25c644d0ca9c95aaad7c272d0","messageTitle":"Edits some messages","messageBody":"","fileTypesAndContributionMap":{"functional-code":{"insertions":9,"deletions":2}}},{"hash":"a176c8d0fc161217630717812ca4ce836cb1bb45","messageTitle":"Corrects some syntax error","messageBody":"","fileTypesAndContributionMap":{"functional-code":{"insertions":9,"deletions":8}}},{"hash":"e49d6836edb4b2159da14d24ff125d458e67b790","messageTitle":"Updates message for AddCommands","messageBody":"","fileTypesAndContributionMap":{"functional-code":{"insertions":9,"deletions":3}}},{"hash":"0ac08f7f172baf31e21d88f56019fa38d5699332","messageTitle":"Adds equal and hashcode in UniqeLineupList to resolve CI issue","messageBody":"","fileTypesAndContributionMap":{"functional-code":{"insertions":15,"deletions":3}}},{"hash":"f17430f6760136bfd672220023846f7763ffd08d","messageTitle":"Corrects minor mistake in EditCommand","messageBody":"","fileTypesAndContributionMap":{"functional-code":{"insertions":2,"deletions":2}}},{"hash":"8e765c36d253e8fb888a4ea9c38257feae881d18","messageTitle":"Revert \"Corrects minor mistake in EditCommand\"","messageBody":"This reverts commit f17430f6760136bfd672220023846f7763ffd08d.\n","fileTypesAndContributionMap":{"functional-code":{"insertions":2,"deletions":2}}},{"hash":"10f42da132ea3b3d11390d8f12cb8ad353854153","messageTitle":"Removes extra space","messageBody":"","fileTypesAndContributionMap":{"functional-code":{"insertions":2,"deletions":2},"test-code":{"insertions":1,"deletions":0}}},{"hash":"10bffbd4d0c05bfd4b5d167b54f2d8403367eb1f","messageTitle":"Remove white spaces","messageBody":"","fileTypesAndContributionMap":{"docs":{"insertions":13,"deletions":13}}},{"hash":"e6378b0e1d839623fa1685837b90a3267cf4df9a","messageTitle":"Adds AddCommandTest for person and lineup","messageBody":"","fileTypesAndContributionMap":{"test-code":{"insertions":76,"deletions":21}}},{"hash":"1de304e698e4419b08b0542ba539a6c95ba57738","messageTitle":"Corrects checkstyle issue","messageBody":"","fileTypesAndContributionMap":{"test-code":{"insertions":12,"deletions":16}}},{"hash":"dc71f6d51204d12188c07fd624197f22010f0ff3","messageTitle":"Adds test for EditCommand for person and lineup","messageBody":"","fileTypesAndContributionMap":{"functional-code":{"insertions":2,"deletions":2},"test-code":{"insertions":75,"deletions":148}}}]},{"date":"2022-03-29","commitResults":[{"hash":"37252bc13aa97d3f80a4dee9db3b0b133a3ea5b6","messageTitle":"Corrects CheckStyleMain issue","messageBody":"","fileTypesAndContributionMap":{"functional-code":{"insertions":28,"deletions":27}}},{"hash":"55880edbafeefe5b0c48f19881a1478117ba6236","messageTitle":"Corrects CheckStyleTest issue","messageBody":"","fileTypesAndContributionMap":{"test-code":{"insertions":21,"deletions":14}}},{"hash":"7e0e67ddb1ec85ab2081cc6c9094bf240486605f","messageTitle":"Corrects AddCommandTest","messageBody":"","fileTypesAndContributionMap":{"test-code":{"insertions":23,"deletions":21}}},{"hash":"3dd2c981d601a6afb2e945e08c38883a906fe29c","messageTitle":"Writes test for all Commands","messageBody":"","fileTypesAndContributionMap":{"functional-code":{"insertions":10,"deletions":10},"test-code":{"insertions":212,"deletions":23}}}]},{"date":"2022-03-30","commitResults":[{"hash":"881ca8506c3e8bad5def3673eb452eb7bed3f1b7","messageTitle":"Add test cases for Lineup","messageBody":"","fileTypesAndContributionMap":{"functional-code":{"insertions":110,"deletions":116},"other":{"insertions":7,"deletions":7},"test-code":{"insertions":179,"deletions":46}}},{"hash":"954d0cda42dda526c0756ffdd418b82941339896","messageTitle":"Merge branch \u0027master\u0027 of https://github.com/brandonrhan/tp into CI-Issue","messageBody":"# Conflicts:\n#\tsrc/main/java/seedu/address/logic/commands/EditCommand.java\n#\tsrc/test/java/seedu/address/model/AddressBookTest.java\n#\tsrc/test/java/seedu/address/storage/JsonAddressBookStorageTest.java\n#\tsrc/test/java/seedu/address/storage/JsonSerializableAddressBookTest.java\n","fileTypesAndContributionMap":{"other":{"insertions":0,"deletions":0}}},{"hash":"dfd438694d145a7e78aafd0c7572d0e648a162b9","messageTitle":"Merge","messageBody":"","fileTypesAndContributionMap":{"functional-code":{"insertions":251,"deletions":114},"docs":{"insertions":42,"deletions":4},"test-code":{"insertions":534,"deletions":356}}},{"hash":"2762f64b300500b2b188165005794b5ca4208a21","messageTitle":"Revert \"Merge\"","messageBody":"This reverts commit dfd438694d145a7e78aafd0c7572d0e648a162b9.\n","fileTypesAndContributionMap":{"functional-code":{"insertions":114,"deletions":251},"docs":{"insertions":4,"deletions":42},"test-code":{"insertions":356,"deletions":534}}},{"hash":"9b42c419c041f8a5636a0000a8ae401f61fffd8f","messageTitle":"Revert \"Merge branch \u0027master\u0027 of https://github.com/brandonrhan/tp into CI-Issue\"","messageBody":"This reverts commit 954d0cda42dda526c0756ffdd418b82941339896.\n","fileTypesAndContributionMap":{"other":{"insertions":0,"deletions":0}}},{"hash":"9f1fe9f07cfbb78efb4d83f4c8d89449cccb110a","messageTitle":"Remove previous test comments","messageBody":"","fileTypesAndContributionMap":{"test-code":{"insertions":0,"deletions":149}}},{"hash":"9fe6f3d81f02f526fc85c5ce1c5952b4858f3020","messageTitle":"Resolve conflicts","messageBody":"","fileTypesAndContributionMap":{"functional-code":{"insertions":64,"deletions":63},"other":{"insertions":4,"deletions":4},"test-code":{"insertions":43,"deletions":81}}},{"hash":"2920b42d9700726f45e159e23919ea0b9a052530","messageTitle":"Add test cases for model","messageBody":"","fileTypesAndContributionMap":{"functional-code":{"insertions":38,"deletions":30},"test-code":{"insertions":240,"deletions":103}}},{"hash":"60ae560efb83b1b9f3c796078042a2def3fe7316","messageTitle":"Adds some sequence diagram","messageBody":"","fileTypesAndContributionMap":{"docs":{"insertions":277,"deletions":20}}},{"hash":"aa74d223381b49428a70d95775998c2437297114","messageTitle":"Corrects new CI issue","messageBody":"","fileTypesAndContributionMap":{"functional-code":{"insertions":9,"deletions":13},"docs":{"insertions":4,"deletions":4}}},{"hash":"752486916c9affc85baf3655d18a3472aaf2aebc","messageTitle":"Remove extra white space","messageBody":"","fileTypesAndContributionMap":{"functional-code":{"insertions":1,"deletions":4}}}]}],"FYimu":[{"date":"2022-02-28","commitResults":[{"hash":"2f7956df076362477b841ae8cd43fab73697c58c","messageTitle":"Update personal details for Fan Jue","messageBody":"","fileTypesAndContributionMap":{"docs":{"insertions":54,"deletions":0}}},{"hash":"b91140a282bb617a1bb46819c98929cb5a446660","messageTitle":"Update NFRs and glossary for DG","messageBody":"","fileTypesAndContributionMap":{"docs":{"insertions":9,"deletions":6}}},{"hash":"c2f7816c7f86bcd28d44de3b096e33b2828e4b66","messageTitle":"Update put, mark, filter and load commands","messageBody":"","fileTypesAndContributionMap":{"docs":{"insertions":63,"deletions":6}}}]},{"date":"2022-03-01","commitResults":[{"hash":"196e591bd3615f8318ad446380221059767155e9","messageTitle":"Edit AboutUs and PPP","messageBody":"","fileTypesAndContributionMap":{"docs":{"insertions":2,"deletions":10}}},{"hash":"ff86349e6984379f07a9c6d1ae2a27078f08fc3f","messageTitle":"no message","messageBody":"","fileTypesAndContributionMap":{"docs":{"insertions":0,"deletions":35}}},{"hash":"7ece2422b0b3b47ee34bee9c8bcef2d266a0fda4","messageTitle":"no message","messageBody":"","fileTypesAndContributionMap":{"docs":{"insertions":35,"deletions":0}}},{"hash":"e11e1b73b23c30cf5e8bba6ed80e9a751b941a39","messageTitle":"Edit AboutUs.md","messageBody":"","fileTypesAndContributionMap":{"docs":{"insertions":1,"deletions":1}}},{"hash":"cc7a9d536cc7fd1f9388279a1f8a24d7aca619be","messageTitle":"Edit formatting in AboutUs.md","messageBody":"","fileTypesAndContributionMap":{"docs":{"insertions":1,"deletions":1}}}]},{"date":"2022-03-05","commitResults":[{"hash":"fdd2e10bcb79791734e2efeb3c3f0778a0231df6","messageTitle":"Update format for AboutUs","messageBody":"","fileTypesAndContributionMap":{"docs":{"insertions":1,"deletions":1}}}]},{"date":"2022-03-13","commitResults":[{"hash":"8aa856f1a0b4e3660cc53a92e777cf48d23c33da","messageTitle":"Update Age, JerseyNumber, Weight and Height","messageBody":"","fileTypesAndContributionMap":{"functional-code":{"insertions":4,"deletions":4}}}]},{"date":"2022-03-17","commitResults":[{"hash":"89ce781a2a964ef9a5c2937a9ba5c32c08ccd43b","messageTitle":"no message","messageBody":"","fileTypesAndContributionMap":{"functional-code":{"insertions":1,"deletions":1}}}]},{"date":"2022-03-20","commitResults":[{"hash":"5919139cb983febaef990d508af963cb9f5f97bd","messageTitle":"Modify AddCommand","messageBody":"","fileTypesAndContributionMap":{"functional-code":{"insertions":104,"deletions":12}}}]},{"date":"2022-03-22","commitResults":[{"hash":"9f59629eeb918ae1bc7006486c4e78a8e727bd15","messageTitle":"Clean ModelManager, Add, Delete","messageBody":"","fileTypesAndContributionMap":{"functional-code":{"insertions":151,"deletions":8}}},{"hash":"c9f4b5cfbf60d6e98814b7280d22c7330e8d4abc","messageTitle":"Display Lineups in GUI. Update Person settings.","messageBody":"","fileTypesAndContributionMap":{"functional-code":{"insertions":120,"deletions":5}}},{"hash":"c145a729ea11923898c8a1d1624b9cd93557906e","messageTitle":"Complete Delete command","messageBody":"","fileTypesAndContributionMap":{"functional-code":{"insertions":104,"deletions":31}}},{"hash":"2c25c749b0b3f429401ebe398bfca7ee5d16f713","messageTitle":"Updates Add commands to allow adding of Lineup.","messageBody":"","fileTypesAndContributionMap":{"functional-code":{"insertions":79,"deletions":39},"test-code":{"insertions":1,"deletions":1}}},{"hash":"17e35272d419667db3b7d9457828e827251ce390","messageTitle":"Remove redundant files related to Team and MyGM","messageBody":"","fileTypesAndContributionMap":{"functional-code":{"insertions":2,"deletions":788},"test-code":{"insertions":0,"deletions":1}}},{"hash":"ecc389dc9d0703d6c3de2ad168645d11d3b2e3ab","messageTitle":"Fixes error message of invalid put lineup.","messageBody":"","fileTypesAndContributionMap":{"functional-code":{"insertions":19,"deletions":13},"docs":{"insertions":18,"deletions":5}}}]},{"date":"2022-03-23","commitResults":[{"hash":"763fa67827bfabe71bf006e78f247cb3d360c854","messageTitle":"Refactors UniqueLineupList to be under Lineup.","messageBody":"","fileTypesAndContributionMap":{"functional-code":{"insertions":1,"deletions":0},"other":{"insertions":1,"deletions":1}}}]},{"date":"2022-03-24","commitResults":[{"hash":"39bd474309a6be6c9ccfc3c4e49c2f825dc78345","messageTitle":"Update JsonAdaptedPersonTest","messageBody":"","fileTypesAndContributionMap":{"test-code":{"insertions":27,"deletions":13}}},{"hash":"dc3b1ed253da6176a121b5360c7d642c00eae155","messageTitle":"Update DG for add lineup, delete lineup, delete player from lineup","messageBody":"","fileTypesAndContributionMap":{"functional-code":{"insertions":1,"deletions":0},"docs":{"insertions":42,"deletions":1}}}]},{"date":"2022-03-26","commitResults":[{"hash":"3f7cf7ad580302f20e034725b03458d22b0215c6","messageTitle":"Add tests for delete commands","messageBody":"","fileTypesAndContributionMap":{"test-code":{"insertions":151,"deletions":12}}}]},{"date":"2022-03-28","commitResults":[{"hash":"5fed6150f2fbb966d94ce9c667b02866d6582637","messageTitle":"Add tests for edit command","messageBody":"","fileTypesAndContributionMap":{"functional-code":{"insertions":22,"deletions":5},"test-code":{"insertions":144,"deletions":97}}}]},{"date":"2022-03-29","commitResults":[{"hash":"95269586b1ac43fb08c6bdb410d4cf199695813c","messageTitle":"Update display order for player and schedule","messageBody":"","fileTypesAndContributionMap":{"functional-code":{"insertions":89,"deletions":11}}},{"hash":"814d13cd475b21a591bfe68c494027db9dd96ac3","messageTitle":"Add compareTo for JerseyNumber, Height, Weight for view flags later","messageBody":"","fileTypesAndContributionMap":{"functional-code":{"insertions":18,"deletions":4}}},{"hash":"596fd08faa7e8a525ab788877806821283d85a21","messageTitle":"Update Schedule display with active and archived tasks","messageBody":"","fileTypesAndContributionMap":{"functional-code":{"insertions":55,"deletions":19},"docs":{"insertions":42,"deletions":4}}},{"hash":"cf28fec785470f8e7d3cffc64f440976d3f83267","messageTitle":"no message","messageBody":"","fileTypesAndContributionMap":{"functional-code":{"insertions":10,"deletions":2}}},{"hash":"bdf9acc03e40c88aabcef2c502e770524397ed8e","messageTitle":"Update ViewCommand.java","messageBody":"","fileTypesAndContributionMap":{"functional-code":{"insertions":4,"deletions":1}}},{"hash":"36624d0b1ddb089bae80bd70092ba9ca3741ed76","messageTitle":"Update SampleDataUtil","messageBody":"","fileTypesAndContributionMap":{"functional-code":{"insertions":9,"deletions":2}}}]},{"date":"2022-03-31","commitResults":[{"hash":"c106a10dea37535510520fa2dd96e4f332584b6f","messageTitle":"Delete unused files and methods","messageBody":"","fileTypesAndContributionMap":{"functional-code":{"insertions":18,"deletions":180},"test-code":{"insertions":0,"deletions":156}}},{"hash":"1ebb1cafbc3729fe964994551a0a3bcc3cd49747","messageTitle":"view S/ d/yyyy-MM-dd","messageBody":"","fileTypesAndContributionMap":{"functional-code":{"insertions":76,"deletions":21}}}]}],"DALIN-Prog":[{"date":"2022-02-26","commitResults":[{"hash":"3c85e85d9ce2c60fd9756c76dc9b6b4bd870b2f4","messageTitle":"Update README.md","messageBody":"Change the CI status to point to team repo","fileTypesAndContributionMap":{"docs":{"insertions":1,"deletions":1}}},{"hash":"8440b598e61a41385b926c94c15e78de7a5e7ace","messageTitle":"Update index.md","messageBody":"Change CI status to point to team repo","fileTypesAndContributionMap":{"docs":{"insertions":1,"deletions":1}}},{"hash":"cddc617ed4264c10e5b29edbce270f085bd92a73","messageTitle":"Edit README.md and change AB3 to MyGM","messageBody":"","fileTypesAndContributionMap":{"docs":{"insertions":11,"deletions":10}}},{"hash":"192bfc25c42be3b9cdaa676ee51549258bd47485","messageTitle":"Resolve CI failure","messageBody":"","fileTypesAndContributionMap":{"docs":{"insertions":1,"deletions":1}}}]},{"date":"2022-02-27","commitResults":[{"hash":"f6542323d883a6c04a2f46159de29a7b39fc65ef","messageTitle":"Update use cases in developer guide","messageBody":"","fileTypesAndContributionMap":{"docs":{"insertions":45,"deletions":12}}},{"hash":"2f27303f0ddf9fb520ba16e9b20f652c2bc16515","messageTitle":"Update README.md","messageBody":"","fileTypesAndContributionMap":{"docs":{"insertions":2,"deletions":2}}},{"hash":"9898b1be370efd44f3a1d2e378b6362596a0872a","messageTitle":"Update user guide: Add and Tag","messageBody":"","fileTypesAndContributionMap":{"docs":{"insertions":104,"deletions":35}}},{"hash":"9ad2065f11c9c7faceef5e26b38e39f7ed26df42","messageTitle":"Edit command summary for Add","messageBody":"","fileTypesAndContributionMap":{"docs":{"insertions":1,"deletions":1}}}]},{"date":"2022-02-28","commitResults":[{"hash":"bf31b65fbf21f8df22616e13d4af075bfb39b40d","messageTitle":"Add skeletal PPP","messageBody":"","fileTypesAndContributionMap":{"docs":{"insertions":43,"deletions":0}}},{"hash":"180f7b5a2f1c1f8055b50a4ef6fc0668b703e400","messageTitle":"Resolve CI failure","messageBody":"","fileTypesAndContributionMap":{"docs":{"insertions":1,"deletions":1}}},{"hash":"5f4910e6ab3e767cec9217905a2d843cc9070f92","messageTitle":"Update AboutUs.md and add profile picture","messageBody":"","fileTypesAndContributionMap":{"docs":{"insertions":12,"deletions":1}}}]},{"date":"2022-03-01","commitResults":[{"hash":"98e91f860f9ca12e120c7d7c99ccbd2f0f3c85ca","messageTitle":"Edit image src","messageBody":"","fileTypesAndContributionMap":{"docs":{"insertions":2,"deletions":4}}}]},{"date":"2022-03-10","commitResults":[{"hash":"aa73618eda5147b3c8fb7f93fa980121de3770c2","messageTitle":"Include relevant attributes for MyGM and minor edit to javadocs","messageBody":"","fileTypesAndContributionMap":{"functional-code":{"insertions":127,"deletions":15}}},{"hash":"385654c93a2bf9d55a9512860cc6375f7eb20202","messageTitle":"edit JsonAdaptedPerson to fit MyGM","messageBody":"","fileTypesAndContributionMap":{"functional-code":{"insertions":61,"deletions":12}}},{"hash":"c8252825e62a9ea02b023042432f6b787940e7d8","messageTitle":"Edit EditCommand and CliSyntax to resolve error","messageBody":"","fileTypesAndContributionMap":{"functional-code":{"insertions":65,"deletions":15}}},{"hash":"6456031b7d273a4af30fecf71b0826d1770f8107","messageTitle":"Edit EditCommandParser, AddCommandParser, AddCommand to resolve compilation error","messageBody":"","fileTypesAndContributionMap":{"functional-code":{"insertions":53,"deletions":13}}},{"hash":"f3e1ed0ed9c90d882fa71fc05619767fd0e43a97","messageTitle":"Resolve error for PersonBuilder and include minor details to main/model","messageBody":"","fileTypesAndContributionMap":{"functional-code":{"insertions":30,"deletions":13},"test-code":{"insertions":49,"deletions":14}}},{"hash":"7e590142dcd1db9a66bbdc94a6b923b5b541ee63","messageTitle":"Remove code related to address attribute in test folder","messageBody":"","fileTypesAndContributionMap":{"functional-code":{"insertions":40,"deletions":22},"test-code":{"insertions":76,"deletions":109}}},{"hash":"49240d828d453ef51e5ede6ef0bbb98541c6e379","messageTitle":"Comment and modify test cases to pass CI","messageBody":"","fileTypesAndContributionMap":{"test-code":{"insertions":111,"deletions":74}}}]},{"date":"2022-03-12","commitResults":[{"hash":"e25e562392c05b98793ddfe12f9396b12baed3d5","messageTitle":"Change user guide link in help window","messageBody":"","fileTypesAndContributionMap":{"functional-code":{"insertions":1,"deletions":1}}}]},{"date":"2022-03-13","commitResults":[{"hash":"bc37e926c98f1c4602ddbe4bd37024b584aa09de","messageTitle":"Update UserGuide.md","messageBody":"","fileTypesAndContributionMap":{"docs":{"insertions":20,"deletions":20}}}]},{"date":"2022-03-14","commitResults":[{"hash":"d248d703c4866d595a16ee545428902b6718acb7","messageTitle":"Refactor Age class, add test cases, resolve error","messageBody":"Previously isValidAge did not make use of regular expression which\nmakes the code long. New implementation uses regular expression\nto perform the same checks. Detailed testing is found in AgeTest.java.\n\nPreviously constructor in Age does not check for valid input. New\nimplementation checks for null case and valid argument.\n","fileTypesAndContributionMap":{"functional-code":{"insertions":28,"deletions":27},"test-code":{"insertions":41,"deletions":0}}},{"hash":"91f481f05b59f80062821f8bc1b008a9a59356b2","messageTitle":"Refactor Jersey class, add test cases, resolve error","messageBody":"Previously isValidJerseyNumber did not make use of regular\nexpression which makes the code long. New implementation uses\nregular expression to perform the same checks.\nDetailed testing is found in JerseyNumberTest.java.\n\nPreviously constructor in JerseyNumber does not check for valid input. New\nimplementation checks for null case and valid argument.\n","fileTypesAndContributionMap":{"functional-code":{"insertions":37,"deletions":37},"test-code":{"insertions":41,"deletions":0}}},{"hash":"f45917506e310dbb199d080b27ead19d8b67bb8e","messageTitle":"Refactor Height class, add test cases, resolve error","messageBody":"Previously isValidHeight did not make use of regular expression which\nmakes the code long. New implementation uses regular expression\nto perform the same checks. Detailed testing is found in HeightTest.java.\n\nPreviously constructor in Height does not check for valid input. New\nimplementation checks for null case and valid argument.\n","fileTypesAndContributionMap":{"functional-code":{"insertions":37,"deletions":35},"test-code":{"insertions":42,"deletions":1}}},{"hash":"45fbf09d1d73a677bea29e347f2ca23ae2e2e297","messageTitle":"Refactor Weight class, add test cases, resolve error","messageBody":"Previously isValidWeight did not make use of regular expression which\nmakes the code long. New implementation uses regular expression\nto perform the same checks. Detailed testing is found in WeightTest.java.\n\nPreviously constructor in Weight does not check for valid input. New\nimplementation checks for null case and valid argument.\n","fileTypesAndContributionMap":{"functional-code":{"insertions":32,"deletions":33},"test-code":{"insertions":42,"deletions":1}}},{"hash":"a245261c504704a71377fee79189fa7999f08afc","messageTitle":"Minor edits","messageBody":"","fileTypesAndContributionMap":{"functional-code":{"insertions":4,"deletions":9},"test-code":{"insertions":10,"deletions":11}}},{"hash":"74ce6524bd0411088c5441eff68a0bfcd7915d9d","messageTitle":"Edit regex for height","messageBody":"","fileTypesAndContributionMap":{"functional-code":{"insertions":1,"deletions":1}}},{"hash":"9b337734ec6bd090572dde8860ece2d2e3fb7a7f","messageTitle":"Rectify equals method in Age, Weight, Height etc","messageBody":"","fileTypesAndContributionMap":{"functional-code":{"insertions":9,"deletions":9},"test-code":{"insertions":16,"deletions":17}}},{"hash":"3c2be79cbdb74bab89506ee05acb0878918c2d28","messageTitle":"Remove unwanted package","messageBody":"","fileTypesAndContributionMap":{"test-code":{"insertions":0,"deletions":1}}},{"hash":"a3c9c0bb21f1f58a7042e9081687b15381ac5991","messageTitle":"Add more test cases for JsonAdaptedPersonTest","messageBody":"","fileTypesAndContributionMap":{"functional-code":{"insertions":3,"deletions":3},"test-code":{"insertions":67,"deletions":8}}},{"hash":"9abed0bba6ef59e812220f652b873cc7ad1ea2e7","messageTitle":"Remove unnecessary indenation","messageBody":"","fileTypesAndContributionMap":{"test-code":{"insertions":0,"deletions":3}}}]},{"date":"2022-03-16","commitResults":[{"hash":"44db7627259f710762b4b850453ab8976e4833c2","messageTitle":"Add ViewCommand and its parser","messageBody":"","fileTypesAndContributionMap":{"functional-code":{"insertions":188,"deletions":2},"test-code":{"insertions":6,"deletions":0}}},{"hash":"6148dd3156d2fc93c20ef486008d126859c68a26","messageTitle":"Include preamble check","messageBody":"","fileTypesAndContributionMap":{"functional-code":{"insertions":23,"deletions":14},"test-code":{"insertions":1,"deletions":1}}},{"hash":"8498c2bf8cea5747fb9d159275a4db14e25a8090","messageTitle":"Update UG for view and message usage in ViewCommand","messageBody":"","fileTypesAndContributionMap":{"functional-code":{"insertions":22,"deletions":8},"docs":{"insertions":17,"deletions":9}}},{"hash":"ff85880b49b25c7e12917f3abc15914316a8985e","messageTitle":"Save existing work before checkout to other branch","messageBody":"","fileTypesAndContributionMap":{"functional-code":{"insertions":21,"deletions":9}}}]},{"date":"2022-03-17","commitResults":[{"hash":"59bb137979a18e8695beed62a54113e7efee9245","messageTitle":"Implement functional view at player level","messageBody":"","fileTypesAndContributionMap":{"functional-code":{"insertions":46,"deletions":21}}},{"hash":"d93652423498407aa376cfbf8599eadcc4ae2f90","messageTitle":"Resolve CI conflicts","messageBody":"","fileTypesAndContributionMap":{"functional-code":{"insertions":10,"deletions":8}}},{"hash":"b02265732b8447b07b9eeb048e1c428ba8f2c448","messageTitle":"Save work","messageBody":"","fileTypesAndContributionMap":{"functional-code":{"insertions":8,"deletions":22},"other":{"insertions":11,"deletions":13}}}]},{"date":"2022-03-19","commitResults":[{"hash":"95be8937d0c4b0f2758aa14fb0557e54fc456343","messageTitle":"Remove all Age attributes and resolved relevant CI","messageBody":"","fileTypesAndContributionMap":{"functional-code":{"insertions":18,"deletions":125},"test-code":{"insertions":20,"deletions":96}}},{"hash":"b750f0f6a4baadc2bfa097e373dae2981eb9867d","messageTitle":"Include validation for tag to suit MyGM needs","messageBody":"","fileTypesAndContributionMap":{"functional-code":{"insertions":3,"deletions":4},"test-code":{"insertions":82,"deletions":47}}},{"hash":"5fdd5f4254275fecbf2a08686e6283fec749ec9c","messageTitle":"Fix add command message and remove age prefix","messageBody":"","fileTypesAndContributionMap":{"functional-code":{"insertions":11,"deletions":13}}},{"hash":"23e3d01a0261ea09160a93802dc985b53b0a7da9","messageTitle":"Fix tag names in SampleDataUtil.java","messageBody":"","fileTypesAndContributionMap":{"functional-code":{"insertions":6,"deletions":6}}}]},{"date":"2022-03-21","commitResults":[{"hash":"d25a3938f1866e35048b51b450d0e811bd08fb49","messageTitle":"Save existing work","messageBody":"","fileTypesAndContributionMap":{"functional-code":{"insertions":35,"deletions":51},"other":{"insertions":4,"deletions":0}}},{"hash":"a0b50df95b7a8fb45aef0b60ad749b36682a00aa","messageTitle":"Remove team related description from UG, include ScheduleDescription.java, resolve CI","messageBody":"","fileTypesAndContributionMap":{"functional-code":{"insertions":94,"deletions":16},"other":{"insertions":4,"deletions":4},"docs":{"insertions":65,"deletions":152},"test-code":{"insertions":2,"deletions":2}}}]},{"date":"2022-03-23","commitResults":[{"hash":"f6bcac936120a3828de4ca75fd09623bdf3e34cd","messageTitle":"Update sample data","messageBody":"","fileTypesAndContributionMap":{"functional-code":{"insertions":31,"deletions":6}}},{"hash":"dbb9a37652a3326c424373878f94fe569ec29222","messageTitle":"Bring back deleted test files","messageBody":"","fileTypesAndContributionMap":{"docs":{"insertions":1,"deletions":1},"test-code":{"insertions":436,"deletions":0}}},{"hash":"932035ec341cefedd6adae871c18f61968259042","messageTitle":"Remove details inside previously deleted test files","messageBody":"","fileTypesAndContributionMap":{"test-code":{"insertions":0,"deletions":321}}}]},{"date":"2022-03-24","commitResults":[{"hash":"136bdf65ec473d091ea62d7eef55fbfb6a786ead","messageTitle":"Implement view at lineup level and minor clean up of other files","messageBody":"","fileTypesAndContributionMap":{"functional-code":{"insertions":142,"deletions":84}}},{"hash":"90437fb970527fab745ca41dea03836c5aad6f48","messageTitle":"Update user stories in DG","messageBody":"","fileTypesAndContributionMap":{"docs":{"insertions":30,"deletions":36}}},{"hash":"e6075cdc7a67c10d01137d69f189e3e88b13392f","messageTitle":"Change links pointing to AB3 to point to team repo","messageBody":"","fileTypesAndContributionMap":{"docs":{"insertions":6,"deletions":6}}},{"hash":"7584ae6d7a05f51f96f1a8838e45b303b35d41d2","messageTitle":"Minor edit to user stories","messageBody":"","fileTypesAndContributionMap":{"docs":{"insertions":15,"deletions":14}}},{"hash":"7863d34a93c86cfae359693bcd145a2f88b1399c","messageTitle":"DG implementation","messageBody":"","fileTypesAndContributionMap":{"docs":{"insertions":52,"deletions":0}}},{"hash":"a51e4de7441059846b6981f9c47455f84fed92f8","messageTitle":"Include schedule in DG","messageBody":"","fileTypesAndContributionMap":{"docs":{"insertions":16,"deletions":0}}},{"hash":"e61d0732a4f8b292e768f94d1e70fb3fe9f96aaa","messageTitle":"Include relevant methods for schedule","messageBody":"","fileTypesAndContributionMap":{"functional-code":{"insertions":186,"deletions":3}}}]},{"date":"2022-03-25","commitResults":[{"hash":"df107324c912ada5e06d38c1a28832258c4d5f7b","messageTitle":"Implement add command for schedule","messageBody":"","fileTypesAndContributionMap":{"functional-code":{"insertions":455,"deletions":196}}},{"hash":"2967937a67b0bd6fa60d8d1315e9aeb826795eb5","messageTitle":"Implement Edit command for Schedule","messageBody":"","fileTypesAndContributionMap":{"functional-code":{"insertions":215,"deletions":28}}},{"hash":"d11f3715823ef4895b429752e7454520f155744e","messageTitle":"Implement delete for schedule","messageBody":"","fileTypesAndContributionMap":{"functional-code":{"insertions":40,"deletions":3}}},{"hash":"15f1d37c44196d5f44451f90f59af3aa3a1a05ad","messageTitle":"Implement view for schedule","messageBody":"","fileTypesAndContributionMap":{"functional-code":{"insertions":62,"deletions":15},"test-code":{"insertions":7,"deletions":0}}},{"hash":"15f994713ee7636e4c43063d278431ff54adc4a6","messageTitle":"Add logger","messageBody":"","fileTypesAndContributionMap":{"functional-code":{"insertions":2,"deletions":0}}},{"hash":"8f260a2e7ec903b3e09bd9c2c3509ef37e20963e","messageTitle":"DG implementation of view player","messageBody":"","fileTypesAndContributionMap":{"docs":{"insertions":20,"deletions":0}}}]},{"date":"2022-03-26","commitResults":[{"hash":"27b42aaddabd8099b5dbed293d7fdd8491c61059","messageTitle":"Check AddCommand test for jersey, capacity and schedule","messageBody":"","fileTypesAndContributionMap":{"functional-code":{"insertions":1,"deletions":1},"test-code":{"insertions":768,"deletions":158}}},{"hash":"ccdd305f51afc49b3f2be59bad9ea3eafee92007","messageTitle":"Minor tweak to JsonAdaptedSchedule","messageBody":"","fileTypesAndContributionMap":{"functional-code":{"insertions":1,"deletions":2}}}]},{"date":"2022-03-27","commitResults":[{"hash":"d8feee0c31d1456ef5233010ebfceab988fd54ef","messageTitle":"Remove changes to EditCommandTest.java","messageBody":"","fileTypesAndContributionMap":{"test-code":{"insertions":114,"deletions":142}}},{"hash":"1c7826f31535304f6f1a5a977a9be77d1cf5aafb","messageTitle":"Change regex for schedule description","messageBody":"","fileTypesAndContributionMap":{"functional-code":{"insertions":1,"deletions":1}}}]},{"date":"2022-03-28","commitResults":[{"hash":"269bbf4a5791a79e168a9aa398fa4689c0df75b7","messageTitle":"Update UserGuide.md","messageBody":"","fileTypesAndContributionMap":{"docs":{"insertions":6,"deletions":49}}}]},{"date":"2022-03-30","commitResults":[{"hash":"81666364db93f4d1a4ec35e5eb4ffe006d34be69","messageTitle":"Resolve date time format error","messageBody":"","fileTypesAndContributionMap":{"functional-code":{"insertions":12,"deletions":4}}},{"hash":"b99e462ad3baecb85c651a0e5b70c4706476825a","messageTitle":"Remove code that are not used","messageBody":"","fileTypesAndContributionMap":{"functional-code":{"insertions":0,"deletions":11}}}]},{"date":"2022-03-31","commitResults":[{"hash":"0497ab9fd1ea9c783f68b82447cdb30ff88cdb88","messageTitle":"Implement more flag for view person and view person w/o lineup","messageBody":"","fileTypesAndContributionMap":{"functional-code":{"insertions":283,"deletions":36}}},{"hash":"edd9f3bf5646e82534e4f2cec81f65e43559bd12","messageTitle":"Update UG","messageBody":"","fileTypesAndContributionMap":{"docs":{"insertions":10,"deletions":4}}},{"hash":"c11ef6482f305e90cf1041e943ed5a5aa1f34170","messageTitle":"Update the view command in both feature and summary section","messageBody":"","fileTypesAndContributionMap":{"docs":{"insertions":68,"deletions":38}}},{"hash":"9d8a34c0164f6106f942fbd5dfdc24ee38098d13","messageTitle":"Update command summary for view","messageBody":"","fileTypesAndContributionMap":{"docs":{"insertions":1,"deletions":1}}},{"hash":"2985d24d87ee19eac610aa549848eef057f0d7e3","messageTitle":"Update UserGuide.md","messageBody":"","fileTypesAndContributionMap":{"docs":{"insertions":2,"deletions":2}}},{"hash":"fcdbb739018215a60b9c01dd601d4cceaf3f144d","messageTitle":"Update the feature and command summary for sort","messageBody":"","fileTypesAndContributionMap":{"docs":{"insertions":17,"deletions":7}}},{"hash":"8a2805d798c99c5a9529f97188e6ad701425c18d","messageTitle":"Remove commands that are not implemented in toc","messageBody":"","fileTypesAndContributionMap":{"docs":{"insertions":8,"deletions":13}}}]}],"TeddYE":[{"date":"2022-02-28","commitResults":[{"hash":"4d102297a011a6127f98ac52da57ea9c66fd6ab8","messageTitle":"Update developer guide to include user stories","messageBody":"","fileTypesAndContributionMap":{"docs":{"insertions":36,"deletions":8}}},{"hash":"c661bf393400e347d27de346d2da87eddd1ff81d","messageTitle":"Update aboutus page","messageBody":"* Add Weiye\u0027s image\n* Add Weiye\u0027s PPP\n* Edit aboutus.md accordingly\n","fileTypesAndContributionMap":{"docs":{"insertions":51,"deletions":5}}},{"hash":"eae0f8cf065c045df3742c4062b9ab461ab20897","messageTitle":"Resolve conflict in AboutUs page","messageBody":"","fileTypesAndContributionMap":{"docs":{"insertions":3,"deletions":33}}},{"hash":"8d08335b16df2980c0a943dbcd22401b551ded64","messageTitle":"Remove unwanted line in AboutUs due to conflict","messageBody":"","fileTypesAndContributionMap":{"docs":{"insertions":0,"deletions":2}}},{"hash":"ce334088da019305f9de4bb87b018c94aa85f986","messageTitle":"Update UserGuide to include unmark, update and save","messageBody":"","fileTypesAndContributionMap":{"docs":{"insertions":72,"deletions":18}}}]},{"date":"2022-03-01","commitResults":[{"hash":"4978bd65dcf61ee1a8b599be24af68a157dc2ce5","messageTitle":"Edit user guide \u0027update\u0027 function section","messageBody":"","fileTypesAndContributionMap":{"docs":{"insertions":9,"deletions":17}}},{"hash":"fec2d44400bbcf1bdeeb1763b65e0f8b7817eb26","messageTitle":"Edit user guide \u0027update\u0027 function section","messageBody":"","fileTypesAndContributionMap":{"docs":{"insertions":18,"deletions":18}}}]},{"date":"2022-03-12","commitResults":[{"hash":"031254a8b06897354a2fcc79219e13c2f53d1681","messageTitle":"Add lineup package","messageBody":"* Add Lineup, LineupName and LineupList classes\n","fileTypesAndContributionMap":{"functional-code":{"insertions":151,"deletions":0}}},{"hash":"ecaffed39bea0486ab1b0aeb9b2a0365f5fff77c","messageTitle":"Rearrange import statements to pass git checks","messageBody":"","fileTypesAndContributionMap":{"functional-code":{"insertions":4,"deletions":5}}},{"hash":"9aff86144d3e32627a61d068b4f1443e2dfcf35b","messageTitle":"Add javadoc comment to pass git checks","messageBody":"","fileTypesAndContributionMap":{"functional-code":{"insertions":10,"deletions":4}}}]},{"date":"2022-03-13","commitResults":[{"hash":"1d4d73224617e620a1026cfa3ab22b5552930848","messageTitle":"Change variable names","messageBody":"","fileTypesAndContributionMap":{"functional-code":{"insertions":9,"deletions":9},"other":{"insertions":10,"deletions":10}}}]},{"date":"2022-03-16","commitResults":[{"hash":"db44a8fa1acec2bd32c27c15a1cf26d628187c7b","messageTitle":"Add exceptions for lineup package","messageBody":"","fileTypesAndContributionMap":{"functional-code":{"insertions":15,"deletions":0}}},{"hash":"8396a6a666e5dcc2caa60ce6d0c09dc92c059c40","messageTitle":"Update edit person functionalities","messageBody":"","fileTypesAndContributionMap":{"functional-code":{"insertions":150,"deletions":36}}}]},{"date":"2022-03-17","commitResults":[{"hash":"c1a9d6f027c44681b75349ba5a339e5f7f0ece6b","messageTitle":"Update edit functionality for MyGm","messageBody":"","fileTypesAndContributionMap":{"functional-code":{"insertions":123,"deletions":7}}},{"hash":"9625a5aed0727193f1a9c40dfb60c90be6d916a0","messageTitle":"Edit codes to make it compliable","messageBody":"","fileTypesAndContributionMap":{"functional-code":{"insertions":6,"deletions":33}}}]},{"date":"2022-03-21","commitResults":[{"hash":"07cc32b6b0ec8aac2e7a05b440622e6303ebbcf4","messageTitle":"Add schedule package","messageBody":"","fileTypesAndContributionMap":{"functional-code":{"insertions":286,"deletions":0}}}]},{"date":"2022-03-24","commitResults":[{"hash":"757eabb524dad108be1797c8c8859f2f11da6e19","messageTitle":"Update DeveloperGuide.md","messageBody":"","fileTypesAndContributionMap":{"docs":{"insertions":17,"deletions":0}}}]},{"date":"2022-03-26","commitResults":[{"hash":"cd5683952a9fee9400a7d749a0de0a8cb1175af5","messageTitle":"Update json saving methods to include lineups","messageBody":"","fileTypesAndContributionMap":{"functional-code":{"insertions":225,"deletions":9}}}]},{"date":"2022-03-27","commitResults":[{"hash":"efe83132d735bfbe596c0aad613527b0933a4e0b","messageTitle":"Update storage to include schedules","messageBody":"","fileTypesAndContributionMap":{"functional-code":{"insertions":34,"deletions":20}}},{"hash":"c17f7063f8870950632b654c479c774d6575ecfd","messageTitle":"Remove files for CI checks","messageBody":"","fileTypesAndContributionMap":{"functional-code":{"insertions":4,"deletions":4}}},{"hash":"a271dc1d00618c65f1a8d61c6ac9540b2cc7f133","messageTitle":"Remove trailing whitespaces in DG and AddressBook","messageBody":"","fileTypesAndContributionMap":{"functional-code":{"insertions":1,"deletions":1},"docs":{"insertions":12,"deletions":12}}},{"hash":"1c1ab64995112f7bfa5c956c13c83f439cb61b79","messageTitle":"Update code style to pass CI checks","messageBody":"","fileTypesAndContributionMap":{"functional-code":{"insertions":11,"deletions":17}}}]},{"date":"2022-03-28","commitResults":[{"hash":"a867a33a3f91519c4347ac1aec50bb1ca897245a","messageTitle":"Added light mode","messageBody":"","fileTypesAndContributionMap":{"functional-code":{"insertions":650,"deletions":2}}},{"hash":"35de0f93a3da0a9db0f8c9361f521d14e6936351","messageTitle":"Update UG and DG","messageBody":"","fileTypesAndContributionMap":{"docs":{"insertions":9,"deletions":1}}}]},{"date":"2022-03-30","commitResults":[{"hash":"a62a5c5e82b7b7b40229fdb1d181f4d094f14cd9","messageTitle":"Add testcases","messageBody":"","fileTypesAndContributionMap":{"functional-code":{"insertions":94,"deletions":21},"test-code":{"insertions":490,"deletions":307}}}]},{"date":"2022-03-31","commitResults":[{"hash":"ec26b371c55dc7d70048b4154f485eef7ca79a7f","messageTitle":"Update Lighttheme.css to include the new piechart and calendar","messageBody":"","fileTypesAndContributionMap":{"functional-code":{"insertions":335,"deletions":112}}},{"hash":"4d82ca8a6c5e2867cd1c16cb2103df7c6596d1da","messageTitle":"Update MainWindow.java","messageBody":"","fileTypesAndContributionMap":{"functional-code":{"insertions":1,"deletions":1}}},{"hash":"1beb9fe900c92e0a2722fc735437c9f09f39ec80","messageTitle":"Update UserGuide.md","messageBody":"","fileTypesAndContributionMap":{"docs":{"insertions":16,"deletions":8}}}]}],"snoidetx":[{"date":"2022-02-28","commitResults":[{"hash":"1cc837cb1353fb5acabeb5cf08575f999899cb9e","messageTitle":"Update AboutUs.md","messageBody":"","fileTypesAndContributionMap":{"docs":{"insertions":9,"deletions":0}}},{"hash":"272a2a557644459f7e5a99686729bcbd86813832","messageTitle":"Add photo and portfolio","messageBody":"","fileTypesAndContributionMap":{"docs":{"insertions":21,"deletions":0}}},{"hash":"d14a5fe5b5dbb59cbb3e4deec7970f1dadb8695f","messageTitle":"Update DeveloperGuide.md","messageBody":"","fileTypesAndContributionMap":{"docs":{"insertions":12,"deletions":7}}},{"hash":"a50441fcaed8940fa64e7c6e07c129a8bc97a513","messageTitle":"Update UserGuide.md","messageBody":"","fileTypesAndContributionMap":{"docs":{"insertions":65,"deletions":0}}},{"hash":"61d167a6418362b9ee887136957b5d1ad1132ad9","messageTitle":"Update UserGuide.md","messageBody":"","fileTypesAndContributionMap":{"docs":{"insertions":15,"deletions":15}}}]},{"date":"2022-03-01","commitResults":[{"hash":"a5d12dba3d2e4225b37f89ebbffab3c32fba8c8e","messageTitle":"Update UserGuide.md","messageBody":"","fileTypesAndContributionMap":{"docs":{"insertions":1,"deletions":2}}},{"hash":"7b6810878e962cce92c54bfcff793c1aa50da23f","messageTitle":"Update snoidetx.md","messageBody":"","fileTypesAndContributionMap":{"docs":{"insertions":0,"deletions":1}}}]},{"date":"2022-03-13","commitResults":[{"hash":"07b51aef4c0cf4214d9dd4f92b081b3072e81f29","messageTitle":"Modify CliSyntax.java which contains the command prefixes","messageBody":"","fileTypesAndContributionMap":{"functional-code":{"insertions":4,"deletions":1}}},{"hash":"05f419c544393ad9d5ff411bb0c2f676adef49de","messageTitle":"Modify AddCommandParser which parses an user input to an Add command","messageBody":"","fileTypesAndContributionMap":{"functional-code":{"insertions":13,"deletions":4}}},{"hash":"d68462e466a8de74350e0853a4bae55e162f0d06","messageTitle":"Fix bugs","messageBody":"","fileTypesAndContributionMap":{"functional-code":{"insertions":11,"deletions":11}}},{"hash":"6e52ee22f215948781b15bfa06f96512c94ce613","messageTitle":"Modify ParserUtil.java so that it can handle Age, Height, Weight and Jersey Number","messageBody":"","fileTypesAndContributionMap":{"functional-code":{"insertions":95,"deletions":2}}},{"hash":"8969fff6770faac1e8531e7a508b3884946e09a5","messageTitle":"Modify Age and Height class to handle exceptions","messageBody":"","fileTypesAndContributionMap":{"functional-code":{"insertions":21,"deletions":1}}},{"hash":"ed6cc3d48c6682a19803e22359347103252d4f88","messageTitle":"Modify Weight and JerseyNumber class to handle exceptions","messageBody":"","fileTypesAndContributionMap":{"functional-code":{"insertions":42,"deletions":2}}},{"hash":"b2b55eae2fe6ae58e69c5d4b47c74ca238a8930e","messageTitle":"Fix bugs","messageBody":"","fileTypesAndContributionMap":{"functional-code":{"insertions":31,"deletions":21}}}]},{"date":"2022-03-15","commitResults":[{"hash":"c67c884ae9bccecf19b5fe2e7dc8f8e55cc4b47c","messageTitle":"Add prefixes for Team, Lineup and Player","messageBody":"","fileTypesAndContributionMap":{"functional-code":{"insertions":3,"deletions":0}}},{"hash":"6542d6227eed7be74d353099ca33ebad624608a0","messageTitle":"Creates MyGm and UniquePlayerList class as the outest layer of model","messageBody":"","fileTypesAndContributionMap":{"functional-code":{"insertions":25,"deletions":0}}},{"hash":"d4f2b80d4df98b52752d9f03e8c306a54b0510d5","messageTitle":"Creates MyGm and UniquePlayerList class as the outest layer of model","messageBody":"","fileTypesAndContributionMap":{"functional-code":{"insertions":114,"deletions":10}}}]},{"date":"2022-03-16","commitResults":[{"hash":"eff56322a6d0ff6469d3180e6982ea6a56345558","messageTitle":"Modify CSS display for user interface","messageBody":"","fileTypesAndContributionMap":{"functional-code":{"insertions":36,"deletions":26}}}]},{"date":"2022-03-17","commitResults":[{"hash":"0e6d8e60f23fd15ebe4e598e39b10aa6ff9084e4","messageTitle":"Add delete command","messageBody":"","fileTypesAndContributionMap":{"functional-code":{"insertions":302,"deletions":36},"other":{"insertions":2,"deletions":2},"test-code":{"insertions":8,"deletions":444}}}]},{"date":"2022-03-21","commitResults":[{"hash":"789f01c75c5bc5ef2622dadcd364c40836497793","messageTitle":"Update delete command and its parser based on the new model","messageBody":"","fileTypesAndContributionMap":{"functional-code":{"insertions":67,"deletions":136}}}]},{"date":"2022-03-22","commitResults":[{"hash":"97518e71f6e83dd00b7e5db5d56caa9bca24cc35","messageTitle":"no message","messageBody":"","fileTypesAndContributionMap":{"functional-code":{"insertions":2,"deletions":1}}},{"hash":"8cf525133d1dc9ab4ca0255284f9421fa0b4759a","messageTitle":"Update edit command","messageBody":"","fileTypesAndContributionMap":{"functional-code":{"insertions":71,"deletions":16}}},{"hash":"a731581ee48565b11b25cbe0d8ca63bbea0565ab","messageTitle":"Fix all commands","messageBody":"","fileTypesAndContributionMap":{"functional-code":{"insertions":165,"deletions":10}}},{"hash":"88f7ba48d6d41c88b33d17e8b788f493fb9dbeeb","messageTitle":"Update edit lineup functionality","messageBody":"","fileTypesAndContributionMap":{"functional-code":{"insertions":91,"deletions":103}}},{"hash":"31b3acd78435ab8acab6023fdeeda8e56225281c","messageTitle":"Change the edit command parser to fit the edition of lineup","messageBody":"","fileTypesAndContributionMap":{"functional-code":{"insertions":19,"deletions":12}}},{"hash":"376936d8e4abcd245716151e4cd8cdd48794d6e4","messageTitle":"Fix the issue where the GUI does not respond to certain commands","messageBody":"","fileTypesAndContributionMap":{"functional-code":{"insertions":12,"deletions":8}}}]},{"date":"2022-03-23","commitResults":[{"hash":"6959eb94b8a3c00819767ae2253324e51ae5ea44","messageTitle":"Fix GUI so that it can response timely","messageBody":"","fileTypesAndContributionMap":{"functional-code":{"insertions":21,"deletions":4}}},{"hash":"be5614c9a6308a5a042070047d00956422226c17","messageTitle":"Update the way of designing the refresh method","messageBody":"","fileTypesAndContributionMap":{"functional-code":{"insertions":17,"deletions":11}}},{"hash":"2646a6d7157839deadf86d4fa3d64c269eaceee0","messageTitle":"Update developer guide according to current progress","messageBody":"","fileTypesAndContributionMap":{"docs":{"insertions":8,"deletions":5}}}]},{"date":"2022-03-25","commitResults":[{"hash":"28aaac1c9c69537580ff34f9399a61cf85423cf2","messageTitle":"Update developer guide","messageBody":"","fileTypesAndContributionMap":{"docs":{"insertions":25,"deletions":1}}}]},{"date":"2022-03-26","commitResults":[{"hash":"15dd891ebdded0d8cf0677d80b07c00c02b4e68e","messageTitle":"Update GUI for Schedule","messageBody":"","fileTypesAndContributionMap":{"functional-code":{"insertions":247,"deletions":15}}}]},{"date":"2022-03-28","commitResults":[{"hash":"5bbe7c560f2cfbe48354d06e80d8c3ae750c8877","messageTitle":"Add tab pane","messageBody":"","fileTypesAndContributionMap":{"functional-code":{"insertions":98,"deletions":86}}}]},{"date":"2022-03-29","commitResults":[{"hash":"05b579cb701af289eaa2d5a6904f4892a811facc","messageTitle":"Add pie chart to GUI","messageBody":"","fileTypesAndContributionMap":{"functional-code":{"insertions":139,"deletions":0}}},{"hash":"6e6fc26c72a42fc66b3fb0c90b1417cbe98c4341","messageTitle":"Format tab header","messageBody":"","fileTypesAndContributionMap":{"functional-code":{"insertions":44,"deletions":1}}},{"hash":"d72bc81deb2426464d8039f860cff7200e5c783b","messageTitle":"Add basic calendar framework","messageBody":"","fileTypesAndContributionMap":{"functional-code":{"insertions":102,"deletions":5}}},{"hash":"cf29824ccf06d09b374b74cfb33fd27806821ba3","messageTitle":"Add dates to calendar","messageBody":"","fileTypesAndContributionMap":{"functional-code":{"insertions":51,"deletions":6}}},{"hash":"89d799c4fed16d224ec61cca0b6938b4221f62db","messageTitle":"Fix bugs","messageBody":"","fileTypesAndContributionMap":{"functional-code":{"insertions":6,"deletions":6}}}]},{"date":"2022-03-30","commitResults":[{"hash":"9880bc78b83eb3a84cdfb6bf2e0cde1c662b15a0","messageTitle":"Update pie chart","messageBody":"","fileTypesAndContributionMap":{"functional-code":{"insertions":144,"deletions":71}}},{"hash":"39a125cb17cff1a5e299d34af76fad93103cf782","messageTitle":"Update calendar","messageBody":"","fileTypesAndContributionMap":{"functional-code":{"insertions":47,"deletions":13}}},{"hash":"c62e83f6964d463ddf41137fcb497c27a9e1e37e","messageTitle":"Add auto selecting tab functionality","messageBody":"","fileTypesAndContributionMap":{"functional-code":{"insertions":26,"deletions":1}}},{"hash":"1cadad954a1d154c59f84392ee6ad5e738089205","messageTitle":"Update the code style for all non-test codes to pass checkstyle","messageBody":"","fileTypesAndContributionMap":{"functional-code":{"insertions":151,"deletions":86},"test-code":{"insertions":10,"deletions":0}}}]}]},"authorFileTypeContributionMap":{"brandonrhan":{"docs":389,"functional-code":558,"test-code":593},"FYimu":{"docs":157,"functional-code":647,"test-code":252},"DALIN-Prog":{"docs":369,"functional-code":1602,"test-code":703,"other":5},"TeddYE":{"docs":85,"functional-code":1530,"test-code":394},"snoidetx":{"docs":68,"functional-code":1525,"test-code":18}},"authorContributionVariance":{"brandonrhan":417979.47,"FYimu":50692.406,"DALIN-Prog":87491.234,"TeddYE":35636.523,"snoidetx":30494.246},"authorDisplayNameMap":{"brandonrhan":"CS2103-F09-1 BRAN.. HAN","FYimu":"CS2103-F09-1 FAN .. JUE","DALIN-Prog":"CS2103-F09-1 LIN ..N DA","TeddYE":"CS2103-F09-1 WU W..EIYE","snoidetx":"CS2103-F09-1 TIAN..XIAO"}}
