{"authorDailyContributionsMap":{"tyanhan":[{"date":"2022-02-18","commitResults":[{"hash":"be4b5fabac515e5dde06a0d45d0695353b1e98e1","messageTitle":"Add save and load functionality for Schedule and Event","messageBody":"","fileTypesAndContributionMap":{"functional-code":{"insertions":84,"deletions":23},"test-code":{"insertions":26,"deletions":10}}}]},{"date":"2022-02-23","commitResults":[{"hash":"1db507ddcfa87be35b679ca57a2f3ea8a1c264cf","messageTitle":"Fix tests and checkstyle","messageBody":"","fileTypesAndContributionMap":{"functional-code":{"insertions":6,"deletions":6}}},{"hash":"2429ff1dd7b26ea7b9b2737a6baf1aaba1e414ef","messageTitle":"Fix Test checkstyle","messageBody":"","fileTypesAndContributionMap":{"test-code":{"insertions":16,"deletions":8}}},{"hash":"24db224ef2013b711518ba8182ca886d36871bbb","messageTitle":"Modify test cases","messageBody":"","fileTypesAndContributionMap":{"functional-code":{"insertions":13,"deletions":10}}},{"hash":"ebb8c46c8da2e42a92cccd7f4b12f549c8a77dd4","messageTitle":"Fix cannot addEvent after restart bug","messageBody":"","fileTypesAndContributionMap":{"functional-code":{"insertions":1,"deletions":1}}}]},{"date":"2022-02-27","commitResults":[{"hash":"73e7b1ef05d08a0c1f9ff6941e632003060b551f","messageTitle":"Update AboutUs","messageBody":"","fileTypesAndContributionMap":{"docs":{"insertions":41,"deletions":3}}},{"hash":"08dc415919f432cf65421c7305c9f3e0280a2695","messageTitle":"Update DeveloperGuide","messageBody":"","fileTypesAndContributionMap":{"docs":{"insertions":99,"deletions":9}}},{"hash":"25d775e2d941e334a1c52d57ed690e265905dcbc","messageTitle":"Abstract duplicate Edit methods to separate class and add defensive programming to Schedule","messageBody":"","fileTypesAndContributionMap":{"functional-code":{"insertions":385,"deletions":351},"test-code":{"insertions":8,"deletions":7}}}]},{"date":"2022-02-28","commitResults":[{"hash":"4fe3484daa525fae2214876dfb4705027d4ae283","messageTitle":"Fix test cases","messageBody":"","fileTypesAndContributionMap":{"functional-code":{"insertions":11,"deletions":7},"test-code":{"insertions":4,"deletions":4}}}]},{"date":"2022-03-01","commitResults":[{"hash":"7ba473ab2551016a52c10ee1efe3d7e04025c834","messageTitle":"Remove Optional for editScheduleDescriptor","messageBody":"","fileTypesAndContributionMap":{"functional-code":{"insertions":21,"deletions":22}}},{"hash":"7f42605c576347d34e52d028f57d47d4d709362f","messageTitle":"Update JavaDoc for EditUtil","messageBody":"","fileTypesAndContributionMap":{"functional-code":{"insertions":1,"deletions":2}}},{"hash":"aaeec03da1ac2669d471669a10494b74f601dc90","messageTitle":"Update JavaDoc for EditTypeCommand","messageBody":"","fileTypesAndContributionMap":{"functional-code":{"insertions":3,"deletions":2}}}]},{"date":"2022-03-04","commitResults":[{"hash":"941422dd2007c35304d2d59fb6a7f6f5263a451f","messageTitle":"Add codeCov badge in README","messageBody":"","fileTypesAndContributionMap":{"docs":{"insertions":1,"deletions":0}}},{"hash":"6d4e09c09e6cf39870eb13a4bea88afbdcee3fd3","messageTitle":"Change all occurrences of AddressBook to UniGenda in DG","messageBody":"","fileTypesAndContributionMap":{"docs":{"insertions":48,"deletions":48}}},{"hash":"7995c176cd0c3bc1e375726eaa4d12c10ba21218","messageTitle":"Revert occurrences of AddressBook in DG for function and class names","messageBody":"","fileTypesAndContributionMap":{"docs":{"insertions":20,"deletions":20}}}]},{"date":"2022-03-05","commitResults":[{"hash":"8abc294c7a111df764b888c9008b7b54392f2100","messageTitle":"Make Event duration and time optional","messageBody":"","fileTypesAndContributionMap":{"functional-code":{"insertions":48,"deletions":18},"other":{"insertions":35,"deletions":13},"docs":{"insertions":7,"deletions":1},"test-code":{"insertions":22,"deletions":12}}},{"hash":"33bca10a30e493537f9f697cb37b4446114928c1","messageTitle":"Fix checkstyle","messageBody":"","fileTypesAndContributionMap":{"functional-code":{"insertions":9,"deletions":8},"test-code":{"insertions":5,"deletions":5}}},{"hash":"14176f974616ee2bcf82cfb3f07092222d3dd934","messageTitle":"Update user guide and change event display","messageBody":"","fileTypesAndContributionMap":{"functional-code":{"insertions":1,"deletions":1},"docs":{"insertions":3,"deletions":2}}},{"hash":"1741ce9d01cba4e13df5efaaf8008ead6e7e7352","messageTitle":"Update message usage for AddEvent","messageBody":"","fileTypesAndContributionMap":{"functional-code":{"insertions":1,"deletions":1},"docs":{"insertions":2,"deletions":2}}},{"hash":"265754cb49e0da1b5c81da0559fb29a970052363","messageTitle":"Add date constraints message","messageBody":"","fileTypesAndContributionMap":{"functional-code":{"insertions":11,"deletions":2}}},{"hash":"627d04ef1006dc50b40d9cce92840b96a469d993","messageTitle":"Fix checkstyle","messageBody":"","fileTypesAndContributionMap":{"functional-code":{"insertions":2,"deletions":1}}}]},{"date":"2022-03-06","commitResults":[{"hash":"eeae9027f68c6f62e4d5c2d1283d640e4d4d2693","messageTitle":"Change Event\u0027s display and modify Schedule constructor","messageBody":"","fileTypesAndContributionMap":{"functional-code":{"insertions":12,"deletions":5}}},{"hash":"69722c0bc2da14c269c280083d616d9cea1da7d1","messageTitle":"Fix checkstyle","messageBody":"","fileTypesAndContributionMap":{"functional-code":{"insertions":0,"deletions":1}}}]},{"date":"2022-03-07","commitResults":[{"hash":"c243922e246515a3260c432c56e9e882919fdd28","messageTitle":"Add recurring functionality for Event","messageBody":"","fileTypesAndContributionMap":{"functional-code":{"insertions":149,"deletions":18},"test-code":{"insertions":9,"deletions":7}}},{"hash":"523f663a624c963b6b4e3887e1d38951dbd048e7","messageTitle":"Edit Event functions","messageBody":"","fileTypesAndContributionMap":{"functional-code":{"insertions":13,"deletions":16}}},{"hash":"3ffc43c882c3ac0ace28436025aab49ea199b429","messageTitle":"Fix checkstyle","messageBody":"","fileTypesAndContributionMap":{"functional-code":{"insertions":19,"deletions":10},"other":{"insertions":2,"deletions":2},"test-code":{"insertions":3,"deletions":2}}}]},{"date":"2022-03-08","commitResults":[{"hash":"1f65d863873da909418171ef8f14045a5851e63b","messageTitle":"Change RecurFrequency label","messageBody":"","fileTypesAndContributionMap":{"functional-code":{"insertions":10,"deletions":16}}}]},{"date":"2022-03-09","commitResults":[{"hash":"1ece8de5056c9751ce0fc14fd3f157a238a6d9c7","messageTitle":"Update code style","messageBody":"Co-authored-by: hanqinilnix \u003c77395961+hanqinilnix@users.noreply.github.com\u003e","fileTypesAndContributionMap":{"functional-code":{"insertions":2,"deletions":2}}},{"hash":"81f156e06b5b35586420694e2605a04420122f84","messageTitle":"Update code style","messageBody":"Co-authored-by: hanqinilnix \u003c77395961+hanqinilnix@users.noreply.github.com\u003e","fileTypesAndContributionMap":{"functional-code":{"insertions":2,"deletions":2}}},{"hash":"640e13cff5910acd2b881616876e36e09a24041a","messageTitle":"Update code style","messageBody":"Co-authored-by: hanqinilnix \u003c77395961+hanqinilnix@users.noreply.github.com\u003e","fileTypesAndContributionMap":{"functional-code":{"insertions":2,"deletions":2}}}]}],"vishandi":[{"date":"2022-02-20","commitResults":[{"hash":"6e21f423eb7bdd366dbc08ff5084a9e7edf4849d","messageTitle":"Update UserGuide","messageBody":"","fileTypesAndContributionMap":{"docs":{"insertions":98,"deletions":3}}},{"hash":"7551f145ee94ab86fd456cc2ede60df53b423e0c","messageTitle":"Update vishandi\u0027s part in AboutUs.md and add relevant files","messageBody":"","fileTypesAndContributionMap":{"docs":{"insertions":34,"deletions":2}}}]},{"date":"2022-02-27","commitResults":[{"hash":"33f687033dea0c6730e601a1ac0bb7e4828eb34a","messageTitle":"Modify AddCommand to enable user not to specify address and email","messageBody":"","fileTypesAndContributionMap":{"functional-code":{"insertions":33,"deletions":5}}},{"hash":"9023b5ce092df019eb3345f18ab71a738988e0ba","messageTitle":"Modify duplicate definition to combination of (Name, Phone)","messageBody":"","fileTypesAndContributionMap":{"functional-code":{"insertions":2,"deletions":1}}},{"hash":"bbe706a11d9e5fca41580447d90875f4066d7511","messageTitle":"Modify Person display","messageBody":"","fileTypesAndContributionMap":{"functional-code":{"insertions":99,"deletions":18}}},{"hash":"b95ebe371159a6b88be03783ea4dc3e99d8e14fa","messageTitle":"Modify tests and fix invalid Email and Address","messageBody":"(ParserUtilTest)remove parseAddress_invalidValue_throwsParseException()\nbecause Address can be empty.\n\n(AddCommandParserTest)remove missing email and address prefix tests\nbecause Address and Email can be empty upon creation of contact.\n\n(EmailTest)remove assertFalse empty email\nbecause Email can be empty.\n\n(AddressTest)remove assertFalse empty address\nbecause Address can be empty.\n\n(PersonTest)modify isSamePerson()\nbecause now two contacts are duplicate iff they have the same\n(Name, Phone).\n","fileTypesAndContributionMap":{"functional-code":{"insertions":18,"deletions":2},"test-code":{"insertions":20,"deletions":5}}}]},{"date":"2022-03-02","commitResults":[{"hash":"fd4ac5ab4ff5f5cb4960f23e44c83766d275f96b","messageTitle":"Modify UI","messageBody":"Make unknown fields not visible in the person\u0027s card.\nAdd functionality to email the person if the email is known.\n","fileTypesAndContributionMap":{"functional-code":{"insertions":70,"deletions":48}}}]},{"date":"2022-03-03","commitResults":[{"hash":"2c2f857c04a2cb6505c71e1d8fafce2d62803650","messageTitle":"Add deleteEvent command","messageBody":"","fileTypesAndContributionMap":{"functional-code":{"insertions":149,"deletions":0}}},{"hash":"5d2598d0bd27c5be9640bdaccc3e1a94b8d6ea25","messageTitle":"Modify Person\u0027s toString()","messageBody":"","fileTypesAndContributionMap":{"functional-code":{"insertions":16,"deletions":6}}},{"hash":"a5c8840013fcc01a95a0ed048172bb5307827ecb","messageTitle":"Add DeleteEventCommandTest","messageBody":"Move MESSAGE_INVALID_EVENT_DISPLAYED_INDEX to Messages.java\nModify typicalPersons and the corresponding JSON\n","fileTypesAndContributionMap":{"functional-code":{"insertions":7,"deletions":6},"test-code":{"insertions":119,"deletions":1}}},{"hash":"6d8157cb48b8d65e4ed92a6865e45a5cafcfb408","messageTitle":"Add DeleteEventCommandParserTest","messageBody":"","fileTypesAndContributionMap":{"test-code":{"insertions":30,"deletions":0}}},{"hash":"8b01233812d4cced9b2e7ab855f2ee0acd007ccd","messageTitle":"Fix checkstyle issue","messageBody":"","fileTypesAndContributionMap":{"test-code":{"insertions":4,"deletions":3}}},{"hash":"6163aaf09d76b43361d3b818dafcea0ec864ac20","messageTitle":"Make CommandExceptions consistent","messageBody":"","fileTypesAndContributionMap":{"functional-code":{"insertions":4,"deletions":4}}},{"hash":"294f4ac6d02dba447234cc97e60285efba597683","messageTitle":"Update README","messageBody":"","fileTypesAndContributionMap":{"docs":{"insertions":9,"deletions":8}}},{"hash":"039e0aec00fca31ed756f8d329a65268d0c2bab0","messageTitle":"Modify UG link","messageBody":"","fileTypesAndContributionMap":{"functional-code":{"insertions":1,"deletions":1}}},{"hash":"8c8fdde79e43355d184af55ce2f00e119b2b4963","messageTitle":"Update UserGuide","messageBody":"","fileTypesAndContributionMap":{"docs":{"insertions":60,"deletions":72}}},{"hash":"6064544c3818e7425014c525af20fbf293324911","messageTitle":"Remove trailing whitespaces","messageBody":"","fileTypesAndContributionMap":{"docs":{"insertions":12,"deletions":12}}}]},{"date":"2022-03-05","commitResults":[{"hash":"68e846774ac7a37724dc2a5a03df809f3e32d29c","messageTitle":"Add NFRs","messageBody":"","fileTypesAndContributionMap":{"docs":{"insertions":13,"deletions":10}}},{"hash":"d23f688edb6e96bdc91bbb8c9b56f81483d7f5b5","messageTitle":"Remove undo/redo feature in Implementation DG","messageBody":"","fileTypesAndContributionMap":{"docs":{"insertions":0,"deletions":261}}}]},{"date":"2022-03-06","commitResults":[{"hash":"72d513f4f0dedcb2c471caf611954b298c9d581e","messageTitle":"Remove one NFR and modify Glossary","messageBody":"","fileTypesAndContributionMap":{"docs":{"insertions":5,"deletions":1}}}]},{"date":"2022-03-08","commitResults":[{"hash":"148154b795d4620493b2a12b8336247c2e8c3204","messageTitle":"Add Telegram Class","messageBody":"","fileTypesAndContributionMap":{"functional-code":{"insertions":66,"deletions":3}}},{"hash":"e3b24f495a1bcdeb58a329287105e03a8c16d164","messageTitle":"Add TelegramTest","messageBody":"","fileTypesAndContributionMap":{"functional-code":{"insertions":1,"deletions":0},"test-code":{"insertions":47,"deletions":0}}},{"hash":"ec456c92f65396523a25f9775b15631a8f4f4998","messageTitle":"Modify GUI to add Telegram","messageBody":"","fileTypesAndContributionMap":{"functional-code":{"insertions":6,"deletions":0}}},{"hash":"b8ffce28e041ad55d2b2873d66c2d5e284e5661b","messageTitle":"Modify Storage to support Telegram","messageBody":"","fileTypesAndContributionMap":{"functional-code":{"insertions":88,"deletions":11},"test-code":{"insertions":36,"deletions":12}}},{"hash":"4c9675154aea665a2254138e1a284c600c10ab90","messageTitle":"Fix testing issues","messageBody":"","fileTypesAndContributionMap":{"functional-code":{"insertions":1,"deletions":1},"test-code":{"insertions":5,"deletions":4}}},{"hash":"0ea41c4066956f6a2078df7328f1ad4598ecd851","messageTitle":"Add edit tg/ functionality","messageBody":"","fileTypesAndContributionMap":{"functional-code":{"insertions":38,"deletions":10}}},{"hash":"7d4c7131bf954db59ca6bdc72817624daed7fb1c","messageTitle":"Fix checkstyle","messageBody":"","fileTypesAndContributionMap":{"functional-code":{"insertions":16,"deletions":7}}},{"hash":"f8fa6025cf2720460e2ad85fc63fa7d8476e40e4","messageTitle":"Update UG","messageBody":"","fileTypesAndContributionMap":{"docs":{"insertions":2,"deletions":2}}},{"hash":"45b9e9ddf5e0a4bfc1cd2960d93cb3a5a017cc33","messageTitle":"Fix typo in EditCommand","messageBody":"","fileTypesAndContributionMap":{"functional-code":{"insertions":2,"deletions":5}}},{"hash":"483bd6c539d7edaef3430b5f64f756e68998c2db","messageTitle":"Fix checkstyle","messageBody":"","fileTypesAndContributionMap":{"functional-code":{"insertions":6,"deletions":1}}},{"hash":"aed6e6021a0dc0e46caa9d532d793976f6ed59d4","messageTitle":"Remove isDefault attribute in Telegram","messageBody":"","fileTypesAndContributionMap":{"functional-code":{"insertions":25,"deletions":31},"test-code":{"insertions":3,"deletions":3}}},{"hash":"0b3a489ef3ccc12fbb57c516d938434931302dc8","messageTitle":"Modify getTelegram() to return Telegram","messageBody":"","fileTypesAndContributionMap":{"functional-code":{"insertions":10,"deletions":18},"test-code":{"insertions":2,"deletions":2}}},{"hash":"6d4c90b400eda3b41c54bc169f5272b154488412","messageTitle":"Modify Email to be similar as Telegram","messageBody":"","fileTypesAndContributionMap":{"functional-code":{"insertions":32,"deletions":30},"test-code":{"insertions":33,"deletions":44}}},{"hash":"66aa68de7e2d15253ec2dfe29c8696f68f8028e8","messageTitle":"Fix checkstyle and UserGuide.md","messageBody":"","fileTypesAndContributionMap":{"functional-code":{"insertions":0,"deletions":4},"docs":{"insertions":2,"deletions":2}}}]},{"date":"2022-03-09","commitResults":[{"hash":"ccfa618154b61086e5d2b2c111f167045228f8f6","messageTitle":"Modify Telegram","messageBody":"","fileTypesAndContributionMap":{"functional-code":{"insertions":9,"deletions":20},"test-code":{"insertions":6,"deletions":9}}},{"hash":"49e362fc3fbc219c59c04c83a8e6451b38198e1c","messageTitle":"Modify Email","messageBody":"","fileTypesAndContributionMap":{"functional-code":{"insertions":9,"deletions":24},"test-code":{"insertions":33,"deletions":33}}},{"hash":"fb22000f09c91be86ec5b772b357182c6172c0c2","messageTitle":"Modify Address","messageBody":"","fileTypesAndContributionMap":{"functional-code":{"insertions":14,"deletions":31}}}]},{"date":"2022-03-13","commitResults":[{"hash":"f3470634b08651d425d2f262a5dc136664fee9b3","messageTitle":"Fix typo in Telegram Regex","messageBody":"","fileTypesAndContributionMap":{"functional-code":{"insertions":2,"deletions":2}}}]},{"date":"2022-03-14","commitResults":[{"hash":"cbf81b7ef351708a7263a95df33ee1c64adad262","messageTitle":"Add GitHub class","messageBody":"","fileTypesAndContributionMap":{"functional-code":{"insertions":57,"deletions":0}}},{"hash":"2974e5644aac40356b69bee19b0bf9d07aca3f2e","messageTitle":"Add GitHubTest","messageBody":"","fileTypesAndContributionMap":{"test-code":{"insertions":50,"deletions":0}}},{"hash":"85bb7a8665fdd4317eba2167b2c790663d93b2b9","messageTitle":"Modify GUI to add GitHub","messageBody":"","fileTypesAndContributionMap":{"functional-code":{"insertions":7,"deletions":1}}},{"hash":"116a7ec93bb1cdcf5f152637ad5590faf886144a","messageTitle":"Modify Storage and AddCommand to support GitHub","messageBody":"","fileTypesAndContributionMap":{"functional-code":{"insertions":94,"deletions":21},"test-code":{"insertions":41,"deletions":18}}},{"hash":"0f8386f9ba945af90fb6865c51e8382d47ef21a7","messageTitle":"Modify EditCommand to support GitHub","messageBody":"","fileTypesAndContributionMap":{"functional-code":{"insertions":8,"deletions":2}}}]}],"markbiju":[{"date":"2022-03-02","commitResults":[{"hash":"fa30de79290257d10c92f2a44c3429e44b7f45f8","messageTitle":"Update AboutUs","messageBody":"","fileTypesAndContributionMap":{"docs":{"insertions":32,"deletions":0}}},{"hash":"fb37975ddb13d895b479db5fc0f7d7fcc8b64983","messageTitle":"Update AboutUs.md","messageBody":"","fileTypesAndContributionMap":{"docs":{"insertions":3,"deletions":3}}}]},{"date":"2022-03-03","commitResults":[{"hash":"e4529837db582d43c61150d00656db93ca343cc8","messageTitle":"Update DeveloperGuide.md","messageBody":"","fileTypesAndContributionMap":{"docs":{"insertions":13,"deletions":11}}}]},{"date":"2022-03-13","commitResults":[{"hash":"3e5720d42526209b7ebd6ce3988eeb39a1ef9f81","messageTitle":"Add ViewGroup command","messageBody":"","fileTypesAndContributionMap":{"functional-code":{"insertions":116,"deletions":0}}},{"hash":"aeaf36d7ebadf8d6110e1573a603b2278e919a39","messageTitle":"Update ViewGroupCommand","messageBody":"","fileTypesAndContributionMap":{"functional-code":{"insertions":8,"deletions":11}}}]},{"date":"2022-03-14","commitResults":[{"hash":"dfde9d1de03d817f5189db3bacf108f8e7517893","messageTitle":"Update Event.java","messageBody":"","fileTypesAndContributionMap":{"functional-code":{"insertions":1,"deletions":0}}},{"hash":"bc6ca51b81292dae96cb04a1e0b62fd4f165f8b8","messageTitle":"Update src/main/java/seedu/address/model/tag/IsTagInPersonPredicate.java","messageBody":"Co-authored-by: hanqinilnix \u003c77395961+hanqinilnix@users.noreply.github.com\u003e","fileTypesAndContributionMap":{"functional-code":{"insertions":1,"deletions":1}}},{"hash":"0fec712faf5690eba280b1999bb29c8429ee559e","messageTitle":"Update src/main/java/seedu/address/model/tag/IsTagInPersonPredicate.java","messageBody":"Co-authored-by: hanqinilnix \u003c77395961+hanqinilnix@users.noreply.github.com\u003e","fileTypesAndContributionMap":{"functional-code":{"insertions":1,"deletions":1}}},{"hash":"c357a11f1d29731109949cecb0110d6a94fd317c","messageTitle":"Update ViewGroupCommand.java","messageBody":"","fileTypesAndContributionMap":{"functional-code":{"insertions":3,"deletions":0}}},{"hash":"5bab3f4d32adad66c884ee0cc27f1840c405082b","messageTitle":"Update IsTagInPersonPredicate.java","messageBody":"","fileTypesAndContributionMap":{"functional-code":{"insertions":1,"deletions":1}}},{"hash":"1ce4841257091d5c77e690c377f38db4e1d2d2d5","messageTitle":"Update ViewGroupCommand","messageBody":"","fileTypesAndContributionMap":{"functional-code":{"insertions":16,"deletions":14}}},{"hash":"e8428d27d03af4722f644131f609d0606bac6efa","messageTitle":"Update src/main/java/seedu/address/logic/commands/person/ViewGroupCommand.java","messageBody":"Co-authored-by: hanqinilnix \u003c77395961+hanqinilnix@users.noreply.github.com\u003e","fileTypesAndContributionMap":{"functional-code":{"insertions":1,"deletions":1}}},{"hash":"63de8757d9ebcd722c50804b21d8820818c2425d","messageTitle":"Update src/main/java/seedu/address/logic/parser/person/ViewGroupCommandParser.java","messageBody":"Co-authored-by: hanqinilnix \u003c77395961+hanqinilnix@users.noreply.github.com\u003e","fileTypesAndContributionMap":{"functional-code":{"insertions":1,"deletions":1}}}]}],"hanqinilnix":[{"date":"2022-02-23","commitResults":[{"hash":"ef455412615d1c3ab6229f4e74d7244b1a66fa21","messageTitle":"Fix duplicated event for all sample data person","messageBody":"","fileTypesAndContributionMap":{"functional-code":{"insertions":6,"deletions":8}}}]},{"date":"2022-02-24","commitResults":[{"hash":"4c66050e1bee68b724d5b06c6cdfa4f26bee14b4","messageTitle":"Update AboutUs page, include Han Qin\u0027s profile image #3","messageBody":"","fileTypesAndContributionMap":{"docs":{"insertions":34,"deletions":2}}},{"hash":"316a3ee57800aae7e006d456e151ded256ca3e35","messageTitle":"Add FreeScheduleCommand","messageBody":"","fileTypesAndContributionMap":{"functional-code":{"insertions":31,"deletions":0}}}]},{"date":"2022-02-25","commitResults":[{"hash":"773b9e3f8e59eb3a6af84da4be2ca33b693245f2","messageTitle":"Update AddressBookParser to include FreeScheduleCommand","messageBody":"","fileTypesAndContributionMap":{"functional-code":{"insertions":4,"deletions":0}}},{"hash":"f332a7a00d7efbb40963e126b632efc6a6034689","messageTitle":"Add FreeScheduleCommandParser to handle user input","messageBody":"","fileTypesAndContributionMap":{"functional-code":{"insertions":83,"deletions":0}}},{"hash":"d9a87853f789e2437b9105b8cc9edfff474d57de","messageTitle":"Add FreeScheduleCommandParser to handle user input","messageBody":"","fileTypesAndContributionMap":{"functional-code":{"insertions":1,"deletions":1}}},{"hash":"84818bf98137f9475bf9f4c3fce4ad9eb089030b","messageTitle":"Modify FreeScheduleCommand to display what is required","messageBody":"","fileTypesAndContributionMap":{"functional-code":{"insertions":21,"deletions":3}}},{"hash":"0a47d908a6cd2dea2ef05e90d05364e2a9243d09","messageTitle":"Remove unused import","messageBody":"","fileTypesAndContributionMap":{"functional-code":{"insertions":0,"deletions":1}}},{"hash":"4c32b0ff11e38b90cc6f7f7df7a0d9ee099297ea","messageTitle":"Include Javadoc comment #15","messageBody":"","fileTypesAndContributionMap":{"functional-code":{"insertions":3,"deletions":0}}},{"hash":"95111921431b411a87715bd9dda9f8a89c37c395","messageTitle":"Include Javadoc comment #15","messageBody":"","fileTypesAndContributionMap":{"functional-code":{"insertions":5,"deletions":0}}}]},{"date":"2022-02-27","commitResults":[{"hash":"ec5d98ea56d520943068a25b80bc01b34d5e063a","messageTitle":"Add checks for schedule in the equals() method for the EditPersonDescriptor","messageBody":"","fileTypesAndContributionMap":{"functional-code":{"insertions":1,"deletions":0}}},{"hash":"7c0feed708ab1840fa97239272deff5d92683c45","messageTitle":"Remove unnecessary print statement","messageBody":"","fileTypesAndContributionMap":{"functional-code":{"insertions":0,"deletions":1}}},{"hash":"9158f9b27c3e2fad5402026fab74c13aba89c767","messageTitle":"Add method to parse multiple indices","messageBody":"","fileTypesAndContributionMap":{"functional-code":{"insertions":19,"deletions":0}}},{"hash":"2dbd9f9a8ce202d150565e77a9d8a2617773ece8","messageTitle":"Add EditEventCommand #23","messageBody":"","fileTypesAndContributionMap":{"functional-code":{"insertions":312,"deletions":0}}},{"hash":"4f89bea54544e558ded41b32768d47fdc9c2f15b","messageTitle":"Include javadocs for EditEventCommand and EditEventCommandParser #23","messageBody":"","fileTypesAndContributionMap":{"functional-code":{"insertions":6,"deletions":0}}},{"hash":"a47c33e498fab5380eddc36c39a408b45fdabe1f","messageTitle":"Modify javadocs for EditEventCommand #23","messageBody":"","fileTypesAndContributionMap":{"functional-code":{"insertions":5,"deletions":0}}},{"hash":"4850ea62e301f34333455aa5ac79e7b00f5ebd82","messageTitle":"Add getEndTime method #22","messageBody":"","fileTypesAndContributionMap":{"functional-code":{"insertions":4,"deletions":0}}},{"hash":"296f58bd71ca99afb5c7900db7aa368ec3e63bb5","messageTitle":"Rename EventCollideWithTimeDatePredicate to IsPersonFreePredicate #22","messageBody":"","fileTypesAndContributionMap":{"functional-code":{"insertions":6,"deletions":6},"other":{"insertions":7,"deletions":7}}},{"hash":"3086da78c61808018d81ab20122e557dc0f5748c","messageTitle":"Modify EditEventCommandParser","messageBody":"Ensure that no more than 2 indices can be entered as the\nuser input\n","fileTypesAndContributionMap":{"functional-code":{"insertions":4,"deletions":1}}}]},{"date":"2022-03-04","commitResults":[{"hash":"e33a8e739cfa0c54e9104d830990ce69743debd2","messageTitle":"Move schedule-related parser classes into new package, schedule","messageBody":"","fileTypesAndContributionMap":{"functional-code":{"insertions":4,"deletions":0},"other":{"insertions":21,"deletions":4},"test-code":{"insertions":1,"deletions":0}}}]},{"date":"2022-03-05","commitResults":[{"hash":"86396df3ba65705e5497e3a0dfe51d39deeab8d5","messageTitle":"Make events immutable","messageBody":"","fileTypesAndContributionMap":{"functional-code":{"insertions":2,"deletions":1}}},{"hash":"02f8b338128e5dbebaadf8e1697892f41870f570","messageTitle":"Add EMPTY_SCHEDULE for easier use to create new test cases","messageBody":"","fileTypesAndContributionMap":{"functional-code":{"insertions":1,"deletions":0}}},{"hash":"441f371592e753e3d1ef933ecd86b5a1797b2bf0","messageTitle":"Modify sample persons to use EMPTY_SCHEDULE from Schedule class","messageBody":"","fileTypesAndContributionMap":{"functional-code":{"insertions":6,"deletions":6}}},{"hash":"3157fda13d509d599935889fdb8fdef42bf0dcff","messageTitle":"Remove EditScheduleDescriptor","messageBody":"EditScheduleDescriptor was an additional layer that returns\nunmodifiable list. This was unnecessary since Schedule\nreturns unmodifiable list as well.\n","fileTypesAndContributionMap":{"functional-code":{"insertions":9,"deletions":75}}},{"hash":"0911cd7285aa83ea1360564c61a1974899ce2e05","messageTitle":"Remove unused imports","messageBody":"","fileTypesAndContributionMap":{"functional-code":{"insertions":0,"deletions":3}}},{"hash":"2d5d9a7155c82eabc179ce3f49d426c80143f993","messageTitle":"Remove unused imports","messageBody":"","fileTypesAndContributionMap":{"functional-code":{"insertions":0,"deletions":1}}}]},{"date":"2022-03-06","commitResults":[{"hash":"fec0031414116c65d8330a2b949f63d9fd2e3bcb","messageTitle":"Add line break before example for MESSAGE_USAGE","messageBody":"","fileTypesAndContributionMap":{"functional-code":{"insertions":1,"deletions":1}}},{"hash":"c42b72bec51fb5f236d816c37c2ecd108a5f0393","messageTitle":"Add line break before example for MESSAGE_USAGE","messageBody":"","fileTypesAndContributionMap":{"functional-code":{"insertions":1,"deletions":1}}},{"hash":"b41a9313ae90900ae0a886972683d427338efc85","messageTitle":"Modify Label of phone to make it the same font weight as the other Labels","messageBody":"","fileTypesAndContributionMap":{"functional-code":{"insertions":1,"deletions":1}}}]},{"date":"2022-03-12","commitResults":[{"hash":"918b2cfad8f74c6a38d7db300d0ca87d58c680e7","messageTitle":"Modify MESSAGE_USAGE","messageBody":"","fileTypesAndContributionMap":{"functional-code":{"insertions":1,"deletions":1}}}]},{"date":"2022-03-13","commitResults":[{"hash":"a6806841e9e5df429356c432b2648a2d6f7cb47b","messageTitle":"Add line space in Event.java","messageBody":"","fileTypesAndContributionMap":{"functional-code":{"insertions":1,"deletions":0}}},{"hash":"6c0edc229137a07194cbd4e63c84d0484bc5e05c","messageTitle":"Remove trailing whitespace","messageBody":"","fileTypesAndContributionMap":{"functional-code":{"insertions":0,"deletions":1}}}]},{"date":"2022-03-14","commitResults":[{"hash":"70a1dc0d276f88537a6237ba7c6251878f17e21f","messageTitle":"Update UserGuide","messageBody":"","fileTypesAndContributionMap":{"docs":{"insertions":27,"deletions":16}}},{"hash":"746a945eb6ded0a1781c470349d93a2e722f5e54","messageTitle":"Add table of contents","messageBody":"","fileTypesAndContributionMap":{"docs":{"insertions":49,"deletions":40}}},{"hash":"842869d681a2b147b1ae6cfcb3923a051652fd45","messageTitle":"Edit table of contents","messageBody":"","fileTypesAndContributionMap":{"docs":{"insertions":2,"deletions":2}}},{"hash":"a3320b6f9140e3e97e6d7498a566f59f5dbc8d71","messageTitle":"Link to proper headers","messageBody":"","fileTypesAndContributionMap":{"docs":{"insertions":41,"deletions":41}}},{"hash":"b6152d14904edd6f0785ecc00bc85f716cf3700e","messageTitle":"Edit freeSchedule UG","messageBody":"","fileTypesAndContributionMap":{"docs":{"insertions":1,"deletions":1}}}]}]},"authorFileTypeContributionMap":{"tyanhan":{"docs":108,"functional-code":628,"test-code":57},"vishandi":{"docs":132,"functional-code":626,"test-code":316},"markbiju":{"docs":35,"functional-code":118,"test-code":0},"hanqinilnix":{"docs":91,"functional-code":365,"test-code":1}},"authorContributionVariance":{"tyanhan":33397.44,"vishandi":28072.676,"markbiju":794.3105,"hanqinilnix":7502.9316},"authorDisplayNameMap":{"tyanhan":"CS2103T-W09-1 TAY .. HAN","vishandi":"CS2103T-W09-1 VISH..NETA","markbiju":"CS2103T-W09-1 MARK..ORGE","hanqinilnix":"CS2103T-W09-1 ONG .. QIN"}}
