{"authorDailyContributionsMap":{"tyanhan":[{"date":"2022-02-18","commitResults":[{"hash":"be4b5fabac515e5dde06a0d45d0695353b1e98e1","messageTitle":"Add save and load functionality for Schedule and Event","messageBody":"","fileTypesAndContributionMap":{"functional-code":{"insertions":84,"deletions":23},"test-code":{"insertions":26,"deletions":10}}}]},{"date":"2022-02-23","commitResults":[{"hash":"1db507ddcfa87be35b679ca57a2f3ea8a1c264cf","messageTitle":"Fix tests and checkstyle","messageBody":"","fileTypesAndContributionMap":{"functional-code":{"insertions":6,"deletions":6}}},{"hash":"2429ff1dd7b26ea7b9b2737a6baf1aaba1e414ef","messageTitle":"Fix Test checkstyle","messageBody":"","fileTypesAndContributionMap":{"test-code":{"insertions":16,"deletions":8}}},{"hash":"24db224ef2013b711518ba8182ca886d36871bbb","messageTitle":"Modify test cases","messageBody":"","fileTypesAndContributionMap":{"functional-code":{"insertions":13,"deletions":10}}},{"hash":"ebb8c46c8da2e42a92cccd7f4b12f549c8a77dd4","messageTitle":"Fix cannot addEvent after restart bug","messageBody":"","fileTypesAndContributionMap":{"functional-code":{"insertions":1,"deletions":1}}}]},{"date":"2022-02-27","commitResults":[{"hash":"73e7b1ef05d08a0c1f9ff6941e632003060b551f","messageTitle":"Update AboutUs","messageBody":"","fileTypesAndContributionMap":{"docs":{"insertions":41,"deletions":3}}},{"hash":"08dc415919f432cf65421c7305c9f3e0280a2695","messageTitle":"Update DeveloperGuide","messageBody":"","fileTypesAndContributionMap":{"docs":{"insertions":99,"deletions":9}}},{"hash":"25d775e2d941e334a1c52d57ed690e265905dcbc","messageTitle":"Abstract duplicate Edit methods to separate class and add defensive programming to Schedule","messageBody":"","fileTypesAndContributionMap":{"functional-code":{"insertions":385,"deletions":351},"test-code":{"insertions":8,"deletions":7}}}]},{"date":"2022-02-28","commitResults":[{"hash":"4fe3484daa525fae2214876dfb4705027d4ae283","messageTitle":"Fix test cases","messageBody":"","fileTypesAndContributionMap":{"functional-code":{"insertions":11,"deletions":7},"test-code":{"insertions":4,"deletions":4}}}]},{"date":"2022-03-01","commitResults":[{"hash":"7ba473ab2551016a52c10ee1efe3d7e04025c834","messageTitle":"Remove Optional for editScheduleDescriptor","messageBody":"","fileTypesAndContributionMap":{"functional-code":{"insertions":21,"deletions":22}}},{"hash":"7f42605c576347d34e52d028f57d47d4d709362f","messageTitle":"Update JavaDoc for EditUtil","messageBody":"","fileTypesAndContributionMap":{"functional-code":{"insertions":1,"deletions":2}}},{"hash":"aaeec03da1ac2669d471669a10494b74f601dc90","messageTitle":"Update JavaDoc for EditTypeCommand","messageBody":"","fileTypesAndContributionMap":{"functional-code":{"insertions":3,"deletions":2}}}]},{"date":"2022-03-04","commitResults":[{"hash":"941422dd2007c35304d2d59fb6a7f6f5263a451f","messageTitle":"Add codeCov badge in README","messageBody":"","fileTypesAndContributionMap":{"docs":{"insertions":1,"deletions":0}}},{"hash":"6d4e09c09e6cf39870eb13a4bea88afbdcee3fd3","messageTitle":"Change all occurrences of AddressBook to UniGenda in DG","messageBody":"","fileTypesAndContributionMap":{"docs":{"insertions":48,"deletions":48}}},{"hash":"7995c176cd0c3bc1e375726eaa4d12c10ba21218","messageTitle":"Revert occurrences of AddressBook in DG for function and class names","messageBody":"","fileTypesAndContributionMap":{"docs":{"insertions":20,"deletions":20}}}]},{"date":"2022-03-05","commitResults":[{"hash":"8abc294c7a111df764b888c9008b7b54392f2100","messageTitle":"Make Event duration and time optional","messageBody":"","fileTypesAndContributionMap":{"functional-code":{"insertions":48,"deletions":18},"other":{"insertions":35,"deletions":13},"docs":{"insertions":7,"deletions":1},"test-code":{"insertions":22,"deletions":12}}},{"hash":"33bca10a30e493537f9f697cb37b4446114928c1","messageTitle":"Fix checkstyle","messageBody":"","fileTypesAndContributionMap":{"functional-code":{"insertions":9,"deletions":8},"test-code":{"insertions":5,"deletions":5}}},{"hash":"14176f974616ee2bcf82cfb3f07092222d3dd934","messageTitle":"Update user guide and change event display","messageBody":"","fileTypesAndContributionMap":{"functional-code":{"insertions":1,"deletions":1},"docs":{"insertions":3,"deletions":2}}},{"hash":"1741ce9d01cba4e13df5efaaf8008ead6e7e7352","messageTitle":"Update message usage for AddEvent","messageBody":"","fileTypesAndContributionMap":{"functional-code":{"insertions":1,"deletions":1},"docs":{"insertions":2,"deletions":2}}},{"hash":"265754cb49e0da1b5c81da0559fb29a970052363","messageTitle":"Add date constraints message","messageBody":"","fileTypesAndContributionMap":{"functional-code":{"insertions":11,"deletions":2}}},{"hash":"627d04ef1006dc50b40d9cce92840b96a469d993","messageTitle":"Fix checkstyle","messageBody":"","fileTypesAndContributionMap":{"functional-code":{"insertions":2,"deletions":1}}}]},{"date":"2022-03-06","commitResults":[{"hash":"eeae9027f68c6f62e4d5c2d1283d640e4d4d2693","messageTitle":"Change Event\u0027s display and modify Schedule constructor","messageBody":"","fileTypesAndContributionMap":{"functional-code":{"insertions":12,"deletions":5}}},{"hash":"69722c0bc2da14c269c280083d616d9cea1da7d1","messageTitle":"Fix checkstyle","messageBody":"","fileTypesAndContributionMap":{"functional-code":{"insertions":0,"deletions":1}}}]},{"date":"2022-03-07","commitResults":[{"hash":"c243922e246515a3260c432c56e9e882919fdd28","messageTitle":"Add recurring functionality for Event","messageBody":"","fileTypesAndContributionMap":{"functional-code":{"insertions":149,"deletions":18},"test-code":{"insertions":9,"deletions":7}}},{"hash":"523f663a624c963b6b4e3887e1d38951dbd048e7","messageTitle":"Edit Event functions","messageBody":"","fileTypesAndContributionMap":{"functional-code":{"insertions":13,"deletions":16}}},{"hash":"3ffc43c882c3ac0ace28436025aab49ea199b429","messageTitle":"Fix checkstyle","messageBody":"","fileTypesAndContributionMap":{"functional-code":{"insertions":19,"deletions":10},"other":{"insertions":2,"deletions":2},"test-code":{"insertions":3,"deletions":2}}}]},{"date":"2022-03-08","commitResults":[{"hash":"1f65d863873da909418171ef8f14045a5851e63b","messageTitle":"Change RecurFrequency label","messageBody":"","fileTypesAndContributionMap":{"functional-code":{"insertions":10,"deletions":16}}}]},{"date":"2022-03-09","commitResults":[{"hash":"1ece8de5056c9751ce0fc14fd3f157a238a6d9c7","messageTitle":"Update code style","messageBody":"Co-authored-by: hanqinilnix \u003c77395961+hanqinilnix@users.noreply.github.com\u003e","fileTypesAndContributionMap":{"functional-code":{"insertions":2,"deletions":2}}},{"hash":"81f156e06b5b35586420694e2605a04420122f84","messageTitle":"Update code style","messageBody":"Co-authored-by: hanqinilnix \u003c77395961+hanqinilnix@users.noreply.github.com\u003e","fileTypesAndContributionMap":{"functional-code":{"insertions":2,"deletions":2}}},{"hash":"640e13cff5910acd2b881616876e36e09a24041a","messageTitle":"Update code style","messageBody":"Co-authored-by: hanqinilnix \u003c77395961+hanqinilnix@users.noreply.github.com\u003e","fileTypesAndContributionMap":{"functional-code":{"insertions":2,"deletions":2}}}]},{"date":"2022-03-15","commitResults":[{"hash":"36f0a7ca21654c043616f4660adfb20e06b58e90","messageTitle":"Fix non recurring event bug","messageBody":"","fileTypesAndContributionMap":{"functional-code":{"insertions":3,"deletions":1},"test-code":{"insertions":1,"deletions":4}}},{"hash":"ceda4c5a9ca4748019a1376a68973bfe61a4ead1","messageTitle":"Add sort by date and time to schedule","messageBody":"","fileTypesAndContributionMap":{"functional-code":{"insertions":22,"deletions":3}}},{"hash":"d4f1e9b31162342c165ccd928a110160c3801391","messageTitle":"Add JavaDoc","messageBody":"","fileTypesAndContributionMap":{"functional-code":{"insertions":5,"deletions":0}}}]},{"date":"2022-03-16","commitResults":[{"hash":"b0b6c3e2edb084e012f10d98ea7ef0c47bf4dbee","messageTitle":"Update UG and modify duration format","messageBody":"","fileTypesAndContributionMap":{"functional-code":{"insertions":17,"deletions":6},"docs":{"insertions":32,"deletions":22}}},{"hash":"6b9c7406d98bc257d2cfcb456214c8605f40c959","messageTitle":"Add sort by duration","messageBody":"","fileTypesAndContributionMap":{"functional-code":{"insertions":3,"deletions":2},"test-code":{"insertions":2,"deletions":0}}},{"hash":"f95ef725271eefe62b27ff2a548d1343030035a0","messageTitle":"Add logging for unhandled switch cases and revamp data storage","messageBody":"","fileTypesAndContributionMap":{"functional-code":{"insertions":286,"deletions":54}}},{"hash":"b95cf9941c8ff3f94e3c2ec81f1152b340fddba2","messageTitle":"Update docs/UserGuide.md","messageBody":"Co-authored-by: vishandi \u003c77654963+vishandi@users.noreply.github.com\u003e","fileTypesAndContributionMap":{"docs":{"insertions":2,"deletions":2}}},{"hash":"80f062f20e96cb40acd9229c1acb1af29097ce1e","messageTitle":"Fix test cases","messageBody":"","fileTypesAndContributionMap":{"functional-code":{"insertions":5,"deletions":3},"docs":{"insertions":7,"deletions":7},"test-code":{"insertions":24,"deletions":30}}},{"hash":"357dbc6108cda959f2a5bded82e3184ef866f57e","messageTitle":"Fix sorting of recurring tasks","messageBody":"","fileTypesAndContributionMap":{"functional-code":{"insertions":11,"deletions":11},"docs":{"insertions":0,"deletions":1}}},{"hash":"598240de120532689b8f6238dc513e28519af3c0","messageTitle":"Fix incorrect year display","messageBody":"","fileTypesAndContributionMap":{"functional-code":{"insertions":1,"deletions":1}}},{"hash":"8b2266f1d40e5a4b7d06d337432c5fe993aa4ac1","messageTitle":"Add long form for RecurFrequency","messageBody":"","fileTypesAndContributionMap":{"functional-code":{"insertions":4,"deletions":1}}},{"hash":"7a5c538b12e96bfdc9263dc3f4c2affea6c5794c","messageTitle":"Update UG","messageBody":"","fileTypesAndContributionMap":{"docs":{"insertions":15,"deletions":15}}},{"hash":"d61df727d01901392cb4e8d5900deb761861ae5b","messageTitle":"Fix checkstyle and modify Person toString()","messageBody":"","fileTypesAndContributionMap":{"functional-code":{"insertions":0,"deletions":6}}}]},{"date":"2022-03-17","commitResults":[{"hash":"32aaaaa48bc3b480fdf67d563eaa85052728a636","messageTitle":"Change JavaDoc, rename Event and Name attribute, fix indent","messageBody":"","fileTypesAndContributionMap":{"functional-code":{"insertions":34,"deletions":38},"test-code":{"insertions":4,"deletions":4}}},{"hash":"c1b32a30584902fbee2b4ded2040e0c1c4eff6c9","messageTitle":"Modify Person equals() and fix test cases","messageBody":"","fileTypesAndContributionMap":{"functional-code":{"insertions":5,"deletions":5},"test-code":{"insertions":2,"deletions":2}}},{"hash":"0fc4a8c8a2bbb7a9aada01900e7ed13c07fff955","messageTitle":"Add AddEventCommand tests","messageBody":"","fileTypesAndContributionMap":{"docs":{"insertions":0,"deletions":1},"test-code":{"insertions":69,"deletions":0}}},{"hash":"fadadacfba0c5c9f2ed46a0f0389a48d41f3b8ca","messageTitle":"Add AddEventCommandParser tests","messageBody":"","fileTypesAndContributionMap":{"functional-code":{"insertions":18,"deletions":0},"test-code":{"insertions":112,"deletions":1}}},{"hash":"0ae0c2368c6c66955a10e459c5e4e704cadb0fa3","messageTitle":"Fix test","messageBody":"","fileTypesAndContributionMap":{"functional-code":{"insertions":2,"deletions":2},"test-code":{"insertions":1,"deletions":1}}}]},{"date":"2022-03-21","commitResults":[{"hash":"b0b4926393513db084881df6d19417603beb58b9","messageTitle":"Move Person related parser tests to new package","messageBody":"","fileTypesAndContributionMap":{"other":{"insertions":4,"deletions":5}}},{"hash":"3c09d854b1ec9f6b600a2fbef5ac54254e3fb65b","messageTitle":"Add JsonAdaptedEvent tests","messageBody":"","fileTypesAndContributionMap":{"functional-code":{"insertions":14,"deletions":5},"test-code":{"insertions":118,"deletions":0}}},{"hash":"79db8d9a8da1aa7414f2a265a6fc1e99310f558a","messageTitle":"Remove EventDescription alphanumeric requirement","messageBody":"","fileTypesAndContributionMap":{"functional-code":{"insertions":5,"deletions":8},"test-code":{"insertions":5,"deletions":4}}},{"hash":"f416fad63560bfc7b51a894ca3d7a06d62af9e37","messageTitle":"Add JsonAdaptedSchedule test and recur reset test","messageBody":"","fileTypesAndContributionMap":{"functional-code":{"insertions":2,"deletions":1},"test-code":{"insertions":57,"deletions":0}}},{"hash":"7362c7d38d220e44430c28474ca5737631e23a69","messageTitle":"Fix checkstyle","messageBody":"","fileTypesAndContributionMap":{"functional-code":{"insertions":2,"deletions":19},"test-code":{"insertions":0,"deletions":3}}},{"hash":"858189d92ff5b0f8fe23d6a083b14b4388f1e67b","messageTitle":"Update UG","messageBody":"","fileTypesAndContributionMap":{"docs":{"insertions":15,"deletions":17}}},{"hash":"94e5b38596822a8730f63e3ab84e8119c67d4e11","messageTitle":"Disable / for EventDescription","messageBody":"","fileTypesAndContributionMap":{"functional-code":{"insertions":3,"deletions":4},"test-code":{"insertions":2,"deletions":1}}},{"hash":"cd9214076920f12c4eadf3d1a0ee132df984e9da","messageTitle":"Separate even and odd week tests for biweekly events","messageBody":"","fileTypesAndContributionMap":{"test-code":{"insertions":27,"deletions":11}}},{"hash":"d2ec434839a4e253c9e8b0135966bee563118b3e","messageTitle":"Fix recur bug and update test cases","messageBody":"","fileTypesAndContributionMap":{"functional-code":{"insertions":60,"deletions":64},"test-code":{"insertions":74,"deletions":44}}},{"hash":"8dd4a13835da38c46b6d9e46b14b47cbbdc1d8f7","messageTitle":"Move tag and recurfrequency packages","messageBody":"","fileTypesAndContributionMap":{"functional-code":{"insertions":21,"deletions":20},"other":{"insertions":3,"deletions":5},"test-code":{"insertions":14,"deletions":11}}},{"hash":"d3ee45e5279b2db0128acdf4c0ede045e9a1ef9a","messageTitle":"Change invalid event description","messageBody":"","fileTypesAndContributionMap":{"test-code":{"insertions":1,"deletions":1}}}]},{"date":"2022-03-22","commitResults":[{"hash":"c1563460e0d8c196cb6a0cabf14cb3e6cd858ddd","messageTitle":"Add logging to unhandled switch cases","messageBody":"","fileTypesAndContributionMap":{"functional-code":{"insertions":11,"deletions":16},"docs":{"insertions":1,"deletions":0}}},{"hash":"b3178b2e8fd68a3e6c72f2940ea5ffdde77cd1c1","messageTitle":"Fix checkstyle","messageBody":"","fileTypesAndContributionMap":{"functional-code":{"insertions":3,"deletions":2}}},{"hash":"84ed78090e81a0d933999e9618d313c1370b4f97","messageTitle":"Remove # in DG","messageBody":"","fileTypesAndContributionMap":{"docs":{"insertions":0,"deletions":1}}},{"hash":"629507cbde99689159df10f8e61a884e39d86245","messageTitle":"Add add event feature implementation","messageBody":"","fileTypesAndContributionMap":{"docs":{"insertions":161,"deletions":0}}},{"hash":"33a9742b7fbb93b5d13ee0f8f7022733e86d7553","messageTitle":"Improve clarity","messageBody":"","fileTypesAndContributionMap":{"docs":{"insertions":5,"deletions":5}}}]},{"date":"2022-03-23","commitResults":[{"hash":"92add8d85372078723281aa9cfd657ef1db9baaa","messageTitle":"Update DG","messageBody":"Co-authored-by: hanqinilnix \u003c77395961+hanqinilnix@users.noreply.github.com\u003e","fileTypesAndContributionMap":{"docs":{"insertions":1,"deletions":1}}},{"hash":"269dff87bd61354a89f845cf147117ffd97d0374","messageTitle":"Update DG","messageBody":"Co-authored-by: hanqinilnix \u003c77395961+hanqinilnix@users.noreply.github.com\u003e","fileTypesAndContributionMap":{"docs":{"insertions":1,"deletions":1}}},{"hash":"15e25797574da00c17c3bdcdedc5f6d466166b11","messageTitle":"Update DG","messageBody":"Co-authored-by: hanqinilnix \u003c77395961+hanqinilnix@users.noreply.github.com\u003e","fileTypesAndContributionMap":{"docs":{"insertions":1,"deletions":1}}},{"hash":"8c2569a8e09fdf2f5f0e4b20aed8f91c5a5d2de4","messageTitle":"Simplify sequence diagram","messageBody":"","fileTypesAndContributionMap":{"docs":{"insertions":0,"deletions":13}}},{"hash":"f51db52243748d24ab37a29329d51825e6d28498","messageTitle":"Update UG","messageBody":"","fileTypesAndContributionMap":{"docs":{"insertions":3,"deletions":1}}}]},{"date":"2022-03-24","commitResults":[{"hash":"4b626b425600389700acd300d9a4ada34cd58a7b","messageTitle":"Change sequence diagram","messageBody":"","fileTypesAndContributionMap":{"docs":{"insertions":0,"deletions":12}}}]},{"date":"2022-03-25","commitResults":[{"hash":"905af404da8e13610374393eee458ada8fc0c41f","messageTitle":"Change bullet point","messageBody":"","fileTypesAndContributionMap":{"docs":{"insertions":3,"deletions":3}}}]}],"vishandi":[{"date":"2022-02-20","commitResults":[{"hash":"6e21f423eb7bdd366dbc08ff5084a9e7edf4849d","messageTitle":"Update UserGuide","messageBody":"","fileTypesAndContributionMap":{"docs":{"insertions":98,"deletions":3}}},{"hash":"7551f145ee94ab86fd456cc2ede60df53b423e0c","messageTitle":"Update vishandi\u0027s part in AboutUs.md and add relevant files","messageBody":"","fileTypesAndContributionMap":{"docs":{"insertions":34,"deletions":2}}}]},{"date":"2022-02-27","commitResults":[{"hash":"33f687033dea0c6730e601a1ac0bb7e4828eb34a","messageTitle":"Modify AddCommand to enable user not to specify address and email","messageBody":"","fileTypesAndContributionMap":{"functional-code":{"insertions":33,"deletions":5}}},{"hash":"9023b5ce092df019eb3345f18ab71a738988e0ba","messageTitle":"Modify duplicate definition to combination of (Name, Phone)","messageBody":"","fileTypesAndContributionMap":{"functional-code":{"insertions":2,"deletions":1}}},{"hash":"bbe706a11d9e5fca41580447d90875f4066d7511","messageTitle":"Modify Person display","messageBody":"","fileTypesAndContributionMap":{"functional-code":{"insertions":99,"deletions":18}}},{"hash":"b95ebe371159a6b88be03783ea4dc3e99d8e14fa","messageTitle":"Modify tests and fix invalid Email and Address","messageBody":"(ParserUtilTest)remove parseAddress_invalidValue_throwsParseException()\nbecause Address can be empty.\n\n(AddCommandParserTest)remove missing email and address prefix tests\nbecause Address and Email can be empty upon creation of contact.\n\n(EmailTest)remove assertFalse empty email\nbecause Email can be empty.\n\n(AddressTest)remove assertFalse empty address\nbecause Address can be empty.\n\n(PersonTest)modify isSamePerson()\nbecause now two contacts are duplicate iff they have the same\n(Name, Phone).\n","fileTypesAndContributionMap":{"functional-code":{"insertions":18,"deletions":2},"test-code":{"insertions":20,"deletions":5}}}]},{"date":"2022-03-02","commitResults":[{"hash":"fd4ac5ab4ff5f5cb4960f23e44c83766d275f96b","messageTitle":"Modify UI","messageBody":"Make unknown fields not visible in the person\u0027s card.\nAdd functionality to email the person if the email is known.\n","fileTypesAndContributionMap":{"functional-code":{"insertions":70,"deletions":48}}}]},{"date":"2022-03-03","commitResults":[{"hash":"2c2f857c04a2cb6505c71e1d8fafce2d62803650","messageTitle":"Add deleteEvent command","messageBody":"","fileTypesAndContributionMap":{"functional-code":{"insertions":149,"deletions":0}}},{"hash":"5d2598d0bd27c5be9640bdaccc3e1a94b8d6ea25","messageTitle":"Modify Person\u0027s toString()","messageBody":"","fileTypesAndContributionMap":{"functional-code":{"insertions":16,"deletions":6}}},{"hash":"a5c8840013fcc01a95a0ed048172bb5307827ecb","messageTitle":"Add DeleteEventCommandTest","messageBody":"Move MESSAGE_INVALID_EVENT_DISPLAYED_INDEX to Messages.java\nModify typicalPersons and the corresponding JSON\n","fileTypesAndContributionMap":{"functional-code":{"insertions":7,"deletions":6},"test-code":{"insertions":119,"deletions":1}}},{"hash":"6d8157cb48b8d65e4ed92a6865e45a5cafcfb408","messageTitle":"Add DeleteEventCommandParserTest","messageBody":"","fileTypesAndContributionMap":{"test-code":{"insertions":30,"deletions":0}}},{"hash":"8b01233812d4cced9b2e7ab855f2ee0acd007ccd","messageTitle":"Fix checkstyle issue","messageBody":"","fileTypesAndContributionMap":{"test-code":{"insertions":4,"deletions":3}}},{"hash":"6163aaf09d76b43361d3b818dafcea0ec864ac20","messageTitle":"Make CommandExceptions consistent","messageBody":"","fileTypesAndContributionMap":{"functional-code":{"insertions":4,"deletions":4}}},{"hash":"294f4ac6d02dba447234cc97e60285efba597683","messageTitle":"Update README","messageBody":"","fileTypesAndContributionMap":{"docs":{"insertions":9,"deletions":8}}},{"hash":"039e0aec00fca31ed756f8d329a65268d0c2bab0","messageTitle":"Modify UG link","messageBody":"","fileTypesAndContributionMap":{"functional-code":{"insertions":1,"deletions":1}}},{"hash":"8c8fdde79e43355d184af55ce2f00e119b2b4963","messageTitle":"Update UserGuide","messageBody":"","fileTypesAndContributionMap":{"docs":{"insertions":60,"deletions":72}}},{"hash":"6064544c3818e7425014c525af20fbf293324911","messageTitle":"Remove trailing whitespaces","messageBody":"","fileTypesAndContributionMap":{"docs":{"insertions":12,"deletions":12}}}]},{"date":"2022-03-05","commitResults":[{"hash":"68e846774ac7a37724dc2a5a03df809f3e32d29c","messageTitle":"Add NFRs","messageBody":"","fileTypesAndContributionMap":{"docs":{"insertions":13,"deletions":10}}},{"hash":"d23f688edb6e96bdc91bbb8c9b56f81483d7f5b5","messageTitle":"Remove undo/redo feature in Implementation DG","messageBody":"","fileTypesAndContributionMap":{"docs":{"insertions":0,"deletions":261}}}]},{"date":"2022-03-06","commitResults":[{"hash":"72d513f4f0dedcb2c471caf611954b298c9d581e","messageTitle":"Remove one NFR and modify Glossary","messageBody":"","fileTypesAndContributionMap":{"docs":{"insertions":5,"deletions":1}}}]},{"date":"2022-03-08","commitResults":[{"hash":"148154b795d4620493b2a12b8336247c2e8c3204","messageTitle":"Add Telegram Class","messageBody":"","fileTypesAndContributionMap":{"functional-code":{"insertions":66,"deletions":3}}},{"hash":"e3b24f495a1bcdeb58a329287105e03a8c16d164","messageTitle":"Add TelegramTest","messageBody":"","fileTypesAndContributionMap":{"functional-code":{"insertions":1,"deletions":0},"test-code":{"insertions":47,"deletions":0}}},{"hash":"ec456c92f65396523a25f9775b15631a8f4f4998","messageTitle":"Modify GUI to add Telegram","messageBody":"","fileTypesAndContributionMap":{"functional-code":{"insertions":6,"deletions":0}}},{"hash":"b8ffce28e041ad55d2b2873d66c2d5e284e5661b","messageTitle":"Modify Storage to support Telegram","messageBody":"","fileTypesAndContributionMap":{"functional-code":{"insertions":88,"deletions":11},"test-code":{"insertions":36,"deletions":12}}},{"hash":"4c9675154aea665a2254138e1a284c600c10ab90","messageTitle":"Fix testing issues","messageBody":"","fileTypesAndContributionMap":{"functional-code":{"insertions":1,"deletions":1},"test-code":{"insertions":5,"deletions":4}}},{"hash":"0ea41c4066956f6a2078df7328f1ad4598ecd851","messageTitle":"Add edit tg/ functionality","messageBody":"","fileTypesAndContributionMap":{"functional-code":{"insertions":38,"deletions":10}}},{"hash":"7d4c7131bf954db59ca6bdc72817624daed7fb1c","messageTitle":"Fix checkstyle","messageBody":"","fileTypesAndContributionMap":{"functional-code":{"insertions":16,"deletions":7}}},{"hash":"f8fa6025cf2720460e2ad85fc63fa7d8476e40e4","messageTitle":"Update UG","messageBody":"","fileTypesAndContributionMap":{"docs":{"insertions":2,"deletions":2}}},{"hash":"45b9e9ddf5e0a4bfc1cd2960d93cb3a5a017cc33","messageTitle":"Fix typo in EditCommand","messageBody":"","fileTypesAndContributionMap":{"functional-code":{"insertions":2,"deletions":5}}},{"hash":"483bd6c539d7edaef3430b5f64f756e68998c2db","messageTitle":"Fix checkstyle","messageBody":"","fileTypesAndContributionMap":{"functional-code":{"insertions":6,"deletions":1}}},{"hash":"aed6e6021a0dc0e46caa9d532d793976f6ed59d4","messageTitle":"Remove isDefault attribute in Telegram","messageBody":"","fileTypesAndContributionMap":{"functional-code":{"insertions":25,"deletions":31},"test-code":{"insertions":3,"deletions":3}}},{"hash":"0b3a489ef3ccc12fbb57c516d938434931302dc8","messageTitle":"Modify getTelegram() to return Telegram","messageBody":"","fileTypesAndContributionMap":{"functional-code":{"insertions":10,"deletions":18},"test-code":{"insertions":2,"deletions":2}}},{"hash":"6d4c90b400eda3b41c54bc169f5272b154488412","messageTitle":"Modify Email to be similar as Telegram","messageBody":"","fileTypesAndContributionMap":{"functional-code":{"insertions":32,"deletions":30},"test-code":{"insertions":33,"deletions":44}}},{"hash":"66aa68de7e2d15253ec2dfe29c8696f68f8028e8","messageTitle":"Fix checkstyle and UserGuide.md","messageBody":"","fileTypesAndContributionMap":{"functional-code":{"insertions":0,"deletions":4},"docs":{"insertions":2,"deletions":2}}}]},{"date":"2022-03-09","commitResults":[{"hash":"ccfa618154b61086e5d2b2c111f167045228f8f6","messageTitle":"Modify Telegram","messageBody":"","fileTypesAndContributionMap":{"functional-code":{"insertions":9,"deletions":20},"test-code":{"insertions":6,"deletions":9}}},{"hash":"49e362fc3fbc219c59c04c83a8e6451b38198e1c","messageTitle":"Modify Email","messageBody":"","fileTypesAndContributionMap":{"functional-code":{"insertions":9,"deletions":24},"test-code":{"insertions":33,"deletions":33}}},{"hash":"fb22000f09c91be86ec5b772b357182c6172c0c2","messageTitle":"Modify Address","messageBody":"","fileTypesAndContributionMap":{"functional-code":{"insertions":14,"deletions":31}}}]},{"date":"2022-03-13","commitResults":[{"hash":"f3470634b08651d425d2f262a5dc136664fee9b3","messageTitle":"Fix typo in Telegram Regex","messageBody":"","fileTypesAndContributionMap":{"functional-code":{"insertions":2,"deletions":2}}}]},{"date":"2022-03-14","commitResults":[{"hash":"cbf81b7ef351708a7263a95df33ee1c64adad262","messageTitle":"Add GitHub class","messageBody":"","fileTypesAndContributionMap":{"functional-code":{"insertions":57,"deletions":0}}},{"hash":"2974e5644aac40356b69bee19b0bf9d07aca3f2e","messageTitle":"Add GitHubTest","messageBody":"","fileTypesAndContributionMap":{"test-code":{"insertions":50,"deletions":0}}},{"hash":"85bb7a8665fdd4317eba2167b2c790663d93b2b9","messageTitle":"Modify GUI to add GitHub","messageBody":"","fileTypesAndContributionMap":{"functional-code":{"insertions":7,"deletions":1}}},{"hash":"116a7ec93bb1cdcf5f152637ad5590faf886144a","messageTitle":"Modify Storage and AddCommand to support GitHub","messageBody":"","fileTypesAndContributionMap":{"functional-code":{"insertions":94,"deletions":21},"test-code":{"insertions":41,"deletions":18}}},{"hash":"0f8386f9ba945af90fb6865c51e8382d47ef21a7","messageTitle":"Modify EditCommand to support GitHub","messageBody":"","fileTypesAndContributionMap":{"functional-code":{"insertions":8,"deletions":2}}}]},{"date":"2022-03-15","commitResults":[{"hash":"7272b4b480e7f7687fdb681b3354dfe216fec0f9","messageTitle":"Modify UI","messageBody":"","fileTypesAndContributionMap":{"functional-code":{"insertions":39,"deletions":24}}},{"hash":"790cd14859b9045a13573c289c63d7aa4b23aaf3","messageTitle":"Make right panel behaves like personlist","messageBody":"","fileTypesAndContributionMap":{"functional-code":{"insertions":9,"deletions":2}}},{"hash":"9e4d28c1e32afad215c255f93fe6e97d56ab6c96","messageTitle":"Add ViewCommand","messageBody":"","fileTypesAndContributionMap":{"functional-code":{"insertions":147,"deletions":1}}},{"hash":"544755f3e52a27df3a5eb404e2b483b5a168dfd6","messageTitle":"Modify UI and other commands to support ViewCommand","messageBody":"","fileTypesAndContributionMap":{"functional-code":{"insertions":20,"deletions":9},"test-code":{"insertions":9,"deletions":0}}},{"hash":"06334b54a0c135ea7553e918f68558625b2e1aab","messageTitle":"Remove whitespaces on MainWindow.fxml","messageBody":"","fileTypesAndContributionMap":{"functional-code":{"insertions":0,"deletions":5}}},{"hash":"b7cf7da4715410dda03ec199dd2f207b5a5bf72d","messageTitle":"Make ViewPanel only updates upon View Command called","messageBody":"","fileTypesAndContributionMap":{"functional-code":{"insertions":0,"deletions":6}}}]},{"date":"2022-03-16","commitResults":[{"hash":"2df497dd467c39222220f54864ae5358b3260d2b","messageTitle":"Fix checkstyle","messageBody":"","fileTypesAndContributionMap":{"functional-code":{"insertions":0,"deletions":6}}},{"hash":"1608e41f6067cafd3a16cb70e1f88069b1ffdc91","messageTitle":"add gh/ to edit","messageBody":"","fileTypesAndContributionMap":{"docs":{"insertions":2,"deletions":2}}},{"hash":"7d484e1bfb21f7f498eab675fa3b804253bcc898","messageTitle":"Fix error messages in DeleteEventCommand and EditEventCommand","messageBody":"","fileTypesAndContributionMap":{"functional-code":{"insertions":3,"deletions":3},"docs":{"insertions":1,"deletions":1}}},{"hash":"b36735562c6d917543b76284d3e5be1b9c7021bb","messageTitle":"Modify ModelClassDiagram","messageBody":"","fileTypesAndContributionMap":{"docs":{"insertions":9,"deletions":0}}}]},{"date":"2022-03-17","commitResults":[{"hash":"7c6c4f7d975746eb381c34df124b193a1eee5b1c","messageTitle":"Fix error in tests","messageBody":"","fileTypesAndContributionMap":{"functional-code":{"insertions":2,"deletions":2},"test-code":{"insertions":1,"deletions":1}}},{"hash":"9e87f166cc016525f5e65e46be729d4f70fc7801","messageTitle":"Add Edit and Add Command tests","messageBody":"","fileTypesAndContributionMap":{"test-code":{"insertions":133,"deletions":24}}},{"hash":"66b606e26506ed0cf4ebbd0f0103c33e869db5f9","messageTitle":"Update UG","messageBody":"","fileTypesAndContributionMap":{"docs":{"insertions":27,"deletions":10}}},{"hash":"75ca3aa9e0264ba0a9cb635217aed6fd15090cc0","messageTitle":"fix checkstyle","messageBody":"","fileTypesAndContributionMap":{"test-code":{"insertions":0,"deletions":1}}},{"hash":"a27a153f9d605cce98aedb783c04cecff74d2205","messageTitle":"Make github clickable","messageBody":"","fileTypesAndContributionMap":{"functional-code":{"insertions":35,"deletions":7}}},{"hash":"74277a828899aff396d29eececdf7b8f29b56e77","messageTitle":"Make left and right panel resizable","messageBody":"","fileTypesAndContributionMap":{"functional-code":{"insertions":6,"deletions":6}}},{"hash":"242a48076f7a58ac33e0edd4c81ee6a60d57a32d","messageTitle":"Modify User Guide","messageBody":"","fileTypesAndContributionMap":{"docs":{"insertions":3,"deletions":3}}},{"hash":"d1babc8d7c40fbe0e632228142c16c04d81a37cb","messageTitle":"Remove dummy telegram","messageBody":"","fileTypesAndContributionMap":{"test-code":{"insertions":2,"deletions":8}}},{"hash":"e9a064e26fef2b39e81ec32bd53c5ccda851ac9c","messageTitle":"Add website link to README","messageBody":"","fileTypesAndContributionMap":{"docs":{"insertions":1,"deletions":1}}},{"hash":"3053b81c6b6665e0275a942c285200f34c607745","messageTitle":"Fix AB-3 link","messageBody":"","fileTypesAndContributionMap":{"docs":{"insertions":2,"deletions":2}}}]},{"date":"2022-03-18","commitResults":[{"hash":"4b6a2efcabb71a7bd0c890f2e5c198934fa4721b","messageTitle":"Fix image link and modify archiveName to UniGenda","messageBody":"","fileTypesAndContributionMap":{"functional-code":{"insertions":5,"deletions":5},"other":{"insertions":1,"deletions":1}}}]},{"date":"2022-03-22","commitResults":[{"hash":"5a2ce42ad97b0cbf4a962ba55553628524f4ffe8","messageTitle":"Enable reset optional attributes","messageBody":"","fileTypesAndContributionMap":{"functional-code":{"insertions":16,"deletions":4}}},{"hash":"c85faf96aa00349790137240b44737f9a2d7ca0e","messageTitle":"Modify UG","messageBody":"","fileTypesAndContributionMap":{"docs":{"insertions":2,"deletions":0}}},{"hash":"fad1792c054e5f52aa79a88250e73f6d37b31e1c","messageTitle":"Revert resetting optional attributes in ParserUtil","messageBody":"","fileTypesAndContributionMap":{"functional-code":{"insertions":4,"deletions":16}}},{"hash":"48047ee79fe15092721563df016b098f594e2650","messageTitle":"Re-enable reset optional attributes (only upon editing)","messageBody":"","fileTypesAndContributionMap":{"functional-code":{"insertions":74,"deletions":6}}},{"hash":"9c30eaa9317ac9efcb82a27faabb2d1f973b9edf","messageTitle":"Add reset optional attributes test","messageBody":"","fileTypesAndContributionMap":{"test-code":{"insertions":61,"deletions":0}}},{"hash":"67641035940418dededc474e8727d56e866c81e1","messageTitle":"Remove Invalid Address test: no invalid address for editing now","messageBody":"","fileTypesAndContributionMap":{"test-code":{"insertions":0,"deletions":1}}},{"hash":"c0bfb412a9f6e79186d78c821da426a4f22ceddf","messageTitle":"Fix checkstyle","messageBody":"","fileTypesAndContributionMap":{"test-code":{"insertions":0,"deletions":2}}}]},{"date":"2022-03-24","commitResults":[{"hash":"d5a63f8034f1bfeadc44083385e985928564ed7a","messageTitle":"Separate viewed panel from PersonListPanel.fxml","messageBody":"","fileTypesAndContributionMap":{"functional-code":{"insertions":62,"deletions":2}}},{"hash":"11ea7fefa9a2b1ca1aa28f9c64b9dcf94c9d5e5c","messageTitle":"Remove debug print","messageBody":"","fileTypesAndContributionMap":{"functional-code":{"insertions":0,"deletions":3}}},{"hash":"1c7423f85af55e16da32a9e554175c3de7789568","messageTitle":"Separate ViewPersonCard","messageBody":"","fileTypesAndContributionMap":{"functional-code":{"insertions":191,"deletions":1}}},{"hash":"4798f2f56d63c93a459ffab319e4ad5497562a19","messageTitle":"Separate PersonViewCard.fxml","messageBody":"","fileTypesAndContributionMap":{"functional-code":{"insertions":55,"deletions":1},"other":{"insertions":5,"deletions":5}}},{"hash":"bc6e3b73574ee8df7d19f671953372608bfea12b","messageTitle":"Remove Schedule from PersonCard","messageBody":"","fileTypesAndContributionMap":{"functional-code":{"insertions":0,"deletions":11}}},{"hash":"53da80b7054ad0d4b60a3a430bfef7ae1f195824","messageTitle":"Remove optional attributes from PersonViewCard","messageBody":"","fileTypesAndContributionMap":{"functional-code":{"insertions":4,"deletions":113}}},{"hash":"9b7f1e060090283d27fb7ac7fe579dcd1aa74766","messageTitle":"Modify UI","messageBody":"","fileTypesAndContributionMap":{"functional-code":{"insertions":13,"deletions":11}}},{"hash":"997c626bfb1335f3e602dd45b5be9dd13f1a5eff","messageTitle":"Add ViewCommandParserTest","messageBody":"","fileTypesAndContributionMap":{"functional-code":{"insertions":7,"deletions":2},"test-code":{"insertions":26,"deletions":0}}},{"hash":"24c23275e33eeced971a8da6e9136f25d6070adb","messageTitle":"Add ViewCommandTest","messageBody":"","fileTypesAndContributionMap":{"functional-code":{"insertions":10,"deletions":5},"test-code":{"insertions":99,"deletions":0}}},{"hash":"633c4dcca30f91b9a61565fd640b974f39f75f77","messageTitle":"Modify UI","messageBody":"","fileTypesAndContributionMap":{"functional-code":{"insertions":3,"deletions":4},"test-code":{"insertions":2,"deletions":2}}},{"hash":"7fecccd46e584e7b5a006a40ba152a35d1b3e80c","messageTitle":"Fix checkstyle","messageBody":"","fileTypesAndContributionMap":{"functional-code":{"insertions":0,"deletions":1}}},{"hash":"826e35f39d5ff7b0c6d647ab83cfcd06ccf4ba73","messageTitle":"Update DG for View Command","messageBody":"","fileTypesAndContributionMap":{"docs":{"insertions":135,"deletions":0}}},{"hash":"84b16e027f6fa45076ad6538dca5b4770fa79c5f","messageTitle":"Fix typo","messageBody":"","fileTypesAndContributionMap":{"docs":{"insertions":1,"deletions":1}}}]},{"date":"2022-03-25","commitResults":[{"hash":"fef55402bc162b7bca6aa09bcfc7639575434d50","messageTitle":"Refactor ViewCommand to ViewScheduleCommand","messageBody":"","fileTypesAndContributionMap":{"functional-code":{"insertions":4,"deletions":4},"other":{"insertions":34,"deletions":31},"docs":{"insertions":103,"deletions":102}}},{"hash":"ad4d7bc5b770630901cadf30f905664de2a32e72","messageTitle":"Remove design consideration from implementation","messageBody":"","fileTypesAndContributionMap":{"docs":{"insertions":1,"deletions":4}}},{"hash":"df4eac50db1a0df95512f31e9fabcb4bdc7c6977","messageTitle":"Change design consideration title","messageBody":"","fileTypesAndContributionMap":{"docs":{"insertions":3,"deletions":3}}},{"hash":"3a34c402ef6097fedc82359290bfa10beeee573e","messageTitle":"Update DG and Sequence Diagram based on suggestions","messageBody":"","fileTypesAndContributionMap":{"docs":{"insertions":6,"deletions":8}}},{"hash":"2d6c8251704911f6796d55ca1bb6a49bb51eeab0","messageTitle":"Refactor PersonViewCard","messageBody":"","fileTypesAndContributionMap":{"functional-code":{"insertions":2,"deletions":2},"other":{"insertions":11,"deletions":11}}},{"hash":"c1aec8e11164c2c21fc9f2918bf65e13c1eee535","messageTitle":"Refactor some weird names","messageBody":"","fileTypesAndContributionMap":{"functional-code":{"insertions":8,"deletions":17},"docs":{"insertions":6,"deletions":6},"test-code":{"insertions":4,"deletions":4}}},{"hash":"439012b57c440a674899e79dc88ab815940b44a3","messageTitle":"Rename ScheduleCardPanel and edit DG","messageBody":"","fileTypesAndContributionMap":{"functional-code":{"insertions":2,"deletions":2},"other":{"insertions":4,"deletions":4},"docs":{"insertions":4,"deletions":4}}}]}],"markbiju":[{"date":"2022-03-02","commitResults":[{"hash":"fa30de79290257d10c92f2a44c3429e44b7f45f8","messageTitle":"Update AboutUs","messageBody":"","fileTypesAndContributionMap":{"docs":{"insertions":32,"deletions":0}}},{"hash":"fb37975ddb13d895b479db5fc0f7d7fcc8b64983","messageTitle":"Update AboutUs.md","messageBody":"","fileTypesAndContributionMap":{"docs":{"insertions":3,"deletions":3}}}]},{"date":"2022-03-03","commitResults":[{"hash":"e4529837db582d43c61150d00656db93ca343cc8","messageTitle":"Update DeveloperGuide.md","messageBody":"","fileTypesAndContributionMap":{"docs":{"insertions":13,"deletions":11}}}]},{"date":"2022-03-13","commitResults":[{"hash":"3e5720d42526209b7ebd6ce3988eeb39a1ef9f81","messageTitle":"Add ViewGroup command","messageBody":"","fileTypesAndContributionMap":{"functional-code":{"insertions":116,"deletions":0}}},{"hash":"aeaf36d7ebadf8d6110e1573a603b2278e919a39","messageTitle":"Update ViewGroupCommand","messageBody":"","fileTypesAndContributionMap":{"functional-code":{"insertions":8,"deletions":11}}}]},{"date":"2022-03-14","commitResults":[{"hash":"dfde9d1de03d817f5189db3bacf108f8e7517893","messageTitle":"Update Event.java","messageBody":"","fileTypesAndContributionMap":{"functional-code":{"insertions":1,"deletions":0}}},{"hash":"bc6ca51b81292dae96cb04a1e0b62fd4f165f8b8","messageTitle":"Update src/main/java/seedu/address/model/tag/IsTagInPersonPredicate.java","messageBody":"Co-authored-by: hanqinilnix \u003c77395961+hanqinilnix@users.noreply.github.com\u003e","fileTypesAndContributionMap":{"functional-code":{"insertions":1,"deletions":1}}},{"hash":"0fec712faf5690eba280b1999bb29c8429ee559e","messageTitle":"Update src/main/java/seedu/address/model/tag/IsTagInPersonPredicate.java","messageBody":"Co-authored-by: hanqinilnix \u003c77395961+hanqinilnix@users.noreply.github.com\u003e","fileTypesAndContributionMap":{"functional-code":{"insertions":1,"deletions":1}}},{"hash":"c357a11f1d29731109949cecb0110d6a94fd317c","messageTitle":"Update ViewGroupCommand.java","messageBody":"","fileTypesAndContributionMap":{"functional-code":{"insertions":3,"deletions":0}}},{"hash":"5bab3f4d32adad66c884ee0cc27f1840c405082b","messageTitle":"Update IsTagInPersonPredicate.java","messageBody":"","fileTypesAndContributionMap":{"functional-code":{"insertions":1,"deletions":1}}},{"hash":"1ce4841257091d5c77e690c377f38db4e1d2d2d5","messageTitle":"Update ViewGroupCommand","messageBody":"","fileTypesAndContributionMap":{"functional-code":{"insertions":16,"deletions":14}}},{"hash":"e8428d27d03af4722f644131f609d0606bac6efa","messageTitle":"Update src/main/java/seedu/address/logic/commands/person/ViewGroupCommand.java","messageBody":"Co-authored-by: hanqinilnix \u003c77395961+hanqinilnix@users.noreply.github.com\u003e","fileTypesAndContributionMap":{"functional-code":{"insertions":1,"deletions":1}}},{"hash":"63de8757d9ebcd722c50804b21d8820818c2425d","messageTitle":"Update src/main/java/seedu/address/logic/parser/person/ViewGroupCommandParser.java","messageBody":"Co-authored-by: hanqinilnix \u003c77395961+hanqinilnix@users.noreply.github.com\u003e","fileTypesAndContributionMap":{"functional-code":{"insertions":1,"deletions":1}}}]},{"date":"2022-03-17","commitResults":[{"hash":"c3fb51527b01e50d0b7839942ee97e8ddcdde4b4","messageTitle":"Update UserGuide.md","messageBody":"","fileTypesAndContributionMap":{"docs":{"insertions":10,"deletions":9}}},{"hash":"a6bfecb8097389c27cbd605eafdde303ad53813b","messageTitle":"Update UserGuide.md","messageBody":"","fileTypesAndContributionMap":{"docs":{"insertions":17,"deletions":16}}}]},{"date":"2022-03-25","commitResults":[{"hash":"e09efb5acffa1758fa8494b62259f2f485faa505","messageTitle":"Update DeveloperGuide - FindCommonTiming","messageBody":"","fileTypesAndContributionMap":{"docs":{"insertions":48,"deletions":0}}},{"hash":"ab9ea34efdbb45f69a7d252b0163f61c7bd4c3e7","messageTitle":"Update DeveloperGuide.md","messageBody":"","fileTypesAndContributionMap":{"docs":{"insertions":11,"deletions":17}}},{"hash":"19fe8e96de31c50c4cc7f32049083454acf729fe","messageTitle":"Update DeveloperGuide.md","messageBody":"","fileTypesAndContributionMap":{"docs":{"insertions":5,"deletions":5}}}]}],"hanqinilnix":[{"date":"2022-02-23","commitResults":[{"hash":"ef455412615d1c3ab6229f4e74d7244b1a66fa21","messageTitle":"Fix duplicated event for all sample data person","messageBody":"","fileTypesAndContributionMap":{"functional-code":{"insertions":6,"deletions":8}}}]},{"date":"2022-02-24","commitResults":[{"hash":"4c66050e1bee68b724d5b06c6cdfa4f26bee14b4","messageTitle":"Update AboutUs page, include Han Qin\u0027s profile image #3","messageBody":"","fileTypesAndContributionMap":{"docs":{"insertions":34,"deletions":2}}},{"hash":"316a3ee57800aae7e006d456e151ded256ca3e35","messageTitle":"Add FreeScheduleCommand","messageBody":"","fileTypesAndContributionMap":{"functional-code":{"insertions":31,"deletions":0}}}]},{"date":"2022-02-25","commitResults":[{"hash":"773b9e3f8e59eb3a6af84da4be2ca33b693245f2","messageTitle":"Update AddressBookParser to include FreeScheduleCommand","messageBody":"","fileTypesAndContributionMap":{"functional-code":{"insertions":4,"deletions":0}}},{"hash":"f332a7a00d7efbb40963e126b632efc6a6034689","messageTitle":"Add FreeScheduleCommandParser to handle user input","messageBody":"","fileTypesAndContributionMap":{"functional-code":{"insertions":83,"deletions":0}}},{"hash":"d9a87853f789e2437b9105b8cc9edfff474d57de","messageTitle":"Add FreeScheduleCommandParser to handle user input","messageBody":"","fileTypesAndContributionMap":{"functional-code":{"insertions":1,"deletions":1}}},{"hash":"84818bf98137f9475bf9f4c3fce4ad9eb089030b","messageTitle":"Modify FreeScheduleCommand to display what is required","messageBody":"","fileTypesAndContributionMap":{"functional-code":{"insertions":21,"deletions":3}}},{"hash":"0a47d908a6cd2dea2ef05e90d05364e2a9243d09","messageTitle":"Remove unused import","messageBody":"","fileTypesAndContributionMap":{"functional-code":{"insertions":0,"deletions":1}}},{"hash":"4c32b0ff11e38b90cc6f7f7df7a0d9ee099297ea","messageTitle":"Include Javadoc comment #15","messageBody":"","fileTypesAndContributionMap":{"functional-code":{"insertions":3,"deletions":0}}},{"hash":"95111921431b411a87715bd9dda9f8a89c37c395","messageTitle":"Include Javadoc comment #15","messageBody":"","fileTypesAndContributionMap":{"functional-code":{"insertions":5,"deletions":0}}}]},{"date":"2022-02-27","commitResults":[{"hash":"ec5d98ea56d520943068a25b80bc01b34d5e063a","messageTitle":"Add checks for schedule in the equals() method for the EditPersonDescriptor","messageBody":"","fileTypesAndContributionMap":{"functional-code":{"insertions":1,"deletions":0}}},{"hash":"7c0feed708ab1840fa97239272deff5d92683c45","messageTitle":"Remove unnecessary print statement","messageBody":"","fileTypesAndContributionMap":{"functional-code":{"insertions":0,"deletions":1}}},{"hash":"9158f9b27c3e2fad5402026fab74c13aba89c767","messageTitle":"Add method to parse multiple indices","messageBody":"","fileTypesAndContributionMap":{"functional-code":{"insertions":19,"deletions":0}}},{"hash":"2dbd9f9a8ce202d150565e77a9d8a2617773ece8","messageTitle":"Add EditEventCommand #23","messageBody":"","fileTypesAndContributionMap":{"functional-code":{"insertions":312,"deletions":0}}},{"hash":"4f89bea54544e558ded41b32768d47fdc9c2f15b","messageTitle":"Include javadocs for EditEventCommand and EditEventCommandParser #23","messageBody":"","fileTypesAndContributionMap":{"functional-code":{"insertions":6,"deletions":0}}},{"hash":"a47c33e498fab5380eddc36c39a408b45fdabe1f","messageTitle":"Modify javadocs for EditEventCommand #23","messageBody":"","fileTypesAndContributionMap":{"functional-code":{"insertions":5,"deletions":0}}},{"hash":"4850ea62e301f34333455aa5ac79e7b00f5ebd82","messageTitle":"Add getEndTime method #22","messageBody":"","fileTypesAndContributionMap":{"functional-code":{"insertions":4,"deletions":0}}},{"hash":"296f58bd71ca99afb5c7900db7aa368ec3e63bb5","messageTitle":"Rename EventCollideWithTimeDatePredicate to IsPersonFreePredicate #22","messageBody":"","fileTypesAndContributionMap":{"functional-code":{"insertions":6,"deletions":6},"other":{"insertions":7,"deletions":7}}},{"hash":"3086da78c61808018d81ab20122e557dc0f5748c","messageTitle":"Modify EditEventCommandParser","messageBody":"Ensure that no more than 2 indices can be entered as the\nuser input\n","fileTypesAndContributionMap":{"functional-code":{"insertions":4,"deletions":1}}}]},{"date":"2022-03-04","commitResults":[{"hash":"e33a8e739cfa0c54e9104d830990ce69743debd2","messageTitle":"Move schedule-related parser classes into new package, schedule","messageBody":"","fileTypesAndContributionMap":{"functional-code":{"insertions":4,"deletions":0},"other":{"insertions":21,"deletions":4},"test-code":{"insertions":1,"deletions":0}}}]},{"date":"2022-03-05","commitResults":[{"hash":"86396df3ba65705e5497e3a0dfe51d39deeab8d5","messageTitle":"Make events immutable","messageBody":"","fileTypesAndContributionMap":{"functional-code":{"insertions":2,"deletions":1}}},{"hash":"02f8b338128e5dbebaadf8e1697892f41870f570","messageTitle":"Add EMPTY_SCHEDULE for easier use to create new test cases","messageBody":"","fileTypesAndContributionMap":{"functional-code":{"insertions":1,"deletions":0}}},{"hash":"441f371592e753e3d1ef933ecd86b5a1797b2bf0","messageTitle":"Modify sample persons to use EMPTY_SCHEDULE from Schedule class","messageBody":"","fileTypesAndContributionMap":{"functional-code":{"insertions":6,"deletions":6}}},{"hash":"3157fda13d509d599935889fdb8fdef42bf0dcff","messageTitle":"Remove EditScheduleDescriptor","messageBody":"EditScheduleDescriptor was an additional layer that returns\nunmodifiable list. This was unnecessary since Schedule\nreturns unmodifiable list as well.\n","fileTypesAndContributionMap":{"functional-code":{"insertions":9,"deletions":75}}},{"hash":"0911cd7285aa83ea1360564c61a1974899ce2e05","messageTitle":"Remove unused imports","messageBody":"","fileTypesAndContributionMap":{"functional-code":{"insertions":0,"deletions":3}}},{"hash":"2d5d9a7155c82eabc179ce3f49d426c80143f993","messageTitle":"Remove unused imports","messageBody":"","fileTypesAndContributionMap":{"functional-code":{"insertions":0,"deletions":1}}}]},{"date":"2022-03-06","commitResults":[{"hash":"fec0031414116c65d8330a2b949f63d9fd2e3bcb","messageTitle":"Add line break before example for MESSAGE_USAGE","messageBody":"","fileTypesAndContributionMap":{"functional-code":{"insertions":1,"deletions":1}}},{"hash":"c42b72bec51fb5f236d816c37c2ecd108a5f0393","messageTitle":"Add line break before example for MESSAGE_USAGE","messageBody":"","fileTypesAndContributionMap":{"functional-code":{"insertions":1,"deletions":1}}},{"hash":"b41a9313ae90900ae0a886972683d427338efc85","messageTitle":"Modify Label of phone to make it the same font weight as the other Labels","messageBody":"","fileTypesAndContributionMap":{"functional-code":{"insertions":1,"deletions":1}}}]},{"date":"2022-03-12","commitResults":[{"hash":"918b2cfad8f74c6a38d7db300d0ca87d58c680e7","messageTitle":"Modify MESSAGE_USAGE","messageBody":"","fileTypesAndContributionMap":{"functional-code":{"insertions":1,"deletions":1}}}]},{"date":"2022-03-13","commitResults":[{"hash":"a6806841e9e5df429356c432b2648a2d6f7cb47b","messageTitle":"Add line space in Event.java","messageBody":"","fileTypesAndContributionMap":{"functional-code":{"insertions":1,"deletions":0}}},{"hash":"a58c960775deef570641d56bbd2a394bd956f516","messageTitle":"Add withEvent() method that takes in Event","messageBody":"","fileTypesAndContributionMap":{"test-code":{"insertions":11,"deletions":1}}},{"hash":"1abea82436c3c9867ced81e936dbb463e015d5eb","messageTitle":"Add EditPersonDescriptorBuilder#withTelegram","messageBody":"","fileTypesAndContributionMap":{"test-code":{"insertions":10,"deletions":1}}},{"hash":"ad91ca8e06623191fd937b2b5bd2480a3e650dbb","messageTitle":"Add EventBuilder","messageBody":"","fileTypesAndContributionMap":{"test-code":{"insertions":122,"deletions":0}}},{"hash":"8ff3c676d5a79bf3caa25331b180f16508f4eee6","messageTitle":"Add EditEventDescriptorBuilder","messageBody":"","fileTypesAndContributionMap":{"test-code":{"insertions":96,"deletions":0}}},{"hash":"4b92d311a1808cc3ea0171ea91f871eeab49abed","messageTitle":"Add TypicalSchedule","messageBody":"","fileTypesAndContributionMap":{"test-code":{"insertions":49,"deletions":0}}},{"hash":"6c0edc229137a07194cbd4e63c84d0484bc5e05c","messageTitle":"Remove trailing whitespace","messageBody":"","fileTypesAndContributionMap":{"functional-code":{"insertions":0,"deletions":1}}},{"hash":"97e3e380f991586f0e38dca5c90f84c4127b2373","messageTitle":"Modify time of events","messageBody":"","fileTypesAndContributionMap":{"test-code":{"insertions":7,"deletions":7}}}]},{"date":"2022-03-14","commitResults":[{"hash":"70a1dc0d276f88537a6237ba7c6251878f17e21f","messageTitle":"Update UserGuide","messageBody":"","fileTypesAndContributionMap":{"docs":{"insertions":27,"deletions":16}}},{"hash":"746a945eb6ded0a1781c470349d93a2e722f5e54","messageTitle":"Add table of contents","messageBody":"","fileTypesAndContributionMap":{"docs":{"insertions":49,"deletions":40}}},{"hash":"842869d681a2b147b1ae6cfcb3923a051652fd45","messageTitle":"Edit table of contents","messageBody":"","fileTypesAndContributionMap":{"docs":{"insertions":2,"deletions":2}}},{"hash":"a3320b6f9140e3e97e6d7498a566f59f5dbc8d71","messageTitle":"Link to proper headers","messageBody":"","fileTypesAndContributionMap":{"docs":{"insertions":41,"deletions":41}}},{"hash":"b6152d14904edd6f0785ecc00bc85f716cf3700e","messageTitle":"Edit freeSchedule UG","messageBody":"","fileTypesAndContributionMap":{"docs":{"insertions":1,"deletions":1}}}]},{"date":"2022-03-15","commitResults":[{"hash":"a42496af3070ea2d0b290857518f65aebf859285","messageTitle":"Add EventDescriptionTest","messageBody":"","fileTypesAndContributionMap":{"test-code":{"insertions":33,"deletions":0}}},{"hash":"d319346978c54837b3f3fb57dc871f2f76fd2984","messageTitle":"Modify Javadocs to fix coding styles","messageBody":"","fileTypesAndContributionMap":{"functional-code":{"insertions":5,"deletions":2}}},{"hash":"ffcaf784197295c546fec508ec9eefbcd6b6fb34","messageTitle":"Add Javadocs for FreeScheduleCommand and FreeScheduleCommandParser #63","messageBody":"","fileTypesAndContributionMap":{"functional-code":{"insertions":7,"deletions":0}}},{"hash":"1692ede4e07120fe452ec1ea1378fcb43887e81a","messageTitle":"Modify IsPersonFreePredicate to check equals for date","messageBody":"","fileTypesAndContributionMap":{"functional-code":{"insertions":2,"deletions":1}}},{"hash":"c97f5ffa79296b26b42ec62318cec5aa1a0d8791","messageTitle":"Fix attributes to comply with the parser","messageBody":"","fileTypesAndContributionMap":{"test-code":{"insertions":16,"deletions":5}}},{"hash":"a1921404ddf7999d1e6ec3cb5172c0a924accffa","messageTitle":"Add IsPersonFreePredicateTest","messageBody":"","fileTypesAndContributionMap":{"test-code":{"insertions":79,"deletions":0}}},{"hash":"839ccec6b2b16dc137c302a00d3ea790bfa34b24","messageTitle":"Remove unused imports","messageBody":"","fileTypesAndContributionMap":{"test-code":{"insertions":0,"deletions":4}}},{"hash":"df0b732d66d1811d04a82f18339a05ec3bed38dd","messageTitle":"Add more test cases","messageBody":"","fileTypesAndContributionMap":{"test-code":{"insertions":12,"deletions":5}}},{"hash":"816d68d2756625895932fb0f48658648f1213720","messageTitle":"Modify test samples","messageBody":"","fileTypesAndContributionMap":{"test-code":{"insertions":8,"deletions":16}}},{"hash":"0a8abc1eea0bd139e58b825095841982d690dd65","messageTitle":"Modify test case","messageBody":"","fileTypesAndContributionMap":{"test-code":{"insertions":2,"deletions":1}}},{"hash":"347c76863b7a432c0f567231e2cdf7e1d17be699","messageTitle":"Add FreeScheduleCommandTest #63","messageBody":"","fileTypesAndContributionMap":{"test-code":{"insertions":84,"deletions":0}}},{"hash":"f0e3f7e039dbb5a52b5557d343e087e72aa950c6","messageTitle":"Add FreeScheduleCommandParserTest #63","messageBody":"","fileTypesAndContributionMap":{"test-code":{"insertions":71,"deletions":0}}},{"hash":"d0031bf30ab63168b68ba674f0734392dc847a44","messageTitle":"Remove unused imports","messageBody":"","fileTypesAndContributionMap":{"test-code":{"insertions":0,"deletions":3}}},{"hash":"5c599d91e73cb0c9720f9bda44f2972fac53c2e6","messageTitle":"Modify MESSAGE_USAGE","messageBody":"","fileTypesAndContributionMap":{"functional-code":{"insertions":1,"deletions":1}}}]},{"date":"2022-03-16","commitResults":[{"hash":"0f0f5ce69ffac282b077726794d5eb0e41e26854","messageTitle":"Add Event-related utility","messageBody":"","fileTypesAndContributionMap":{"test-code":{"insertions":25,"deletions":2}}},{"hash":"679084dfc95ac5c514d93c3d54c8a00f96e4ba05","messageTitle":"Modify FreeScheduleCommandParserTest to use Event-related Utility","messageBody":"","fileTypesAndContributionMap":{"test-code":{"insertions":12,"deletions":9}}},{"hash":"13f647ec84e203564a3af4077e9c4be7fa4b7ffd","messageTitle":"Add EOF","messageBody":"","fileTypesAndContributionMap":{"test-code":{"insertions":3,"deletions":3}}},{"hash":"aca30cb97e428f78b4e3a9327ef5632b76da4dac","messageTitle":"Fix coding styles","messageBody":"","fileTypesAndContributionMap":{"docs":{"insertions":1,"deletions":1},"test-code":{"insertions":1,"deletions":1}}},{"hash":"d03e550db1d7304f155332f705bfab938449d9aa","messageTitle":"Fix checkstyle errors","messageBody":"","fileTypesAndContributionMap":{"test-code":{"insertions":14,"deletions":13}}},{"hash":"c7661b388655e1c865a9b540ab871df4d949a33c","messageTitle":"Fix formats stated in UG","messageBody":"","fileTypesAndContributionMap":{"docs":{"insertions":20,"deletions":9}}},{"hash":"3e85b74a3be08038fddc85fadcebb8eed4f03be2","messageTitle":"Move DeleteEventCommandTest to schedule package","messageBody":"","fileTypesAndContributionMap":{"other":{"insertions":1,"deletions":1}}},{"hash":"cd814bee098d90afe81d9abf20cb52e9f7394c2b","messageTitle":"Move DeleteEventCommandParserTest to schedule package","messageBody":"","fileTypesAndContributionMap":{"other":{"insertions":1,"deletions":1}}},{"hash":"cc29850c2c94191f1bb77dcaaa81cd5f3c4320d6","messageTitle":"Modify EditEventCommand and Schedule to reflect Event changes more prominently #64","messageBody":"","fileTypesAndContributionMap":{"functional-code":{"insertions":13,"deletions":2}}},{"hash":"4113242ff1a98f0833ec14f8d2626e0184fd078f","messageTitle":"Change default recur frequency","messageBody":"","fileTypesAndContributionMap":{"test-code":{"insertions":1,"deletions":2}}},{"hash":"c5d172ca65968b8d54cc6c88d3e9a88fe4065847","messageTitle":"Add EditEventDescriptor test sample","messageBody":"","fileTypesAndContributionMap":{"test-code":{"insertions":6,"deletions":0}}},{"hash":"fa6af2a0c463959adfb236f1ed9a780bb7a5199b","messageTitle":"Add EditEventCommandTest #50","messageBody":"","fileTypesAndContributionMap":{"test-code":{"insertions":137,"deletions":0}}},{"hash":"b64666ccbcb472e13f3b01d63a13f08ff4c68743","messageTitle":"Update javadocs of FreeScheduleCommand","messageBody":"Co-authored-by: Tay Yan Han \u003c68331979+tyanhan@users.noreply.github.com\u003e","fileTypesAndContributionMap":{"functional-code":{"insertions":1,"deletions":1}}},{"hash":"53610fa1f91c94ae269c4d183805d150bbfee46d","messageTitle":"Update UserGuide.md","messageBody":"","fileTypesAndContributionMap":{"docs":{"insertions":2,"deletions":2}}},{"hash":"3897da6057263ee47a9a991bf863456b381a5af5","messageTitle":"Remove leading whitespace","messageBody":"","fileTypesAndContributionMap":{"test-code":{"insertions":2,"deletions":2}}},{"hash":"7b886828c881b699895d078af3e53f44020d126d","messageTitle":"Update Javadocs in FreeScheduleCommand","messageBody":"","fileTypesAndContributionMap":{"functional-code":{"insertions":2,"deletions":1}}},{"hash":"d57862f0af60dda863f38f979c2cd688c8fd5a2a","messageTitle":"Remove trailing whitespace","messageBody":"","fileTypesAndContributionMap":{"functional-code":{"insertions":1,"deletions":1}}},{"hash":"d325c6bf25dc9c3f3ea803af9f9532ea062ffe79","messageTitle":"Fix EventDescription#equals","messageBody":"","fileTypesAndContributionMap":{"functional-code":{"insertions":2,"deletions":2}}},{"hash":"4af9522e772d831c4bf042022c4e3031bde64370","messageTitle":"Add EditEventCommandParserTest","messageBody":"","fileTypesAndContributionMap":{"test-code":{"insertions":162,"deletions":0}}},{"hash":"ae3f1c2db227a5267844cc776e8c534f84f63dae","messageTitle":"Add test cases for EventDescription#equals","messageBody":"","fileTypesAndContributionMap":{"test-code":{"insertions":22,"deletions":0}}},{"hash":"60d254b193a88e13d5a675426045273774c00d48","messageTitle":"Add more test cases in EditEventCommandParserTest","messageBody":"","fileTypesAndContributionMap":{"test-code":{"insertions":80,"deletions":28}}},{"hash":"d0e336276112e6e3d631c6fbb921f6670214b84f","messageTitle":"Remove unused imports","messageBody":"","fileTypesAndContributionMap":{"functional-code":{"insertions":0,"deletions":2}}},{"hash":"b78432c97a0c92c71269613afadb2a6a32aac60c","messageTitle":"Remove unused imports","messageBody":"","fileTypesAndContributionMap":{"test-code":{"insertions":0,"deletions":2}}},{"hash":"3e3c7a0ca0232100d6e1f1dc3b754a425e414cd7","messageTitle":"Fix failed test","messageBody":"","fileTypesAndContributionMap":{"test-code":{"insertions":6,"deletions":4}}},{"hash":"bb3585398e54fe31c114c86a1b7a9b2bbf2a10af","messageTitle":"Remove unused imports","messageBody":"","fileTypesAndContributionMap":{"test-code":{"insertions":0,"deletions":2}}},{"hash":"7ce32d5026517caff44b5d05b0aae140c720f30d","messageTitle":"Fix test case","messageBody":"","fileTypesAndContributionMap":{"test-code":{"insertions":6,"deletions":6}}},{"hash":"f163d7a938f7c4760014a5f0f9cc3e3990728156","messageTitle":"Remove test case","messageBody":"","fileTypesAndContributionMap":{"test-code":{"insertions":24,"deletions":24}}},{"hash":"083d9dcb564e2bb4fbb861818d97276076cbc94f","messageTitle":"Fix checkstyle errors","messageBody":"","fileTypesAndContributionMap":{"test-code":{"insertions":0,"deletions":26}}},{"hash":"5c15eed4cdf52da91f0ccebb68224eb3a17da9db","messageTitle":"Add test case","messageBody":"","fileTypesAndContributionMap":{"test-code":{"insertions":26,"deletions":0}}},{"hash":"0859590d2faa4b32af3636d46ebd2dc330ad8eb5","messageTitle":"Remove test case","messageBody":"","fileTypesAndContributionMap":{"test-code":{"insertions":2,"deletions":0}}},{"hash":"a813736b9021c4cb58647bb407312c8d2e6efd8e","messageTitle":"Fix checkstyle error","messageBody":"","fileTypesAndContributionMap":{"test-code":{"insertions":0,"deletions":1}}}]},{"date":"2022-03-17","commitResults":[{"hash":"7179925862331a4391142ca0cca024fb8e3d9a2c","messageTitle":"Fix test case","messageBody":"","fileTypesAndContributionMap":{"test-code":{"insertions":3,"deletions":3}}},{"hash":"c339a4d7236071e69612ad22713771a4fc8ae1c6","messageTitle":"Remove test case","messageBody":"","fileTypesAndContributionMap":{"test-code":{"insertions":2,"deletions":1}}},{"hash":"de994dff80a5502bf843f7299880421e191c16a6","messageTitle":"Remove unused import","messageBody":"","fileTypesAndContributionMap":{"test-code":{"insertions":0,"deletions":1}}},{"hash":"c233d4fff5f333ca380b340a7f06ff904c889159","messageTitle":"Update page website","messageBody":"","fileTypesAndContributionMap":{"docs":{"insertions":4,"deletions":4}}},{"hash":"35b98daf48943ef40dbe54a0d920637271258987","messageTitle":"Update CI status","messageBody":"","fileTypesAndContributionMap":{"docs":{"insertions":1,"deletions":1}}}]},{"date":"2022-03-21","commitResults":[{"hash":"d07bcbef4c8d205f43035bc1edb8b55c86583712","messageTitle":"Enable assertions #88","messageBody":"","fileTypesAndContributionMap":{"other":{"insertions":4,"deletions":0}}}]},{"date":"2022-03-22","commitResults":[{"hash":"8783f427065a032ef3af5ff24e12cfa843bcfec8","messageTitle":"Modify EMPTY_SCHEDULE_MESSAGE for export use","messageBody":"","fileTypesAndContributionMap":{"functional-code":{"insertions":2,"deletions":2}}},{"hash":"4ddd907408d0379eaa594488d71e3e20a72a9b36","messageTitle":"Add ExportCommand #87","messageBody":"","fileTypesAndContributionMap":{"functional-code":{"insertions":69,"deletions":0}}},{"hash":"4e4ef5cb730283de8493ae1026ac30c3a7ae0954","messageTitle":"Add ExportCommandParser #87","messageBody":"","fileTypesAndContributionMap":{"functional-code":{"insertions":43,"deletions":0}}},{"hash":"3c2f9a30034ac9b95efc146d29540820baa3055f","messageTitle":"Modify AddressBookParser to include ExportCommandParser #87","messageBody":"","fileTypesAndContributionMap":{"functional-code":{"insertions":5,"deletions":0}}},{"hash":"8cde3b2a8f58798bb6a35e8b8c2a46f4062c7518","messageTitle":"Modify UserGuide to include export command #87","messageBody":"","fileTypesAndContributionMap":{"docs":{"insertions":14,"deletions":4}}},{"hash":"b637ad0b6aa1da076f7233f19800a5ce82d60924","messageTitle":"Modify JavaDocs for ExportCommand #87","messageBody":"","fileTypesAndContributionMap":{"functional-code":{"insertions":1,"deletions":1}}},{"hash":"fe819acd918b2d6ff64591fa389f43e0c8471c4b","messageTitle":"Removed unused imports #87","messageBody":"","fileTypesAndContributionMap":{"functional-code":{"insertions":0,"deletions":5}}},{"hash":"b6ea72017af760a07ac73f088851f023e4fad33b","messageTitle":"Fix Coming Soon link","messageBody":"","fileTypesAndContributionMap":{"docs":{"insertions":1,"deletions":2}}}]},{"date":"2022-03-23","commitResults":[{"hash":"8bb7842314d826e6ae480b475d12ecb439812e52","messageTitle":"Add ExportCommand#equals #87","messageBody":"","fileTypesAndContributionMap":{"functional-code":{"insertions":20,"deletions":3}}},{"hash":"00f323c0ba9db62a6096e68eb188b5a07f3e0392","messageTitle":"Include logging for export #87","messageBody":"","fileTypesAndContributionMap":{"functional-code":{"insertions":9,"deletions":5}}},{"hash":"b1f04a146dbb9329a6181b2474a2a57a64fc7111","messageTitle":"Modify IsPersonFreePredicate to use Event#willDateCollide method to account for RecurFrequency #99","messageBody":"","fileTypesAndContributionMap":{"functional-code":{"insertions":25,"deletions":1}}},{"hash":"97d43032053e6283ec1ae1c8cc52e14e4fc614c4","messageTitle":"Modify comments of test classes #99","messageBody":"","fileTypesAndContributionMap":{"test-code":{"insertions":2,"deletions":2}}},{"hash":"a273b164cae4822d1d5a183663f2a3a0024b2067","messageTitle":"Update Glossary in UG #87","messageBody":"","fileTypesAndContributionMap":{"docs":{"insertions":1,"deletions":0}}},{"hash":"314284b5b6e4b89ee918632c547e1394d7e96a58","messageTitle":"Fix unexpected error when data folder is missing #87","messageBody":"","fileTypesAndContributionMap":{"functional-code":{"insertions":6,"deletions":2}}},{"hash":"bf2b86a83a8769c9aadb5ec8ed03f66a996ec466","messageTitle":"Edit comment of Event#willDateCollide","messageBody":"","fileTypesAndContributionMap":{"functional-code":{"insertions":2,"deletions":1}}}]},{"date":"2022-03-24","commitResults":[{"hash":"8bb74e01ddf7b47329e4671cc99892a3acc6e871","messageTitle":"Update DG about FreeSchedule","messageBody":"","fileTypesAndContributionMap":{"docs":{"insertions":211,"deletions":3}}},{"hash":"4730f8f10f4d3915278441defad9348c436c2cea","messageTitle":"Add EOF","messageBody":"","fileTypesAndContributionMap":{"docs":{"insertions":2,"deletions":2}}},{"hash":"98413ae5049afdcf8ac474a665697db4cc40dddd","messageTitle":"Modify DG for freeSchedule","messageBody":"","fileTypesAndContributionMap":{"docs":{"insertions":10,"deletions":22}}},{"hash":"be61b3bd44ab6d94c992780c32858bf8c99ca5b7","messageTitle":"Modify freeSchedule activity diagram to be more abstract","messageBody":"","fileTypesAndContributionMap":{"docs":{"insertions":5,"deletions":17}}},{"hash":"806242c4a3fa6fcc4fad5006be28ba73a3ae0149","messageTitle":"Capitalize model","messageBody":"","fileTypesAndContributionMap":{"docs":{"insertions":2,"deletions":2}}}]}]},"authorFileTypeContributionMap":{"tyanhan":{"docs":280,"functional-code":949,"test-code":533},"vishandi":{"docs":276,"functional-code":1081,"test-code":630,"other":1},"markbiju":{"docs":87,"functional-code":113,"test-code":0},"hanqinilnix":{"docs":295,"functional-code":550,"test-code":908,"other":4}},"authorContributionVariance":{"tyanhan":41205.895,"vishandi":37536.438,"markbiju":785.8602,"hanqinilnix":23425.178},"authorDisplayNameMap":{"tyanhan":"CS2103T-W09-1 TAY .. HAN","vishandi":"CS2103T-W09-1 VISH..NETA","markbiju":"CS2103T-W09-1 MARK..ORGE","hanqinilnix":"CS2103T-W09-1 ONG .. QIN"}}
