{"authorDailyContributionsMap":{"riakhaitan":[{"date":"2022-03-01","commitResults":[{"hash":"6634a52af128524cfee08961617469d12e9771cf","messageTitle":"add PPP","messageBody":"","fileTypesAndContributionMap":{"docs":{"insertions":44,"deletions":0}}},{"hash":"04e4e24947faa7a41592c4b8f40f76cefdc9bc42","messageTitle":"update AboutUs.md","messageBody":"","fileTypesAndContributionMap":{"docs":{"insertions":2,"deletions":2}}},{"hash":"1af4a9e8802fe0abab3aef73800904af0a177e52","messageTitle":"Update Add, Edit and Delete features","messageBody":"","fileTypesAndContributionMap":{"docs":{"insertions":14,"deletions":27}}}]},{"date":"2022-03-03","commitResults":[{"hash":"d63abe91a1fa82d0a1c9cdd6248bc0025fcb256a","messageTitle":"PR","messageBody":"","fileTypesAndContributionMap":{"docs":{"insertions":2,"deletions":2}}}]},{"date":"2022-03-17","commitResults":[{"hash":"5eebd23c2a3e4ad993ecb8bb9ac7fe7dd025d212","messageTitle":"change font and add date type field","messageBody":"","fileTypesAndContributionMap":{"functional-code":{"insertions":119,"deletions":45},"test-code":{"insertions":16,"deletions":9}}},{"hash":"7dbc831b84baaf5c07a39a56137de525cf2f77bd","messageTitle":"change font and add date type field","messageBody":"","fileTypesAndContributionMap":{"functional-code":{"insertions":9,"deletions":2},"test-code":{"insertions":5,"deletions":1}}},{"hash":"4f032a47095ceb138206b4ce54a7342e3bf37d64","messageTitle":"change font and add date type field","messageBody":"","fileTypesAndContributionMap":{"functional-code":{"insertions":15,"deletions":3}}},{"hash":"f7d0b5d33999f58daa4464268e581e89b15b27f3","messageTitle":"update edit command for date type field","messageBody":"","fileTypesAndContributionMap":{"functional-code":{"insertions":9,"deletions":5}}},{"hash":"2304d40130380c9736636b975107a4d8d852c087","messageTitle":"fix ui,regex and uniformity issues","messageBody":"","fileTypesAndContributionMap":{"functional-code":{"insertions":7,"deletions":3}}},{"hash":"51ddaa3eb3ca4baa36f826cb2c49ea57e6df27a5","messageTitle":"fix checkstyle","messageBody":"","fileTypesAndContributionMap":{"functional-code":{"insertions":31,"deletions":13}}},{"hash":"54086f80ca1fc0ebf2777b40b121b5f0e0051e4f","messageTitle":"fix checkstyle","messageBody":"","fileTypesAndContributionMap":{"test-code":{"insertions":9,"deletions":2}}},{"hash":"92ed09c34925688d3f582211cb35f33d62234e97","messageTitle":"fix checkstyle","messageBody":"","fileTypesAndContributionMap":{"test-code":{"insertions":2,"deletions":1}}},{"hash":"f31e2689031e76889c2555af64c6a3daf801a203","messageTitle":"fix some test files","messageBody":"","fileTypesAndContributionMap":{"test-code":{"insertions":9,"deletions":9}}},{"hash":"119380bea3bf5be6e8cf6afad5973463114da68f","messageTitle":"fix some test files","messageBody":"","fileTypesAndContributionMap":{"test-code":{"insertions":46,"deletions":50}}},{"hash":"78180424fbb41ea51abec45bf6ab6f21fab9d19f","messageTitle":"fix checkstyle","messageBody":"","fileTypesAndContributionMap":{"test-code":{"insertions":63,"deletions":19}}}]}],"Shivang211":[{"date":"2022-03-01","commitResults":[{"hash":"3ea0a53209add6fa5b42b21f170deea035d29be3","messageTitle":"add PPP","messageBody":"","fileTypesAndContributionMap":{"docs":{"insertions":44,"deletions":0}}},{"hash":"9fe33c6f231f1ed0c9f7b133ddf158558769447b","messageTitle":"Update AboutUs.md","messageBody":"","fileTypesAndContributionMap":{"docs":{"insertions":2,"deletions":2}}},{"hash":"124455356c317abd079edf584bb1e68dc91de105","messageTitle":"Update ReadMe.md","messageBody":"","fileTypesAndContributionMap":{"docs":{"insertions":11,"deletions":1}}},{"hash":"6181661f51fad32ffcb4e6e84f290d571b992945","messageTitle":"Update AboutUs.md","messageBody":"","fileTypesAndContributionMap":{"docs":{"insertions":2,"deletions":0}}}]},{"date":"2022-03-02","commitResults":[{"hash":"8b14a8d274dfbd8a202d7bb0ca4554d3234242d9","messageTitle":"Update UserGuide.md","messageBody":"","fileTypesAndContributionMap":{"docs":{"insertions":2,"deletions":0}}},{"hash":"7945ca75465afa840f8e7806a29b63be11b2be3e","messageTitle":"Update README.md","messageBody":"","fileTypesAndContributionMap":{"docs":{"insertions":2,"deletions":0}}}]},{"date":"2022-03-03","commitResults":[{"hash":"2b97e1572855f474047356acc4662a5c47a44042","messageTitle":"Update DeveloperGuide.md","messageBody":"","fileTypesAndContributionMap":{"docs":{"insertions":2,"deletions":0}}},{"hash":"acd6c31b7acea69ef25fc9849d7fffed6b0da1b1","messageTitle":"Update AboutUs.md","messageBody":"","fileTypesAndContributionMap":{"docs":{"insertions":1,"deletions":1}}}]},{"date":"2022-03-14","commitResults":[{"hash":"c44034600acd61f2d5fd1dfcaa35fe7092476a2b","messageTitle":"add help command","messageBody":"","fileTypesAndContributionMap":{"functional-code":{"insertions":35,"deletions":10}}}]},{"date":"2022-03-17","commitResults":[{"hash":"dd685b2ad6ad563a87777f4fb4f471fd733026b3","messageTitle":"update help command for date type field","messageBody":"","fileTypesAndContributionMap":{"functional-code":{"insertions":10,"deletions":4}}}]},{"date":"2022-03-23","commitResults":[{"hash":"3efcd9b0d8e755b78f4af0f69e0b5ed46d1e29db","messageTitle":"update user guide","messageBody":"","fileTypesAndContributionMap":{"docs":{"insertions":14,"deletions":14}}},{"hash":"f3ca3a3442d7a122d71454a5f19602f7f3984de6","messageTitle":"fix checkstyle","messageBody":"","fileTypesAndContributionMap":{"docs":{"insertions":2,"deletions":2}}},{"hash":"9e6e943f5001cdf2fda8c142de89552626668a13","messageTitle":"update developer guide","messageBody":"","fileTypesAndContributionMap":{"docs":{"insertions":108,"deletions":89}}},{"hash":"6df21d43b7bae0539a718184478dbbb9dcc974f2","messageTitle":"update developer guide","messageBody":"","fileTypesAndContributionMap":{"docs":{"insertions":0,"deletions":5}}}]},{"date":"2022-03-24","commitResults":[{"hash":"5c63f0295cce1fbc79b565b4e10e71d77498c1b4","messageTitle":"update developer guide","messageBody":"","fileTypesAndContributionMap":{"docs":{"insertions":5,"deletions":1}}},{"hash":"ca45feae476ff184794404293c21a9ab548b057f","messageTitle":"update developer guide","messageBody":"","fileTypesAndContributionMap":{"docs":{"insertions":1,"deletions":1}}},{"hash":"2ad5f7c581f203250166ad618127e2391d1491ad","messageTitle":"update developer guide","messageBody":"","fileTypesAndContributionMap":{"docs":{"insertions":0,"deletions":10}}}]}],"lamwj98":[{"date":"2022-03-01","commitResults":[{"hash":"0d2c1a5cf440689e37e743f505e9e4582392f7d0","messageTitle":"Added PPP.","messageBody":"","fileTypesAndContributionMap":{"docs":{"insertions":44,"deletions":0}}}]},{"date":"2022-03-02","commitResults":[{"hash":"c78ed40acdb63a13ec186532c7cbdf12e6590f88","messageTitle":"Update UserGuide.md","messageBody":"","fileTypesAndContributionMap":{"docs":{"insertions":12,"deletions":11}}},{"hash":"13d476db0223ea2fe3ad0d87e84ebd33fec253e7","messageTitle":"Update UserGuide.md","messageBody":"","fileTypesAndContributionMap":{"docs":{"insertions":2,"deletions":2}}},{"hash":"57f5eeccd431e4e71556b1d9225d923c1ff837e4","messageTitle":"Update DeveloperGuide.md","messageBody":"","fileTypesAndContributionMap":{"docs":{"insertions":35,"deletions":22}}}]},{"date":"2022-03-03","commitResults":[{"hash":"b1dbe261f17cbb05d439f49154e2eae856b76010","messageTitle":"Update AboutUs.md","messageBody":"","fileTypesAndContributionMap":{"docs":{"insertions":2,"deletions":2}}}]},{"date":"2022-03-05","commitResults":[{"hash":"7355bcac2e2de55ec565dcef007d3f160bb8117e","messageTitle":"Refactor v1.0 - half completed","messageBody":"","fileTypesAndContributionMap":{"functional-code":{"insertions":722,"deletions":145}}}]},{"date":"2022-03-06","commitResults":[{"hash":"223e3aa81d81599b8384d05fdc25813e5400331e","messageTitle":"Refactoring v2 halfway done","messageBody":"","fileTypesAndContributionMap":{"functional-code":{"insertions":161,"deletions":310},"test-code":{"insertions":327,"deletions":281}}},{"hash":"3809bfcd2d360788e0075e0c5b2c0b119beee2d0","messageTitle":"Refactoring v3 halfway","messageBody":"","fileTypesAndContributionMap":{"functional-code":{"insertions":216,"deletions":0},"test-code":{"insertions":281,"deletions":22}}},{"hash":"c587bb7bcf55ef2c9f75cabbe9236d41808b5e2b","messageTitle":"Refactoring v3 almost complete","messageBody":"","fileTypesAndContributionMap":{"functional-code":{"insertions":57,"deletions":110},"test-code":{"insertions":375,"deletions":277}}},{"hash":"3d47788744fa32d0c278d7e1447366a028c3ee70","messageTitle":"Refactoring v4, almost done","messageBody":"","fileTypesAndContributionMap":{"functional-code":{"insertions":97,"deletions":1015},"other":{"insertions":33,"deletions":44},"test-code":{"insertions":228,"deletions":1514}}},{"hash":"1325bab57cfa4667e6059f32abbfe6071926ff2a","messageTitle":"Refactoring v5","messageBody":"","fileTypesAndContributionMap":{"functional-code":{"insertions":93,"deletions":271},"other":{"insertions":4,"deletions":7},"docs":{"insertions":18,"deletions":25},"test-code":{"insertions":105,"deletions":132}}}]},{"date":"2022-03-07","commitResults":[{"hash":"3536cd1b1c62908f0cce5cca34582eab9fbeb17c","messageTitle":"Refactoring done","messageBody":"","fileTypesAndContributionMap":{"test-code":{"insertions":10,"deletions":7}}},{"hash":"46998a3b0cf65aa3a026527ace3c6c0326776d36","messageTitle":"Refactoring CI issues v1","messageBody":"","fileTypesAndContributionMap":{"functional-code":{"insertions":1,"deletions":1},"docs":{"insertions":0,"deletions":1}}},{"hash":"2d791d45ce54770a72157e44d960bc8d1847dd7e","messageTitle":"Refactoring done, compiled with CI","messageBody":"","fileTypesAndContributionMap":{"functional-code":{"insertions":92,"deletions":46},"test-code":{"insertions":105,"deletions":126}}}]},{"date":"2022-03-08","commitResults":[{"hash":"4d5ea8d0571fbef523f9b8acc7ad658896e90bcf","messageTitle":"Add check validity for description and expense category","messageBody":"","fileTypesAndContributionMap":{"functional-code":{"insertions":37,"deletions":5},"docs":{"insertions":85,"deletions":90}}},{"hash":"dbc049738dd1576c1fad201b7b22dca27251ab6d","messageTitle":"Comply with checkstyle","messageBody":"","fileTypesAndContributionMap":{"functional-code":{"insertions":6,"deletions":7}}},{"hash":"d8febc577a02463f7809d17d0ed7cdec50d5ada2","messageTitle":"Added validity checks in parse methods","messageBody":"","fileTypesAndContributionMap":{"functional-code":{"insertions":8,"deletions":2}}}]},{"date":"2022-03-11","commitResults":[{"hash":"b89e7a192b22d16026529df610d61907a38067dd","messageTitle":"Modified AboutUs.md for Lamwj98 Role","messageBody":"","fileTypesAndContributionMap":{"functional-code":{"insertions":51,"deletions":0},"docs":{"insertions":1,"deletions":0}}},{"hash":"1c1ed2bccbde90806501863e8a461202f2ee7154","messageTitle":"Modified AboutUs.md for lamwj98 Role","messageBody":"","fileTypesAndContributionMap":{"functional-code":{"insertions":0,"deletions":51}}}]},{"date":"2022-03-14","commitResults":[{"hash":"8ced7ca8568402b6975d029d52d6ee4b4bd6f29f","messageTitle":"Chang application name and refactor","messageBody":"","fileTypesAndContributionMap":{"functional-code":{"insertions":276,"deletions":276},"other":{"insertions":38,"deletions":38},"docs":{"insertions":93,"deletions":93},"test-code":{"insertions":250,"deletions":250}}},{"hash":"789f2588c9f21761ebdb2200f19eca3799af9012","messageTitle":"Change Application Name","messageBody":"","fileTypesAndContributionMap":{"docs":{"insertions":1,"deletions":1}}},{"hash":"2813ffca736c02d1c20e23f95c4e56df3a8d2ab7","messageTitle":"Change Name Modifications","messageBody":"","fileTypesAndContributionMap":{"other":{"insertions":0,"deletions":0}}},{"hash":"a6fa8d98eaf7eb9e98db4cd1389585ee8cdb51b2","messageTitle":"Modify to fit checkstyle","messageBody":"","fileTypesAndContributionMap":{"docs":{"insertions":2,"deletions":2}}}]},{"date":"2022-03-18","commitResults":[{"hash":"e5cf98b320406f558d8bd9f0dc246300f7fa4730","messageTitle":"Fix ExpenseDate bugs and create test for the class","messageBody":"","fileTypesAndContributionMap":{"functional-code":{"insertions":19,"deletions":8},"docs":{"insertions":1,"deletions":1},"test-code":{"insertions":153,"deletions":58}}}]},{"date":"2022-03-22","commitResults":[{"hash":"40032ec60ef9bf0ce9043259856ffeb247bc2c21","messageTitle":"Format Expense Date to proper Date Format","messageBody":"","fileTypesAndContributionMap":{"functional-code":{"insertions":28,"deletions":8},"test-code":{"insertions":49,"deletions":3}}},{"hash":"3f9c5d0e10cb570d394eb2520a2429049f48cddd","messageTitle":"Fix checkstyle","messageBody":"","fileTypesAndContributionMap":{"functional-code":{"insertions":5,"deletions":8}}}]},{"date":"2022-03-23","commitResults":[{"hash":"5e1081776bbf933d79c7a6e2700895fbca627b1e","messageTitle":"Add Filter Feature and Test","messageBody":"","fileTypesAndContributionMap":{"functional-code":{"insertions":199,"deletions":1},"test-code":{"insertions":346,"deletions":2}}},{"hash":"aa3a5bb5c50ae62b12f3fefdeed423920c8b25f3","messageTitle":"Checkstyle Management","messageBody":"","fileTypesAndContributionMap":{"functional-code":{"insertions":16,"deletions":14},"docs":{"insertions":5,"deletions":3},"test-code":{"insertions":13,"deletions":9}}},{"hash":"8402507d7116297e1bab78d94e1adde3dcce04e2","messageTitle":"Update user guide details","messageBody":"","fileTypesAndContributionMap":{"docs":{"insertions":30,"deletions":11}}},{"hash":"bbc60a54e226f4da8517bf6a9b75bcde857fcb0f","messageTitle":"Update Developer Guide","messageBody":"","fileTypesAndContributionMap":{"docs":{"insertions":23,"deletions":2}}},{"hash":"75ee0b55c296b76cbaf7bb94d5360ba699479241","messageTitle":"Update Developer Guide","messageBody":"","fileTypesAndContributionMap":{"docs":{"insertions":19,"deletions":17}}},{"hash":"a3228011ca3545be5b4a7aead4fc773ae0a1fe5b","messageTitle":" Update find command message usage","messageBody":"","fileTypesAndContributionMap":{"functional-code":{"insertions":1,"deletions":1}}},{"hash":"e2636632ae4ee94da84077a725dbf0eb972c3322","messageTitle":"Correct User Guide","messageBody":"","fileTypesAndContributionMap":{"docs":{"insertions":2,"deletions":2}}},{"hash":"ac237681301d316e69fcda9179d7c5b7a6b89724","messageTitle":"Update DevOps.md","messageBody":"","fileTypesAndContributionMap":{"docs":{"insertions":1,"deletions":1}}}]}],"jltham":[{"date":"2022-03-01","commitResults":[{"hash":"078f7521818139d894840010d723889b1469ff2b","messageTitle":"Update README, AboutUs. Add personal PPP.","messageBody":"","fileTypesAndContributionMap":{"docs":{"insertions":82,"deletions":80}}},{"hash":"2949486e2bf6b85c5c7cbbc4a59ec810469c1abc","messageTitle":"Revert \"Modify existing code base v1.0\"","messageBody":"","fileTypesAndContributionMap":{"functional-code":{"insertions":161,"deletions":171},"test-code":{"insertions":30,"deletions":18}}},{"hash":"b985410a31cae887aef53231a6d8acfaf23087e7","messageTitle":"Update UG","messageBody":"","fileTypesAndContributionMap":{"docs":{"insertions":54,"deletions":84}}}]},{"date":"2022-03-03","commitResults":[{"hash":"125ac46ddd0d253e692c6357471c54ac9f83d0e9","messageTitle":"Update jltham.md","messageBody":"","fileTypesAndContributionMap":{"docs":{"insertions":0,"deletions":2}}}]},{"date":"2022-03-16","commitResults":[{"hash":"a84a8e438d3145506e4aa63f63c3723ecefb1e15","messageTitle":"Add functionality to create monthly budget and reflect budget changes when expenses are added/deleted.","messageBody":"Comment some tests as they were not passing.\n","fileTypesAndContributionMap":{"functional-code":{"insertions":352,"deletions":10},"test-code":{"insertions":378,"deletions":72}}},{"hash":"17538f0015621fe84e0bb3df94bf21adddf35d1a","messageTitle":"Fix Javadoc.","messageBody":"","fileTypesAndContributionMap":{"functional-code":{"insertions":1,"deletions":1}}}]},{"date":"2022-03-17","commitResults":[{"hash":"931821fb0e187f8bdac819c195c44842f7300ec1","messageTitle":"Edit checkstyle.","messageBody":"","fileTypesAndContributionMap":{"docs":{"insertions":28,"deletions":24}}},{"hash":"db250496fc8ce6508329b586ca1f72822657aefc","messageTitle":"Edit toString method of Budget.","messageBody":"","fileTypesAndContributionMap":{"functional-code":{"insertions":2,"deletions":2},"test-code":{"insertions":1,"deletions":1}}},{"hash":"bddb7f3bb86449834b56fa8d17b620e11afafb7b","messageTitle":"Update ParserUtil after merging with Budget PR","messageBody":"","fileTypesAndContributionMap":{"functional-code":{"insertions":2,"deletions":1}}},{"hash":"e50e88942417545fe74a06c8068e0e532bba66c1","messageTitle":"Update ParserUtil.java","messageBody":"","fileTypesAndContributionMap":{"functional-code":{"insertions":1,"deletions":1}}},{"hash":"8550f6635535f21210e3f6872bf2ad388309a9d6","messageTitle":"Update ParserUtil.java","messageBody":"","fileTypesAndContributionMap":{"functional-code":{"insertions":1,"deletions":1}}},{"hash":"6bbb32f263edd75463fa19716dded992c392e624","messageTitle":"Update ParserUtil.java","messageBody":"","fileTypesAndContributionMap":{"functional-code":{"insertions":1,"deletions":0}}}]},{"date":"2022-03-18","commitResults":[{"hash":"84dc20e8246f124abb81c26d3c5e9d5fedaf1e2a","messageTitle":"Comment codes that are irrelevant for v1.2","messageBody":"","fileTypesAndContributionMap":{"functional-code":{"insertions":41,"deletions":42},"test-code":{"insertions":91,"deletions":94}}},{"hash":"5c5c0e8ead07f4e071de98b02b3f4770a5c5cc1a","messageTitle":"Update GUI for budget display.","messageBody":"","fileTypesAndContributionMap":{"functional-code":{"insertions":212,"deletions":172}}},{"hash":"f964f3a2d92040c5161b19985681d05432be4599","messageTitle":"Update GUI for budget display","messageBody":"","fileTypesAndContributionMap":{"functional-code":{"insertions":54,"deletions":0}}}]}],"talkintomato":[{"date":"2022-03-01","commitResults":[{"hash":"c3d39f1ac7cdaa32000976d2bbda9ec5700c776f","messageTitle":"completed Tutorial","messageBody":"","fileTypesAndContributionMap":{"docs":{"insertions":43,"deletions":0}}},{"hash":"5826571b90bec3bbcd1a9e1dd4f7884e4dfb9d10","messageTitle":"About Us add profile picture for talktintomato","messageBody":"","fileTypesAndContributionMap":{"docs":{"insertions":1,"deletions":1}}},{"hash":"e2bc2aadc5320357845d41e0ccd7504704f6b882","messageTitle":"edit img src for talktintomato","messageBody":"","fileTypesAndContributionMap":{"docs":{"insertions":1,"deletions":1}}}]},{"date":"2022-03-07","commitResults":[{"hash":"fc7eaf11485aa32853a012336178b00d51ab93f2","messageTitle":"v1.1 pr","messageBody":"","fileTypesAndContributionMap":{"docs":{"insertions":1,"deletions":0}}}]},{"date":"2022-03-14","commitResults":[{"hash":"ac1a125c31c6926a8a5e187c1a9e927af18a8ee7","messageTitle":"add unit Testing for Expense, amount and description","messageBody":"","fileTypesAndContributionMap":{"functional-code":{"insertions":2,"deletions":1},"test-code":{"insertions":118,"deletions":6}}},{"hash":"f41a87a630d1220c09a9a6482089d8d92590a200","messageTitle":"Test written for expense classes. need to add in test which account for date in future","messageBody":"","fileTypesAndContributionMap":{"functional-code":{"insertions":3,"deletions":1},"test-code":{"insertions":210,"deletions":12}}},{"hash":"b55afc39c88b8d8bf2464fe788b114a38aca5362","messageTitle":"pulled upstream","messageBody":"","fileTypesAndContributionMap":{"test-code":{"insertions":4,"deletions":1}}},{"hash":"a3fb5c636a951e7a5cc29f804aa128f83244d208","messageTitle":"updated Index.md and the link to github pages for user guide","messageBody":"","fileTypesAndContributionMap":{"functional-code":{"insertions":1,"deletions":1},"docs":{"insertions":5,"deletions":5}}},{"hash":"4b7992e5f428731b6924faf6b43797d34e98c55b","messageTitle":"debugging for failed checks","messageBody":"","fileTypesAndContributionMap":{"docs":{"insertions":2,"deletions":2}}},{"hash":"fd6d094f792887cc4807d62f0a9284da19779ff4","messageTitle":"resolved checkstyle","messageBody":"","fileTypesAndContributionMap":{"test-code":{"insertions":30,"deletions":21}}},{"hash":"c8c6901abba9c951626099c6ebd40d4287e948d0","messageTitle":"fixed expense category method naming errors","messageBody":"","fileTypesAndContributionMap":{"test-code":{"insertions":6,"deletions":6}}},{"hash":"9cd2e9ece243c891952d9699f35540054cbd2138","messageTitle":"changed comments to be clearer","messageBody":"","fileTypesAndContributionMap":{"functional-code":{"insertions":1,"deletions":1},"test-code":{"insertions":4,"deletions":4}}}]},{"date":"2022-03-17","commitResults":[{"hash":"06c8031510d5045cfeadff565b2b3e64a1b4344c","messageTitle":"changed ExpenseCat to be part of unique indentifier","messageBody":"","fileTypesAndContributionMap":{"functional-code":{"insertions":2,"deletions":1},"test-code":{"insertions":2,"deletions":2}}},{"hash":"75b261662a8b1c227aad3153ed0580b8c210804c","messageTitle":"changed test in UniqueExpenseList","messageBody":"","fileTypesAndContributionMap":{"test-code":{"insertions":2,"deletions":3}}},{"hash":"8fd3ff5932e3c46fb7457446ab9597187c2d4617","messageTitle":"removed unused import","messageBody":"","fileTypesAndContributionMap":{"test-code":{"insertions":0,"deletions":1}}}]},{"date":"2022-03-22","commitResults":[{"hash":"18eeb6832854809207b68f1d79928ce8694cee2d","messageTitle":"added test cases for budget regrex and amount","messageBody":"","fileTypesAndContributionMap":{"functional-code":{"insertions":1,"deletions":1},"test-code":{"insertions":36,"deletions":17}}},{"hash":"912335b290c34b5cac5fb66423c5dc8e7ecffa95","messageTitle":"fixed checkstyle","messageBody":"","fileTypesAndContributionMap":{"test-code":{"insertions":3,"deletions":1}}},{"hash":"25e7946dffaa4f5d9bcd684e8261fcafac8e8c29","messageTitle":"checkstyle imports","messageBody":"","fileTypesAndContributionMap":{"test-code":{"insertions":2,"deletions":2}}}]}]},"authorFileTypeContributionMap":{"riakhaitan":{"docs":48,"functional-code":140,"test-code":114},"Shivang211":{"docs":151,"functional-code":39,"test-code":0},"lamwj98":{"docs":229,"functional-code":1359,"test-code":1543},"jltham":{"docs":131,"functional-code":448,"test-code":342},"talkintomato":{"docs":26,"functional-code":7,"test-code":318}},"authorContributionVariance":{"riakhaitan":7137.8857,"Shivang211":1629.4156,"lamwj98":1040568.25,"jltham":42309.297,"talkintomato":5624.0444},"authorDisplayNameMap":{"riakhaitan":"CS2103T-W09-3 RIA ..ITAN","Shivang211":"CS2103T-W09-3 SHIV..UPTA","lamwj98":"CS2103T-W09-3 ANDY.. JIE","jltham":"CS2103T-W09-3 THAM.. LIN","talkintomato":"CS2103T-W09-3 LOH ..ARIN"}}
