{"authorDailyContributionsMap":{"Dineshraj555":[{"date":"2022-03-01","commitResults":[{"hash":"f31cfea8502b613bf125d6177b3a2eb125e0bce6","messageTitle":"Add skeletal PPP","messageBody":"Add a personal Skeletal PPP titled dineshraj555.md to docs/team.\n","fileTypesAndContributionMap":{"docs":{"insertions":28,"deletions":0}}},{"hash":"adc518f648396a5acce26f080ccf726d25cba9ef","messageTitle":"Update AboutUs.md","messageBody":"Add personal image of myself titled dineshraj555.png to docs/images for\ndocumentation. Update AboutUs.md to include my personal details in the\nproject website.\n","fileTypesAndContributionMap":{"docs":{"insertions":5,"deletions":6}}},{"hash":"da4149b7b81516566e62a292ef0900968a74e0ed","messageTitle":"Update README.md","messageBody":"Update README page to match project details. Update the link of GitHub\nActions build status badge to reflect the build status of team repo.\n","fileTypesAndContributionMap":{"docs":{"insertions":9,"deletions":9}}},{"hash":"1afa10c51137260c15a278945d80932fc339b21f","messageTitle":"Update UserGuide.md","messageBody":"Update UserGuide.md to include \u0027add\u0027 and \u0027getID\u0027 commands.\n","fileTypesAndContributionMap":{"docs":{"insertions":17,"deletions":8}}}]},{"date":"2022-03-09","commitResults":[{"hash":"cb64a98df107582074cf66b2398c9df14b1b1d4d","messageTitle":"Update Pet.java","messageBody":"Minor changes to match orientation of add command.\n","fileTypesAndContributionMap":{"functional-code":{"insertions":12,"deletions":12}}},{"hash":"5157c1887fcb4c1a79fecc40ce153da6f52ef4c8","messageTitle":"Update to match module coding standards","messageBody":"","fileTypesAndContributionMap":{"functional-code":{"insertions":1,"deletions":1},"test-code":{"insertions":65,"deletions":65}}},{"hash":"f6f33ed01acf8e2a1dcb628b85c784f41622659b","messageTitle":"Update to align with changes to Pet constructor","messageBody":"","fileTypesAndContributionMap":{"functional-code":{"insertions":47,"deletions":47},"test-code":{"insertions":5,"deletions":5}}},{"hash":"0fefa95482dc3308609a931032a903c7b0d4de11","messageTitle":"Update to align with changes related to ownerName","messageBody":"","fileTypesAndContributionMap":{"functional-code":{"insertions":13,"deletions":15}}},{"hash":"38f7570789151ff071256c4ec409463aac2821e9","messageTitle":"Update to comments in ListCommand.java","messageBody":"Change persons to pets in order to account for refactor made.\n","fileTypesAndContributionMap":{"functional-code":{"insertions":2,"deletions":2}}},{"hash":"01ad503477f440088212796bf7bfb93248c511d9","messageTitle":"Update PetListCard.fxml","messageBody":"Update GUI to reflect the order of details to match mockup Ui.\n","fileTypesAndContributionMap":{"functional-code":{"insertions":1,"deletions":1}}},{"hash":"ac26d12613484579750ec0601b31359cc27d4935","messageTitle":"Update JsonAdaptedPetTest.java","messageBody":"Update to account for the changes to JsonAdaptedPet constructor.\nMinor changes to match module coding standards.\n","fileTypesAndContributionMap":{"test-code":{"insertions":11,"deletions":11}}},{"hash":"8d0edef06eabb56ea8ce5c6352992b9a38afb88c","messageTitle":"Update to account for proposed changes","messageBody":"Update ListCommand.java due to a minor grammar mistake.\nUpdate PetCard.java to improve readability\n","fileTypesAndContributionMap":{"functional-code":{"insertions":4,"deletions":4}}}]},{"date":"2022-03-12","commitResults":[{"hash":"c00b34ef8731bca903d2f7ff98d7bab103b3f58d","messageTitle":"Update CliSyntax.java","messageBody":"Add prefix definition for Appointment command.\n","fileTypesAndContributionMap":{"functional-code":{"insertions":1,"deletions":0}}}]},{"date":"2022-03-14","commitResults":[{"hash":"ef002d144622c71ca82ea4f8afcf81f05c660096","messageTitle":"Update ParserUtil.java","messageBody":"Remove unused parseDiet(String) method.\n","fileTypesAndContributionMap":{"functional-code":{"insertions":0,"deletions":12}}},{"hash":"b4d03a6b58b371be4fcdf732a3bcaa79601da461","messageTitle":"Add classes for Appointment command","messageBody":"Add AppointmentCommand.java to logic/commands.\nAdd AppointmentCommandParser.java to logic/parser.\nAdd Appointment.java to model/pet.\n","fileTypesAndContributionMap":{"functional-code":{"insertions":172,"deletions":0}}},{"hash":"815120ab075a625127772e2cb6b3977604daaecb","messageTitle":"Update Pet.java","messageBody":"Update Pet.java to include appointment field.\n","fileTypesAndContributionMap":{"functional-code":{"insertions":15,"deletions":5}}},{"hash":"103e5664f411505ef3ea84d3fcb11d5d7e23b29f","messageTitle":"Update Classes to include appointment field","messageBody":"","fileTypesAndContributionMap":{"functional-code":{"insertions":47,"deletions":13},"test-code":{"insertions":14,"deletions":1}}},{"hash":"566b63b18eee3712da6d7b9cae726880bcb454f4","messageTitle":"Update AddressBookParser.java","messageBody":"Update AddressBookParser.java to include Appointment command.\n","fileTypesAndContributionMap":{"functional-code":{"insertions":4,"deletions":0}}},{"hash":"baebbb5549ca42ef7d9a9b4bdcd9e8cbaea1b5d0","messageTitle":"Update GUI to reflect Appointment details","messageBody":"Update PetCard.java to include appointment label.\nUpdate PetListCard.fxml to show appointment details in GUI.\n","fileTypesAndContributionMap":{"functional-code":{"insertions":4,"deletions":0}}},{"hash":"0c42a90dc875433380136278f95ea1b299360be5","messageTitle":"Add AppointmentCommandTest.java","messageBody":"Add code to test AppointmentCommand.\n","fileTypesAndContributionMap":{"test-code":{"insertions":132,"deletions":0}}},{"hash":"c262f48a0b5c04ccf040145ba967836263b1fcb6","messageTitle":"Update test classes to include Appointment field and command","messageBody":"","fileTypesAndContributionMap":{"test-code":{"insertions":37,"deletions":18}}}]},{"date":"2022-03-15","commitResults":[{"hash":"c294ec0bafa1d824ce3878395b877eb9c5bd644a","messageTitle":"Update Appointment Command to parse date and time","messageBody":"Update the appointment command to parse the date entered.\n","fileTypesAndContributionMap":{"functional-code":{"insertions":92,"deletions":15}}},{"hash":"22099aa5fb39238eb59357c6a1f4c856c8179200","messageTitle":"Update UserGuide.md","messageBody":"Update UserGuide to include AppointmentCommand.\n","fileTypesAndContributionMap":{"docs":{"insertions":19,"deletions":0}}}]},{"date":"2022-03-16","commitResults":[{"hash":"7ebd686c74c58193d475aa2e567552f051d64cf3","messageTitle":"Update code to account for comments made by team","messageBody":"","fileTypesAndContributionMap":{"functional-code":{"insertions":27,"deletions":19},"test-code":{"insertions":2,"deletions":2}}},{"hash":"e8adec0b7c48fba74e38cb7cbb802e8d3013c136","messageTitle":"Update code to fix trailing whitespace and new line EOF","messageBody":"","fileTypesAndContributionMap":{"functional-code":{"insertions":6,"deletions":5},"docs":{"insertions":31,"deletions":31},"test-code":{"insertions":1,"deletions":0}}},{"hash":"508ebac874a0e2d7439e7022cd130f2a6c93bd0c","messageTitle":"Update code for trailing whitespace","messageBody":"","fileTypesAndContributionMap":{"docs":{"insertions":4,"deletions":4},"test-code":{"insertions":1,"deletions":1}}},{"hash":"6464471bd01234cb0550219b2fb0dc9df8cb3437","messageTitle":"Update code to pass checkstyle","messageBody":"","fileTypesAndContributionMap":{"functional-code":{"insertions":7,"deletions":7}}},{"hash":"f7936fdc44db377987122d316dd91a8466607add","messageTitle":"Update SimiliarPets.java to include appointment field","messageBody":"","fileTypesAndContributionMap":{"test-code":{"insertions":2,"deletions":0}}}]},{"date":"2022-03-23","commitResults":[{"hash":"764d028aa4c2649c8dd214fa8a554fcfdafa0397","messageTitle":"Update and refactor Appointment.class","messageBody":"Initially Appointment.class only had one String attribute which\nwas value. Appointment details were assigned to value. However since\nsort feature require Appointment.class to have dateTime attribute,\nupdates were made to Appointment.class to account for these\nrequirements.\n","fileTypesAndContributionMap":{"functional-code":{"insertions":93,"deletions":12}}},{"hash":"97ca39044c3ba52044a93d5e0eeb204565df717d","messageTitle":"Update corresponding classes to account for changes to Appointment.class","messageBody":"","fileTypesAndContributionMap":{"functional-code":{"insertions":2,"deletions":2},"test-code":{"insertions":45,"deletions":35}}},{"hash":"c981655e1a6f4eec5872ddf3bc0abafd613f691f","messageTitle":"Update AppointmentCommandParser.java and Prefixes","messageBody":"Changes were made to AppointmentCommandParser.class to account for\nthe update to Appointment.class. PREFIX_CLEAR was introduced to permit\nclearing appointment details by the AppointmentCommand itself.\n","fileTypesAndContributionMap":{"functional-code":{"insertions":22,"deletions":13}}},{"hash":"922b9edc0eda36dcc847fb87849686d3868d2136","messageTitle":"Update ParserUtil.java to account for changes to Appointment class","messageBody":"parseAppointment method was removed and replaced with\nparseAppointmentDateTime method.\n","fileTypesAndContributionMap":{"functional-code":{"insertions":10,"deletions":32}}},{"hash":"9a156e66287f4c2b1ca71b37876940420f727894","messageTitle":"Remove unused methods identified in EditPetDescriptorBuilder.java","messageBody":"","fileTypesAndContributionMap":{"test-code":{"insertions":0,"deletions":16}}},{"hash":"6a6039e5142955934aa5a8485c7a5a4603b9938a","messageTitle":"Update DeveloperGuide to include Appointment feature","messageBody":"Add appointment feature to the DeveloperGuide.\n","fileTypesAndContributionMap":{"docs":{"insertions":130,"deletions":1}}},{"hash":"a4740ef8567445c9720c10048c2fae040b9e368d","messageTitle":"Update UserGuide and Message Usage to account for changes in Command","messageBody":"","fileTypesAndContributionMap":{"functional-code":{"insertions":9,"deletions":5},"docs":{"insertions":24,"deletions":11}}},{"hash":"b6021112da61c9e56a461b6a4728e05d40712bfd","messageTitle":"Update to account for checkstyle error","messageBody":"","fileTypesAndContributionMap":{"functional-code":{"insertions":10,"deletions":13}}},{"hash":"f0e390a6e587fb9af71c215ad607273efb72b630","messageTitle":"Update to account for checkstyle errors","messageBody":"","fileTypesAndContributionMap":{"test-code":{"insertions":1,"deletions":3}}},{"hash":"1cc5b6c6614f766756bfb89ad8f77d82b5a8dce0","messageTitle":"Update error message for better clarity","messageBody":"","fileTypesAndContributionMap":{"functional-code":{"insertions":1,"deletions":1}}},{"hash":"ca5f2aedab46e93a342628dbab87beed87992bd9","messageTitle":"Update message usage for AppointmentCommand","messageBody":"","fileTypesAndContributionMap":{"functional-code":{"insertions":2,"deletions":2}}}]}],"Tiffanylin21":[{"date":"2022-03-01","commitResults":[{"hash":"3c4f6d4995113671b8e2a0752edc6cfdfbf64742","messageTitle":"Add profile picture and update AboutUs page","messageBody":"","fileTypesAndContributionMap":{"docs":{"insertions":4,"deletions":4}}},{"hash":"72594a0160d2a163eb7b652d2a4f063f549bacdd","messageTitle":"Add skeletal PPP","messageBody":"","fileTypesAndContributionMap":{"docs":{"insertions":21,"deletions":0}}},{"hash":"0fd3bd52058486dfef9edfa80ec4c7129732df4f","messageTitle":"Update UG to include \u0027time\u0027 and \u0027delete\u0027 commands","messageBody":"","fileTypesAndContributionMap":{"docs":{"insertions":27,"deletions":0}}}]},{"date":"2022-03-05","commitResults":[{"hash":"b182a6ba1e42b2a37ae1ba2fa243c86e217c9b18","messageTitle":"Update index.md","messageBody":"","fileTypesAndContributionMap":{"docs":{"insertions":5,"deletions":4}}}]},{"date":"2022-03-08","commitResults":[{"hash":"6f5ddc0eb960f4bffba0ecef2fb174a890e4d113","messageTitle":"Refactor Person to Pet and update Pet to have ownerName attribute instead of email","messageBody":"","fileTypesAndContributionMap":{"functional-code":{"insertions":496,"deletions":503},"other":{"insertions":177,"deletions":176},"docs":{"insertions":45,"deletions":45},"test-code":{"insertions":926,"deletions":998}}},{"hash":"2d141e56d2cd4779a9ee7898ed730c9ad808fc3f","messageTitle":"Update to pass checkstyleTest","messageBody":"","fileTypesAndContributionMap":{"test-code":{"insertions":85,"deletions":29}}},{"hash":"1835d13f16b3d1708ab8d5a566a4239b0a591bb1","messageTitle":"Update test files to refactor person to pet","messageBody":"","fileTypesAndContributionMap":{"test-code":{"insertions":98,"deletions":98}}}]},{"date":"2022-03-14","commitResults":[{"hash":"3a213831d4e6ed637ae0467ee7acbca7b37264cf","messageTitle":"Update AddressBookStorage to create a file for each pet","messageBody":"","fileTypesAndContributionMap":{"functional-code":{"insertions":34,"deletions":1}}}]},{"date":"2022-03-15","commitResults":[{"hash":"7edc11d0c726467ea1ecddce3cf9db28b44ceeed","messageTitle":"Update Javadoc and parameter naming for FileUtil","messageBody":"","fileTypesAndContributionMap":{"functional-code":{"insertions":8,"deletions":2}}}]},{"date":"2022-03-17","commitResults":[{"hash":"c630031ced6fdf9cda8452ffa5e4f35eda2547ac","messageTitle":"Fix bug in pet names, remove leading, trailing and duplicate white space","messageBody":"","fileTypesAndContributionMap":{"functional-code":{"insertions":3,"deletions":2}}},{"hash":"fc460e5ef31e63d76e4bea41d53114fcfbc5fecd","messageTitle":"Update pet name to automatically remove leading, trailing and duplicate white spaces","messageBody":"","fileTypesAndContributionMap":{"functional-code":{"insertions":3,"deletions":4}}},{"hash":"05c6cdebf995d5b7f92b0c474afe9e781808aa5a","messageTitle":"Fix checkstyle test errors and add one pettest test case","messageBody":"","fileTypesAndContributionMap":{"functional-code":{"insertions":1,"deletions":1},"test-code":{"insertions":9,"deletions":2}}},{"hash":"be33f26ea0f04f9050f24477c8d009b200e25862","messageTitle":"Fix spacing issue for ownerName, address, tagName and diet","messageBody":"","fileTypesAndContributionMap":{"functional-code":{"insertions":4,"deletions":4}}}]}],"tsumian":[{"date":"2022-02-26","commitResults":[{"hash":"810c36191fd80b830b857f5b5ec7e22857af84b1","messageTitle":"Update DeveloperGuide.md","messageBody":"Update DG, use cases, glossary, NFR","fileTypesAndContributionMap":{"docs":{"insertions":113,"deletions":17}}}]},{"date":"2022-02-27","commitResults":[{"hash":"f5d487a8c792dfb03fc46418963b2625e21ea99e","messageTitle":"Update DG","messageBody":"Add user stories to DG\n","fileTypesAndContributionMap":{"docs":{"insertions":32,"deletions":8}}}]},{"date":"2022-02-28","commitResults":[{"hash":"c9babc9069b0983d46948bd19ad816079beb005a","messageTitle":"Update AboutUs.md","messageBody":"Update my own details and pictures in AboutUs.md\nAdd my own PPP in docs/team\nAdd profile picture in docs/images\n","fileTypesAndContributionMap":{"docs":{"insertions":45,"deletions":6}}}]},{"date":"2022-03-02","commitResults":[{"hash":"bc6badab81bc1452a584b89f1fd34191628dd83d","messageTitle":"Update UserGuide.md","messageBody":"Add features \u0027owner\u0027 and \u0027food\u0027\nEdit minor formatting mistakes and commands.\n","fileTypesAndContributionMap":{"docs":{"insertions":32,"deletions":114}}}]},{"date":"2022-03-06","commitResults":[{"hash":"adc7aa86576d5b464b551c09c9eb6dbb968dfc51","messageTitle":"Update UserGuide.md","messageBody":"Change getID to Find","fileTypesAndContributionMap":{"docs":{"insertions":4,"deletions":4}}}]},{"date":"2022-03-10","commitResults":[{"hash":"b582d99eaa8ff634c158848f8f6d205eba65319c","messageTitle":"Update UserGuide and find commands","messageBody":"Delete \"food\" and \"owner\" from UG since \"find\" will already display\nall relevant details.\nAdd MESSAGE_PETS_FOUND to Messages.java to display \"Found\n___ pets similar to keywords\" instead of just \"___ pets listed!\". Edit\nrelevant test cases with expected messages.\n","fileTypesAndContributionMap":{"functional-code":{"insertions":4,"deletions":3},"docs":{"insertions":13,"deletions":37},"test-code":{"insertions":3,"deletions":2}}},{"hash":"9b3f95c1f1db880aef489e601e08eab7375beca3","messageTitle":"Update to pass checkstyle","messageBody":"","fileTypesAndContributionMap":{"test-code":{"insertions":0,"deletions":1}}}]},{"date":"2022-03-11","commitResults":[{"hash":"eb38e35aa8d80f6dfc91bb9d55127b775050c502","messageTitle":"Update user guide with diet command","messageBody":"Minor change in find description.\n","fileTypesAndContributionMap":{"docs":{"insertions":13,"deletions":1}}},{"hash":"b63b1f32cc072232c677805731d749c44a53eb20","messageTitle":"Update table of commands","messageBody":"","fileTypesAndContributionMap":{"docs":{"insertions":1,"deletions":0}}}]},{"date":"2022-03-15","commitResults":[{"hash":"82ba066674f142bc83aa2a2c2efd0768cbd776ff","messageTitle":"Update tag function","messageBody":"Current tag allows only 1 word.\n\nSome breeds have 2 words or more so need to change parsing of tags.\n\nUse VALIDATION_REGEX \u003d \"\\\\s*\\\\p{Alnum}[\\\\p{Alnum}\\\\s]*\" instead of\nVALIDATION_REGEX \u003d \"\\\\p{Alnum}+\".\n\nAllow any number of white spaces to precede before alpha-numeric\ncharacters, and any number of white space in between or after alpha-\nnumeric characters.\n","fileTypesAndContributionMap":{"functional-code":{"insertions":1,"deletions":1}}}]},{"date":"2022-03-16","commitResults":[{"hash":"327502d4a274feef5ad26221a6b9118d24fde2e8","messageTitle":"Add attendance command","messageBody":"Attendance command takes in att/dd-MM-yyyy pu/HH:mm do/HH:mm and\nstores the 3 fields inside a json file specific to the pet in data/pets.\n\nAdd AttendanceCommand.java class similar to EditCommand.java class.\nAdd AttendanceCommandParser.java class.\nAdd case in AddressBookParser.java\nAdd new syntax in CliSyntax: PREFIX_DROP_OFF, PREFIX_PICK_UP,\nPREFIX_ATTENDANCE_DATE.\nAdd new parser methods for date and time in ParserUtil.java\nRemove line to delete individual pet\u0027s json file in JsonAddressBookStorage.java\nevery time saveAddressBook() is called.\n","fileTypesAndContributionMap":{"functional-code":{"insertions":281,"deletions":1}}},{"hash":"d40a9544810835326dd3dfbc55f87bffdcfb1fac","messageTitle":"Update attendance command","messageBody":"Update user guide with attendance command.\nUpdate AttendanceCommand.java createAttendanceForPet() method.\nUpdate JsonAddressBookStorage.java\n\nAdd a pet to address book will create a JSON file and a txt file for the pet if it has\nnot been created already.\nAttendance command takes in an index, date, pick up time and drop off time.\nCommand will be parsed to LocalDate, LocalTime and LocalTime respectively.\ncreateAttendanceForPet() command takes in the parsed commands, adds them as\ntest in pet\u0027s txt file, sorts the txt file, reads it and outputs it as JSON file.\n\nTo be implemented: Optional fields such as pu/ and do/, time command to display\nthe pickup and drop off time, how to display them in GUI.\n","fileTypesAndContributionMap":{"functional-code":{"insertions":120,"deletions":59},"docs":{"insertions":14,"deletions":0}}},{"hash":"8087791de1e3ff5d1984b67100fa34e2af6c8cf1","messageTitle":"Implement abstraction","messageBody":"Makes code neater and methods shorter.\nImprove abstraction.\nFixed minor bugs.\n","fileTypesAndContributionMap":{"functional-code":{"insertions":43,"deletions":24}}},{"hash":"393a6bb70225c9ff3b676f6754b5ca3bd553b550","messageTitle":"Fix minor issues","messageBody":"Use `attd` instead of `attendance`. Update user doc.\n","fileTypesAndContributionMap":{"functional-code":{"insertions":3,"deletions":3},"docs":{"insertions":13,"deletions":12}}},{"hash":"5f7839c64fb99fed54cf2d34703c8607c1da28b3","messageTitle":"Fix message error naming","messageBody":"","fileTypesAndContributionMap":{"functional-code":{"insertions":2,"deletions":2}}},{"hash":"02a8f6fb46427e2b4afb6930ffbaa7f32c01b7cc","messageTitle":"Fix minor issue in user guide formatting","messageBody":"","fileTypesAndContributionMap":{"docs":{"insertions":1,"deletions":1}}}]},{"date":"2022-03-23","commitResults":[{"hash":"b0453c50e0d666d0d8d54fd4880e25fbdf53be29","messageTitle":"Update DG","messageBody":"Currently does not have filter feature in DG.\n\nUpdate DG with filter feature section, with sequence diagram and activity diagram.\nFilter section is tentative and subject to changes along the way as feature is being\nimplemented.\n","fileTypesAndContributionMap":{"docs":{"insertions":107,"deletions":1}}},{"hash":"82aa9992f6abae31039e00667680735983914cf8","messageTitle":"Update DG to pass Checkstyle","messageBody":"","fileTypesAndContributionMap":{"docs":{"insertions":18,"deletions":14}}}]}],"soloplxya":[{"date":"2022-03-01","commitResults":[{"hash":"ef126f7029facdd26790d5a5f4025aca39485098","messageTitle":"Add profile picture and update AboutUs","messageBody":"","fileTypesAndContributionMap":{"docs":{"insertions":7,"deletions":6}}},{"hash":"fc75db25329881365bbc4b0706052c7861eff124","messageTitle":"Update UserGuide with introduction and Ui.png","messageBody":"","fileTypesAndContributionMap":{"docs":{"insertions":6,"deletions":5}}},{"hash":"67dee5f37fe16db4f0d28b71572291c28df5b2b0","messageTitle":"Update skeletal PPP","messageBody":"","fileTypesAndContributionMap":{"docs":{"insertions":24,"deletions":47}}},{"hash":"1dc2cc6c668a3028ff5273dda0a9ed57eb99c224","messageTitle":"Fix lint errors","messageBody":"","fileTypesAndContributionMap":{"docs":{"insertions":3,"deletions":13}}}]},{"date":"2022-03-10","commitResults":[{"hash":"72355f051e5d495f48fb5d00f92cb11f59c0e0aa","messageTitle":"Add diet command to allow pet owners to put remarks for their pet\u0027s dietary concerns","messageBody":"","fileTypesAndContributionMap":{"functional-code":{"insertions":248,"deletions":15},"test-code":{"insertions":179,"deletions":17}}},{"hash":"38f2cf782296b2cfdf05ab42352e197fc60cb72d","messageTitle":"Minor updates based on review comments","messageBody":"","fileTypesAndContributionMap":{"functional-code":{"insertions":2,"deletions":1},"test-code":{"insertions":3,"deletions":3}}}]},{"date":"2022-03-14","commitResults":[{"hash":"4e832ff1072ace7139b799a93f85d3d69351d4d9","messageTitle":"Add sort command to WoofAreYou","messageBody":"- Current implementation does not allow for sorting.\n\n- Sorting should be allowed so that pet owners can find pets easier via alphabetical order.\n\n- As such, we can add a sort command that allows the pet owners to set the pets by their name.\n\n- The Name class must be comparable in order for us to do so.\n","fileTypesAndContributionMap":{"functional-code":{"insertions":63,"deletions":1},"test-code":{"insertions":5,"deletions":0}}}]},{"date":"2022-03-15","commitResults":[{"hash":"f3a8caba8f4da8a9a284bffa6875308e3f6955c3","messageTitle":"Add tests for the sort command","messageBody":"","fileTypesAndContributionMap":{"test-code":{"insertions":29,"deletions":0}}},{"hash":"c361ca3685663262c62baf2918be78f8fe9df10f","messageTitle":"Update JavaDocs","messageBody":"","fileTypesAndContributionMap":{"functional-code":{"insertions":3,"deletions":2},"test-code":{"insertions":6,"deletions":0}}},{"hash":"acd78393f1d6cc4b1bf7403d5807f4772049ce5a","messageTitle":"Implement a more general version of sort.","messageBody":"- Now, users will be able to sort the pet list by both name and ownername.\n","fileTypesAndContributionMap":{"functional-code":{"insertions":68,"deletions":12},"test-code":{"insertions":3,"deletions":3}}},{"hash":"05e49930c9b2aad55910a83a1f0c2b9dad1aa3a8","messageTitle":"Update UserGuide.md.","messageBody":"- Included the sort command as one of the new features.\n","fileTypesAndContributionMap":{"docs":{"insertions":11,"deletions":0}}},{"hash":"68b34b0b0aeca45e32334c60ccfa71cd7cfab5be","messageTitle":"Add tests for the SortCommandParser class","messageBody":"","fileTypesAndContributionMap":{"test-code":{"insertions":29,"deletions":0}}},{"hash":"4b9f56e1edef455210263306d246780230de055f","messageTitle":"Update Javadocs","messageBody":"","fileTypesAndContributionMap":{"functional-code":{"insertions":7,"deletions":4}}},{"hash":"f5e15dfd35fb7c0f4d79261c848764088039fb7b","messageTitle":"Minor edit to change \"columnName\" to \"field\"","messageBody":"","fileTypesAndContributionMap":{"functional-code":{"insertions":16,"deletions":16}}},{"hash":"c5e43198e1a830cc519f9fdf8a8332f6266854fa","messageTitle":"Fix typo","messageBody":"","fileTypesAndContributionMap":{"test-code":{"insertions":1,"deletions":1}}}]},{"date":"2022-03-16","commitResults":[{"hash":"6fe22b2f3fa0c896e6b153688aab3f8f433b3dcd","messageTitle":"Integrate new testcases \u0026 update command format","messageBody":"","fileTypesAndContributionMap":{"functional-code":{"insertions":4,"deletions":4},"docs":{"insertions":2,"deletions":2},"test-code":{"insertions":13,"deletions":4}}},{"hash":"2adee6e186e831c04b606bd4cdddf1c51265cd63","messageTitle":"Fix MessageUsage in SortCommand.java","messageBody":"","fileTypesAndContributionMap":{"functional-code":{"insertions":3,"deletions":3}}}]},{"date":"2022-03-22","commitResults":[{"hash":"993bcfae387abbd1cf4c54dba8c4e75e7b7e73cd","messageTitle":"Update DeveloperGuide with sort feature implementation","messageBody":"","fileTypesAndContributionMap":{"docs":{"insertions":131,"deletions":0}}}]}],"tobihy":[{"date":"2022-02-27","commitResults":[{"hash":"4440def4ce435dafff8ebf03a2a6beadaec6fcd6","messageTitle":"Add a skeletal PPP","messageBody":"","fileTypesAndContributionMap":{"docs":{"insertions":22,"deletions":0}}},{"hash":"be7a07ea1f9ebb1672f5cee7dd983bf922f6c1f0","messageTitle":"Update UserGuide.md with exit and command summary","messageBody":"","fileTypesAndContributionMap":{"docs":{"insertions":12,"deletions":21}}}]},{"date":"2022-03-01","commitResults":[{"hash":"66cd1bc45c03930a6f29d9295ed3030e26c0338b","messageTitle":"Update AboutUs.md","messageBody":"","fileTypesAndContributionMap":{"docs":{"insertions":5,"deletions":6}}},{"hash":"48b935e1622bf70699616cea987585832d3b73d9","messageTitle":"Update UserGuide.md","messageBody":"","fileTypesAndContributionMap":{"docs":{"insertions":2,"deletions":6}}}]},{"date":"2022-03-11","commitResults":[{"hash":"0df63af8c2250ced072115b6dd47dd3d726830d1","messageTitle":"Edit variable names, edit GUI and improve search to work on partial matches","messageBody":"","fileTypesAndContributionMap":{"functional-code":{"insertions":22,"deletions":22},"test-code":{"insertions":4,"deletions":4}}},{"hash":"4627a1592c15c6400fe1276fe568c59c899a82d4","messageTitle":"Edit GUI and update tests for StringUtilTest.java","messageBody":"","fileTypesAndContributionMap":{"functional-code":{"insertions":1,"deletions":1},"test-code":{"insertions":1,"deletions":1}}},{"hash":"5d6a19b9602cf5cdc46c893752c507af131b10f5","messageTitle":"Edit find command in UserGuide.md","messageBody":"","fileTypesAndContributionMap":{"docs":{"insertions":4,"deletions":3}}},{"hash":"f0d888db51b5dd370b1102782cfe68b243727a5c","messageTitle":"Edit icon files and related usages","messageBody":"","fileTypesAndContributionMap":{"functional-code":{"insertions":1,"deletions":1},"test-code":{"insertions":1,"deletions":1}}},{"hash":"54375e578d4e7366285a8e744cc7370b5a6c6df3","messageTitle":"Edit spelling error","messageBody":"","fileTypesAndContributionMap":{"test-code":{"insertions":1,"deletions":1}}},{"hash":"68b49bada3035326a349486ce49692d1f4c5fd7b","messageTitle":"Edit minor grammar","messageBody":"","fileTypesAndContributionMap":{"functional-code":{"insertions":1,"deletions":1}}},{"hash":"847c89f461d5037922dcb257bf2ada9a7c3399ba","messageTitle":"Edit minor grammar issues","messageBody":"","fileTypesAndContributionMap":{"functional-code":{"insertions":3,"deletions":3}}},{"hash":"af852c2ebc6178dd7ac2a01b05dd3c7fbc5e61f3","messageTitle":"Edit JavaDoc comments in StringUtil.java","messageBody":"","fileTypesAndContributionMap":{"functional-code":{"insertions":1,"deletions":0}}},{"hash":"76915ab59a59ced70e3a94623ac6b9e4bdb48d1b","messageTitle":"Clean up code for checkstyle","messageBody":"","fileTypesAndContributionMap":{"functional-code":{"insertions":0,"deletions":1}}},{"hash":"c52532cc161fb134f50c400ec284314f9849c1ad","messageTitle":"Change app icon","messageBody":"","fileTypesAndContributionMap":{"functional-code":{"insertions":2,"deletions":2},"test-code":{"insertions":1,"deletions":1}}}]},{"date":"2022-03-14","commitResults":[{"hash":"13f0985dc7eb0725ab16941604bd5b259119b78b","messageTitle":"Fix bug when adding duplicate pets with same name in different case","messageBody":"","fileTypesAndContributionMap":{"functional-code":{"insertions":2,"deletions":2}}},{"hash":"fa9a93defc0d3aa79d324615cb4fe811f8c5cdb7","messageTitle":"Update test cases to work with similar and identical pets","messageBody":"","fileTypesAndContributionMap":{"test-code":{"insertions":59,"deletions":12}}},{"hash":"01dd8782b44fc91a822388f5b6edac17958799ae","messageTitle":"Edit variable names","messageBody":"","fileTypesAndContributionMap":{"test-code":{"insertions":4,"deletions":4}}},{"hash":"5c2874189e4e0006b176d4ab27da9ed03ba6fb9e","messageTitle":"Edit JavaDoc comment in SimilarPets.java","messageBody":"","fileTypesAndContributionMap":{"test-code":{"insertions":1,"deletions":1}}}]},{"date":"2022-03-16","commitResults":[{"hash":"44c0ef106df8dbaf43344fbf55724c75111f64eb","messageTitle":"Edit GUI to look more similar to mockup","messageBody":"","fileTypesAndContributionMap":{"functional-code":{"insertions":248,"deletions":101}}},{"hash":"ee4a292f364f9ce2238d3ed18feaf7623d6e96b8","messageTitle":"Add commonly used util methods","messageBody":"","fileTypesAndContributionMap":{"functional-code":{"insertions":28,"deletions":0}}},{"hash":"d5d6dcf16266bf1334713880afccc4c73e400c2a","messageTitle":"Add makeshift attendance GUI","messageBody":"","fileTypesAndContributionMap":{"functional-code":{"insertions":19,"deletions":35}}}]},{"date":"2022-03-17","commitResults":[{"hash":"92cabe53251d42ae31f94a40a32c5410a07e4d36","messageTitle":"Remove attendance GUI temporarily","messageBody":"","fileTypesAndContributionMap":{"functional-code":{"insertions":2,"deletions":23}}},{"hash":"bc366ad8af0a5fe18d2ca6260d141ea26e8fee19","messageTitle":"Remove attendance GUI temporarily","messageBody":"","fileTypesAndContributionMap":{"functional-code":{"insertions":0,"deletions":25}}},{"hash":"de00d0ae03a9e1448fa5f1a532fa46eb3618c927","messageTitle":"Edit to pass CheckStyle","messageBody":"","fileTypesAndContributionMap":{"functional-code":{"insertions":8,"deletions":12}}}]}]},"authorFileTypeContributionMap":{"Dineshraj555":{"docs":206,"functional-code":443,"test-code":257},"Tiffanylin21":{"docs":89,"functional-code":573,"test-code":933},"tsumian":{"docs":323,"functional-code":368,"test-code":3,"other":1},"soloplxya":{"docs":168,"functional-code":346,"test-code":227},"tobihy":{"docs":31,"functional-code":180,"test-code":65}},"authorContributionVariance":{"Dineshraj555":15867.948,"Tiffanylin21":384989.7,"tsumian":10617.132,"soloplxya":7885.6543,"tobihy":5652.139},"authorDisplayNameMap":{"Dineshraj555":"CS2103T-T13-1 S DI.. RAJ","Tiffanylin21":"CS2103T-T13-1 LIN ..FANY","tsumian":"CS2103T-T13-1 THIA..MIAN","soloplxya":"CS2103T-T13-1 SHAI.. HUI","tobihy":"CS2103T-T13-1 TEO ..O YU"}}
