{"authorDailyContributionsMap":{"Dineshraj555":[{"date":"2022-03-01","commitResults":[{"hash":"f31cfea8502b613bf125d6177b3a2eb125e0bce6","messageTitle":"Add skeletal PPP","messageBody":"Add a personal Skeletal PPP titled dineshraj555.md to docs/team.\n","fileTypesAndContributionMap":{"docs":{"insertions":28,"deletions":0}}},{"hash":"adc518f648396a5acce26f080ccf726d25cba9ef","messageTitle":"Update AboutUs.md","messageBody":"Add personal image of myself titled dineshraj555.png to docs/images for\ndocumentation. Update AboutUs.md to include my personal details in the\nproject website.\n","fileTypesAndContributionMap":{"docs":{"insertions":5,"deletions":6}}},{"hash":"da4149b7b81516566e62a292ef0900968a74e0ed","messageTitle":"Update README.md","messageBody":"Update README page to match project details. Update the link of GitHub\nActions build status badge to reflect the build status of team repo.\n","fileTypesAndContributionMap":{"docs":{"insertions":9,"deletions":9}}},{"hash":"1afa10c51137260c15a278945d80932fc339b21f","messageTitle":"Update UserGuide.md","messageBody":"Update UserGuide.md to include \u0027add\u0027 and \u0027getID\u0027 commands.\n","fileTypesAndContributionMap":{"docs":{"insertions":17,"deletions":8}}}]},{"date":"2022-03-09","commitResults":[{"hash":"cb64a98df107582074cf66b2398c9df14b1b1d4d","messageTitle":"Update Pet.java","messageBody":"Minor changes to match orientation of add command.\n","fileTypesAndContributionMap":{"functional-code":{"insertions":12,"deletions":12}}},{"hash":"5157c1887fcb4c1a79fecc40ce153da6f52ef4c8","messageTitle":"Update to match module coding standards","messageBody":"","fileTypesAndContributionMap":{"functional-code":{"insertions":1,"deletions":1},"test-code":{"insertions":65,"deletions":65}}},{"hash":"f6f33ed01acf8e2a1dcb628b85c784f41622659b","messageTitle":"Update to align with changes to Pet constructor","messageBody":"","fileTypesAndContributionMap":{"functional-code":{"insertions":47,"deletions":47},"test-code":{"insertions":5,"deletions":5}}},{"hash":"0fefa95482dc3308609a931032a903c7b0d4de11","messageTitle":"Update to align with changes related to ownerName","messageBody":"","fileTypesAndContributionMap":{"functional-code":{"insertions":13,"deletions":15}}},{"hash":"38f7570789151ff071256c4ec409463aac2821e9","messageTitle":"Update to comments in ListCommand.java","messageBody":"Change persons to pets in order to account for refactor made.\n","fileTypesAndContributionMap":{"functional-code":{"insertions":2,"deletions":2}}},{"hash":"01ad503477f440088212796bf7bfb93248c511d9","messageTitle":"Update PetListCard.fxml","messageBody":"Update GUI to reflect the order of details to match mockup Ui.\n","fileTypesAndContributionMap":{"functional-code":{"insertions":1,"deletions":1}}},{"hash":"ac26d12613484579750ec0601b31359cc27d4935","messageTitle":"Update JsonAdaptedPetTest.java","messageBody":"Update to account for the changes to JsonAdaptedPet constructor.\nMinor changes to match module coding standards.\n","fileTypesAndContributionMap":{"test-code":{"insertions":11,"deletions":11}}},{"hash":"8d0edef06eabb56ea8ce5c6352992b9a38afb88c","messageTitle":"Update to account for proposed changes","messageBody":"Update ListCommand.java due to a minor grammar mistake.\nUpdate PetCard.java to improve readability\n","fileTypesAndContributionMap":{"functional-code":{"insertions":4,"deletions":4}}}]},{"date":"2022-03-12","commitResults":[{"hash":"c00b34ef8731bca903d2f7ff98d7bab103b3f58d","messageTitle":"Update CliSyntax.java","messageBody":"Add prefix definition for Appointment command.\n","fileTypesAndContributionMap":{"functional-code":{"insertions":1,"deletions":0}}}]},{"date":"2022-03-14","commitResults":[{"hash":"ef002d144622c71ca82ea4f8afcf81f05c660096","messageTitle":"Update ParserUtil.java","messageBody":"Remove unused parseDiet(String) method.\n","fileTypesAndContributionMap":{"functional-code":{"insertions":0,"deletions":12}}},{"hash":"b4d03a6b58b371be4fcdf732a3bcaa79601da461","messageTitle":"Add classes for Appointment command","messageBody":"Add AppointmentCommand.java to logic/commands.\nAdd AppointmentCommandParser.java to logic/parser.\nAdd Appointment.java to model/pet.\n","fileTypesAndContributionMap":{"functional-code":{"insertions":172,"deletions":0}}},{"hash":"815120ab075a625127772e2cb6b3977604daaecb","messageTitle":"Update Pet.java","messageBody":"Update Pet.java to include appointment field.\n","fileTypesAndContributionMap":{"functional-code":{"insertions":15,"deletions":5}}},{"hash":"103e5664f411505ef3ea84d3fcb11d5d7e23b29f","messageTitle":"Update Classes to include appointment field","messageBody":"","fileTypesAndContributionMap":{"functional-code":{"insertions":47,"deletions":13},"test-code":{"insertions":14,"deletions":1}}},{"hash":"566b63b18eee3712da6d7b9cae726880bcb454f4","messageTitle":"Update AddressBookParser.java","messageBody":"Update AddressBookParser.java to include Appointment command.\n","fileTypesAndContributionMap":{"functional-code":{"insertions":4,"deletions":0}}},{"hash":"baebbb5549ca42ef7d9a9b4bdcd9e8cbaea1b5d0","messageTitle":"Update GUI to reflect Appointment details","messageBody":"Update PetCard.java to include appointment label.\nUpdate PetListCard.fxml to show appointment details in GUI.\n","fileTypesAndContributionMap":{"functional-code":{"insertions":4,"deletions":0}}},{"hash":"0c42a90dc875433380136278f95ea1b299360be5","messageTitle":"Add AppointmentCommandTest.java","messageBody":"Add code to test AppointmentCommand.\n","fileTypesAndContributionMap":{"test-code":{"insertions":132,"deletions":0}}},{"hash":"c262f48a0b5c04ccf040145ba967836263b1fcb6","messageTitle":"Update test classes to include Appointment field and command","messageBody":"","fileTypesAndContributionMap":{"test-code":{"insertions":37,"deletions":18}}}]},{"date":"2022-03-15","commitResults":[{"hash":"c294ec0bafa1d824ce3878395b877eb9c5bd644a","messageTitle":"Update Appointment Command to parse date and time","messageBody":"Update the appointment command to parse the date entered.\n","fileTypesAndContributionMap":{"functional-code":{"insertions":92,"deletions":15}}},{"hash":"22099aa5fb39238eb59357c6a1f4c856c8179200","messageTitle":"Update UserGuide.md","messageBody":"Update UserGuide to include AppointmentCommand.\n","fileTypesAndContributionMap":{"docs":{"insertions":19,"deletions":0}}}]},{"date":"2022-03-16","commitResults":[{"hash":"7ebd686c74c58193d475aa2e567552f051d64cf3","messageTitle":"Update code to account for comments made by team","messageBody":"","fileTypesAndContributionMap":{"functional-code":{"insertions":27,"deletions":19},"test-code":{"insertions":2,"deletions":2}}},{"hash":"e8adec0b7c48fba74e38cb7cbb802e8d3013c136","messageTitle":"Update code to fix trailing whitespace and new line EOF","messageBody":"","fileTypesAndContributionMap":{"functional-code":{"insertions":6,"deletions":5},"docs":{"insertions":31,"deletions":31},"test-code":{"insertions":1,"deletions":0}}},{"hash":"508ebac874a0e2d7439e7022cd130f2a6c93bd0c","messageTitle":"Update code for trailing whitespace","messageBody":"","fileTypesAndContributionMap":{"docs":{"insertions":4,"deletions":4},"test-code":{"insertions":1,"deletions":1}}},{"hash":"6464471bd01234cb0550219b2fb0dc9df8cb3437","messageTitle":"Update code to pass checkstyle","messageBody":"","fileTypesAndContributionMap":{"functional-code":{"insertions":7,"deletions":7}}},{"hash":"f7936fdc44db377987122d316dd91a8466607add","messageTitle":"Update SimiliarPets.java to include appointment field","messageBody":"","fileTypesAndContributionMap":{"test-code":{"insertions":2,"deletions":0}}}]},{"date":"2022-03-23","commitResults":[{"hash":"764d028aa4c2649c8dd214fa8a554fcfdafa0397","messageTitle":"Update and refactor Appointment.class","messageBody":"Initially Appointment.class only had one String attribute which\nwas value. Appointment details were assigned to value. However since\nsort feature require Appointment.class to have dateTime attribute,\nupdates were made to Appointment.class to account for these\nrequirements.\n","fileTypesAndContributionMap":{"functional-code":{"insertions":93,"deletions":12}}},{"hash":"97ca39044c3ba52044a93d5e0eeb204565df717d","messageTitle":"Update corresponding classes to account for changes to Appointment.class","messageBody":"","fileTypesAndContributionMap":{"functional-code":{"insertions":2,"deletions":2},"test-code":{"insertions":45,"deletions":35}}},{"hash":"c981655e1a6f4eec5872ddf3bc0abafd613f691f","messageTitle":"Update AppointmentCommandParser.java and Prefixes","messageBody":"Changes were made to AppointmentCommandParser.class to account for\nthe update to Appointment.class. PREFIX_CLEAR was introduced to permit\nclearing appointment details by the AppointmentCommand itself.\n","fileTypesAndContributionMap":{"functional-code":{"insertions":22,"deletions":13}}},{"hash":"922b9edc0eda36dcc847fb87849686d3868d2136","messageTitle":"Update ParserUtil.java to account for changes to Appointment class","messageBody":"parseAppointment method was removed and replaced with\nparseAppointmentDateTime method.\n","fileTypesAndContributionMap":{"functional-code":{"insertions":10,"deletions":32}}},{"hash":"9a156e66287f4c2b1ca71b37876940420f727894","messageTitle":"Remove unused methods identified in EditPetDescriptorBuilder.java","messageBody":"","fileTypesAndContributionMap":{"test-code":{"insertions":0,"deletions":16}}},{"hash":"6a6039e5142955934aa5a8485c7a5a4603b9938a","messageTitle":"Update DeveloperGuide to include Appointment feature","messageBody":"Add appointment feature to the DeveloperGuide.\n","fileTypesAndContributionMap":{"docs":{"insertions":130,"deletions":1}}},{"hash":"a4740ef8567445c9720c10048c2fae040b9e368d","messageTitle":"Update UserGuide and Message Usage to account for changes in Command","messageBody":"","fileTypesAndContributionMap":{"functional-code":{"insertions":9,"deletions":5},"docs":{"insertions":24,"deletions":11}}},{"hash":"b6021112da61c9e56a461b6a4728e05d40712bfd","messageTitle":"Update to account for checkstyle error","messageBody":"","fileTypesAndContributionMap":{"functional-code":{"insertions":10,"deletions":13}}},{"hash":"f0e390a6e587fb9af71c215ad607273efb72b630","messageTitle":"Update to account for checkstyle errors","messageBody":"","fileTypesAndContributionMap":{"test-code":{"insertions":1,"deletions":3}}},{"hash":"1cc5b6c6614f766756bfb89ad8f77d82b5a8dce0","messageTitle":"Update error message for better clarity","messageBody":"","fileTypesAndContributionMap":{"functional-code":{"insertions":1,"deletions":1}}},{"hash":"ca5f2aedab46e93a342628dbab87beed87992bd9","messageTitle":"Update message usage for AppointmentCommand","messageBody":"","fileTypesAndContributionMap":{"functional-code":{"insertions":2,"deletions":2}}}]},{"date":"2022-03-24","commitResults":[{"hash":"fdb75302212a85d4182bb2e17f7e09a18ba2858f","messageTitle":"Update UserGuide.md","messageBody":"Update UG to include missing information.\r\nThe following commands were added / edited:\r\nList, Edit, Clear, Help, Absent, Present, App.","fileTypesAndContributionMap":{"docs":{"insertions":43,"deletions":7}}}]},{"date":"2022-03-25","commitResults":[{"hash":"3a7ffbe3ae4a443aea03480b53a16fd2f311d4e9","messageTitle":"Update sort command to sort by appointment","messageBody":"","fileTypesAndContributionMap":{"functional-code":{"insertions":26,"deletions":6}}},{"hash":"9d55c2d5977860f90f180b71f09df2b9d6ffa502","messageTitle":"Update import order to account for check style","messageBody":"","fileTypesAndContributionMap":{"functional-code":{"insertions":1,"deletions":1}}},{"hash":"043abc1f283ac1e3ede80a1e331801349689d814","messageTitle":"Update test cases for SortCommand","messageBody":"","fileTypesAndContributionMap":{"test-code":{"insertions":13,"deletions":4}}}]},{"date":"2022-03-26","commitResults":[{"hash":"7a916476a1ac7c204399483a66132663a05a6677","messageTitle":"Update UG and UndoCommandTest to account for changes to sort command","messageBody":"","fileTypesAndContributionMap":{"docs":{"insertions":28,"deletions":23},"test-code":{"insertions":1,"deletions":1}}}]},{"date":"2022-03-28","commitResults":[{"hash":"9b897238b8eff2fbc4ef7b0e01bde1afe40cd1c7","messageTitle":"Add comparator classes to compare pet drop off and pick up time","messageBody":"","fileTypesAndContributionMap":{"functional-code":{"insertions":105,"deletions":0}}},{"hash":"c0a53b547fb2a51b56e9bcd3ad780a83241bb2df","messageTitle":"Update Sort Command Parameters and Sort Feature code organisation","messageBody":"","fileTypesAndContributionMap":{"functional-code":{"insertions":60,"deletions":23}}},{"hash":"03a5bffaa408905dbc35bd980c48ffe854b5ce27","messageTitle":"Add test cases and update comparator classes","messageBody":"","fileTypesAndContributionMap":{"functional-code":{"insertions":14,"deletions":10},"test-code":{"insertions":19,"deletions":0}}},{"hash":"c9ca1f65b4a3ce5618e610298c35c36d0dac93a5","messageTitle":"Update classes to include newline at EOF","messageBody":"","fileTypesAndContributionMap":{"functional-code":{"insertions":1,"deletions":2}}},{"hash":"71e1b343d1b657e5133d5bcf24db30cb363b823c","messageTitle":"Update comparator classes to shorten LOC","messageBody":"","fileTypesAndContributionMap":{"functional-code":{"insertions":53,"deletions":30}}},{"hash":"da2169545ea56bc9663eb28b02762b37c9393552","messageTitle":"Update format for check style","messageBody":"","fileTypesAndContributionMap":{"functional-code":{"insertions":8,"deletions":8}}},{"hash":"3ae894b3e04b9450cd04c94b86b88200ee7dfcdb","messageTitle":"Update classes to account for check style errors","messageBody":"","fileTypesAndContributionMap":{"functional-code":{"insertions":5,"deletions":2}}},{"hash":"dd0577f50d9ffb9a4d925d5a07ff5cc8df82f2c5","messageTitle":"Update classes to account for check style errors","messageBody":"","fileTypesAndContributionMap":{"functional-code":{"insertions":1,"deletions":6}}},{"hash":"a4515ebd19aa9ec6dc844caa83696d715add8c34","messageTitle":"Update classes to pass check style error","messageBody":"","fileTypesAndContributionMap":{"functional-code":{"insertions":4,"deletions":4}}}]},{"date":"2022-03-29","commitResults":[{"hash":"c0a21edb8c43e172a9fafa829afd791dcdcbe48d","messageTitle":"Update SortCommand","messageBody":"","fileTypesAndContributionMap":{"functional-code":{"insertions":55,"deletions":58}}},{"hash":"d9fa4af2ebacb4f2e81f54ed3973cef038fe5c1e","messageTitle":"Add Test Cases for Comparator: Name, Owner and Appointment","messageBody":"","fileTypesAndContributionMap":{"test-code":{"insertions":99,"deletions":0}}},{"hash":"0953b1664a2337840dadf0283e99a1d097e78678","messageTitle":"Update Appointment Validation Regex","messageBody":"","fileTypesAndContributionMap":{"functional-code":{"insertions":1,"deletions":1}}},{"hash":"7c15362a83512ecf53eba0a79a1b80978b19e744","messageTitle":"Add test cases for Comparator classes","messageBody":"","fileTypesAndContributionMap":{"test-code":{"insertions":132,"deletions":0}}},{"hash":"31075117280094b73c97f08618cad8f13554c6c1","messageTitle":"Update import order of class","messageBody":"","fileTypesAndContributionMap":{"test-code":{"insertions":2,"deletions":2}}},{"hash":"643e15fe4bb069cd15c6a3c70980e6e2a8bb86da","messageTitle":"Update java docs to pass check style","messageBody":"","fileTypesAndContributionMap":{"functional-code":{"insertions":6,"deletions":6}}},{"hash":"fb06af3155408794dd48dc220117a37ad906e3c9","messageTitle":"Update classes to pass check style","messageBody":"","fileTypesAndContributionMap":{"test-code":{"insertions":8,"deletions":8}}}]},{"date":"2022-03-30","commitResults":[{"hash":"996afd93c8c01863e07b2c9891d5332309bcf17f","messageTitle":"Update personal page","messageBody":"","fileTypesAndContributionMap":{"docs":{"insertions":10,"deletions":5}}},{"hash":"edde93fc95944a7956dee56ae0901c1c48cdabb7","messageTitle":"Update variable access definition order","messageBody":"","fileTypesAndContributionMap":{"test-code":{"insertions":2,"deletions":2}}},{"hash":"814007a711f4358caf6da991f64eeeaca7585d93","messageTitle":"Update declaration order for check style","messageBody":"","fileTypesAndContributionMap":{"test-code":{"insertions":2,"deletions":2}}},{"hash":"0aac63dd2f169245a5a3f2298c0b2f61192af3fd","messageTitle":"Update declaration order for check style","messageBody":"","fileTypesAndContributionMap":{"test-code":{"insertions":4,"deletions":2}}},{"hash":"48935dcade01cb939349d2b7bb3ec20faecee355","messageTitle":"Update Comparator classes for better clarity","messageBody":"","fileTypesAndContributionMap":{"functional-code":{"insertions":11,"deletions":12}}}]},{"date":"2022-03-31","commitResults":[{"hash":"d4d0064b38334940bcadce12ce00a8e633600f61","messageTitle":"Update GUI appointment info colour code","messageBody":"","fileTypesAndContributionMap":{"functional-code":{"insertions":70,"deletions":27}}},{"hash":"ddd830d72a9fd788d099b388ac2e80bf81397ec2","messageTitle":"Remove unused import statements","messageBody":"","fileTypesAndContributionMap":{"functional-code":{"insertions":0,"deletions":3}}}]}],"Tiffanylin21":[{"date":"2022-03-01","commitResults":[{"hash":"3c4f6d4995113671b8e2a0752edc6cfdfbf64742","messageTitle":"Add profile picture and update AboutUs page","messageBody":"","fileTypesAndContributionMap":{"docs":{"insertions":4,"deletions":4}}},{"hash":"72594a0160d2a163eb7b652d2a4f063f549bacdd","messageTitle":"Add skeletal PPP","messageBody":"","fileTypesAndContributionMap":{"docs":{"insertions":21,"deletions":0}}},{"hash":"0fd3bd52058486dfef9edfa80ec4c7129732df4f","messageTitle":"Update UG to include \u0027time\u0027 and \u0027delete\u0027 commands","messageBody":"","fileTypesAndContributionMap":{"docs":{"insertions":27,"deletions":0}}}]},{"date":"2022-03-05","commitResults":[{"hash":"b182a6ba1e42b2a37ae1ba2fa243c86e217c9b18","messageTitle":"Update index.md","messageBody":"","fileTypesAndContributionMap":{"docs":{"insertions":5,"deletions":4}}}]},{"date":"2022-03-08","commitResults":[{"hash":"6f5ddc0eb960f4bffba0ecef2fb174a890e4d113","messageTitle":"Refactor Person to Pet and update Pet to have ownerName attribute instead of email","messageBody":"","fileTypesAndContributionMap":{"functional-code":{"insertions":496,"deletions":503},"other":{"insertions":177,"deletions":176},"docs":{"insertions":45,"deletions":45},"test-code":{"insertions":926,"deletions":998}}},{"hash":"2d141e56d2cd4779a9ee7898ed730c9ad808fc3f","messageTitle":"Update to pass checkstyleTest","messageBody":"","fileTypesAndContributionMap":{"test-code":{"insertions":85,"deletions":29}}},{"hash":"1835d13f16b3d1708ab8d5a566a4239b0a591bb1","messageTitle":"Update test files to refactor person to pet","messageBody":"","fileTypesAndContributionMap":{"test-code":{"insertions":98,"deletions":98}}}]},{"date":"2022-03-14","commitResults":[{"hash":"3a213831d4e6ed637ae0467ee7acbca7b37264cf","messageTitle":"Update AddressBookStorage to create a file for each pet","messageBody":"","fileTypesAndContributionMap":{"functional-code":{"insertions":34,"deletions":1}}}]},{"date":"2022-03-15","commitResults":[{"hash":"7edc11d0c726467ea1ecddce3cf9db28b44ceeed","messageTitle":"Update Javadoc and parameter naming for FileUtil","messageBody":"","fileTypesAndContributionMap":{"functional-code":{"insertions":8,"deletions":2}}}]},{"date":"2022-03-17","commitResults":[{"hash":"c630031ced6fdf9cda8452ffa5e4f35eda2547ac","messageTitle":"Fix bug in pet names, remove leading, trailing and duplicate white space","messageBody":"","fileTypesAndContributionMap":{"functional-code":{"insertions":3,"deletions":2}}},{"hash":"fc460e5ef31e63d76e4bea41d53114fcfbc5fecd","messageTitle":"Update pet name to automatically remove leading, trailing and duplicate white spaces","messageBody":"","fileTypesAndContributionMap":{"functional-code":{"insertions":3,"deletions":4}}},{"hash":"05c6cdebf995d5b7f92b0c474afe9e781808aa5a","messageTitle":"Fix checkstyle test errors and add one pettest test case","messageBody":"","fileTypesAndContributionMap":{"functional-code":{"insertions":1,"deletions":1},"test-code":{"insertions":9,"deletions":2}}},{"hash":"be33f26ea0f04f9050f24477c8d009b200e25862","messageTitle":"Fix spacing issue for ownerName, address, tagName and diet","messageBody":"","fileTypesAndContributionMap":{"functional-code":{"insertions":4,"deletions":4}}}]},{"date":"2022-03-24","commitResults":[{"hash":"246a903b967128afa6d5bb27d69c6828f1a3b014","messageTitle":"update documentation guide for ChargeCommand","messageBody":"","fileTypesAndContributionMap":{"docs":{"insertions":38,"deletions":4}}}]},{"date":"2022-03-27","commitResults":[{"hash":"eefafcd60f143d879defdef34ebb0c4204272d64","messageTitle":"Add initial ChargeCommand setup","messageBody":"","fileTypesAndContributionMap":{"functional-code":{"insertions":170,"deletions":0},"docs":{"insertions":79,"deletions":0}}}]},{"date":"2022-03-29","commitResults":[{"hash":"651bf2eb67f055ac5c657d8e38205680f4b59456","messageTitle":"Add ChargeCommand to compute month chargeable for a pet","messageBody":"","fileTypesAndContributionMap":{"functional-code":{"insertions":227,"deletions":45}}}]},{"date":"2022-03-30","commitResults":[{"hash":"f8ff55d395da4389e770914e1cd47d374eaabf8a","messageTitle":"Add charge command and test cases","messageBody":"","fileTypesAndContributionMap":{"functional-code":{"insertions":72,"deletions":24},"test-code":{"insertions":342,"deletions":0}}},{"hash":"211bc725d9bffaeb58ae494758ea99a03736dd76","messageTitle":"Update UserGuide for Charge command","messageBody":"","fileTypesAndContributionMap":{"functional-code":{"insertions":1,"deletions":1},"docs":{"insertions":16,"deletions":0}}},{"hash":"afeedc09539ba1d412d081fa8cb5ddcad008bc74","messageTitle":"Fix checkstyle errors","messageBody":"","fileTypesAndContributionMap":{"docs":{"insertions":4,"deletions":4}}},{"hash":"790e59e0ee3ed4c86af623de7412a3141e70625e","messageTitle":"Fix ChargeCommand.puml checkstyle errors","messageBody":"","fileTypesAndContributionMap":{"docs":{"insertions":1,"deletions":1}}}]},{"date":"2022-03-31","commitResults":[{"hash":"4b65f509b92a3566ab6b855dd19cb368944c08cf","messageTitle":"Update charge command implementation according to pr reviews","messageBody":"","fileTypesAndContributionMap":{"functional-code":{"insertions":49,"deletions":145},"test-code":{"insertions":47,"deletions":63}}}]}],"tsumian":[{"date":"2022-02-26","commitResults":[{"hash":"810c36191fd80b830b857f5b5ec7e22857af84b1","messageTitle":"Update DeveloperGuide.md","messageBody":"Update DG, use cases, glossary, NFR","fileTypesAndContributionMap":{"docs":{"insertions":113,"deletions":17}}}]},{"date":"2022-02-27","commitResults":[{"hash":"f5d487a8c792dfb03fc46418963b2625e21ea99e","messageTitle":"Update DG","messageBody":"Add user stories to DG\n","fileTypesAndContributionMap":{"docs":{"insertions":32,"deletions":8}}}]},{"date":"2022-02-28","commitResults":[{"hash":"c9babc9069b0983d46948bd19ad816079beb005a","messageTitle":"Update AboutUs.md","messageBody":"Update my own details and pictures in AboutUs.md\nAdd my own PPP in docs/team\nAdd profile picture in docs/images\n","fileTypesAndContributionMap":{"docs":{"insertions":45,"deletions":6}}}]},{"date":"2022-03-02","commitResults":[{"hash":"bc6badab81bc1452a584b89f1fd34191628dd83d","messageTitle":"Update UserGuide.md","messageBody":"Add features \u0027owner\u0027 and \u0027food\u0027\nEdit minor formatting mistakes and commands.\n","fileTypesAndContributionMap":{"docs":{"insertions":32,"deletions":114}}}]},{"date":"2022-03-06","commitResults":[{"hash":"adc7aa86576d5b464b551c09c9eb6dbb968dfc51","messageTitle":"Update UserGuide.md","messageBody":"Change getID to Find","fileTypesAndContributionMap":{"docs":{"insertions":4,"deletions":4}}}]},{"date":"2022-03-10","commitResults":[{"hash":"b582d99eaa8ff634c158848f8f6d205eba65319c","messageTitle":"Update UserGuide and find commands","messageBody":"Delete \"food\" and \"owner\" from UG since \"find\" will already display\nall relevant details.\nAdd MESSAGE_PETS_FOUND to Messages.java to display \"Found\n___ pets similar to keywords\" instead of just \"___ pets listed!\". Edit\nrelevant test cases with expected messages.\n","fileTypesAndContributionMap":{"functional-code":{"insertions":4,"deletions":3},"docs":{"insertions":13,"deletions":37},"test-code":{"insertions":3,"deletions":2}}},{"hash":"9b3f95c1f1db880aef489e601e08eab7375beca3","messageTitle":"Update to pass checkstyle","messageBody":"","fileTypesAndContributionMap":{"test-code":{"insertions":0,"deletions":1}}}]},{"date":"2022-03-11","commitResults":[{"hash":"eb38e35aa8d80f6dfc91bb9d55127b775050c502","messageTitle":"Update user guide with diet command","messageBody":"Minor change in find description.\n","fileTypesAndContributionMap":{"docs":{"insertions":13,"deletions":1}}},{"hash":"b63b1f32cc072232c677805731d749c44a53eb20","messageTitle":"Update table of commands","messageBody":"","fileTypesAndContributionMap":{"docs":{"insertions":1,"deletions":0}}}]},{"date":"2022-03-15","commitResults":[{"hash":"82ba066674f142bc83aa2a2c2efd0768cbd776ff","messageTitle":"Update tag function","messageBody":"Current tag allows only 1 word.\n\nSome breeds have 2 words or more so need to change parsing of tags.\n\nUse VALIDATION_REGEX \u003d \"\\\\s*\\\\p{Alnum}[\\\\p{Alnum}\\\\s]*\" instead of\nVALIDATION_REGEX \u003d \"\\\\p{Alnum}+\".\n\nAllow any number of white spaces to precede before alpha-numeric\ncharacters, and any number of white space in between or after alpha-\nnumeric characters.\n","fileTypesAndContributionMap":{"functional-code":{"insertions":1,"deletions":1}}}]},{"date":"2022-03-16","commitResults":[{"hash":"327502d4a274feef5ad26221a6b9118d24fde2e8","messageTitle":"Add attendance command","messageBody":"Attendance command takes in att/dd-MM-yyyy pu/HH:mm do/HH:mm and\nstores the 3 fields inside a json file specific to the pet in data/pets.\n\nAdd AttendanceCommand.java class similar to EditCommand.java class.\nAdd AttendanceCommandParser.java class.\nAdd case in AddressBookParser.java\nAdd new syntax in CliSyntax: PREFIX_DROP_OFF, PREFIX_PICK_UP,\nPREFIX_ATTENDANCE_DATE.\nAdd new parser methods for date and time in ParserUtil.java\nRemove line to delete individual pet\u0027s json file in JsonAddressBookStorage.java\nevery time saveAddressBook() is called.\n","fileTypesAndContributionMap":{"functional-code":{"insertions":281,"deletions":1}}},{"hash":"d40a9544810835326dd3dfbc55f87bffdcfb1fac","messageTitle":"Update attendance command","messageBody":"Update user guide with attendance command.\nUpdate AttendanceCommand.java createAttendanceForPet() method.\nUpdate JsonAddressBookStorage.java\n\nAdd a pet to address book will create a JSON file and a txt file for the pet if it has\nnot been created already.\nAttendance command takes in an index, date, pick up time and drop off time.\nCommand will be parsed to LocalDate, LocalTime and LocalTime respectively.\ncreateAttendanceForPet() command takes in the parsed commands, adds them as\ntest in pet\u0027s txt file, sorts the txt file, reads it and outputs it as JSON file.\n\nTo be implemented: Optional fields such as pu/ and do/, time command to display\nthe pickup and drop off time, how to display them in GUI.\n","fileTypesAndContributionMap":{"functional-code":{"insertions":120,"deletions":59},"docs":{"insertions":14,"deletions":0}}},{"hash":"8087791de1e3ff5d1984b67100fa34e2af6c8cf1","messageTitle":"Implement abstraction","messageBody":"Makes code neater and methods shorter.\nImprove abstraction.\nFixed minor bugs.\n","fileTypesAndContributionMap":{"functional-code":{"insertions":43,"deletions":24}}},{"hash":"393a6bb70225c9ff3b676f6754b5ca3bd553b550","messageTitle":"Fix minor issues","messageBody":"Use `attd` instead of `attendance`. Update user doc.\n","fileTypesAndContributionMap":{"functional-code":{"insertions":3,"deletions":3},"docs":{"insertions":13,"deletions":12}}},{"hash":"5f7839c64fb99fed54cf2d34703c8607c1da28b3","messageTitle":"Fix message error naming","messageBody":"","fileTypesAndContributionMap":{"functional-code":{"insertions":2,"deletions":2}}},{"hash":"02a8f6fb46427e2b4afb6930ffbaa7f32c01b7cc","messageTitle":"Fix minor issue in user guide formatting","messageBody":"","fileTypesAndContributionMap":{"docs":{"insertions":1,"deletions":1}}}]},{"date":"2022-03-23","commitResults":[{"hash":"b0453c50e0d666d0d8d54fd4880e25fbdf53be29","messageTitle":"Update DG","messageBody":"Currently does not have filter feature in DG.\n\nUpdate DG with filter feature section, with sequence diagram and activity diagram.\nFilter section is tentative and subject to changes along the way as feature is being\nimplemented.\n","fileTypesAndContributionMap":{"docs":{"insertions":107,"deletions":1}}},{"hash":"82aa9992f6abae31039e00667680735983914cf8","messageTitle":"Update DG to pass Checkstyle","messageBody":"","fileTypesAndContributionMap":{"docs":{"insertions":18,"deletions":14}}}]},{"date":"2022-03-24","commitResults":[{"hash":"8764087a97ebb083797418d9eecfa5395321796f","messageTitle":"Add rough implementation of filter","messageBody":"Add filter by tags and filter by owners.\nTag can only filter if they are exact. Need to work on partial match and\ncase insensitive matches.\nFilter by owners can do partial and case insensitive filter.\n","fileTypesAndContributionMap":{"functional-code":{"insertions":113,"deletions":13}}},{"hash":"cecbcc4072a2ab9539f52a71fbb2d72ef5f51c41","messageTitle":"Add filter command java","messageBody":"","fileTypesAndContributionMap":{"functional-code":{"insertions":44,"deletions":0}}}]},{"date":"2022-03-25","commitResults":[{"hash":"3bb64a1f4b2d2275b75b59ec9449af3e21b4b766","messageTitle":"Update filter command","messageBody":"Filter command can take in fields: byDate/, byOwner/ and byTag/\nCreated FilterUtil class to help match tags and check if user only enters\none filter field. Allow for better abstraction.\nTag is able to match more than 1 word and also account for typo errors\nmade by user such as typing \"Borde Colli\" instead of \"Border Collie\".\nFilterCommand takes in FilterByContainsFilterWordPredicate. This is an\nabstract class that is implemented by the three other classes which\ncorresponds to each filter field. Having an abstract class allows filter command\nto take in different types of predicate classes which performs different types of\ntest on Pet and filter them accordingly.\n","fileTypesAndContributionMap":{"functional-code":{"insertions":193,"deletions":37}}},{"hash":"46472a8ede045c0a1ca7c7106d127ace4058f06c","messageTitle":"Update UG","messageBody":"Fix minor clarity issues in previous commands, add filter command\nand update command table with filter and sort commands.\n","fileTypesAndContributionMap":{"functional-code":{"insertions":1,"deletions":2},"docs":{"insertions":40,"deletions":18}}},{"hash":"08add92b50546c99fcf114bd85763d3655ea469e","messageTitle":"Update DG for filter command","messageBody":"Need to replace original UML diagrams for AB3 with \u0027Pet\u0027 instead of\n\u0027Person\u0027.\n","fileTypesAndContributionMap":{"docs":{"insertions":80,"deletions":76}}},{"hash":"d902cab3b17fd52b749873a07b179b85e2378bf4","messageTitle":"Update to pass checkstyle for UG and DG","messageBody":"","fileTypesAndContributionMap":{"docs":{"insertions":17,"deletions":17}}},{"hash":"7d97c0e03dd167f040f14f2673e6b1a1a3756599","messageTitle":"Remove css","messageBody":"","fileTypesAndContributionMap":{"functional-code":{"insertions":0,"deletions":8}}}]},{"date":"2022-03-26","commitResults":[{"hash":"9df953dc755bb2cd3a41375247ef7049d62d1af5","messageTitle":"Add filter by Appointment into filter command","messageBody":"Previously only filter by date, tags and owners names.\nRepackaged predicate class into filter package. FilterUtil add method to parse\npredicate and match it to string message that will be used when success\nmessage is shown.\nAdd method getDateOnly to Appointment class to facilitate conversion of LocalDateTime\nto LocalDate.\n\nChanged WoofForYou to WoofAreYou in base.\n\nUpdate UG accordingly.\n","fileTypesAndContributionMap":{"functional-code":{"insertions":64,"deletions":12},"other":{"insertions":10,"deletions":4},"docs":{"insertions":3,"deletions":3}}},{"hash":"ea7437047e68677f669c3e7268f6fabcc503ddf9","messageTitle":"Add predicate class for appointment","messageBody":"","fileTypesAndContributionMap":{"functional-code":{"insertions":33,"deletions":0}}},{"hash":"6b34f1bc13e3a1bf3c61d9b4b089a7fc698ea1d2","messageTitle":"Add tests for FilterUtil and StringUtil","messageBody":"","fileTypesAndContributionMap":{"test-code":{"insertions":122,"deletions":0}}},{"hash":"024886cd455cc7c26bc8417d1eebcf2f6655f5c7","messageTitle":"Add filter command test.","messageBody":"Test equals method with different predicates.\ntest execute methods with different predicates: zero matches and multiple matches.\n","fileTypesAndContributionMap":{"functional-code":{"insertions":48,"deletions":1},"test-code":{"insertions":324,"deletions":16}}},{"hash":"cc15e56e6b6a6a3465a65ecd495b48970e789c54","messageTitle":"Add filter command parser test.","messageBody":"Fix checkstyle for previous commit.\n\nAdd equals method for predicates.\n","fileTypesAndContributionMap":{"functional-code":{"insertions":35,"deletions":6},"test-code":{"insertions":134,"deletions":41}}}]},{"date":"2022-03-27","commitResults":[{"hash":"667852c0c683e32ad8e870e2f4c385bd1feb1852","messageTitle":"Add test packages for predicates","messageBody":"","fileTypesAndContributionMap":{"test-code":{"insertions":323,"deletions":0}}},{"hash":"c4800c26166d13c34bb226a561f59ae29dbfcfe5","messageTitle":"Add more test cases to ParserUtil.","messageBody":"Increase code coverage.\n\nFix checkstyle.\n","fileTypesAndContributionMap":{"functional-code":{"insertions":22,"deletions":67},"test-code":{"insertions":52,"deletions":0}}},{"hash":"8815dddc1dce9fdba33ad515a979326bed968174","messageTitle":"Fixed code according to PR comments.","messageBody":"","fileTypesAndContributionMap":{"functional-code":{"insertions":41,"deletions":72},"docs":{"insertions":8,"deletions":7},"test-code":{"insertions":11,"deletions":11}}},{"hash":"cf08098d019ebe0eb279ff7a85c9b11a6b7d8abd","messageTitle":"Edit to pass checkstyle","messageBody":"","fileTypesAndContributionMap":{"functional-code":{"insertions":0,"deletions":2}}}]},{"date":"2022-03-28","commitResults":[{"hash":"bc2dbf84fbf99b9f8fbedcdcb207fac95d6b51c7","messageTitle":"Update User Guide","messageBody":"","fileTypesAndContributionMap":{"docs":{"insertions":244,"deletions":119}}},{"hash":"448b731ac0d2d1c340ed30fa99791302d9f436f9","messageTitle":"Update to pass checkstyle","messageBody":"","fileTypesAndContributionMap":{"docs":{"insertions":11,"deletions":11}}},{"hash":"1d2b3c530d71aab5497bac89ab1b10542d4222f7","messageTitle":"Delete UML copy diagram","messageBody":"","fileTypesAndContributionMap":{"docs":{"insertions":0,"deletions":19}}},{"hash":"65a673d5afe61718e17e4293dd27b13c4fff64ce","messageTitle":"Update UserGuide.md","messageBody":"","fileTypesAndContributionMap":{"docs":{"insertions":0,"deletions":1}}},{"hash":"827f9b4bfd5f81ab2206b6ae4c03a49d1ceaaed9","messageTitle":"Update UserGuide.md","messageBody":"","fileTypesAndContributionMap":{"docs":{"insertions":3,"deletions":4}}},{"hash":"f7a5406e1888cbd66bef1e00dd97e64b7c2db81f","messageTitle":"Edit TOC for UG","messageBody":"","fileTypesAndContributionMap":{"docs":{"insertions":5,"deletions":1}}}]},{"date":"2022-03-30","commitResults":[{"hash":"3e0fe51bc410fd97dc9ecd853153f051c1c478f4","messageTitle":"Edit UG according to feedback","messageBody":"","fileTypesAndContributionMap":{"docs":{"insertions":72,"deletions":41}}},{"hash":"0e731f1677e0657c29dcc230b2b069f883df039c","messageTitle":"Update UG","messageBody":"","fileTypesAndContributionMap":{"docs":{"insertions":2,"deletions":2}}},{"hash":"bcd6cf205d47409a7b579704b3f13cfbca3d08d4","messageTitle":"Change GUI fonts","messageBody":"","fileTypesAndContributionMap":{"functional-code":{"insertions":58,"deletions":25}}},{"hash":"4d235aec2a320fd4457c34ba3539e56953c3750f","messageTitle":"Edit GUI","messageBody":"Implement diet tag and appointment tag. Both tags only appear if there are\nentries for the pet. Appointment tag will only turn green if there exists an\nappointment on that day.\n\nAdded styles to DarkTheme.css\n","fileTypesAndContributionMap":{"functional-code":{"insertions":85,"deletions":24}}},{"hash":"05e15fc6a9732890404efdc7f5445d2416d6f77d","messageTitle":"Add helper class for UI","messageBody":"","fileTypesAndContributionMap":{"functional-code":{"insertions":75,"deletions":0}}},{"hash":"a64aa33687426a98b40b1412b0f2c83ddd224e0d","messageTitle":"Fix checkstyle","messageBody":"","fileTypesAndContributionMap":{"functional-code":{"insertions":1,"deletions":1}}},{"hash":"c51ef09cae9601c715273d957c769083b1064408","messageTitle":"Fix checkstyle again","messageBody":"","fileTypesAndContributionMap":{"functional-code":{"insertions":0,"deletions":1}}}]},{"date":"2022-03-31","commitResults":[{"hash":"12c2861925c101d87a070eb4bd1b61695a559f2f","messageTitle":"Update color coding","messageBody":"","fileTypesAndContributionMap":{"functional-code":{"insertions":6,"deletions":3}}},{"hash":"d8e4cfb1e4324a415fb4258d671a9b20b6383f73","messageTitle":"Fix GUI bug in fullscreen mode","messageBody":"","fileTypesAndContributionMap":{"functional-code":{"insertions":29,"deletions":17}}},{"hash":"f53320489c5387ad36e8b384b5ce1798cb71ca16","messageTitle":"Update UserGuide.md","messageBody":"","fileTypesAndContributionMap":{"docs":{"insertions":1,"deletions":0}}},{"hash":"205e0a18baa2fb6ce0a3f6578851eecd6877d9be","messageTitle":"Update UserGuide.md","messageBody":"","fileTypesAndContributionMap":{"docs":{"insertions":0,"deletions":3}}}]}],"soloplxya":[{"date":"2022-03-01","commitResults":[{"hash":"ef126f7029facdd26790d5a5f4025aca39485098","messageTitle":"Add profile picture and update AboutUs","messageBody":"","fileTypesAndContributionMap":{"docs":{"insertions":7,"deletions":6}}},{"hash":"fc75db25329881365bbc4b0706052c7861eff124","messageTitle":"Update UserGuide with introduction and Ui.png","messageBody":"","fileTypesAndContributionMap":{"docs":{"insertions":6,"deletions":5}}},{"hash":"67dee5f37fe16db4f0d28b71572291c28df5b2b0","messageTitle":"Update skeletal PPP","messageBody":"","fileTypesAndContributionMap":{"docs":{"insertions":24,"deletions":47}}},{"hash":"1dc2cc6c668a3028ff5273dda0a9ed57eb99c224","messageTitle":"Fix lint errors","messageBody":"","fileTypesAndContributionMap":{"docs":{"insertions":3,"deletions":13}}}]},{"date":"2022-03-10","commitResults":[{"hash":"72355f051e5d495f48fb5d00f92cb11f59c0e0aa","messageTitle":"Add diet command to allow pet owners to put remarks for their pet\u0027s dietary concerns","messageBody":"","fileTypesAndContributionMap":{"functional-code":{"insertions":248,"deletions":15},"test-code":{"insertions":179,"deletions":17}}},{"hash":"38f2cf782296b2cfdf05ab42352e197fc60cb72d","messageTitle":"Minor updates based on review comments","messageBody":"","fileTypesAndContributionMap":{"functional-code":{"insertions":2,"deletions":1},"test-code":{"insertions":3,"deletions":3}}}]},{"date":"2022-03-14","commitResults":[{"hash":"4e832ff1072ace7139b799a93f85d3d69351d4d9","messageTitle":"Add sort command to WoofAreYou","messageBody":"- Current implementation does not allow for sorting.\n\n- Sorting should be allowed so that pet owners can find pets easier via alphabetical order.\n\n- As such, we can add a sort command that allows the pet owners to set the pets by their name.\n\n- The Name class must be comparable in order for us to do so.\n","fileTypesAndContributionMap":{"functional-code":{"insertions":63,"deletions":1},"test-code":{"insertions":5,"deletions":0}}}]},{"date":"2022-03-15","commitResults":[{"hash":"f3a8caba8f4da8a9a284bffa6875308e3f6955c3","messageTitle":"Add tests for the sort command","messageBody":"","fileTypesAndContributionMap":{"test-code":{"insertions":29,"deletions":0}}},{"hash":"c361ca3685663262c62baf2918be78f8fe9df10f","messageTitle":"Update JavaDocs","messageBody":"","fileTypesAndContributionMap":{"functional-code":{"insertions":3,"deletions":2},"test-code":{"insertions":6,"deletions":0}}},{"hash":"acd78393f1d6cc4b1bf7403d5807f4772049ce5a","messageTitle":"Implement a more general version of sort.","messageBody":"- Now, users will be able to sort the pet list by both name and ownername.\n","fileTypesAndContributionMap":{"functional-code":{"insertions":68,"deletions":12},"test-code":{"insertions":3,"deletions":3}}},{"hash":"05e49930c9b2aad55910a83a1f0c2b9dad1aa3a8","messageTitle":"Update UserGuide.md.","messageBody":"- Included the sort command as one of the new features.\n","fileTypesAndContributionMap":{"docs":{"insertions":11,"deletions":0}}},{"hash":"68b34b0b0aeca45e32334c60ccfa71cd7cfab5be","messageTitle":"Add tests for the SortCommandParser class","messageBody":"","fileTypesAndContributionMap":{"test-code":{"insertions":29,"deletions":0}}},{"hash":"4b9f56e1edef455210263306d246780230de055f","messageTitle":"Update Javadocs","messageBody":"","fileTypesAndContributionMap":{"functional-code":{"insertions":7,"deletions":4}}},{"hash":"f5e15dfd35fb7c0f4d79261c848764088039fb7b","messageTitle":"Minor edit to change \"columnName\" to \"field\"","messageBody":"","fileTypesAndContributionMap":{"functional-code":{"insertions":16,"deletions":16}}},{"hash":"c5e43198e1a830cc519f9fdf8a8332f6266854fa","messageTitle":"Fix typo","messageBody":"","fileTypesAndContributionMap":{"test-code":{"insertions":1,"deletions":1}}}]},{"date":"2022-03-16","commitResults":[{"hash":"6fe22b2f3fa0c896e6b153688aab3f8f433b3dcd","messageTitle":"Integrate new testcases \u0026 update command format","messageBody":"","fileTypesAndContributionMap":{"functional-code":{"insertions":4,"deletions":4},"docs":{"insertions":2,"deletions":2},"test-code":{"insertions":13,"deletions":4}}},{"hash":"2adee6e186e831c04b606bd4cdddf1c51265cd63","messageTitle":"Fix MessageUsage in SortCommand.java","messageBody":"","fileTypesAndContributionMap":{"functional-code":{"insertions":3,"deletions":3}}}]},{"date":"2022-03-22","commitResults":[{"hash":"993bcfae387abbd1cf4c54dba8c4e75e7b7e73cd","messageTitle":"Update DeveloperGuide with sort feature implementation","messageBody":"","fileTypesAndContributionMap":{"docs":{"insertions":131,"deletions":0}}}]},{"date":"2022-03-24","commitResults":[{"hash":"10c288b72c05d5e55a329c52f51f930ddbdb34f5","messageTitle":"Add undo functionality","messageBody":"Currently, we are unable to undo any of the commands in WoofAreYou.\n\nIt is necessary to have such a command so that users can undo accidental commands.\n\nThe current undo implementation makes use of an arraylist with a pointer that points to the current state.\n","fileTypesAndContributionMap":{"functional-code":{"insertions":99,"deletions":17}}},{"hash":"45c94bfc05ceeb65d30092703029b5bfed587e58","messageTitle":"Fix checkstyle","messageBody":"","fileTypesAndContributionMap":{"functional-code":{"insertions":2,"deletions":2},"test-code":{"insertions":5,"deletions":0}}},{"hash":"5590a150e6cc9d887aecd6b624200adc9c7b98e9","messageTitle":"Add tests for UndoCommand","messageBody":"","fileTypesAndContributionMap":{"test-code":{"insertions":89,"deletions":0}}},{"hash":"a0e1b6285d7b3fc3d89234caa1cebcab34264d9c","messageTitle":"Add documentation to Undo Command test class","messageBody":"","fileTypesAndContributionMap":{"test-code":{"insertions":11,"deletions":0}}}]},{"date":"2022-03-26","commitResults":[{"hash":"37ee1aee50611f84f9a9f8b5793d0bb3d43c092e","messageTitle":"Add more testcases for attendance and edit commands.","messageBody":"","fileTypesAndContributionMap":{"functional-code":{"insertions":7,"deletions":3},"test-code":{"insertions":64,"deletions":0}}},{"hash":"29b5edf73b14c187cddf3c668ba6b109621d47f8","messageTitle":"Add logging to VersionedAddressBook","messageBody":"","fileTypesAndContributionMap":{"functional-code":{"insertions":6,"deletions":0}}},{"hash":"f5b18c7a4dfca67bb2ea2862c6a05e597b1776fb","messageTitle":"Edit UserGuide.md","messageBody":"","fileTypesAndContributionMap":{"docs":{"insertions":12,"deletions":0}}},{"hash":"1efb043930d2d124767d4c2c4709216ddd8e3835","messageTitle":"Enable assertions in build.gradle file","messageBody":"","fileTypesAndContributionMap":{"other":{"insertions":4,"deletions":0}}}]},{"date":"2022-03-31","commitResults":[{"hash":"48ce3c862a655d50cdb6923cbf758e7183ecfb42","messageTitle":"Add textfield limit to the command textfield in the MainWindow.","messageBody":"","fileTypesAndContributionMap":{"functional-code":{"insertions":48,"deletions":4}}},{"hash":"3e36374bba2779cbd5e85bed985f82a2d8bc94d8","messageTitle":"Add JavaDocs for TextFieldLimited file.","messageBody":"","fileTypesAndContributionMap":{"functional-code":{"insertions":14,"deletions":0}}}]}],"tobihy":[{"date":"2022-02-27","commitResults":[{"hash":"4440def4ce435dafff8ebf03a2a6beadaec6fcd6","messageTitle":"Add a skeletal PPP","messageBody":"","fileTypesAndContributionMap":{"docs":{"insertions":22,"deletions":0}}},{"hash":"be7a07ea1f9ebb1672f5cee7dd983bf922f6c1f0","messageTitle":"Update UserGuide.md with exit and command summary","messageBody":"","fileTypesAndContributionMap":{"docs":{"insertions":12,"deletions":21}}}]},{"date":"2022-03-01","commitResults":[{"hash":"66cd1bc45c03930a6f29d9295ed3030e26c0338b","messageTitle":"Update AboutUs.md","messageBody":"","fileTypesAndContributionMap":{"docs":{"insertions":5,"deletions":6}}},{"hash":"48b935e1622bf70699616cea987585832d3b73d9","messageTitle":"Update UserGuide.md","messageBody":"","fileTypesAndContributionMap":{"docs":{"insertions":2,"deletions":6}}}]},{"date":"2022-03-11","commitResults":[{"hash":"0df63af8c2250ced072115b6dd47dd3d726830d1","messageTitle":"Edit variable names, edit GUI and improve search to work on partial matches","messageBody":"","fileTypesAndContributionMap":{"functional-code":{"insertions":22,"deletions":22},"test-code":{"insertions":4,"deletions":4}}},{"hash":"4627a1592c15c6400fe1276fe568c59c899a82d4","messageTitle":"Edit GUI and update tests for StringUtilTest.java","messageBody":"","fileTypesAndContributionMap":{"functional-code":{"insertions":1,"deletions":1},"test-code":{"insertions":1,"deletions":1}}},{"hash":"5d6a19b9602cf5cdc46c893752c507af131b10f5","messageTitle":"Edit find command in UserGuide.md","messageBody":"","fileTypesAndContributionMap":{"docs":{"insertions":4,"deletions":3}}},{"hash":"f0d888db51b5dd370b1102782cfe68b243727a5c","messageTitle":"Edit icon files and related usages","messageBody":"","fileTypesAndContributionMap":{"functional-code":{"insertions":1,"deletions":1},"test-code":{"insertions":1,"deletions":1}}},{"hash":"54375e578d4e7366285a8e744cc7370b5a6c6df3","messageTitle":"Edit spelling error","messageBody":"","fileTypesAndContributionMap":{"test-code":{"insertions":1,"deletions":1}}},{"hash":"68b49bada3035326a349486ce49692d1f4c5fd7b","messageTitle":"Edit minor grammar","messageBody":"","fileTypesAndContributionMap":{"functional-code":{"insertions":1,"deletions":1}}},{"hash":"847c89f461d5037922dcb257bf2ada9a7c3399ba","messageTitle":"Edit minor grammar issues","messageBody":"","fileTypesAndContributionMap":{"functional-code":{"insertions":3,"deletions":3}}},{"hash":"af852c2ebc6178dd7ac2a01b05dd3c7fbc5e61f3","messageTitle":"Edit JavaDoc comments in StringUtil.java","messageBody":"","fileTypesAndContributionMap":{"functional-code":{"insertions":1,"deletions":0}}},{"hash":"76915ab59a59ced70e3a94623ac6b9e4bdb48d1b","messageTitle":"Clean up code for checkstyle","messageBody":"","fileTypesAndContributionMap":{"functional-code":{"insertions":0,"deletions":1}}},{"hash":"c52532cc161fb134f50c400ec284314f9849c1ad","messageTitle":"Change app icon","messageBody":"","fileTypesAndContributionMap":{"functional-code":{"insertions":2,"deletions":2},"test-code":{"insertions":1,"deletions":1}}}]},{"date":"2022-03-14","commitResults":[{"hash":"13f0985dc7eb0725ab16941604bd5b259119b78b","messageTitle":"Fix bug when adding duplicate pets with same name in different case","messageBody":"","fileTypesAndContributionMap":{"functional-code":{"insertions":2,"deletions":2}}},{"hash":"fa9a93defc0d3aa79d324615cb4fe811f8c5cdb7","messageTitle":"Update test cases to work with similar and identical pets","messageBody":"","fileTypesAndContributionMap":{"test-code":{"insertions":59,"deletions":12}}},{"hash":"01dd8782b44fc91a822388f5b6edac17958799ae","messageTitle":"Edit variable names","messageBody":"","fileTypesAndContributionMap":{"test-code":{"insertions":4,"deletions":4}}},{"hash":"5c2874189e4e0006b176d4ab27da9ed03ba6fb9e","messageTitle":"Edit JavaDoc comment in SimilarPets.java","messageBody":"","fileTypesAndContributionMap":{"test-code":{"insertions":1,"deletions":1}}}]},{"date":"2022-03-16","commitResults":[{"hash":"44c0ef106df8dbaf43344fbf55724c75111f64eb","messageTitle":"Edit GUI to look more similar to mockup","messageBody":"","fileTypesAndContributionMap":{"functional-code":{"insertions":248,"deletions":101}}},{"hash":"ee4a292f364f9ce2238d3ed18feaf7623d6e96b8","messageTitle":"Add commonly used util methods","messageBody":"","fileTypesAndContributionMap":{"functional-code":{"insertions":28,"deletions":0}}},{"hash":"d5d6dcf16266bf1334713880afccc4c73e400c2a","messageTitle":"Add makeshift attendance GUI","messageBody":"","fileTypesAndContributionMap":{"functional-code":{"insertions":19,"deletions":35}}}]},{"date":"2022-03-17","commitResults":[{"hash":"92cabe53251d42ae31f94a40a32c5410a07e4d36","messageTitle":"Remove attendance GUI temporarily","messageBody":"","fileTypesAndContributionMap":{"functional-code":{"insertions":2,"deletions":23}}},{"hash":"bc366ad8af0a5fe18d2ca6260d141ea26e8fee19","messageTitle":"Remove attendance GUI temporarily","messageBody":"","fileTypesAndContributionMap":{"functional-code":{"insertions":0,"deletions":25}}},{"hash":"de00d0ae03a9e1448fa5f1a532fa46eb3618c927","messageTitle":"Edit to pass CheckStyle","messageBody":"","fileTypesAndContributionMap":{"functional-code":{"insertions":8,"deletions":12}}}]},{"date":"2022-03-19","commitResults":[{"hash":"b119dda7a0b50a7484f1f8c4ac8f57991d00d44c","messageTitle":"Improve backend implementation of attendance functionality","messageBody":"","fileTypesAndContributionMap":{"functional-code":{"insertions":821,"deletions":294},"test-code":{"insertions":14,"deletions":9}}}]},{"date":"2022-03-20","commitResults":[{"hash":"635b5bed8b37d0606cb57b7c14747af352db6600","messageTitle":"Add Javadoc comments and some test cases","messageBody":"","fileTypesAndContributionMap":{"functional-code":{"insertions":410,"deletions":242},"docs":{"insertions":7,"deletions":7},"test-code":{"insertions":214,"deletions":0}}},{"hash":"923ebe8888af5cc452d3a0c1fedc38c85bffee7a","messageTitle":"Add more test cases","messageBody":"","fileTypesAndContributionMap":{"functional-code":{"insertions":27,"deletions":40},"test-code":{"insertions":310,"deletions":3}}}]},{"date":"2022-03-22","commitResults":[{"hash":"dc05b0e251298c35e446ce21de73617c7be726ff","messageTitle":"Update PresentAttendanceCommand such that pick up and drop off times are optional","messageBody":"","fileTypesAndContributionMap":{"functional-code":{"insertions":56,"deletions":37},"test-code":{"insertions":59,"deletions":30}}},{"hash":"848480eec5923d4c3aba93e12f801be82f151cf9","messageTitle":"Add more test cases","messageBody":"","fileTypesAndContributionMap":{"functional-code":{"insertions":91,"deletions":24},"test-code":{"insertions":1,"deletions":129}}},{"hash":"d0def894690ec36dfaf06560542082ac92b68d51","messageTitle":"Fix test case bugs","messageBody":"","fileTypesAndContributionMap":{"functional-code":{"insertions":1,"deletions":1},"test-code":{"insertions":150,"deletions":4}}},{"hash":"649fad158ce4c321b165983e59cf8739c4668af2","messageTitle":"Remove unused classes","messageBody":"","fileTypesAndContributionMap":{"functional-code":{"insertions":3,"deletions":33}}},{"hash":"a1824cc5071ff4a1c00a9e619ab25905d808947d","messageTitle":"Improve attendance command implementation","messageBody":"The previous implementation used a Json and text file to store\nattendance data for pets. This caused dependencies between many\ncomponents due to a lack of separation of concerns.\n\nSplitting up the functionality into subclasses improves code quality.\n\nTo improve on OOP, let\u0027s extract out relevant methods and classes used\nby the attendance command. Doing so will make subsequent usage of the\nclass and related functionalities easier.\n","fileTypesAndContributionMap":{"functional-code":{"insertions":3,"deletions":3}}},{"hash":"fc5b0b1c7a2f80041e9878f5ca47297863a25f7f","messageTitle":"Clean up checkstyle errors for src/main","messageBody":"","fileTypesAndContributionMap":{"functional-code":{"insertions":19,"deletions":24}}},{"hash":"8962e8994755b50d5170f91a185398502a92922b","messageTitle":"Clean up checkstyle errors for src/test","messageBody":"","fileTypesAndContributionMap":{"test-code":{"insertions":46,"deletions":40}}}]},{"date":"2022-03-23","commitResults":[{"hash":"4b89feef7f72be00cee126697e7a28c5c2ea59d7","messageTitle":"Update AttendanceHashMap to use optionals","messageBody":"","fileTypesAndContributionMap":{"functional-code":{"insertions":13,"deletions":7}}},{"hash":"956c8d4b21d18b62b00407a226d852a8ae0eeea9","messageTitle":"Fix minor spacing issue","messageBody":"","fileTypesAndContributionMap":{"functional-code":{"insertions":1,"deletions":1}}},{"hash":"5466d7c16e378654d4d176c3c95bb6704ca55ebf","messageTitle":"Rename descriptor classes for clarity","messageBody":"","fileTypesAndContributionMap":{"functional-code":{"insertions":34,"deletions":55},"test-code":{"insertions":11,"deletions":11}}},{"hash":"8c4ecf909fc1efb5196929197824543ba7fdbcf2","messageTitle":"Simplify parse in PresentAttendanceCommandParser","messageBody":"","fileTypesAndContributionMap":{"functional-code":{"insertions":19,"deletions":38}}},{"hash":"2173a483764eb932701a4b99616ad0c7cd19bac0","messageTitle":"Remove unused messages","messageBody":"","fileTypesAndContributionMap":{"functional-code":{"insertions":0,"deletions":2}}},{"hash":"284ea91cdfab8f1b1061ece8185c86467c69f29f","messageTitle":"Remove temporary hashmaps from AttendanceHashMap","messageBody":"","fileTypesAndContributionMap":{"functional-code":{"insertions":22,"deletions":14},"test-code":{"insertions":8,"deletions":3}}},{"hash":"c2c653e8274cf12fb472bd0171450b9d22112045","messageTitle":"Refactor code in classes","messageBody":"","fileTypesAndContributionMap":{"functional-code":{"insertions":48,"deletions":25}}},{"hash":"9aa73db3d53c2be5437a51205166200f0cc4aee4","messageTitle":"Refactor code in AttendanceTag.java","messageBody":"","fileTypesAndContributionMap":{"functional-code":{"insertions":10,"deletions":7}}},{"hash":"1be73e1823b03c62a6457b6da4c0a557483808f8","messageTitle":"Update user visible messages","messageBody":"","fileTypesAndContributionMap":{"functional-code":{"insertions":109,"deletions":19},"test-code":{"insertions":30,"deletions":26}}}]},{"date":"2022-03-24","commitResults":[{"hash":"740f4d2cebee6ce86e1cf7f86382e3bbdcc11ad2","messageTitle":"Fix bugs and update DG for Attendance command","messageBody":"","fileTypesAndContributionMap":{"functional-code":{"insertions":2,"deletions":0},"docs":{"insertions":138,"deletions":0}}},{"hash":"b392b5e9261fb09d19a6fdecd1d136ea2445cde9","messageTitle":"Edit to pass checkstyle","messageBody":"","fileTypesAndContributionMap":{"functional-code":{"insertions":1,"deletions":0},"test-code":{"insertions":11,"deletions":10}}},{"hash":"1f383d9ba1262a063a18a0101ff6aad76cb5c7dd","messageTitle":"Fix minor bug","messageBody":"","fileTypesAndContributionMap":{"functional-code":{"insertions":0,"deletions":1}}},{"hash":"e899383764048ccd09a881e6d726882023e303ec","messageTitle":"Fix bug with DateTimeFormatter","messageBody":"Since the given date-time is in English, we should use Locale.ENGLISH\nwith our DateTimeFormatter in Appointment.java, if not parsing dates\nwould fail in systems with non-English locales.\n","fileTypesAndContributionMap":{"functional-code":{"insertions":5,"deletions":2}}},{"hash":"b08be6c26129fb7776c7998a5e6def32b724e1d1","messageTitle":"Edit UserGuide and DeveloperGuide","messageBody":"","fileTypesAndContributionMap":{"docs":{"insertions":28,"deletions":27}}},{"hash":"094ca83d3e0a531bc51397289650188295abf92c","messageTitle":"Update timing validity check in PresentAttendance","messageBody":"The pick-up and drop-off times were checked only after the creation of\na new PresentAttendanceEntry object.\n\nLet\u0027s make it so that before creating the entry, we check and validate\nthe timings that are given by the user.\n","fileTypesAndContributionMap":{"functional-code":{"insertions":37,"deletions":29},"test-code":{"insertions":16,"deletions":24}}}]},{"date":"2022-03-25","commitResults":[{"hash":"e6024cc22a0fe2694df57f1756701e71765e832c","messageTitle":"Update build.gradle with app name","messageBody":"","fileTypesAndContributionMap":{"functional-code":{"insertions":1,"deletions":1},"other":{"insertions":1,"deletions":1}}}]},{"date":"2022-03-26","commitResults":[{"hash":"aaf7ddc3cac00754c4c659d4a5b127be25ab5529","messageTitle":"Add GUI for transport arrangements","messageBody":"","fileTypesAndContributionMap":{"functional-code":{"insertions":158,"deletions":5}}},{"hash":"7a262a0e21bfa47b2fe774153d11c9b53b3d1e42","messageTitle":"Remove unused imports","messageBody":"","fileTypesAndContributionMap":{"functional-code":{"insertions":0,"deletions":1}}},{"hash":"614e56418a00c708e86c375919aca251778d4c92","messageTitle":"Add spacing between UI elements","messageBody":"","fileTypesAndContributionMap":{"functional-code":{"insertions":18,"deletions":12}}}]},{"date":"2022-03-27","commitResults":[{"hash":"9a1c01f5cd689d23bf5594fcc09b259097461b73","messageTitle":"Add more test cases for PresentAttendanceCommand","messageBody":"","fileTypesAndContributionMap":{"test-code":{"insertions":280,"deletions":9}}},{"hash":"96532f44273b9ceab8f68399ecbd70a82514eae8","messageTitle":"Update AttendanceDescriptors with override methods","messageBody":"","fileTypesAndContributionMap":{"functional-code":{"insertions":44,"deletions":2}}},{"hash":"728fe8de71479dfa622937bf38c84fbcf6df9256","messageTitle":"Add more test cases for PresentAttendanceCommand","messageBody":"","fileTypesAndContributionMap":{"functional-code":{"insertions":9,"deletions":0},"test-code":{"insertions":51,"deletions":7}}},{"hash":"d615c660bcc7a79d353a8ad02018df996fae6e65","messageTitle":"Refactor code in PresentAttendanceCommandTest.java","messageBody":"","fileTypesAndContributionMap":{"test-code":{"insertions":41,"deletions":88}}},{"hash":"ec8368044d90e10c8051c72160c18b98c061f4fd","messageTitle":"Add test cases for AbsentAttendanceCommand","messageBody":"","fileTypesAndContributionMap":{"test-code":{"insertions":233,"deletions":0}}},{"hash":"7f71a14915d12fabd68be01fa967662b11c33249","messageTitle":"Add test cases for AttendanceHashMap","messageBody":"","fileTypesAndContributionMap":{"test-code":{"insertions":87,"deletions":0}}},{"hash":"a113375f38d119a650be174ba78ff4c352df8ca1","messageTitle":"Update DeveloperGuide and add defensive code","messageBody":"","fileTypesAndContributionMap":{"functional-code":{"insertions":9,"deletions":0},"docs":{"insertions":6,"deletions":6}}},{"hash":"2da1fef279f7d66eb2d6cf28f48072f8cf24e3d1","messageTitle":"Edit test cases in FilterCommandTest","messageBody":"","fileTypesAndContributionMap":{"test-code":{"insertions":3,"deletions":0}}}]},{"date":"2022-03-30","commitResults":[{"hash":"abded09e47d909a7ad32191a25106b5a10d57428","messageTitle":"Update GUI to wrap text of command result","messageBody":"","fileTypesAndContributionMap":{"functional-code":{"insertions":1,"deletions":1}}},{"hash":"987e6f4a1e7ceaff2da46f38e82350ec140e18b5","messageTitle":"Update UserGuide.md up till Optional Requirements","messageBody":"","fileTypesAndContributionMap":{"docs":{"insertions":46,"deletions":37}}}]},{"date":"2022-03-31","commitResults":[{"hash":"74770b9137f5d776d78520a63334eb8d07a71dbb","messageTitle":"Update UserGuide.md until Sort command","messageBody":"","fileTypesAndContributionMap":{"docs":{"insertions":47,"deletions":43}}},{"hash":"ee101b411f4d20e8eb285f803de510529932c98c","messageTitle":"Update UserGuide.md","messageBody":"","fileTypesAndContributionMap":{"docs":{"insertions":22,"deletions":16}}},{"hash":"6afc5d7940805f031dd11577b260839db8576e92","messageTitle":"Update undo in UG with markdown","messageBody":"","fileTypesAndContributionMap":{"docs":{"insertions":12,"deletions":6}}},{"hash":"1729bba977e09f0960a45c362299ce6288fdda4a","messageTitle":"Edit minor grammar nits","messageBody":"","fileTypesAndContributionMap":{"docs":{"insertions":2,"deletions":2}}},{"hash":"44c185a338b828ff3bd346ee4aa39b44b063b917","messageTitle":"Update font in GUI","messageBody":"","fileTypesAndContributionMap":{"functional-code":{"insertions":15,"deletions":7}}},{"hash":"eaf1cc52b5845462cfb6888d2f86096d9ea5dcca","messageTitle":"Edit UG according to suggestions","messageBody":"","fileTypesAndContributionMap":{"docs":{"insertions":3,"deletions":3}}},{"hash":"f3457d8c8388521969f17fbb1ab2af999a506566","messageTitle":"Edit for spacing after colon","messageBody":"","fileTypesAndContributionMap":{"docs":{"insertions":1,"deletions":1}}},{"hash":"e5ef383464eda08ce54c4838c0ea731720733f16","messageTitle":"Simplify PetListCard.fxml","messageBody":"","fileTypesAndContributionMap":{"functional-code":{"insertions":61,"deletions":87}}},{"hash":"69cce27a2afd4e37ed1717b10ce215fc4114437a","messageTitle":"Simplify PetListCard.fxml","messageBody":"","fileTypesAndContributionMap":{"functional-code":{"insertions":1,"deletions":1}}}]}]},"authorFileTypeContributionMap":{"Dineshraj555":{"docs":206,"functional-code":687,"test-code":508},"Tiffanylin21":{"docs":205,"functional-code":851,"test-code":1259},"tsumian":{"docs":461,"functional-code":692,"test-code":901,"other":1},"soloplxya":{"docs":166,"functional-code":498,"test-code":387,"other":2},"tobihy":{"docs":277,"functional-code":1582,"test-code":1251,"other":1}},"authorContributionVariance":{"Dineshraj555":17544.879,"Tiffanylin21":317474.94,"tsumian":40378.195,"soloplxya":7517.6167,"tobihy":95904.02},"authorDisplayNameMap":{"Dineshraj555":"CS2103T-T13-1 S DI.. RAJ","Tiffanylin21":"CS2103T-T13-1 LIN ..FANY","tsumian":"CS2103T-T13-1 THIA..MIAN","soloplxya":"CS2103T-T13-1 SHAI.. HUI","tobihy":"CS2103T-T13-1 TEO ..O YU"}}
