{"authorDailyContributionsMap":{"Dineshraj555":[{"date":"2022-03-01","commitResults":[{"hash":"f31cfea8502b613bf125d6177b3a2eb125e0bce6","messageTitle":"Add skeletal PPP","messageBody":"Add a personal Skeletal PPP titled dineshraj555.md to docs/team.\n","fileTypesAndContributionMap":{"docs":{"insertions":28,"deletions":0}}},{"hash":"adc518f648396a5acce26f080ccf726d25cba9ef","messageTitle":"Update AboutUs.md","messageBody":"Add personal image of myself titled dineshraj555.png to docs/images for\ndocumentation. Update AboutUs.md to include my personal details in the\nproject website.\n","fileTypesAndContributionMap":{"docs":{"insertions":5,"deletions":6}}},{"hash":"da4149b7b81516566e62a292ef0900968a74e0ed","messageTitle":"Update README.md","messageBody":"Update README page to match project details. Update the link of GitHub\nActions build status badge to reflect the build status of team repo.\n","fileTypesAndContributionMap":{"docs":{"insertions":9,"deletions":9}}},{"hash":"1afa10c51137260c15a278945d80932fc339b21f","messageTitle":"Update UserGuide.md","messageBody":"Update UserGuide.md to include \u0027add\u0027 and \u0027getID\u0027 commands.\n","fileTypesAndContributionMap":{"docs":{"insertions":17,"deletions":8}}}]}],"Tiffanylin21":[{"date":"2022-03-01","commitResults":[{"hash":"3c4f6d4995113671b8e2a0752edc6cfdfbf64742","messageTitle":"Add profile picture and update AboutUs page","messageBody":"","fileTypesAndContributionMap":{"docs":{"insertions":4,"deletions":4}}},{"hash":"72594a0160d2a163eb7b652d2a4f063f549bacdd","messageTitle":"Add skeletal PPP","messageBody":"","fileTypesAndContributionMap":{"docs":{"insertions":21,"deletions":0}}},{"hash":"0fd3bd52058486dfef9edfa80ec4c7129732df4f","messageTitle":"Update UG to include \u0027time\u0027 and \u0027delete\u0027 commands","messageBody":"","fileTypesAndContributionMap":{"docs":{"insertions":27,"deletions":0}}}]}],"tsumian":[{"date":"2022-02-26","commitResults":[{"hash":"810c36191fd80b830b857f5b5ec7e22857af84b1","messageTitle":"Update DeveloperGuide.md","messageBody":"Update DG, use cases, glossary, NFR","fileTypesAndContributionMap":{"docs":{"insertions":113,"deletions":17}}}]},{"date":"2022-02-27","commitResults":[{"hash":"f5d487a8c792dfb03fc46418963b2625e21ea99e","messageTitle":"Update DG","messageBody":"Add user stories to DG\n","fileTypesAndContributionMap":{"docs":{"insertions":32,"deletions":8}}}]},{"date":"2022-02-28","commitResults":[{"hash":"c9babc9069b0983d46948bd19ad816079beb005a","messageTitle":"Update AboutUs.md","messageBody":"Update my own details and pictures in AboutUs.md\nAdd my own PPP in docs/team\nAdd profile picture in docs/images\n","fileTypesAndContributionMap":{"docs":{"insertions":45,"deletions":6}}}]},{"date":"2022-03-02","commitResults":[{"hash":"bc6badab81bc1452a584b89f1fd34191628dd83d","messageTitle":"Update UserGuide.md","messageBody":"Add features \u0027owner\u0027 and \u0027food\u0027\nEdit minor formatting mistakes and commands.\n","fileTypesAndContributionMap":{"docs":{"insertions":32,"deletions":114}}}]}],"soloplxya":[{"date":"2022-03-01","commitResults":[{"hash":"ef126f7029facdd26790d5a5f4025aca39485098","messageTitle":"Add profile picture and update AboutUs","messageBody":"","fileTypesAndContributionMap":{"docs":{"insertions":7,"deletions":6}}},{"hash":"fc75db25329881365bbc4b0706052c7861eff124","messageTitle":"Update UserGuide with introduction and Ui.png","messageBody":"","fileTypesAndContributionMap":{"docs":{"insertions":6,"deletions":5}}},{"hash":"67dee5f37fe16db4f0d28b71572291c28df5b2b0","messageTitle":"Update skeletal PPP","messageBody":"","fileTypesAndContributionMap":{"docs":{"insertions":24,"deletions":47}}},{"hash":"1dc2cc6c668a3028ff5273dda0a9ed57eb99c224","messageTitle":"Fix lint errors","messageBody":"","fileTypesAndContributionMap":{"docs":{"insertions":3,"deletions":13}}}]}],"tobihy":[{"date":"2022-02-27","commitResults":[{"hash":"4440def4ce435dafff8ebf03a2a6beadaec6fcd6","messageTitle":"Add a skeletal PPP","messageBody":"","fileTypesAndContributionMap":{"docs":{"insertions":22,"deletions":0}}},{"hash":"be7a07ea1f9ebb1672f5cee7dd983bf922f6c1f0","messageTitle":"Update UserGuide.md with exit and command summary","messageBody":"","fileTypesAndContributionMap":{"docs":{"insertions":12,"deletions":21}}}]},{"date":"2022-03-01","commitResults":[{"hash":"66cd1bc45c03930a6f29d9295ed3030e26c0338b","messageTitle":"Update AboutUs.md","messageBody":"","fileTypesAndContributionMap":{"docs":{"insertions":5,"deletions":6}}},{"hash":"48b935e1622bf70699616cea987585832d3b73d9","messageTitle":"Update UserGuide.md","messageBody":"","fileTypesAndContributionMap":{"docs":{"insertions":2,"deletions":6}}}]}]},"authorFileTypeContributionMap":{"Dineshraj555":{"docs":60,"functional-code":0,"test-code":0},"Tiffanylin21":{"docs":33,"functional-code":0,"test-code":0},"tsumian":{"docs":207,"functional-code":0,"test-code":0,"other":1},"soloplxya":{"docs":29,"functional-code":0,"test-code":0},"tobihy":{"docs":31,"functional-code":0,"test-code":0}},"authorContributionVariance":{"Dineshraj555":477.4438,"Tiffanylin21":222.67455,"tsumian":2465.8696,"soloplxya":874.86395,"tobihy":228.05917},"authorDisplayNameMap":{"Dineshraj555":"CS2103T-T13-1 S DI.. RAJ","Tiffanylin21":"CS2103T-T13-1 LIN ..FANY","tsumian":"CS2103T-T13-1 THIA..MIAN","soloplxya":"CS2103T-T13-1 SHAI.. HUI","tobihy":"CS2103T-T13-1 TEO ..O YU"}}
