{"authorDailyContributionsMap":{"lzf834":[{"date":"2022-02-19","commitResults":[{"hash":"19789079a774604c1e02868ce99fd7826cdf49d2","messageTitle":"Update AboutUs.md for lzf834","messageBody":"","fileTypesAndContributionMap":{"docs":{"insertions":3,"deletions":3}}}]},{"date":"2022-02-21","commitResults":[{"hash":"6dcf08bb441f7e6a338421346a4d32a578f03837","messageTitle":"Update ReadMe.md to acknowledge original source of the code","messageBody":"","fileTypesAndContributionMap":{"docs":{"insertions":2,"deletions":0}}},{"hash":"dc34db6f60e42a6a5ef9f8d4269ed031d5d23606","messageTitle":"Update User Guide find_by_name and find_by_status features","messageBody":"","fileTypesAndContributionMap":{"docs":{"insertions":29,"deletions":9}}},{"hash":"f5ab81e3d5c6a4ce4992252aed67d26694854003","messageTitle":"Update User Guide Table at the top","messageBody":"","fileTypesAndContributionMap":{"docs":{"insertions":8,"deletions":7}}},{"hash":"3b3292f8f94d97676d06087c665fae5f1d732a11","messageTitle":"Update zifoong.md PPP to better reflect placeholders for content","messageBody":"","fileTypesAndContributionMap":{"docs":{"insertions":21,"deletions":20}}},{"hash":"d7f410cc175f9a7949d0f8c683769cf230772beb","messageTitle":"Update DeveloperGuide.md Target user profile, value proposition and user stories","messageBody":"","fileTypesAndContributionMap":{"docs":{"insertions":11,"deletions":5}}},{"hash":"9ed66c54c8410edb11c0368d195f6e8918545fa1","messageTitle":"checkstyle changes to zifoong.md","messageBody":"","fileTypesAndContributionMap":{"docs":{"insertions":0,"deletions":10}}}]},{"date":"2022-02-22","commitResults":[{"hash":"337ee14094498b7df76e21b994b2f65c43e305a0","messageTitle":"Update zifoong.md","messageBody":"Implemented Status class for Person Package with Yong Rui [Week 7]","fileTypesAndContributionMap":{"docs":{"insertions":8,"deletions":7}}},{"hash":"44154410c2d812fc1a8514d49c209d4790ae09d8","messageTitle":"Update zifoong.md","messageBody":"Added Pull Request Numbers for Contributions","fileTypesAndContributionMap":{"docs":{"insertions":4,"deletions":3}}}]},{"date":"2022-02-28","commitResults":[{"hash":"d4dfb9cc30e65c4db65e8ccd295b8daab685f4c0","messageTitle":"Update PPP name to github username","messageBody":"","fileTypesAndContributionMap":{"docs":{"insertions":0,"deletions":0}}},{"hash":"b405be6b1913011b47c5a03d05f1891b69d8c25b","messageTitle":"Update AboutUs.md to reflect changes in individual PPP","messageBody":"","fileTypesAndContributionMap":{"docs":{"insertions":5,"deletions":5}}},{"hash":"06de50373f6b289a3109112e0378fa4cc15e3447","messageTitle":"Update ReadMe.md linking to project website Update _config.yml file to reflect project updates","messageBody":"","fileTypesAndContributionMap":{"docs":{"insertions":5,"deletions":1}}},{"hash":"1701890c2602143f73c9b3e0adb25ca5ed44fadf","messageTitle":"- Fix bug in JsonAdaptedPersonTest","messageBody":"","fileTypesAndContributionMap":{"functional-code":{"insertions":2,"deletions":2},"test-code":{"insertions":12,"deletions":12}}}]},{"date":"2022-03-08","commitResults":[{"hash":"caa89d81db3a664e7f124bea19f1f4fe4fd27bef","messageTitle":"Corrections to tests in json files","messageBody":"","fileTypesAndContributionMap":{"functional-code":{"insertions":3,"deletions":2}}},{"hash":"e9908856057d60b398987bec3962e12ca6abe680","messageTitle":"Add command for finding students by their Covid-19 Status","messageBody":"Changes made:\n- new class FindStatusCommand.java\n- new class FindStatusCommandParser.java\n- new class StatusContainsKeywordsPredicate.java\n\nEdits:\n- AddressBookParser.java to accommodate new Command\n\nRemoved:\nPOTENTIAL_CHANGES.txt used in v1.1\n","fileTypesAndContributionMap":{"functional-code":{"insertions":126,"deletions":9}}},{"hash":"645c51082bb483ad7eb6a334fad4daff662304c8","messageTitle":"Changes to accommodate checkstyle","messageBody":"","fileTypesAndContributionMap":{"functional-code":{"insertions":10,"deletions":1}}},{"hash":"e0beaa50f51a8d78d9a5f11bf822e09172dd534d","messageTitle":"Edits for checkstyle","messageBody":"","fileTypesAndContributionMap":{"functional-code":{"insertions":0,"deletions":1}}}]},{"date":"2022-03-09","commitResults":[{"hash":"fe57bf8d69216b8982a894c9391c07fe263b2e51","messageTitle":"- Update UG for changes to new methods added - findstatus and findclasscode - Update own PPP to record new changes","messageBody":"","fileTypesAndContributionMap":{"docs":{"insertions":37,"deletions":26}}},{"hash":"6e1df542ed056206f5201e3fad10e04557420641","messageTitle":"Checkstyle changes","messageBody":"","fileTypesAndContributionMap":{"docs":{"insertions":1,"deletions":2}}}]},{"date":"2022-03-12","commitResults":[{"hash":"84ac186cb28062dfdab92da3dabc5803408611bb","messageTitle":"Implement JUnit Tests for Status and Status-related functions - FindStatusTest - FindStatusCommandParserTest - StatusContainsKeywordsPredicateTest - StatusTest","messageBody":"","fileTypesAndContributionMap":{"test-code":{"insertions":195,"deletions":0}}},{"hash":"a79543dcc5748c4732d8785a1d559856b592689d","messageTitle":"Checkstyle changes for Status-related Tests","messageBody":"","fileTypesAndContributionMap":{"test-code":{"insertions":17,"deletions":10}}},{"hash":"70440100a4c71df41ee2022925faaa3d8fbd7f85","messageTitle":"CheckStyle Changes","messageBody":"","fileTypesAndContributionMap":{"test-code":{"insertions":4,"deletions":4}}}]},{"date":"2022-03-14","commitResults":[{"hash":"b0716b79986c9d5a953882dc4a1abf200a6d1aa9","messageTitle":"PPP update","messageBody":"","fileTypesAndContributionMap":{"docs":{"insertions":2,"deletions":8}}},{"hash":"624adcfde05df70df56f7610f7c6a42ca183d788","messageTitle":"Update test files to reflect changes made - Tag -\u003e Activity","messageBody":"","fileTypesAndContributionMap":{"other":{"insertions":4,"deletions":4},"test-code":{"insertions":119,"deletions":119}}},{"hash":"b0a6583459a00dbc06a51fe718d73316b5bbe975","messageTitle":"Checkstyle errors fixed","messageBody":"","fileTypesAndContributionMap":{"test-code":{"insertions":50,"deletions":36}}}]},{"date":"2022-03-15","commitResults":[{"hash":"7da2b8187ae98beab51de25dc2aa3c9751012ebb","messageTitle":"Update own PPP","messageBody":"","fileTypesAndContributionMap":{"docs":{"insertions":4,"deletions":4}}}]},{"date":"2022-03-19","commitResults":[{"hash":"07aebaa019027cd3067039432791ca5aa5e1a24e","messageTitle":"- Update Link in `Help` Command to link to our UserGuide.md - Updated QuickLinks in UserGuide.md","messageBody":"","fileTypesAndContributionMap":{"functional-code":{"insertions":1,"deletions":1},"docs":{"insertions":6,"deletions":7}}},{"hash":"7027e59ad65b3fe92d19fbce34ea9cfd9c0dfd4b","messageTitle":"small bug to quick links in UserGuide.md","messageBody":"","fileTypesAndContributionMap":{"docs":{"insertions":2,"deletions":2}}},{"hash":"b07fd4bd7e3c9fe2cabe05e297dbf3f06be5d2b0","messageTitle":"Checkstyle changes","messageBody":"","fileTypesAndContributionMap":{"functional-code":{"insertions":2,"deletions":1}}}]},{"date":"2022-03-20","commitResults":[{"hash":"93ed865785c8fbafc269a76e4badbd46dfe673db","messageTitle":"New feature added: - find students by their Activities `findactivity` Command","messageBody":"Collaborator: Yong Rui\n","fileTypesAndContributionMap":{"functional-code":{"insertions":119,"deletions":0}}},{"hash":"c45da88246dfa8ec16f550349dd6d7df4d9282b4","messageTitle":"Checkstyle errors fixed","messageBody":"","fileTypesAndContributionMap":{"functional-code":{"insertions":2,"deletions":1}}},{"hash":"91a0c8341be0165939d13174df46029e90e93f62","messageTitle":"checkstyle errors fixed no.2","messageBody":"","fileTypesAndContributionMap":{"functional-code":{"insertions":2,"deletions":2}}},{"hash":"d50b70191e0ac80d5abb5d4db4400b06e1b6ee77","messageTitle":"Add Quicklinks in the Table of Content for DeveloperGuide.md Fixed links in DeveloperGuide.md to those from our project, instead of AB3","messageBody":"","fileTypesAndContributionMap":{"docs":{"insertions":29,"deletions":18}}}]},{"date":"2022-03-21","commitResults":[{"hash":"6c305d77e9c1c62a0c4df8a059b5461b5272bd8e","messageTitle":"Addition to DeveloperGuide.md - `Status` Feature - `FindByStatus` Feature - `Activity` Feature","messageBody":"","fileTypesAndContributionMap":{"docs":{"insertions":85,"deletions":61}}},{"hash":"e0a9bc89696be598bd0ff6121a5952f5e8fe8789","messageTitle":"PPP update","messageBody":"","fileTypesAndContributionMap":{"docs":{"insertions":14,"deletions":9}}},{"hash":"83344b79561cb514aee151a326a47fe42120217a","messageTitle":"Minor sentence structure changes within DG.md","messageBody":"","fileTypesAndContributionMap":{"docs":{"insertions":2,"deletions":2}}}]},{"date":"2022-03-25","commitResults":[{"hash":"615d7863fb72ddc4edd53c50c24374df77894533","messageTitle":"UI Update: - Made `Status` Attribute more prominent by shifting it out and increasing font size - Looking to update the text colour soon","messageBody":"","fileTypesAndContributionMap":{"functional-code":{"insertions":22,"deletions":6}}},{"hash":"d06dd8d6a69b6290a3617ac0e75a30337d37c43f","messageTitle":"Update UG - new methods - update name of previous method","messageBody":"","fileTypesAndContributionMap":{"docs":{"insertions":46,"deletions":38}}},{"hash":"ac49c26f42f9d81c5aa7ad2bc0b6e2fbc6909295","messageTitle":"Minor changes to UG: - Status edited to only be normal case - Order of words for find function - [MORE ACTIVITIES] for findactivity function - table formatting","messageBody":"","fileTypesAndContributionMap":{"docs":{"insertions":26,"deletions":23}}}]},{"date":"2022-03-27","commitResults":[{"hash":"9abbff6beb488ad9bd901b9b55376e190817beda","messageTitle":"Update to ZF PPP","messageBody":"","fileTypesAndContributionMap":{"docs":{"insertions":11,"deletions":5}}},{"hash":"1e2c7570992e6cd38d4a8b6ccb8580aa1e883e3d","messageTitle":"Minor fixes: - classcode prefix changed from `c` to `cc` - Multiple activities in `add` function should use multiple `act` prefixes","messageBody":"","fileTypesAndContributionMap":{"docs":{"insertions":15,"deletions":15}}},{"hash":"6d377702924d223ce716bc23d039664dda681d22","messageTitle":"Removed almost all occurrences of \"Address Book\" within UG. - Left with json file which is named addressbook.json, should we change this?","messageBody":"","fileTypesAndContributionMap":{"docs":{"insertions":6,"deletions":6}}},{"hash":"ac35d4d8c182d6148c9d16f965388352d9a444ea","messageTitle":"Added intro to features portion of UG","messageBody":"","fileTypesAndContributionMap":{"docs":{"insertions":1,"deletions":0}}},{"hash":"d62190a6df09dfd98575e667c54e1381134dce05","messageTitle":"Minor Changes: - spelling error classcode prefix from c/ to cc/","messageBody":"","fileTypesAndContributionMap":{"docs":{"insertions":13,"deletions":13}}}]},{"date":"2022-03-29","commitResults":[{"hash":"66d25dd6d4b11141fe200366b4ffaa1c02ecfb89","messageTitle":"Changes to UG: - fixed AB3 issue during ctrl+p of github pages - added captions to images used in UG - added GUI/CLI and brief intro of the application - add red box for `edit` command figure to highlight the student changed","messageBody":"","fileTypesAndContributionMap":{"docs":{"insertions":80,"deletions":26}}}]},{"date":"2022-03-31","commitResults":[{"hash":"03ef413aa71b9413b4c99881ce18682349ae978c","messageTitle":"UG Changes: - Replaced all images with ones using the new UI","messageBody":"","fileTypesAndContributionMap":{"docs":{"insertions":9,"deletions":0}}},{"hash":"b064b2f9f60079e0b3a0cb30fb407fe3d52652ba","messageTitle":"Add format examples for help command","messageBody":"","fileTypesAndContributionMap":{"functional-code":{"insertions":15,"deletions":8},"docs":{"insertions":1,"deletions":1}}},{"hash":"e3cd4d8b87706c1d8e4d888678b0e9b339e4f0dc","messageTitle":"Checkstyle changes","messageBody":"","fileTypesAndContributionMap":{"functional-code":{"insertions":4,"deletions":2}}},{"hash":"4fddd4b5f8c1dc108634c6d9c50998d5a7de0327","messageTitle":"Checkstyle changes","messageBody":"","fileTypesAndContributionMap":{"functional-code":{"insertions":4,"deletions":4}}}]},{"date":"2022-04-02","commitResults":[{"hash":"bf8bb6db95a95cb89073013ba43c8048734467b7","messageTitle":"Fixed respective issues from TP-D: 162 - clear in ug 163 - Grammatical issue in ug 158 - Empty tip box 156 - remove activity updatedd in UG 142 - find status in UG 138 - /act in UG should be act/ 134 - udt.jar","messageBody":"","fileTypesAndContributionMap":{"docs":{"insertions":12,"deletions":10}}},{"hash":"eae4668a3106b84fd862449b9aacf2eaa533cadf","messageTitle":"Indentations issue","messageBody":"","fileTypesAndContributionMap":{"docs":{"insertions":3,"deletions":3}}}]},{"date":"2022-04-03","commitResults":[{"hash":"31c3642389906600d804bbde1b1cb90e7c71b41b","messageTitle":"Fixed issue 154 - Phone number should now be between 3-15 digits","messageBody":"","fileTypesAndContributionMap":{"functional-code":{"insertions":2,"deletions":2}}},{"hash":"ef6af80b281fe1583b7ea514b0341a5eec13d09e","messageTitle":"Added Codecov badge to readme.md","messageBody":"","fileTypesAndContributionMap":{"docs":{"insertions":1,"deletions":0}}},{"hash":"babe944c7573fe64a1cd48cbbad14a9f8ab1d3bf","messageTitle":"replaced \"span\" with \"block\" in div, attempting to fix the \u003e issue in the file","messageBody":"","fileTypesAndContributionMap":{"docs":{"insertions":8,"deletions":8}}}]},{"date":"2022-04-05","commitResults":[{"hash":"dd524336853234e1fd95efb8ff0d9fdd7d50d7c2","messageTitle":"UserGuide updates: - added infocard with labels - update figure numbers","messageBody":"Update PPP\n","fileTypesAndContributionMap":{"docs":{"insertions":36,"deletions":17}}},{"hash":"634ac7efdb681faf61e67d8875d9c1afc9fdb642","messageTitle":"Update DG: - findactivity","messageBody":"","fileTypesAndContributionMap":{"docs":{"insertions":41,"deletions":12}}},{"hash":"376d5f0a864381ef51cb023d72845f0c7865d4a2","messageTitle":"Added character limits to attributes: - Activity - Address - Email - Name","messageBody":"","fileTypesAndContributionMap":{"functional-code":{"insertions":24,"deletions":2},"docs":{"insertions":19,"deletions":16},"test-code":{"insertions":21,"deletions":0}}},{"hash":"f23dae94b6810cd97f7310e7d9142ab345c7cf58","messageTitle":"Remove limit for email attribute","messageBody":"","fileTypesAndContributionMap":{"functional-code":{"insertions":2,"deletions":7},"docs":{"insertions":3,"deletions":3}}},{"hash":"d2ac643f2e2ad930a53ea0a8f331cc5bb349bdae","messageTitle":"Checkstyle","messageBody":"","fileTypesAndContributionMap":{"test-code":{"insertions":6,"deletions":6}}}]},{"date":"2022-04-06","commitResults":[{"hash":"93d45f444372093927a6026c28218ff77cd200a3","messageTitle":"Add tests for attributes in ParserUtilTest: - Phone - ClassCode - Name - Status","messageBody":"","fileTypesAndContributionMap":{"test-code":{"insertions":50,"deletions":0}}},{"hash":"92549adbe21062793ad0603d980b6d9ae2c01d6a","messageTitle":"Update UG: - undo/redo function explanation","messageBody":"","fileTypesAndContributionMap":{"docs":{"insertions":23,"deletions":5}}},{"hash":"73baf074abe6e90156441ed44369796493e10bd3","messageTitle":"UG update: - right-click help menu  - cut/copy/paste  - delete  - select all","messageBody":"","fileTypesAndContributionMap":{"docs":{"insertions":49,"deletions":3}}},{"hash":"4baff8c239815b34864e491f0242605c71537bd4","messageTitle":"Intro text to right-click help menu in UG","messageBody":"","fileTypesAndContributionMap":{"docs":{"insertions":5,"deletions":3}}},{"hash":"f8120470f0c1089b7cb836e52f620eee71bd9807","messageTitle":"PPP update","messageBody":"","fileTypesAndContributionMap":{"docs":{"insertions":6,"deletions":2}}}]},{"date":"2022-04-07","commitResults":[{"hash":"ee2eb317902f526f73386204f3a5a47c289b0acc","messageTitle":"Resolve space checkstyle issue","messageBody":"","fileTypesAndContributionMap":{"docs":{"insertions":1,"deletions":1}}}]}],"Fenway17":[{"date":"2022-02-19","commitResults":[{"hash":"636048fd87650e9f51e187552f38c34948231398","messageTitle":"Update README.md page","messageBody":"Updated to reflect project scope.","fileTypesAndContributionMap":{"docs":{"insertions":17,"deletions":10}}},{"hash":"95827a7042d5d54a31fad618d794e3e090450cef","messageTitle":"Update AboutUs.md","messageBody":"Added information about myself to AboutUs.md","fileTypesAndContributionMap":{"docs":{"insertions":4,"deletions":4}}}]},{"date":"2022-02-21","commitResults":[{"hash":"54c68ab0ecae3cd1a5237a74df7cb7264c24b692","messageTitle":"Update UserGuide.md","messageBody":"Updated user guide.","fileTypesAndContributionMap":{"docs":{"insertions":37,"deletions":190}}},{"hash":"9bb104d5c2c16abdd577221d100916e6f9f8edc1","messageTitle":"Update UserGuide.md","messageBody":"Fixed formatting errors.","fileTypesAndContributionMap":{"docs":{"insertions":5,"deletions":5}}},{"hash":"6e31a8b70db6e180826ab24d8576e9b9824563da","messageTitle":"Update yongrui.md","messageBody":"Updated project portfolio page for myself.","fileTypesAndContributionMap":{"docs":{"insertions":19,"deletions":17}}},{"hash":"8bf23d81f145ad31156b47af523862acf3dbf30a","messageTitle":"Update DeveloperGuide.md","messageBody":"Update use cases in developer guide.","fileTypesAndContributionMap":{"docs":{"insertions":111,"deletions":5}}},{"hash":"82e9dfd7dd09369c6c263f697e33782f47360abc","messageTitle":"Update yongrui.md","messageBody":"","fileTypesAndContributionMap":{"docs":{"insertions":1,"deletions":1}}}]},{"date":"2022-02-22","commitResults":[{"hash":"2c6360fc7950914ed340088a0affeb7e78e27cba","messageTitle":"Implemented status class. Collaborator: Zi Foong","messageBody":"","fileTypesAndContributionMap":{"functional-code":{"insertions":61,"deletions":3}}},{"hash":"b55e477e04538ee6e3adfea95b64e5c12c734c3a","messageTitle":"Updated code base to accommodate status class. Collaborator: Zi Foong","messageBody":"","fileTypesAndContributionMap":{"functional-code":{"insertions":90,"deletions":21},"test-code":{"insertions":40,"deletions":10}}},{"hash":"4c41284a6d15d1d10f42370d7d3c5b9ee42cd4af","messageTitle":"Updated javafx xml files to accommodate status class. Collaborator: Zi Foong","messageBody":"","fileTypesAndContributionMap":{"functional-code":{"insertions":1,"deletions":0}}},{"hash":"6bb3c41ca5409a6729ae9c4df1f6566ddd783b54","messageTitle":"Update yongrui.md","messageBody":"Added contributions for implementing status. (week 7)","fileTypesAndContributionMap":{"docs":{"insertions":5,"deletions":6}}},{"hash":"90edc16666c99b4c409fa3bc367f31be91aa3fc3","messageTitle":"Update yongrui.md","messageBody":"","fileTypesAndContributionMap":{"docs":{"insertions":8,"deletions":7}}}]},{"date":"2022-02-28","commitResults":[{"hash":"d35e02597df6e14614db7c5a63999138327776ad","messageTitle":"Rename yongrui.md to fenway17.md","messageBody":"Renamed file to reflect GitHub username","fileTypesAndContributionMap":{"docs":{"insertions":0,"deletions":0}}}]},{"date":"2022-03-01","commitResults":[{"hash":"2545ad1c22330cf41b25f964da2596d24c13fd31","messageTitle":"Update README.md","messageBody":"Updated CI banner to reflect our repo.","fileTypesAndContributionMap":{"docs":{"insertions":1,"deletions":1}}}]},{"date":"2022-03-03","commitResults":[{"hash":"fd6a03a4731d012da693491895846df154377b6e","messageTitle":"Fixed checkstyle errors.","messageBody":"","fileTypesAndContributionMap":{"test-code":{"insertions":75,"deletions":55}}}]},{"date":"2022-03-08","commitResults":[{"hash":"16a93afcc8453d817d896371f3d46e7bfc860f4a","messageTitle":"Changes made: - new class FindClassCodeCommand.java - new class FindClassCodeCommandParser.java - new class ClassCodeContainsKeywordsPredicate.java - edited AddressBookParser.java to accommodate new Command","messageBody":"Removed:\nPOTENTIAL_CHANGES.txt used in v1.1\n","fileTypesAndContributionMap":{"functional-code":{"insertions":110,"deletions":0}}},{"hash":"8d697a4670a557112972e2d6c39f2379fa3df1fc","messageTitle":"Fixed minor checkstyle errors.","messageBody":"","fileTypesAndContributionMap":{"functional-code":{"insertions":3,"deletions":2}}},{"hash":"bdec5e410ee649d63a82e0c9e5a7a1b5c32ff8b1","messageTitle":"Fixed minor checkstyle errors.","messageBody":"","fileTypesAndContributionMap":{"functional-code":{"insertions":2,"deletions":2}}}]},{"date":"2022-03-09","commitResults":[{"hash":"091be921bf06ed23a9e2fec092bbdd9f2ef3deab","messageTitle":"Update fenway17.md","messageBody":"","fileTypesAndContributionMap":{"docs":{"insertions":7,"deletions":3}}}]},{"date":"2022-03-14","commitResults":[{"hash":"d9903510e9cae7e96b9e6b601e875b44d07a61e5","messageTitle":"Added JUnit tests for ClassCode and related classes.","messageBody":"","fileTypesAndContributionMap":{"test-code":{"insertions":194,"deletions":0}}}]},{"date":"2022-03-20","commitResults":[{"hash":"779a41edaf2fd32bcbda6403783bab793150fd06","messageTitle":"Update fenway17.md","messageBody":"","fileTypesAndContributionMap":{"docs":{"insertions":7,"deletions":0}}},{"hash":"346dc819a32684167e0fc32fcac242895e80eaf0","messageTitle":"Added JUnit tests for finding activities command.","messageBody":"Collaborators: Zi Foong\n","fileTypesAndContributionMap":{"test-code":{"insertions":172,"deletions":0}}}]},{"date":"2022-03-21","commitResults":[{"hash":"c71df538a32d8a49ba6c3541f6ba2aecbe431557","messageTitle":"Update DeveloperGuide.md","messageBody":"Added skeleton for DG additions.\r\nTemplate can be found in the Status skeleton.","fileTypesAndContributionMap":{"docs":{"insertions":117,"deletions":0}}},{"hash":"c9370e7dff5915f3429df881cbcb1aa8c9ff3df3","messageTitle":"Revert \"Update DeveloperGuide.md\"","messageBody":"This reverts commit c71df538a32d8a49ba6c3541f6ba2aecbe431557.\n","fileTypesAndContributionMap":{"docs":{"insertions":0,"deletions":117}}},{"hash":"729b9dd57287b0eb2e0bd15fb56ef183ab9f5577","messageTitle":"Update DeveloperGuide.md","messageBody":"Added skeleton for DG additions.\r\nTemplate can be found in the Status skeleton.","fileTypesAndContributionMap":{"docs":{"insertions":117,"deletions":0}}}]},{"date":"2022-03-23","commitResults":[{"hash":"4af6508218a26b626e2af48fa7cc23f5eaae6629","messageTitle":"Update DeveloperGuide.md","messageBody":"Added information for Find By Class Code, Find By Activity.\r\nUpdated design considerations for Find By Class Code, Find By Activity, and Find By Status.\r\nUpdated implementation information for Status, Class Code, Activity and Find By Status.\r\nAdded followed steps for Find By Class Code, Find By Activity, and Find By Status.","fileTypesAndContributionMap":{"docs":{"insertions":95,"deletions":8}}}]},{"date":"2022-03-25","commitResults":[{"hash":"8e5dfd5b8cd96e985e3ffe1d2464d240c3730a34","messageTitle":"Updated userguide.md","messageBody":"Made substantial changes to markdown file.\nAdded more information to certain commands.\nAdded tips and warnings.\nAdded feature notes.\nAdded quick links to parts of the markdown.\nStandardized language used.\nAdded more introduction information.\nShifted command summary upwards.\nChanged styling.\n","fileTypesAndContributionMap":{"docs":{"insertions":153,"deletions":62}}},{"hash":"75a98bd69fb784ddcffadf205aa609a02e9a645b","messageTitle":"Updated userguide.md","messageBody":"Fixed some formatting errors.\n","fileTypesAndContributionMap":{"docs":{"insertions":17,"deletions":9}}},{"hash":"9d2c3a4893c3f3b9eed15d050a2d01bb84aa86b7","messageTitle":"Updated userguide.md","messageBody":"","fileTypesAndContributionMap":{"docs":{"insertions":2,"deletions":2}}},{"hash":"22aa001426cfa4880e109182c4ff58a76b86b846","messageTitle":"Update userguide.md","messageBody":"Fixed formatting errors.\nAdded better styling.\n","fileTypesAndContributionMap":{"docs":{"insertions":24,"deletions":24}}},{"hash":"6f01c16e677b1fc2a5f742e7712393cbebbdf27a","messageTitle":"Updated userguide.md","messageBody":"Updated styling.\nUpdating formatting.\nMoved command summary back downwards.\n","fileTypesAndContributionMap":{"docs":{"insertions":33,"deletions":29}}},{"hash":"764948c3cdec797b7245f3496fbd06726367a684","messageTitle":"Updated userguide.md","messageBody":"Reformatted add a student section.\n","fileTypesAndContributionMap":{"docs":{"insertions":3,"deletions":4}}},{"hash":"7edddc2f5d9330e4152985418d96e9dd78d1015e","messageTitle":"Updated userguide.md","messageBody":"Fixed some errors.\n","fileTypesAndContributionMap":{"docs":{"insertions":3,"deletions":3}}},{"hash":"ae3c4994f2c68bb42b8e5cd00bb99cfc88079b1d","messageTitle":"Updated userguide.md","messageBody":"Fixed some formatting errors.\n","fileTypesAndContributionMap":{"docs":{"insertions":2,"deletions":2}}},{"hash":"a654b5fe4281a7f1389fcc410752512d9b8e8090","messageTitle":"Updated userguide.md","messageBody":"Updated FAQ with more questions.\n","fileTypesAndContributionMap":{"docs":{"insertions":11,"deletions":3}}},{"hash":"da39cd613112f3f1ecb536f87e41c7daae7fa936","messageTitle":"Updated userguide.md","messageBody":"Fixed link errors.\n","fileTypesAndContributionMap":{"docs":{"insertions":4,"deletions":4}}},{"hash":"ce18f9d143a593201910bdb1450a7c23ee1958e6","messageTitle":"Updated userguide.md","messageBody":"Added information in content page.\nFixed errors.\n","fileTypesAndContributionMap":{"docs":{"insertions":4,"deletions":2}}},{"hash":"9bd13861d8ba55c811f97488f6e137b6c386c6ff","messageTitle":"Updated userguide.md","messageBody":"fixed errors.\n","fileTypesAndContributionMap":{"docs":{"insertions":1,"deletions":1}}},{"hash":"8716552b19e8ad70ba10e4c7b5cc876b33eb4099","messageTitle":"updated userguide.md","messageBody":"updated formatting\n","fileTypesAndContributionMap":{"docs":{"insertions":1,"deletions":1}}}]},{"date":"2022-03-27","commitResults":[{"hash":"eaa75497f6b6db6efc305a71df182b66e97cccca","messageTitle":"Changed application top bar to state \"Ultimate Divoc Tracker\" instead of \"Address Book\"","messageBody":"","fileTypesAndContributionMap":{"functional-code":{"insertions":1,"deletions":1}}},{"hash":"7bb15df3d5a8aade0d11e7c0a0e74e7c10fe4e75","messageTitle":"Update fenway17.md","messageBody":"","fileTypesAndContributionMap":{"docs":{"insertions":15,"deletions":4}}}]},{"date":"2022-03-29","commitResults":[{"hash":"1213603372a62f76c52c4b5cb511bb548e28fd1d","messageTitle":"Update UserGuide.md","messageBody":"Made the user guide more user friendly.","fileTypesAndContributionMap":{"docs":{"insertions":22,"deletions":27}}}]},{"date":"2022-04-02","commitResults":[{"hash":"2fd70ba4e4cdcdcf1fe0c58b617707010c8692ba","messageTitle":"Update UserGuide.md","messageBody":"Added information about status and how it automatically changes\r\nUpdated find by name section to include tips to find multiple students at the same time\r\nAdded information about editing activities replacing the activities rather than adding\r\nAdded information in add student section about the restrictions of each input","fileTypesAndContributionMap":{"docs":{"insertions":21,"deletions":4}}},{"hash":"ff8b1073ef8cade9c40ce43cddd6fdb96e5beee3","messageTitle":"Update UserGuide.md","messageBody":"Added information for clear command\r\nAdded warning for clear command","fileTypesAndContributionMap":{"docs":{"insertions":5,"deletions":1}}},{"hash":"027a5286e9692cc4b2c82914520c2e1da408fd66","messageTitle":"Update fenway17.md","messageBody":"","fileTypesAndContributionMap":{"docs":{"insertions":1,"deletions":0}}},{"hash":"30b892432c409464acb4eb548705dc5fdc5a8fce","messageTitle":"Update fenway17.md","messageBody":"","fileTypesAndContributionMap":{"docs":{"insertions":9,"deletions":1}}}]},{"date":"2022-04-04","commitResults":[{"hash":"71485eb3f827a6b3127ebc8388c18d6c9d092228","messageTitle":"Update UserGuide.md","messageBody":"Added information about GUI aspect ratio\r\nAdded alternate ways to start the app from command line\r\nAdded notes on UDT only tracking COVID within the app, not externally\r\nAdded information on find command finding a person not listed inside the app\r\nAdded information on limitations of automation of status changes by the app","fileTypesAndContributionMap":{"docs":{"insertions":20,"deletions":0}}}]}],"whoisjunhong":[{"date":"2022-02-21","commitResults":[{"hash":"6080cf8c3a625632c7cbaa347f00562c00923106","messageTitle":"Update Junhong AboutUs.md","messageBody":"","fileTypesAndContributionMap":{"docs":{"insertions":3,"deletions":3}}},{"hash":"5ba90080e46586776cd9f49df516c149e89e5c1d","messageTitle":"Fix AboutUs.md","messageBody":"","fileTypesAndContributionMap":{"docs":{"insertions":3,"deletions":4}}},{"hash":"8f586941783ed99da929d9dbe911fc0397141a35","messageTitle":"Update junhong.md","messageBody":"","fileTypesAndContributionMap":{"docs":{"insertions":20,"deletions":18}}},{"hash":"5720fb652539f10bd1da22bbd443dc415cdc788b","messageTitle":"Update UserGuide.md - update_status and exit","messageBody":"","fileTypesAndContributionMap":{"docs":{"insertions":16,"deletions":0}}}]},{"date":"2022-02-27","commitResults":[{"hash":"b0a88967169b8aa2d679b9b39e6835d27e1b23a2","messageTitle":"Add ClassCode methods","messageBody":"","fileTypesAndContributionMap":{"functional-code":{"insertions":39,"deletions":18}}},{"hash":"c1f5d50cee1f98c31077d48cdf1552de25065803","messageTitle":"Edit JsonAdaptedPersonTest file","messageBody":"","fileTypesAndContributionMap":{"test-code":{"insertions":118,"deletions":16}}},{"hash":"f152d5ff3fc9c26c982ffd3e4235e8de285919a0","messageTitle":"Fix imports","messageBody":"","fileTypesAndContributionMap":{"test-code":{"insertions":6,"deletions":1}}}]},{"date":"2022-02-28","commitResults":[{"hash":"c1cb3ac035cc27dd978d9cdd9d93985103e3d10e","messageTitle":"Fix PPP naming and details","messageBody":"","fileTypesAndContributionMap":{"docs":{"insertions":14,"deletions":16}}}]},{"date":"2022-03-08","commitResults":[{"hash":"00d512e642b3942ba8b3e1e0af666e77fea6bd06","messageTitle":"Add personal info","messageBody":"","fileTypesAndContributionMap":{"docs":{"insertions":3,"deletions":6}}}]},{"date":"2022-03-12","commitResults":[{"hash":"25139a5fdff3bd9a6a8c277f4d5a9084ff2c8538","messageTitle":"Add filtered list by ClassCode and validation of student","messageBody":"","fileTypesAndContributionMap":{"functional-code":{"insertions":18,"deletions":0}}}]},{"date":"2022-03-14","commitResults":[{"hash":"36b0aae2c0534dac86cf3b5656eba7fc95f69ab9","messageTitle":"Fix multiple positive cases in class edge case","messageBody":"","fileTypesAndContributionMap":{"functional-code":{"insertions":2,"deletions":1}}},{"hash":"183090c23415797a547aadf26a27bbbccdd86f87","messageTitle":"Repurpose tags to activities","messageBody":"","fileTypesAndContributionMap":{"functional-code":{"insertions":201,"deletions":199},"other":{"insertions":5,"deletions":5},"test-code":{"insertions":62,"deletions":58}}}]},{"date":"2022-03-21","commitResults":[{"hash":"8596798ceddd6a10a6321c72715ddb62a4b4e06b","messageTitle":"Add Batch Update and ClassCode developer guide","messageBody":"","fileTypesAndContributionMap":{"docs":{"insertions":18,"deletions":0}}}]},{"date":"2022-03-22","commitResults":[{"hash":"55291b8c38d194eaa0a185f447067e449bf199e6","messageTitle":"Add logging and exception checking to batch update enhancement","messageBody":"","fileTypesAndContributionMap":{"functional-code":{"insertions":32,"deletions":24},"docs":{"insertions":22,"deletions":18}}}]},{"date":"2022-03-25","commitResults":[{"hash":"f2582e111c2cb137b5529b0bea9fa510e85f43e6","messageTitle":"Fix UserGuide.md","messageBody":"","fileTypesAndContributionMap":{"docs":{"insertions":10,"deletions":10}}},{"hash":"8376da8297aa8a78d4b2cf7d81958aebe205e770","messageTitle":"Fix UserGuide.md","messageBody":"Fix table markdown not displaying","fileTypesAndContributionMap":{"docs":{"insertions":2,"deletions":1}}},{"hash":"abf8c68b43df8ad1a874106860ab9f1f3ca8ee51","messageTitle":"Update DeveloperGuide.md","messageBody":"","fileTypesAndContributionMap":{"docs":{"insertions":1,"deletions":0}}},{"hash":"ad0eed1f0a85edefa86bc416d166077e39fee76e","messageTitle":"Fix DG","messageBody":"","fileTypesAndContributionMap":{"docs":{"insertions":1,"deletions":0}}},{"hash":"0a2bd17c7afad409f28357aaed7b0a6f3628bd25","messageTitle":"Fix UserGuide.md","messageBody":"","fileTypesAndContributionMap":{"docs":{"insertions":1,"deletions":0}}}]},{"date":"2022-03-30","commitResults":[{"hash":"384a4d01edeb551d0656a2c34b7091e61a32d9b7","messageTitle":"v1.3 Enhance UI","messageBody":"","fileTypesAndContributionMap":{"functional-code":{"insertions":175,"deletions":106},"test-code":{"insertions":1,"deletions":1}}}]},{"date":"2022-03-31","commitResults":[{"hash":"95b72b8eee02a84cfe6464d1c60d5c8753897c1a","messageTitle":"Fix batch update edge cases for AddCommand and DeleteCommand","messageBody":"","fileTypesAndContributionMap":{"functional-code":{"insertions":163,"deletions":3},"docs":{"insertions":12,"deletions":1}}},{"hash":"9b6fd04b9f6ab2aa3a567e58b390f5da7ac9eba4","messageTitle":"Fix CheckStyle errors","messageBody":"","fileTypesAndContributionMap":{"functional-code":{"insertions":24,"deletions":11}}},{"hash":"7fccfa33f28dfb1cd515708e54cac961cff0b413","messageTitle":"Fix additional edge case and failing tests","messageBody":"","fileTypesAndContributionMap":{"functional-code":{"insertions":9,"deletions":3},"docs":{"insertions":1,"deletions":0}}},{"hash":"6410d879d1fe06b7787fab91f58947886ac43e0a","messageTitle":"Fix bg color","messageBody":"","fileTypesAndContributionMap":{"functional-code":{"insertions":2,"deletions":2}}}]},{"date":"2022-04-04","commitResults":[{"hash":"ca258ab0ccadab4f4486ad31a72ce24b02450559","messageTitle":"Fix font","messageBody":"","fileTypesAndContributionMap":{"functional-code":{"insertions":13,"deletions":13}}}]}],"e0544333":[{"date":"2022-02-21","commitResults":[{"hash":"c61c4fbb7536f87278da252935884d02b8165da1","messageTitle":"Update AboutUs.md","messageBody":"","fileTypesAndContributionMap":{"docs":{"insertions":194,"deletions":9}}},{"hash":"f31a5708a8b998469497eb6046b240b85225e0da","messageTitle":"Fix image extension","messageBody":"","fileTypesAndContributionMap":{"docs":{"insertions":1,"deletions":1}}},{"hash":"c41d0ad7c0b800fef03b82413fb33eb16c6aba42","messageTitle":"Update UserGuide","messageBody":"Added markdown for find_student_by_class and delete_student","fileTypesAndContributionMap":{"docs":{"insertions":18,"deletions":0}}},{"hash":"263fe5f4370bbf55e09bb8ca0774ad52c70b9d76","messageTitle":"Add Non-Functional Requirements documentation in Developer Guide","messageBody":"","fileTypesAndContributionMap":{"docs":{"insertions":9,"deletions":5}}}]},{"date":"2022-02-27","commitResults":[{"hash":"8c2d6660f9aa89ec0356087bdc730430d171658e","messageTitle":"Add classroom class to models","messageBody":"- Added 2 template methods that follows the model implementation ","fileTypesAndContributionMap":{"functional-code":{"insertions":30,"deletions":0}}},{"hash":"9e9356f1a1af89ef1e436cf78d649805d3837150","messageTitle":"Change class name from Classroom to StudentClass","messageBody":"","fileTypesAndContributionMap":{"other":{"insertions":2,"deletions":2}}},{"hash":"e60decc0d79b41ef408ae155531916119c98bf41","messageTitle":"Change class name from StudentClass to ClassCode","messageBody":"","fileTypesAndContributionMap":{"other":{"insertions":0,"deletions":0}}},{"hash":"957f2010a485b6cfe4f80e15d3be51713c8c9ec7","messageTitle":"Add template methods to ClassCode","messageBody":"","fileTypesAndContributionMap":{"functional-code":{"insertions":9,"deletions":9}}},{"hash":"0d8a35862b6ad61da574de93857c951f8fe838a4","messageTitle":"Add ClassCode prefix to parser","messageBody":"","fileTypesAndContributionMap":{"functional-code":{"insertions":24,"deletions":19}}},{"hash":"5db6b05e38bdb787f999903c756ee3577b2a3c13","messageTitle":"Minor changes for class code implementation","messageBody":"","fileTypesAndContributionMap":{"functional-code":{"insertions":30,"deletions":18}}},{"hash":"a0c35efc7270946af91da4d8c4f81d30214acd47","messageTitle":"Add classCode to test/PersonBuilder parameter","messageBody":"","fileTypesAndContributionMap":{"test-code":{"insertions":14,"deletions":7}}}]},{"date":"2022-02-28","commitResults":[{"hash":"dc0e0780f5711dad15af295a3b9647d34956dda5","messageTitle":"Rename joshua.md to e0544333.md","messageBody":"","fileTypesAndContributionMap":{"docs":{"insertions":0,"deletions":0}}},{"hash":"0727222e88bc954dd4346e35a94d881af0542be1","messageTitle":"Update AboutUs.md","messageBody":"","fileTypesAndContributionMap":{"docs":{"insertions":2,"deletions":2}}},{"hash":"1367f476ac0a863cb69c010425f9a33a45bd750d","messageTitle":"Fix Checkstyle issues","messageBody":"","fileTypesAndContributionMap":{"docs":{"insertions":20,"deletions":19}}},{"hash":"b984f6b1dd15654d7fe9188f2f837a5205540472","messageTitle":"Add newline to EOF of UserGuide.md","messageBody":"","fileTypesAndContributionMap":{"docs":{"insertions":0,"deletions":1}}},{"hash":"52ac8456ea99e24d07d6a24328c6fb90a63823d6","messageTitle":"Fix Checkstyle issues","messageBody":"","fileTypesAndContributionMap":{"functional-code":{"insertions":56,"deletions":15}}},{"hash":"2b6aefe38fd4886266b32e54fd1cdaa783b24222","messageTitle":"Fix extra separation in import group","messageBody":"","fileTypesAndContributionMap":{"functional-code":{"insertions":0,"deletions":1}}},{"hash":"bc309dbb87e52a83a6a32fbcf0dd2987306847a9","messageTitle":"Fix wrong lexicographical order","messageBody":"","fileTypesAndContributionMap":{"test-code":{"insertions":8,"deletions":2}}},{"hash":"99fa8ef7fd08c308ca36830da19b2d2a70f5c2a8","messageTitle":"Fix PersonBuilder issue","messageBody":"","fileTypesAndContributionMap":{"test-code":{"insertions":1,"deletions":1}}}]},{"date":"2022-03-03","commitResults":[{"hash":"b38107c984123509ef4af23b46d2f7d84c7a7d4f","messageTitle":"Fix test cases","messageBody":"","fileTypesAndContributionMap":{"test-code":{"insertions":54,"deletions":75}}},{"hash":"6a9b1457a43a5da7d94c192255423608a50e781a","messageTitle":"Fix checkstyle for import statements","messageBody":"","fileTypesAndContributionMap":{"test-code":{"insertions":105,"deletions":53}}}]},{"date":"2022-03-08","commitResults":[{"hash":"b387d4e7f12f543c545aee94ea36c046bd2b2fd2","messageTitle":"Change profile description","messageBody":"","fileTypesAndContributionMap":{"docs":{"insertions":1,"deletions":2}}},{"hash":"e391c49219fa114c11609a55f971e3509e172505","messageTitle":"Add checks for Status and ClassCode","messageBody":"files edited:\n- EditCommand.java: added status and classCode in isAnyFieldEdited() method to cater for the 2 fields.","fileTypesAndContributionMap":{"functional-code":{"insertions":1,"deletions":1}}}]},{"date":"2022-03-12","commitResults":[{"hash":"11354efe14b7d9e36671572aad6de401f8bb70fa","messageTitle":"Auto stash before merge of \"master\" and \"origin/master\"","messageBody":"","fileTypesAndContributionMap":{"functional-code":{"insertions":7,"deletions":1}}}]},{"date":"2022-03-21","commitResults":[{"hash":"e5b72e1db6271efdf6b6b6cb6d1f9020bb933151","messageTitle":"Add assertion to build.gradle","messageBody":"","fileTypesAndContributionMap":{"other":{"insertions":4,"deletions":0}}}]},{"date":"2022-03-22","commitResults":[{"hash":"23a43fde1924892707dc9ebc3f7a551acb00b3d6","messageTitle":"Add CSV Compatibility documentation in DG","messageBody":"","fileTypesAndContributionMap":{"docs":{"insertions":47,"deletions":2}}},{"hash":"24646a9cb76a7fab366e19a964465e55c54a01f6","messageTitle":"Update e0544333 PPP","messageBody":"","fileTypesAndContributionMap":{"docs":{"insertions":27,"deletions":27}}}]},{"date":"2022-03-23","commitResults":[{"hash":"2ecd0d3d760048a6a973472bd7195eae318b1715","messageTitle":"Add logging to Deletecommand","messageBody":"","fileTypesAndContributionMap":{"functional-code":{"insertions":16,"deletions":7}}}]},{"date":"2022-03-26","commitResults":[{"hash":"735f0bf78b4833b7680348fec50ce686b1349790","messageTitle":"Add images to features","messageBody":"","fileTypesAndContributionMap":{"docs":{"insertions":17,"deletions":2}}},{"hash":"6b0a341684a600044038af1c7ae578ba951b0e3b","messageTitle":"Add extra line at FAQ section of User Guide","messageBody":"","fileTypesAndContributionMap":{"docs":{"insertions":3,"deletions":1}}}]},{"date":"2022-03-30","commitResults":[{"hash":"81fb3304a44289acbf2fac9a2cff63e2cc51c43c","messageTitle":"Update batch update test cases","messageBody":"","fileTypesAndContributionMap":{"functional-code":{"insertions":1,"deletions":1},"test-code":{"insertions":26,"deletions":41}}},{"hash":"ab8cb07d6a3166f8b52c5bce44eff0214957b2df","messageTitle":"Fix checkstyles","messageBody":"","fileTypesAndContributionMap":{"test-code":{"insertions":36,"deletions":8}}},{"hash":"fe5cfb035c0ecbc3c4e759799760fe4ab14afc34","messageTitle":"Fix checkstyles attempt #2","messageBody":"","fileTypesAndContributionMap":{"test-code":{"insertions":2,"deletions":3}}},{"hash":"c8dea734c7192298ca7ef532fd5ab8264e5e6566","messageTitle":"Fix checkstyles attempt #3","messageBody":"","fileTypesAndContributionMap":{"test-code":{"insertions":2,"deletions":2}}},{"hash":"6370cf529a5506f3f3e7473b41336cc3a6ae1ebc","messageTitle":"Fix checkstyles attempt #4","messageBody":"","fileTypesAndContributionMap":{"test-code":{"insertions":2,"deletions":2}}}]},{"date":"2022-03-31","commitResults":[{"hash":"ac7711759af6c2be46fe82d3c45affd6e158f051","messageTitle":"Add test cases to AddCommandTest and DeleteCommandTest","messageBody":"","fileTypesAndContributionMap":{"test-code":{"insertions":87,"deletions":0}}}]},{"date":"2022-04-05","commitResults":[{"hash":"027553f896403def4f0bbd3d6bd7b600dc9ea2b5","messageTitle":"Edit limitation of automation","messageBody":"","fileTypesAndContributionMap":{"docs":{"insertions":5,"deletions":2}}},{"hash":"c5bd488756083093f6a19e462211960aab501b17","messageTitle":"Move editStatus method to ModelManager","messageBody":"","fileTypesAndContributionMap":{"functional-code":{"insertions":22,"deletions":17}}}]}],"louisdavinlie":[{"date":"2022-02-21","commitResults":[{"hash":"3c9ae64a96135b74472dec589b6682aa2b5fe0f9","messageTitle":"Update AboutUs.md for louisdavinlie","messageBody":"","fileTypesAndContributionMap":{"docs":{"insertions":1,"deletions":1}}},{"hash":"36c2407dfaa7cea0a84da2a740b1d15fc395d366","messageTitle":"Update Louis details","messageBody":"","fileTypesAndContributionMap":{"docs":{"insertions":2,"deletions":2}}},{"hash":"50b148899d2cb81475e18a5ec3fccce506d47e10","messageTitle":"Update User Guide command summary","messageBody":"","fileTypesAndContributionMap":{"docs":{"insertions":21,"deletions":0}}},{"hash":"348df3d8a2b4b5712ca9fb537e0d544dcc8f2fe7","messageTitle":"Add space before heading texts","messageBody":"","fileTypesAndContributionMap":{"docs":{"insertions":7,"deletions":7}}},{"hash":"e7938e77ea89957cb154cef1530d4024f627eb83","messageTitle":"Update louis.md","messageBody":"","fileTypesAndContributionMap":{"docs":{"insertions":15,"deletions":17}}}]},{"date":"2022-02-27","commitResults":[{"hash":"d7a2046e4311c21b1c9bfe5744d1d88f9621cdf0","messageTitle":"Add ClassCode to UI and storage","messageBody":"","fileTypesAndContributionMap":{"functional-code":{"insertions":34,"deletions":13}}}]},{"date":"2022-02-28","commitResults":[{"hash":"2038ac7e292167c395eeb94b8ae6f3eeacb07125","messageTitle":"Rename louis.md to louisdavinlie.md","messageBody":"","fileTypesAndContributionMap":{"docs":{"insertions":0,"deletions":0}}},{"hash":"634396bc621387515a7275f3fc3b8d405aab2a20","messageTitle":"Fix Person.java equals method","messageBody":"","fileTypesAndContributionMap":{"functional-code":{"insertions":1,"deletions":1}}}]},{"date":"2022-03-02","commitResults":[{"hash":"ae88db7080a667c01845bc19dbf4f8b494597d35","messageTitle":"Update Louis info","messageBody":"","fileTypesAndContributionMap":{"docs":{"insertions":2,"deletions":1}}}]},{"date":"2022-03-08","commitResults":[{"hash":"4fa6afbc3550736025e63dc35ea6889074827d8a","messageTitle":"Fix equals method in EditPersonDescriptor class","messageBody":"","fileTypesAndContributionMap":{"functional-code":{"insertions":1,"deletions":1}}},{"hash":"29ec30fbbbae7e223c4e4f372ed258f85ed343e8","messageTitle":"Fix test case under AddressBookParserTest.java","messageBody":"","fileTypesAndContributionMap":{"test-code":{"insertions":10,"deletions":15}}},{"hash":"b77c0602d5390fb781a41a5da6de25098a05b9f0","messageTitle":"Minor change in import statements","messageBody":"","fileTypesAndContributionMap":{"test-code":{"insertions":8,"deletions":1}}}]},{"date":"2022-03-13","commitResults":[{"hash":"ac179d18be4083851c4de3f052f64807c6db1391","messageTitle":"Implement JUnit Tests for updated Edit command","messageBody":"","fileTypesAndContributionMap":{"functional-code":{"insertions":4,"deletions":0},"test-code":{"insertions":76,"deletions":42}}},{"hash":"e504009c73ab95ac4fbecdf7cd1061a866403b10","messageTitle":"Change to single import statements","messageBody":"","fileTypesAndContributionMap":{"functional-code":{"insertions":0,"deletions":4},"test-code":{"insertions":31,"deletions":3}}},{"hash":"de2a978ed99545ecb3d444bd10d1171d51f3004f","messageTitle":"Minor change","messageBody":"","fileTypesAndContributionMap":{"test-code":{"insertions":1,"deletions":0}}},{"hash":"fb9b91fc933a7a7fa0cbf5a8f934fa4572d84f4a","messageTitle":"Fix checkstyle and JSON test","messageBody":"","fileTypesAndContributionMap":{"test-code":{"insertions":31,"deletions":23}}}]},{"date":"2022-03-14","commitResults":[{"hash":"8fcca954b0d382bbbf8f7e72f9cd5fe8657f17ee","messageTitle":"Implement batch update when student recovers","messageBody":"","fileTypesAndContributionMap":{"functional-code":{"insertions":24,"deletions":0}}},{"hash":"05b7165d412674eb655b92ed9fb2e8c9f27dc434","messageTitle":"Add JUnit test for batch update when student recovers","messageBody":"","fileTypesAndContributionMap":{"test-code":{"insertions":47,"deletions":9}}},{"hash":"c984c5f7527ad3740566623d0d2abd399313f891","messageTitle":"Minor fix","messageBody":"","fileTypesAndContributionMap":{"test-code":{"insertions":1,"deletions":1}}},{"hash":"790cafa4123cb256dc4735137efd52e24bafd8ee","messageTitle":"Show activities on GUI","messageBody":"","fileTypesAndContributionMap":{"functional-code":{"insertions":3,"deletions":3}}}]},{"date":"2022-03-23","commitResults":[{"hash":"979c983fecefb1bdb907f8eb02880b5051b46c23","messageTitle":"Change sample data for address book and release version","messageBody":"","fileTypesAndContributionMap":{"functional-code":{"insertions":11,"deletions":11}}},{"hash":"174c51f1f167dbb7de28d7f3825cf4331d48b03a","messageTitle":"Update developer guide","messageBody":"","fileTypesAndContributionMap":{"docs":{"insertions":45,"deletions":5}}}]},{"date":"2022-03-25","commitResults":[{"hash":"68a6b50477896968e292d2ba1dd5cbcbac9fbac9","messageTitle":"Update UI by changing text colors according to Status","messageBody":"","fileTypesAndContributionMap":{"functional-code":{"insertions":8,"deletions":0}}}]},{"date":"2022-03-28","commitResults":[{"hash":"149767a27e254b8c28ac18a1db6df81a9345f14d","messageTitle":"Implement batch update status in the same activities","messageBody":"","fileTypesAndContributionMap":{"functional-code":{"insertions":48,"deletions":10}}},{"hash":"8a328ae21a7bf324302a17acd1e68710bdc91a5a","messageTitle":"Minor change","messageBody":"","fileTypesAndContributionMap":{"functional-code":{"insertions":16,"deletions":4}}},{"hash":"e8cf1d627a484afb622d48d7abcd7eab1a5c5045","messageTitle":"Fix bug when batch update positive to negative","messageBody":"","fileTypesAndContributionMap":{"functional-code":{"insertions":14,"deletions":33}}},{"hash":"77e503e58fe84d9474ade35efc66f858e424b157","messageTitle":"Minor checkstyle","messageBody":"","fileTypesAndContributionMap":{"functional-code":{"insertions":0,"deletions":1}}}]},{"date":"2022-03-29","commitResults":[{"hash":"d71b454f95be763c8bff053c66b4bfd301d42c3c","messageTitle":"Abstract methods in edit command execute","messageBody":"","fileTypesAndContributionMap":{"functional-code":{"insertions":53,"deletions":30}}}]},{"date":"2022-04-02","commitResults":[{"hash":"17e536d0fb889554d830ecce2077a28a34039862","messageTitle":"Change user guide link in help window","messageBody":"","fileTypesAndContributionMap":{"functional-code":{"insertions":1,"deletions":1}}},{"hash":"c24305386079deab510aaa9baa561de5a6f0d7a3","messageTitle":"Add more information when giving invalid index error for edit and delete","messageBody":"","fileTypesAndContributionMap":{"functional-code":{"insertions":8,"deletions":5}}},{"hash":"db7033212c641528296105ac82bb183aefe878aa","messageTitle":"Resolve some test cases expected messages","messageBody":"","fileTypesAndContributionMap":{"test-code":{"insertions":10,"deletions":5}}}]},{"date":"2022-04-04","commitResults":[{"hash":"5d151e35cb55f6617498d9b3a5b51ef8e887eba6","messageTitle":"Improve code quality for batch update","messageBody":"","fileTypesAndContributionMap":{"functional-code":{"insertions":41,"deletions":18},"test-code":{"insertions":7,"deletions":9}}},{"hash":"48745e7a8e2b5f85fc85ba1a8142473b5279d0bc","messageTitle":"Improve code quality","messageBody":"","fileTypesAndContributionMap":{"functional-code":{"insertions":6,"deletions":8}}},{"hash":"e526993903fb28335cc86495826cf38dc0f7aac7","messageTitle":"Fix close-contact to positive issue","messageBody":"","fileTypesAndContributionMap":{"functional-code":{"insertions":1,"deletions":1}}},{"hash":"86903174b6bcc2544663897b7edde40fbe349c31","messageTitle":"Fix activity batch update","messageBody":"","fileTypesAndContributionMap":{"functional-code":{"insertions":8,"deletions":3}}},{"hash":"c9cad66ceeb5fe0297960fd9d936729cff5d0dfb","messageTitle":"Improve code quality","messageBody":"","fileTypesAndContributionMap":{"test-code":{"insertions":2,"deletions":3}}},{"hash":"002a865f9a95a4ea07f5a0903a8d42e4de1ae6fd","messageTitle":"Abstract more methods","messageBody":"","fileTypesAndContributionMap":{"functional-code":{"insertions":17,"deletions":80}}},{"hash":"9b2f4dc866412ad3f88b8b82251871659560204a","messageTitle":"Add test cases for find commands","messageBody":"","fileTypesAndContributionMap":{"test-code":{"insertions":133,"deletions":6}}},{"hash":"b9cee42c1416a53ba160b5bfcbb23d57b8cfd7b1","messageTitle":"Fix checkstyle","messageBody":"","fileTypesAndContributionMap":{"test-code":{"insertions":15,"deletions":4}}}]},{"date":"2022-04-05","commitResults":[{"hash":"166cdcefd5e39e26d14740d826cdd336a7c7e1e3","messageTitle":"Add assertions to some parts of the code","messageBody":"","fileTypesAndContributionMap":{"functional-code":{"insertions":42,"deletions":3}}}]},{"date":"2022-04-06","commitResults":[{"hash":"6ed539fafc04b6ad3f8b7d5da9db0b4d7e89a564","messageTitle":"Update Louis PPP","messageBody":"","fileTypesAndContributionMap":{"docs":{"insertions":57,"deletions":24}}}]}]},"authorFileTypeContributionMap":{"lzf834":{"docs":410,"functional-code":297,"test-code":397,"other":1},"Fenway17":{"docs":479,"functional-code":214,"test-code":394},"whoisjunhong":{"docs":72,"functional-code":495,"test-code":143},"e0544333":{"docs":97,"functional-code":117,"test-code":168,"other":4},"louisdavinlie":{"docs":109,"functional-code":206,"test-code":275}},"authorContributionVariance":{"lzf834":6005.077,"Fenway17":10455.857,"whoisjunhong":8680.462,"e0544333":3831.0378,"louisdavinlie":4048.792},"authorDisplayNameMap":{"lzf834":"CS2103T-T12-1 LYE ..OONG","Fenway17":"CS2103T-T12-1 TAN .. RUI","whoisjunhong":"CS2103T-T12-1 WEE ..HONG","e0544333":"CS2103T-T12-1 YAP ..SHUA","louisdavinlie":"CS2103T-T12-1 LOUI.. LIE"}}
