{"authorDailyContributionsMap":{"kavxya":[{"date":"2022-02-25","commitResults":[{"hash":"99becfa3fa1f5ab0e6f0ebd979b08da991b3cc33","messageTitle":"Update README.md","messageBody":"","fileTypesAndContributionMap":{"docs":{"insertions":11,"deletions":8}}}]},{"date":"2022-03-07","commitResults":[{"hash":"d146a0369407473d3bb5b7c8b797e642e88eda40","messageTitle":"Add skeletal PPP for docs/team/kavxya.md","messageBody":"","fileTypesAndContributionMap":{"docs":{"insertions":34,"deletions":0}}},{"hash":"b317e61b5fa1d2ce1d026bb3c2cdd0fe5f248abf","messageTitle":"Revert \"Add skeletal PPP for docs/team/kavxya.md\"","messageBody":"This reverts commit d146a0369407473d3bb5b7c8b797e642e88eda40.\n","fileTypesAndContributionMap":{"docs":{"insertions":0,"deletions":34}}},{"hash":"3bc88f0c2d513818e4e79c3073d6d6f46402f22f","messageTitle":"Revert \"Revert \"Add skeletal PPP for docs/team/kavxya.md\"\"","messageBody":"This reverts commit b317e61b5fa1d2ce1d026bb3c2cdd0fe5f248abf.\n","fileTypesAndContributionMap":{"docs":{"insertions":34,"deletions":0}}},{"hash":"ea0cabed8120653847c9be31c660afe3546d49e1","messageTitle":"Add skeletal PPP","messageBody":"","fileTypesAndContributionMap":{"docs":{"insertions":1,"deletions":1}}}]},{"date":"2022-03-13","commitResults":[{"hash":"007892d640ac1c723575d7af13fbbffe9bf670b4","messageTitle":"Display total number of contacts in the complete list.","messageBody":"","fileTypesAndContributionMap":{"functional-code":{"insertions":3,"deletions":2}}}]},{"date":"2022-03-15","commitResults":[{"hash":"f7e5e5dec52f2abd1500f8bfcabc5195fe465f0b","messageTitle":"Implement Copy function","messageBody":"","fileTypesAndContributionMap":{"functional-code":{"insertions":159,"deletions":10}}},{"hash":"7145d2bfeb30b10b1dabacecb97455bd72a97a1b","messageTitle":"Add new line to EOF","messageBody":"","fileTypesAndContributionMap":{"functional-code":{"insertions":1,"deletions":1}}}]},{"date":"2022-03-16","commitResults":[{"hash":"72bd778e518604df11640092cfb76e774d4dfe5f","messageTitle":"Fixed minor check style issues","messageBody":"","fileTypesAndContributionMap":{"functional-code":{"insertions":11,"deletions":3}}},{"hash":"d53799009c373bdcef94b50e39b56d6c962f037b","messageTitle":"Resolve Build Gradle Issues.","messageBody":"","fileTypesAndContributionMap":{"functional-code":{"insertions":8,"deletions":2}}},{"hash":"61927bd5193c3b6c3e406e14bde6dec9325f9b28","messageTitle":"Amend checkstyle errors","messageBody":"","fileTypesAndContributionMap":{"functional-code":{"insertions":9,"deletions":10},"test-code":{"insertions":8,"deletions":1}}},{"hash":"5caa5b0d82d794ac1363c43cf643166b341fdd76","messageTitle":"Enforce checkstyle","messageBody":"","fileTypesAndContributionMap":{"test-code":{"insertions":6,"deletions":3}}},{"hash":"8df5996df95998cf27584d24beb22bd53a950109","messageTitle":"Add copy feature to the UserGuide","messageBody":"","fileTypesAndContributionMap":{"docs":{"insertions":13,"deletions":0}}}]},{"date":"2022-03-18","commitResults":[{"hash":"cdf93d260b97aa403fc2014a3c1d0222b6460cde","messageTitle":"include Dynamic view for the copy command","messageBody":"","fileTypesAndContributionMap":{"functional-code":{"insertions":2,"deletions":1}}}]},{"date":"2022-03-24","commitResults":[{"hash":"07320f12436d1d23eeaccfb5a9e9dd78737403da","messageTitle":"Update GUI to fit the mockup","messageBody":"","fileTypesAndContributionMap":{"functional-code":{"insertions":105,"deletions":83}}},{"hash":"da3ff258f1b937c7661f1b8a722f9e67ad859b5a","messageTitle":"Add Contacts header to the PersonListPanel and refactor DarkTheme.css to LightTheme.css","messageBody":"","fileTypesAndContributionMap":{"functional-code":{"insertions":16,"deletions":2},"other":{"insertions":7,"deletions":0}}},{"hash":"a0a7c7bd5eb7520a5b2efb2afc6814c4685e0b32","messageTitle":"Enable Assertions.","messageBody":"","fileTypesAndContributionMap":{"other":{"insertions":4,"deletions":0}}}]},{"date":"2022-03-25","commitResults":[{"hash":"4821a0b58285c529082e754fcc480c72bbb496eb","messageTitle":"Add copy use case to DG.","messageBody":"","fileTypesAndContributionMap":{"docs":{"insertions":18,"deletions":0}}},{"hash":"11934a51930f083a7ca171788b9b480a263f3d0e","messageTitle":"Add implementation of Copy Command","messageBody":"","fileTypesAndContributionMap":{"docs":{"insertions":29,"deletions":0}}}]},{"date":"2022-03-27","commitResults":[{"hash":"8e14202eec3813b892e09ae0edf3da7280fba1be","messageTitle":"Update mockups and README.md with updated format","messageBody":"","fileTypesAndContributionMap":{"docs":{"insertions":2,"deletions":0}}}]},{"date":"2022-03-28","commitResults":[{"hash":"9f0d1a20d0afa0611321286a9c15cf2087bea9a7","messageTitle":"Resolve error.","messageBody":"","fileTypesAndContributionMap":{"functional-code":{"insertions":0,"deletions":1}}}]},{"date":"2022-03-29","commitResults":[{"hash":"e1b54323a672eff112f42355b45d75ba0234e399","messageTitle":"Alter contact detail card width to fit email label and value.","messageBody":"","fileTypesAndContributionMap":{"functional-code":{"insertions":2,"deletions":2}}},{"hash":"ff9ccb2775a37fc71e34209306fa23527c6335e7","messageTitle":"Change Labels to TextArea to make fields copy friendly.","messageBody":"","fileTypesAndContributionMap":{"functional-code":{"insertions":23,"deletions":18}}},{"hash":"a482a97eb79c313c048977c81dbaf65146d477a8","messageTitle":"Resolve conflicts","messageBody":"","fileTypesAndContributionMap":{"functional-code":{"insertions":1,"deletions":2}}}]},{"date":"2022-03-31","commitResults":[{"hash":"712878510f25a9d6351b10f8b71b02bc077e17e9","messageTitle":"Creates links to emails and telegram for convenience ease of communication.","messageBody":"","fileTypesAndContributionMap":{"functional-code":{"insertions":88,"deletions":16}}},{"hash":"701b516cc994529a06e3233d421419b6ea27e4c0","messageTitle":"Update ContactDetailCard.fxml to match updated layout. Revert TextArea fields back to Labels","messageBody":"","fileTypesAndContributionMap":{"functional-code":{"insertions":5,"deletions":6}}},{"hash":"323616b85882fad0c49e9fce6b852dfcfa00fd73","messageTitle":"Edit ResultDisplay and add messages to the Add,Find and Delete commands","messageBody":"","fileTypesAndContributionMap":{"functional-code":{"insertions":17,"deletions":6}}},{"hash":"94eb62eb31a06c72c47959ce7f885c9b7a5e276f","messageTitle":"Add AddCommand details to the UG","messageBody":"","fileTypesAndContributionMap":{"docs":{"insertions":10,"deletions":0}}},{"hash":"9da00bcb7307adf8eb0c2cac57f399afbc63f1dc","messageTitle":"Updates for Contacts Tab.","messageBody":"","fileTypesAndContributionMap":{"docs":{"insertions":37,"deletions":5}}},{"hash":"e0668328f27bb11911347fd24e91253bc4182126","messageTitle":"Restructure UG","messageBody":"","fileTypesAndContributionMap":{"docs":{"insertions":137,"deletions":26}}},{"hash":"1548acb80f1a30d7ebec4494c7b631d7ad3acfc3","messageTitle":"Fix numbering of the points within the UG","messageBody":"","fileTypesAndContributionMap":{"docs":{"insertions":35,"deletions":28}}}]}],"chriswengqi":[{"date":"2022-02-25","commitResults":[{"hash":"c4b192b52988b952930f492f638e0a5ef93ad2df","messageTitle":"Update User Stories in Developer Guide","messageBody":"","fileTypesAndContributionMap":{"docs":{"insertions":37,"deletions":8}}},{"hash":"521ffa10a36aa578b952f55215dcc4c3a231c972","messageTitle":"Update Glossary in Developer Guide","messageBody":"","fileTypesAndContributionMap":{"docs":{"insertions":2,"deletions":1}}}]},{"date":"2022-03-06","commitResults":[{"hash":"be9f191f82856f0b86ede4f34109af3bd63a47a7","messageTitle":"Add skeletal PPP for docs/team/chriswengqi.md","messageBody":"","fileTypesAndContributionMap":{"docs":{"insertions":34,"deletions":0}}}]},{"date":"2022-03-11","commitResults":[{"hash":"64e4f3e988f49c8a3385b59cbc2cfcbe3ff873bf","messageTitle":"Implement SplitPane for RHS Window to show contact details","messageBody":"","fileTypesAndContributionMap":{"functional-code":{"insertions":83,"deletions":6}}},{"hash":"0c94b34a7b11025979685043037dbc5ecb6e3180","messageTitle":"Update UI, Logic and Model classes to support displaying of contact details on RHS Window","messageBody":"","fileTypesAndContributionMap":{"functional-code":{"insertions":57,"deletions":9}}},{"hash":"8065477fae3c25b9cd3721281eb8cc796c14721a","messageTitle":"Implement ViewCommand to view specific contact details","messageBody":"","fileTypesAndContributionMap":{"functional-code":{"insertions":96,"deletions":9}}},{"hash":"e3a03fb252f75ee8381eab9400e510944c817532","messageTitle":"Integrate Person Model into UI for LHS Window and RHS Window","messageBody":"","fileTypesAndContributionMap":{"functional-code":{"insertions":210,"deletions":8}}}]},{"date":"2022-03-12","commitResults":[{"hash":"dea866371aaebdef7d58fb69e49c00e10316dddd","messageTitle":"Import MarkdownView","messageBody":"","fileTypesAndContributionMap":{"functional-code":{"insertions":27,"deletions":0},"other":{"insertions":11,"deletions":0}}}]},{"date":"2022-03-14","commitResults":[{"hash":"46409056594883307563b407172470ab788c2d79","messageTitle":"Integrate MarkdownView into HelpWindow","messageBody":"","fileTypesAndContributionMap":{"functional-code":{"insertions":33,"deletions":37}}},{"hash":"d82fea1b68917a5b68b64568c2eb0d4f63d4a8d7","messageTitle":"Fix coding style for imports","messageBody":"","fileTypesAndContributionMap":{"functional-code":{"insertions":11,"deletions":1}}},{"hash":"0bd3d42c49225492b9fe532d7cc05f6316dece14","messageTitle":"Fix bugs for errors in ModelStub","messageBody":"","fileTypesAndContributionMap":{"test-code":{"insertions":15,"deletions":0}}},{"hash":"61b2aaeb6493f8f8ed0ac2875ad41070442d2f75","messageTitle":"Fix checkstyle","messageBody":"","fileTypesAndContributionMap":{"functional-code":{"insertions":4,"deletions":7}}}]},{"date":"2022-03-16","commitResults":[{"hash":"c8fd0ba274b681b005f486121fb905690b8d0b7b","messageTitle":"fix bug such that HelpWindow now displays UserGuide.md","messageBody":"","fileTypesAndContributionMap":{"functional-code":{"insertions":4,"deletions":1},"docs":{"insertions":8,"deletions":10}}},{"hash":"029a7e4c835eccfb4edcc840a09570d235d65879","messageTitle":"Update the view command and help command in UserGuide","messageBody":"","fileTypesAndContributionMap":{"docs":{"insertions":20,"deletions":11}}},{"hash":"f4d9eeb2f9ea50d7d73d3634ab9acc42b474f4d0","messageTitle":"Fix checkstyle","messageBody":"","fileTypesAndContributionMap":{"functional-code":{"insertions":12,"deletions":20}}}]},{"date":"2022-03-18","commitResults":[{"hash":"921181e32addd6d366fa177edb57f087d99396c1","messageTitle":"Split HelpGuide from UserGuide for HelpWindow","messageBody":"","fileTypesAndContributionMap":{"docs":{"insertions":169,"deletions":1}}},{"hash":"97a3468fc2a163e08f45466d0713ca549679ff20","messageTitle":"Edit javadocs comments","messageBody":"","fileTypesAndContributionMap":{"functional-code":{"insertions":13,"deletions":11}}},{"hash":"b5f5fb108a27da496c111d7141516fe06af8f22e","messageTitle":"Fix trailing whitespace","messageBody":"","fileTypesAndContributionMap":{"docs":{"insertions":36,"deletions":37}}}]},{"date":"2022-03-23","commitResults":[{"hash":"9cff80e3659f8458751da05b2d989c620fa0c2bb","messageTitle":"Make Social Media addable and deletable now","messageBody":"","fileTypesAndContributionMap":{"functional-code":{"insertions":4,"deletions":0}}},{"hash":"833adc94611a1753596c6f12a36b92f350395527","messageTitle":"Make SocialMedia addable and deletable v2","messageBody":"","fileTypesAndContributionMap":{"functional-code":{"insertions":194,"deletions":6}}},{"hash":"7387a0ecb50ec20657d74b057b847173a10d2d9f","messageTitle":"Make Email and Phone optional fields","messageBody":"","fileTypesAndContributionMap":{"functional-code":{"insertions":5,"deletions":5}}},{"hash":"6c8f83e7f0a68382ff70a9fdc1bf75ca154b307c","messageTitle":"Update AddCommandParserTest","messageBody":"","fileTypesAndContributionMap":{"test-code":{"insertions":4,"deletions":4}}}]},{"date":"2022-03-24","commitResults":[{"hash":"a701fa13eede3a386fdb5831b6ffbd29967bf20c","messageTitle":"Create Tag UI classes to support the display of global Tags in MainWindow","messageBody":"","fileTypesAndContributionMap":{"functional-code":{"insertions":34,"deletions":0}}},{"hash":"772cd34378eb60389a1b87011b01f2f138ef4cc1","messageTitle":"Refactor code to support the display of global tags in UI - incomplete","messageBody":"","fileTypesAndContributionMap":{"functional-code":{"insertions":588,"deletions":28}}}]},{"date":"2022-03-25","commitResults":[{"hash":"e5e7bd363d229381ef8a8bdb2519e16c2f2eab64","messageTitle":"Changed JSON file to include a list of tags","messageBody":"","fileTypesAndContributionMap":{"functional-code":{"insertions":28,"deletions":17}}},{"hash":"05c3509b1e2ade57ae6a284f091b6181c4c3fd4c","messageTitle":"Update DG to include the View Contact use case","messageBody":"","fileTypesAndContributionMap":{"docs":{"insertions":13,"deletions":0}}}]},{"date":"2022-03-28","commitResults":[{"hash":"a20604beb966182d5e9d8c2d8cbb8e1946b5cde8","messageTitle":"Add newline in EOF","messageBody":"","fileTypesAndContributionMap":{"functional-code":{"insertions":1,"deletions":1}}},{"hash":"834db6c529d9d0002eafd2f4b9e76b2a9b7f5fc3","messageTitle":"merge branch from master and solve CI issues","messageBody":"","fileTypesAndContributionMap":{"functional-code":{"insertions":2,"deletions":2}}},{"hash":"b0347914195d54f097c767f0da53d2ee81f29ac5","messageTitle":"Fix checkstyle","messageBody":"","fileTypesAndContributionMap":{"functional-code":{"insertions":3,"deletions":4}}}]},{"date":"2022-03-30","commitResults":[{"hash":"2ef40bab5046d74d0dc346b850537f7736d7d53e","messageTitle":"Create tag panel to display tag list","messageBody":"","fileTypesAndContributionMap":{"functional-code":{"insertions":38,"deletions":42}}},{"hash":"b2414244f12b95636e291e9af818b9dc1987c5c8","messageTitle":"Add and Delete Tag without including Person","messageBody":"","fileTypesAndContributionMap":{"functional-code":{"insertions":163,"deletions":1}}},{"hash":"a517dfed1c077f65359ea8f9bf6e01b4d5521fcb","messageTitle":"Fix bugs on duplicate tags and clean documentation","messageBody":"","fileTypesAndContributionMap":{"functional-code":{"insertions":11,"deletions":9}}},{"hash":"5f74d3f7827aef4e483fdf8c53d8ad8c84dc7152","messageTitle":"Fix checkstyle and trailling whitespace","messageBody":"","fileTypesAndContributionMap":{"functional-code":{"insertions":13,"deletions":17},"docs":{"insertions":26,"deletions":26},"test-code":{"insertions":42,"deletions":0}}},{"hash":"3354257c2e73a4f826446adb4c74a829be21df61","messageTitle":"Fix whitespace 2","messageBody":"","fileTypesAndContributionMap":{"functional-code":{"insertions":1,"deletions":1},"docs":{"insertions":4,"deletions":4}}},{"hash":"544472ead02ed918b3911505b9a5ce25410bb485","messageTitle":"Commented out JsonSerializableAddressBookTest to circumvent CI temporarily","messageBody":"","fileTypesAndContributionMap":{"test-code":{"insertions":8,"deletions":12}}},{"hash":"4c51723a28593be224a6be3e163e8b9b8a146070","messageTitle":"Readd a few lines of code that was accidentally deleted during merging","messageBody":"","fileTypesAndContributionMap":{"functional-code":{"insertions":9,"deletions":0}}}]},{"date":"2022-03-31","commitResults":[{"hash":"411c8a4da8290717c1cd000937b77c8551a347db","messageTitle":"Integrate tag addition and deletion to Meetings","messageBody":"","fileTypesAndContributionMap":{"functional-code":{"insertions":77,"deletions":10}}},{"hash":"975ac80e8eb74d78b98fe64175a533b49ef4f9c7","messageTitle":"Fix checkstyle","messageBody":"","fileTypesAndContributionMap":{"functional-code":{"insertions":5,"deletions":4}}},{"hash":"48cf3e004daff34e84b49b3d7206698c44e94774","messageTitle":"Update HelpGuide","messageBody":"","fileTypesAndContributionMap":{"docs":{"insertions":233,"deletions":72}}}]}],"zihaowrez":[{"date":"2022-02-25","commitResults":[{"hash":"6c128d6399186f34afc875f4b214a21970d87ebf","messageTitle":"Add \"search\" feature to UG","messageBody":"","fileTypesAndContributionMap":{"docs":{"insertions":8,"deletions":185}}},{"hash":"2ea7e4100a600336c6c580c213aa7116654d08f6","messageTitle":"Update UserGuide.md","messageBody":"","fileTypesAndContributionMap":{"docs":{"insertions":1,"deletions":1}}},{"hash":"f26ebd8de8a03a254e5808c7abb438e53bcfafa5","messageTitle":"Update UserGuide.md","messageBody":"","fileTypesAndContributionMap":{"docs":{"insertions":61,"deletions":7}}},{"hash":"609f535d7d5b29de5e08efb180d1790a05dca0a0","messageTitle":"Update UserGuide.md","messageBody":"","fileTypesAndContributionMap":{"docs":{"insertions":111,"deletions":29}}},{"hash":"6746cf30a427860119822cfd1d03a4787272494f","messageTitle":"Update UserGuide.md","messageBody":"","fileTypesAndContributionMap":{"docs":{"insertions":2,"deletions":2}}},{"hash":"1db8b7618c2d81a6ac1d7455d74958d5f7ec0d28","messageTitle":"Update UserGuide.md","messageBody":"","fileTypesAndContributionMap":{"docs":{"insertions":34,"deletions":4}}},{"hash":"be2fee40e29be1e50ea5530db1f43504c79d0acf","messageTitle":"Update UserGuide.md","messageBody":"","fileTypesAndContributionMap":{"docs":{"insertions":3,"deletions":4}}},{"hash":"7fcbaaa71ab67e7e0788669c0d0946e63a15c127","messageTitle":"Update UserGuide.md","messageBody":"","fileTypesAndContributionMap":{"docs":{"insertions":2,"deletions":2}}}]},{"date":"2022-03-02","commitResults":[{"hash":"358c215ee377c4c08b1269931e1bdfb7478f8949","messageTitle":"Add skeletal PPP for zihaowrez","messageBody":"","fileTypesAndContributionMap":{"docs":{"insertions":6,"deletions":5}}}]},{"date":"2022-03-10","commitResults":[{"hash":"23c4fa47f611a3e6b79ebf65137523a07d514739","messageTitle":"Update the \"find\" command so that keywords are matched to both names and tags","messageBody":"","fileTypesAndContributionMap":{"functional-code":{"insertions":41,"deletions":31},"other":{"insertions":10,"deletions":10}}},{"hash":"a37ba303c779073e1a4aa0e2c27db0b0276d3d8f","messageTitle":"Update the \"find\" command so that keywords are compared to both names and tags","messageBody":"","fileTypesAndContributionMap":{"functional-code":{"insertions":8,"deletions":8},"test-code":{"insertions":53,"deletions":18}}},{"hash":"47be5b988b994ccc5ec5db58f8647ddac7756841","messageTitle":"Update the \"find\" command so that incomplete keywords can also match","messageBody":"","fileTypesAndContributionMap":{"functional-code":{"insertions":2,"deletions":2},"test-code":{"insertions":8,"deletions":0}}}]},{"date":"2022-03-12","commitResults":[{"hash":"7b9550e85eff8d0f2a858bd963527044fc7467d6","messageTitle":"Update the \"find\" command so that any personal info will be compared with the keyword","messageBody":"","fileTypesAndContributionMap":{"functional-code":{"insertions":21,"deletions":0},"test-code":{"insertions":72,"deletions":44}}},{"hash":"64b2661a7006627191f509b9d0867a0192337098","messageTitle":"Display the most recently added person at the top","messageBody":"","fileTypesAndContributionMap":{"functional-code":{"insertions":2,"deletions":3}}}]},{"date":"2022-03-13","commitResults":[{"hash":"4dfafb752acbb83a21ec8d15c6abf9054668e3f9","messageTitle":"Fix bug - Persons are added to the tail of list when read from storage","messageBody":"","fileTypesAndContributionMap":{"functional-code":{"insertions":12,"deletions":8}}},{"hash":"f322943a157621edd1c0f6b2d356a0719f3f37f4","messageTitle":"Add and update test to include list sequence","messageBody":"","fileTypesAndContributionMap":{"test-code":{"insertions":36,"deletions":24}}},{"hash":"6ffaebd250d46dd40713b2d48b947c10bd9f659a","messageTitle":"Add javadoc to the modified method","messageBody":"","fileTypesAndContributionMap":{"functional-code":{"insertions":1,"deletions":0}}},{"hash":"9433540c82cab08daeed9895b308759b8311d17a","messageTitle":"Modify javadoc for the modified method","messageBody":"","fileTypesAndContributionMap":{"functional-code":{"insertions":2,"deletions":1}}},{"hash":"f60cf10418ed9316129c4f6d2cff189437e74a6b","messageTitle":"Remove unused import","messageBody":"","fileTypesAndContributionMap":{"functional-code":{"insertions":0,"deletions":1}}},{"hash":"667d43ca9872f730c3126c4dbc216b73662561b2","messageTitle":"Remove unused import","messageBody":"","fileTypesAndContributionMap":{"functional-code":{"insertions":0,"deletions":1}}},{"hash":"c157674cdd9899e024172f72cde708a644755a84","messageTitle":"Modify import orders and line lengths to pass CI","messageBody":"","fileTypesAndContributionMap":{"test-code":{"insertions":18,"deletions":10}}},{"hash":"b8a291ef70d017e70c8c6e4d8b151989e56b2775","messageTitle":"Update the \"delete\" method so that contacts can be deleted by name","messageBody":"","fileTypesAndContributionMap":{"functional-code":{"insertions":116,"deletions":31}}},{"hash":"23370762a61278e09a68306e2f2bf6831ea1b844","messageTitle":"Add tests for the \"delete\" command by name","messageBody":"","fileTypesAndContributionMap":{"functional-code":{"insertions":3,"deletions":4},"test-code":{"insertions":74,"deletions":20}}},{"hash":"5bdddf3ebc81ab7028ac277ac4c2b18d65b902c4","messageTitle":"Remove unused imports","messageBody":"","fileTypesAndContributionMap":{"functional-code":{"insertions":0,"deletions":9}}},{"hash":"37b5c9fa37dfe4019bb57621179a2471d86a2a28","messageTitle":"Fix checkstyle","messageBody":"","fileTypesAndContributionMap":{"test-code":{"insertions":11,"deletions":3}}}]},{"date":"2022-03-14","commitResults":[{"hash":"fb6c0cdbdc9e24d8e259e820068658f2eafb198f","messageTitle":"Abstract out the comparison of keywords with each field of a person in the PersonContainsKeywordsPredicate class","messageBody":"","fileTypesAndContributionMap":{"functional-code":{"insertions":24,"deletions":12}}}]},{"date":"2022-03-16","commitResults":[{"hash":"b86d41a27a0ad8bb7f5dd6d7c2391a8c9983fa05","messageTitle":"Update UserGuide.md","messageBody":"","fileTypesAndContributionMap":{"docs":{"insertions":16,"deletions":9}}},{"hash":"1299098431ef7b429904005b5660e161115097a5","messageTitle":"Update UserGuide.md","messageBody":"","fileTypesAndContributionMap":{"docs":{"insertions":20,"deletions":22}}}]},{"date":"2022-03-17","commitResults":[{"hash":"e339608b24f16a8257764e65134b6026712abb44","messageTitle":"Add padding and free sizing to HelpWindow","messageBody":"","fileTypesAndContributionMap":{"functional-code":{"insertions":24,"deletions":42}}}]},{"date":"2022-03-18","commitResults":[{"hash":"eb1b19281866ff341063891699e784947cc1c20a","messageTitle":"Recover missing line 45","messageBody":"","fileTypesAndContributionMap":{"functional-code":{"insertions":1,"deletions":1}}},{"hash":"1c476239d6196ae674628e4dca68fe0c4b537f85","messageTitle":"Rename USERGUIDE_PATH to userGuidePath","messageBody":"","fileTypesAndContributionMap":{"functional-code":{"insertions":2,"deletions":2}}},{"hash":"39290f522e078d5b8971841cf7e70229445da77f","messageTitle":"Fix grammatical error","messageBody":"","fileTypesAndContributionMap":{"functional-code":{"insertions":1,"deletions":3}}},{"hash":"7466631278ccd469f3b6efab577b9461351d7787","messageTitle":"Remove unused imports","messageBody":"","fileTypesAndContributionMap":{"functional-code":{"insertions":0,"deletions":2}}},{"hash":"dfbd1fe7866087310bd5dea6efd263868ecd5efd","messageTitle":"Make \"Help\" clickable on menubar; remove println","messageBody":"","fileTypesAndContributionMap":{"functional-code":{"insertions":41,"deletions":4}}},{"hash":"916ec25ec3e029ec478e7473a3681409ea9464e2","messageTitle":"Update UserGuide.md","messageBody":"","fileTypesAndContributionMap":{"docs":{"insertions":45,"deletions":55}}},{"hash":"12eb2fc678e436ad3169b9111d6f296e3f191633","messageTitle":"Update UserGuide.md","messageBody":"","fileTypesAndContributionMap":{"docs":{"insertions":8,"deletions":12}}},{"hash":"4300b27d248809ea2f2f1bde55968f4600ca0be9","messageTitle":"Update UserGuide.md","messageBody":"","fileTypesAndContributionMap":{"docs":{"insertions":6,"deletions":0}}},{"hash":"7594a4583ac977fdac2de604c0965459739acd8b","messageTitle":"Change Window title to \"uMessage\"","messageBody":"","fileTypesAndContributionMap":{"functional-code":{"insertions":1,"deletions":1}}}]},{"date":"2022-03-20","commitResults":[{"hash":"2d9b82bb62a55b11620866e044334bdf59f0d8f3","messageTitle":"Change list of contacts to alphabetical order","messageBody":"","fileTypesAndContributionMap":{"functional-code":{"insertions":9,"deletions":12},"test-code":{"insertions":26,"deletions":26}}},{"hash":"bb4fbd3673f0fd8066d18aa7ca475d5327787787","messageTitle":"Sort filtered contacts according to how many keywords matched (halfway)","messageBody":"","fileTypesAndContributionMap":{"functional-code":{"insertions":120,"deletions":6}}}]},{"date":"2022-03-21","commitResults":[{"hash":"5156aa665b8dae5efc0a558e6c844c05cbd1971c","messageTitle":"Ignore case when sorting; sort after edition","messageBody":"","fileTypesAndContributionMap":{"functional-code":{"insertions":2,"deletions":1}}},{"hash":"9080826f46016b858ff0d74c1e075eccb80c83f6","messageTitle":"Complete search optimisation functionality","messageBody":"","fileTypesAndContributionMap":{"functional-code":{"insertions":12,"deletions":8}}}]},{"date":"2022-03-23","commitResults":[{"hash":"3e68bc669a44653e78e6cafd6b8e0eb3de3b163c","messageTitle":"Update DeveloperGuide.md","messageBody":"","fileTypesAndContributionMap":{"docs":{"insertions":11,"deletions":30}}}]},{"date":"2022-03-24","commitResults":[{"hash":"74d4b9000ee8f33218e36433b371ed46385ad2ea","messageTitle":"Refine the implementation and add docs","messageBody":"","fileTypesAndContributionMap":{"functional-code":{"insertions":31,"deletions":14}}},{"hash":"8882042c96f58a7c01b92e574e70dc1fde36e038","messageTitle":"Add docs","messageBody":"","fileTypesAndContributionMap":{"functional-code":{"insertions":2,"deletions":2}}},{"hash":"688c1d6266e217a0aa17756e832568c7eb5c4b26","messageTitle":"Fix checkstyle","messageBody":"","fileTypesAndContributionMap":{"functional-code":{"insertions":0,"deletions":1}}},{"hash":"90cb6c311f4538518c34b07e6dfd0945cc7eeff1","messageTitle":"Fix checkstyle","messageBody":"","fileTypesAndContributionMap":{"functional-code":{"insertions":32,"deletions":6}}},{"hash":"c0a89f2978536b457a28fd1b4a98159e06caa58d","messageTitle":"Update tests","messageBody":"","fileTypesAndContributionMap":{"functional-code":{"insertions":19,"deletions":1},"test-code":{"insertions":24,"deletions":7}}},{"hash":"3a7fec2049da47f038507d7577db44d90614d7af","messageTitle":"Fix checkstyle","messageBody":"","fileTypesAndContributionMap":{"test-code":{"insertions":0,"deletions":1}}},{"hash":"39e11c8bb7fffc81365c6ea77e71862719fdf2a4","messageTitle":"Remove unused functions","messageBody":"","fileTypesAndContributionMap":{"functional-code":{"insertions":1,"deletions":20}}}]},{"date":"2022-03-25","commitResults":[{"hash":"28d86fbd55021c2d34e584106f369e7cb91ae145","messageTitle":"Implement sorting by wrapping filteredPersons in a SortedList; remove unused functions","messageBody":"","fileTypesAndContributionMap":{"functional-code":{"insertions":5,"deletions":20}}},{"hash":"79176e757ae7644dcdd077fc9348f09f562057af","messageTitle":"Enforce checkstyle","messageBody":"","fileTypesAndContributionMap":{"functional-code":{"insertions":0,"deletions":8}}},{"hash":"ddb4b7832c8c5fbe7a001db2a68a5ab890ced52e","messageTitle":"Rename `sortedList` to `sortedAndFilteredList`","messageBody":"","fileTypesAndContributionMap":{"functional-code":{"insertions":15,"deletions":15},"docs":{"insertions":1,"deletions":1},"test-code":{"insertions":25,"deletions":25}}},{"hash":"4cb91a611d993b007ccc2a0f4b77d9a4778dfb78","messageTitle":"Rename `sortedList` to `sortedAndFilteredList`","messageBody":"","fileTypesAndContributionMap":{"functional-code":{"insertions":18,"deletions":18},"docs":{"insertions":1,"deletions":1},"test-code":{"insertions":28,"deletions":28}}},{"hash":"3c54d164fe2d79fa25a3af2a06a4cb0a8d323af1","messageTitle":"Enforce checkstyle","messageBody":"","fileTypesAndContributionMap":{"test-code":{"insertions":2,"deletions":1}}},{"hash":"220eed5885d7f1720ea86efbbf8042cb932abeb9","messageTitle":"Enforce checkstyle","messageBody":"","fileTypesAndContributionMap":{"test-code":{"insertions":2,"deletions":2}}},{"hash":"236dd2bca34f0558756f3a94389b47dc822669f7","messageTitle":"Update DeveloperGuide.md","messageBody":"","fileTypesAndContributionMap":{"docs":{"insertions":2,"deletions":2}}},{"hash":"82d6d54db15c7835fa440478efea4c52ba2e0ecb","messageTitle":"Update DeveloperGuide.md","messageBody":"","fileTypesAndContributionMap":{"docs":{"insertions":4,"deletions":0}}}]},{"date":"2022-03-28","commitResults":[{"hash":"5cd7faccba3f343fba6ee78074b46fd364f01404","messageTitle":"Add components under the Meetings Tab","messageBody":"","fileTypesAndContributionMap":{"functional-code":{"insertions":139,"deletions":40}}},{"hash":"83142715903f1fffd02239748f6968929d9a0f47","messageTitle":"Complete GUI for meetings","messageBody":"","fileTypesAndContributionMap":{"functional-code":{"insertions":960,"deletions":311},"other":{"insertions":67,"deletions":67},"test-code":{"insertions":13,"deletions":13}}},{"hash":"dc179e55704aabd0488318573c5cf827e261556e","messageTitle":"Implement constraints for meeting Duration","messageBody":"","fileTypesAndContributionMap":{"functional-code":{"insertions":115,"deletions":164}}},{"hash":"9c57150c7473b916cf246eb451e427b92422fcf1","messageTitle":"Add constraint: a meeting in the past cannot be added","messageBody":"","fileTypesAndContributionMap":{"functional-code":{"insertions":7,"deletions":0}}}]},{"date":"2022-03-30","commitResults":[{"hash":"98f0c66c14fc7098a830dd53fd5f2861317972e4","messageTitle":"Display HelpGuide under Help Tab","messageBody":"","fileTypesAndContributionMap":{"functional-code":{"insertions":67,"deletions":31}}},{"hash":"6b49fccf2978637bac5c332233656431ca089654","messageTitle":"Modify Meetings Tab to single panel","messageBody":"","fileTypesAndContributionMap":{"functional-code":{"insertions":67,"deletions":397}}}]},{"date":"2022-03-31","commitResults":[{"hash":"d078d7d123d9041024141e96d450fa51f1a64ee4","messageTitle":"Update UserGuide.md","messageBody":"","fileTypesAndContributionMap":{"docs":{"insertions":160,"deletions":182}}},{"hash":"917521dead0ebf8351820fc83bf19d64da64df0a","messageTitle":"Update UserGuide.md","messageBody":"","fileTypesAndContributionMap":{"docs":{"insertions":14,"deletions":8}}},{"hash":"ebabe3f29fc6170e79f599467170677b5c7206ee","messageTitle":"Remove horizontal scrollbar in ResultDisplay","messageBody":"","fileTypesAndContributionMap":{"functional-code":{"insertions":1,"deletions":0}}}]},{"date":"2022-04-01","commitResults":[{"hash":"df47214bd01f7ab32f781349d57f518ab1142b63","messageTitle":"Update index.md","messageBody":"","fileTypesAndContributionMap":{"docs":{"insertions":7,"deletions":7}}}]},{"date":"2022-04-02","commitResults":[{"hash":"e7fe120c4259624334513095223e26aa52cf3722","messageTitle":"Ensure that Contact list is always alphabetical except for searching","messageBody":"","fileTypesAndContributionMap":{"functional-code":{"insertions":7,"deletions":4}}},{"hash":"af41532260f8889227c5ebb34755f926e992470b","messageTitle":"Enforce checkstyle","messageBody":"","fileTypesAndContributionMap":{"functional-code":{"insertions":2,"deletions":3}}},{"hash":"99b9c5ab7e5a8e297295614cef6d8a53638f966e","messageTitle":"Modify tests for alphabetical order","messageBody":"","fileTypesAndContributionMap":{"test-code":{"insertions":13,"deletions":4}}},{"hash":"f6da780252a7b468e08bf1e2568f39f83172b39a","messageTitle":"Claim DG use cases written by me","messageBody":"","fileTypesAndContributionMap":{"docs":{"insertions":3,"deletions":1}}}]}],"reignnz":[{"date":"2022-02-25","commitResults":[{"hash":"21fa327875f8acfd1a87eb1ecfecb7eb06e3dcbb","messageTitle":"Update Non-Functional Requirements","messageBody":"","fileTypesAndContributionMap":{"docs":{"insertions":12,"deletions":4}}},{"hash":"3f10a33741bec9dd13252e62f0065cb5eaffc610","messageTitle":"Update Use Cases","messageBody":"","fileTypesAndContributionMap":{"docs":{"insertions":47,"deletions":12}}}]},{"date":"2022-03-01","commitResults":[{"hash":"d4b2b4f03c3d156486afd6bc0096324d8c0e9a13","messageTitle":"Create PPP Skeleton","messageBody":"","fileTypesAndContributionMap":{"docs":{"insertions":28,"deletions":50}}},{"hash":"b593b7a5febe4ce6bc2a1d040056b3ea8e1e3e0f","messageTitle":"Update PPP Skeleton","messageBody":"","fileTypesAndContributionMap":{"docs":{"insertions":15,"deletions":6}}}]},{"date":"2022-03-10","commitResults":[{"hash":"79f813ecd6d68211ac31b2700f68cbd1bc349381","messageTitle":"Create functionality for dynamic text field input","messageBody":"","fileTypesAndContributionMap":{"functional-code":{"insertions":68,"deletions":27}}}]},{"date":"2022-03-11","commitResults":[{"hash":"e49ac4df5b7a698be23f363509653b6d47bace16","messageTitle":"Refactor conditional check for Dynamic text field","messageBody":"","fileTypesAndContributionMap":{"functional-code":{"insertions":14,"deletions":4}}}]},{"date":"2022-03-14","commitResults":[{"hash":"1b9bfcb0feecad061ce6ad53b2dd4e0ba860427d","messageTitle":"Update Dynamic Input Text Logic to exclude logger","messageBody":"","fileTypesAndContributionMap":{"functional-code":{"insertions":38,"deletions":15},"test-code":{"insertions":21,"deletions":14}}}]},{"date":"2022-03-15","commitResults":[{"hash":"02ba2fd13618016b4db63fed9dce8891d1ac3244","messageTitle":"Update JUnit Test Cases","messageBody":"","fileTypesAndContributionMap":{"functional-code":{"insertions":3,"deletions":2},"test-code":{"insertions":34,"deletions":29}}},{"hash":"7a88171c8840a31f99644b46fa551792d622ba42","messageTitle":"Fix code quality - check style","messageBody":"","fileTypesAndContributionMap":{"functional-code":{"insertions":23,"deletions":25}}},{"hash":"77cb9938b9bed044ac1f6a39f769906fbb973c96","messageTitle":"Update display success after user inputs enter","messageBody":"","fileTypesAndContributionMap":{"functional-code":{"insertions":10,"deletions":5}}}]},{"date":"2022-03-16","commitResults":[{"hash":"5b0fd43594c74d38e73a1553a2a1dc46cf368a38","messageTitle":"Update Dynamic Text Field to execute find whenever a user enters a command that is not in the list","messageBody":"","fileTypesAndContributionMap":{"functional-code":{"insertions":4,"deletions":4}}},{"hash":"b88d7b9b29065472c6ab344dec5081780c93a65c","messageTitle":"Enforce Checkstyle","messageBody":"","fileTypesAndContributionMap":{"docs":{"insertions":125,"deletions":64}}},{"hash":"3a7ec4e8cb6c13fddccd0b3271da3477e4e5bd87","messageTitle":"Enforce check style","messageBody":"","fileTypesAndContributionMap":{"docs":{"insertions":1,"deletions":1}}},{"hash":"12fd78341577ebb4c33cc4d566eca63079d1dd13","messageTitle":"Enforce check style","messageBody":"","fileTypesAndContributionMap":{"docs":{"insertions":25,"deletions":25}}},{"hash":"4d92811346bc82875da247eb5a32b73cae2e08ec","messageTitle":"Enforce check style","messageBody":"","fileTypesAndContributionMap":{"docs":{"insertions":20,"deletions":20}}},{"hash":"52c765b66c2714178449f50e6e2d37008fa04649","messageTitle":"Enforce check style","messageBody":"","fileTypesAndContributionMap":{"docs":{"insertions":1,"deletions":1}}},{"hash":"fbdaa2ddf6f54231db291cb65d8a44dd6a0d52b6","messageTitle":"Enforce check style","messageBody":"","fileTypesAndContributionMap":{"docs":{"insertions":1,"deletions":1}}},{"hash":"83a82464d0248496d21aa3f8354e6f18a75c8ea8","messageTitle":"Enforce checkstyle","messageBody":"","fileTypesAndContributionMap":{"docs":{"insertions":2,"deletions":2}}},{"hash":"deaf5b0a3246942570ec44c404be98e2cd3fd4e8","messageTitle":"Enforce check style","messageBody":"","fileTypesAndContributionMap":{"functional-code":{"insertions":1,"deletions":1}}},{"hash":"26a455cd206c9ced3deeb84712fb3ad5f2178ae5","messageTitle":"Remove unused imports","messageBody":"","fileTypesAndContributionMap":{"functional-code":{"insertions":0,"deletions":1}}},{"hash":"56b8f95b3b6363d4ef8b70bec8e31b59d2b984b3","messageTitle":"Update Test Cases","messageBody":"","fileTypesAndContributionMap":{"test-code":{"insertions":2,"deletions":2}}},{"hash":"e803dbbf0427d5f7413e632ef37478af775db363","messageTitle":"Update Test Cases","messageBody":"","fileTypesAndContributionMap":{"test-code":{"insertions":2,"deletions":16}}},{"hash":"583c3083fc0977f3450db280cecabc17255cbe2e","messageTitle":"Enforce checkstyle","messageBody":"","fileTypesAndContributionMap":{"docs":{"insertions":8,"deletions":8},"test-code":{"insertions":2,"deletions":2}}},{"hash":"f463fdeb1c8a04651fd425d13954227faa8622d5","messageTitle":"Enforce check style","messageBody":"","fileTypesAndContributionMap":{"docs":{"insertions":2,"deletions":2}}},{"hash":"db7ec69883428dc91749b3b3d9340d158c39f145","messageTitle":"Remove unused imports","messageBody":"","fileTypesAndContributionMap":{"test-code":{"insertions":0,"deletions":2}}},{"hash":"7d55f6a93c139eeb2c3379569773f281287d830b","messageTitle":"Update dynamic text input to include view as a valid command","messageBody":"","fileTypesAndContributionMap":{"functional-code":{"insertions":2,"deletions":2}}}]},{"date":"2022-03-18","commitResults":[{"hash":"da0a681e53588ba702084105f46a1d0b8a2d21e9","messageTitle":"Update dependencies","messageBody":"","fileTypesAndContributionMap":{"other":{"insertions":3,"deletions":0}}},{"hash":"9fd6e27404bc2291a86898855f3b4ae20a1bcafb","messageTitle":"Remove dependencies","messageBody":"","fileTypesAndContributionMap":{"functional-code":{"insertions":1,"deletions":0},"other":{"insertions":0,"deletions":3}}}]},{"date":"2022-03-23","commitResults":[{"hash":"1e756ddc7b82c20cee37a48f5ffea2f7cf8eb76e","messageTitle":"Add logic for Meetings Tab","messageBody":"Allow users to schedule meetings into the uMessage application\n\nMeetingsTab support addition, deletion and editing of meetings.\n","fileTypesAndContributionMap":{"functional-code":{"insertions":2189,"deletions":20}}},{"hash":"dffaec7fed40b6acbdbcc33a4562d4e6ec91804d","messageTitle":"Fix bugs for commands in meetingsTab","messageBody":"Displays a more comprehensive message when user enters a command\nDisplays the correct errors when a user inputs the incorrect syntax\n","fileTypesAndContributionMap":{"functional-code":{"insertions":94,"deletions":43}}}]},{"date":"2022-03-25","commitResults":[{"hash":"e5a737761afbc91b11a4092fed91648d873e6092","messageTitle":"Update tests to accommodate new Meetings Tab","messageBody":"","fileTypesAndContributionMap":{"test-code":{"insertions":268,"deletions":31}}},{"hash":"a82e303a9bad61ba4236eeab4b9c2628e86812e4","messageTitle":"Update Developer Guide to include Implementation of Dynamic Text Field","messageBody":"","fileTypesAndContributionMap":{"docs":{"insertions":18,"deletions":0}}},{"hash":"12cf4a0bd56e2e2fee53296a63fc9595097a46d3","messageTitle":"Update Developer Guide - Dynamic Text Field","messageBody":"","fileTypesAndContributionMap":{"docs":{"insertions":5,"deletions":0}}},{"hash":"1be93a92c199a20e78676b1f8ead818766e8f359","messageTitle":"Include assertions to check for correctness of dynamically inputted commands","messageBody":"","fileTypesAndContributionMap":{"functional-code":{"insertions":4,"deletions":0}}},{"hash":"629266bedeb77e3f4b247342a78f8b8cc3dba4f5","messageTitle":"Remove assertions","messageBody":"","fileTypesAndContributionMap":{"functional-code":{"insertions":0,"deletions":4}}},{"hash":"8d63b1c4382fdca92515e4295f00bf964d095e24","messageTitle":"Include assertions to check for the correctness of dynamically inputted commands","messageBody":"","fileTypesAndContributionMap":{"functional-code":{"insertions":3,"deletions":0}}},{"hash":"7808140659241f3727ee21ff2ebdb349c0283a36","messageTitle":"Add PUML diagram for Dynamic Input Text Implementation","messageBody":"","fileTypesAndContributionMap":{"docs":{"insertions":50,"deletions":0}}},{"hash":"0b95792e6effe573498637130413deb0617ff2a4","messageTitle":"Update Developer Guide and fix bugs in PUML Diagram","messageBody":"","fileTypesAndContributionMap":{"docs":{"insertions":3,"deletions":3}}},{"hash":"b96e9116c168796c12f895aca894a33093393631","messageTitle":"Refactor PUML Diagram","messageBody":"","fileTypesAndContributionMap":{"docs":{"insertions":10,"deletions":16}}},{"hash":"73b5a09155dc7c7c194136b28017b8c60d97d850","messageTitle":"Update Developer Guide","messageBody":"","fileTypesAndContributionMap":{"docs":{"insertions":2,"deletions":2}}}]},{"date":"2022-03-29","commitResults":[{"hash":"f29f06c62783a43bfc5dd7d17ecf034207fe6504","messageTitle":"Fix the Meeting model to provide more comprehensive checks on same meetings","messageBody":"","fileTypesAndContributionMap":{"functional-code":{"insertions":14,"deletions":2}}},{"hash":"3e8c2a4f5bbe0365ea595aade0aa0a05e52662e0","messageTitle":"Improve testing for Meetings","messageBody":"","fileTypesAndContributionMap":{"test-code":{"insertions":92,"deletions":18}}}]},{"date":"2022-03-30","commitResults":[{"hash":"54adfa42853d9061d433fe252169811ab647203e","messageTitle":"Refactor MeetingsTab to become MeetingsBook","messageBody":"","fileTypesAndContributionMap":{"functional-code":{"insertions":220,"deletions":148},"other":{"insertions":56,"deletions":56}}},{"hash":"a0c08027e26844181d7f33e2bc3265a5e808ce6f","messageTitle":"Update sorting and filtering of meetings list","messageBody":"","fileTypesAndContributionMap":{"functional-code":{"insertions":285,"deletions":36},"docs":{"insertions":1,"deletions":1}}},{"hash":"754d6330ff060ed2047b97859ae07fae56070e17","messageTitle":"Refactor MeetingsBook commands","messageBody":"","fileTypesAndContributionMap":{"functional-code":{"insertions":384,"deletions":261},"other":{"insertions":11,"deletions":11}}},{"hash":"2b3d8ec16b1779aeba389b6ee90af923fd9a07b8","messageTitle":"Update MeetingsBook user interface","messageBody":"","fileTypesAndContributionMap":{"functional-code":{"insertions":489,"deletions":42}}},{"hash":"9931742a9215a59bb03969f0623961b4d05ae487","messageTitle":"Add test cases for MeetingsBook","messageBody":"","fileTypesAndContributionMap":{"test-code":{"insertions":1174,"deletions":151}}},{"hash":"2e6c5cd60c4bc94dd595bea7037bf7d396916b44","messageTitle":"Fix Bugs for MeetingsBook","messageBody":"","fileTypesAndContributionMap":{"functional-code":{"insertions":3,"deletions":4}}},{"hash":"232425bced840e3706aa8b33e89853301392aac2","messageTitle":"Update Test Cases for Meetings","messageBody":"","fileTypesAndContributionMap":{"test-code":{"insertions":31,"deletions":20}}}]},{"date":"2022-03-31","commitResults":[{"hash":"e7002f82d84395467040bdec164c0b3833530831","messageTitle":"Refactor Meetings Book to view the earliest upcoming meetings at the top","messageBody":"","fileTypesAndContributionMap":{"functional-code":{"insertions":33,"deletions":21}}},{"hash":"cf2380366082b14b7a978bd39074c64ef240531e","messageTitle":"Merge branch \u0027master\u0027 of https://github.com/AY2122S2-CS2103-W16-2/tp into Feature-MeetingsLogic","messageBody":"","fileTypesAndContributionMap":{"functional-code":{"insertions":675,"deletions":187}}},{"hash":"1cc2d7f89f64e2025b529c9c91bb07c7cdfdc210","messageTitle":"Update UI for Meetings Book","messageBody":"","fileTypesAndContributionMap":{"functional-code":{"insertions":36,"deletions":188}}},{"hash":"7be402a471d02a0948b733cbd2a596964350ee2b","messageTitle":"Refactor Help Window to accommodate the changes made in the Meetings Tab addition","messageBody":"","fileTypesAndContributionMap":{"functional-code":{"insertions":40,"deletions":129}}},{"hash":"b9ddbaa885dcf5007f35794ee799642244ea9f7c","messageTitle":"Enforce Checkstyle","messageBody":"","fileTypesAndContributionMap":{"functional-code":{"insertions":276,"deletions":150}}},{"hash":"a2e51bb93c6c61231dde10dc1c5868fb55e8f1df","messageTitle":"Update Test Cases","messageBody":"","fileTypesAndContributionMap":{"test-code":{"insertions":0,"deletions":17}}},{"hash":"9a96844871416b8f9a0e56b6f98cabb5b5ea4dd8","messageTitle":"Abstract magic strings commands from MeetingsBookParser","messageBody":"","fileTypesAndContributionMap":{"functional-code":{"insertions":11,"deletions":4}}},{"hash":"dcc9da0d973da5ef7c0fdbc91695b45a95bc7ff9","messageTitle":"Enforce checkstyle for test files","messageBody":"","fileTypesAndContributionMap":{"test-code":{"insertions":142,"deletions":62}}},{"hash":"bd1082bff304018780a1df2d412d0f51f478e28b","messageTitle":"Include Emergency Contacts as default contact list for address book","messageBody":"","fileTypesAndContributionMap":{"functional-code":{"insertions":69,"deletions":10},"test-code":{"insertions":10,"deletions":8}}},{"hash":"7aa638eab9d5fb4bf1998aacdac5bbcf156b01b9","messageTitle":"Exclude Emergency contacts from storage","messageBody":"","fileTypesAndContributionMap":{"functional-code":{"insertions":8,"deletions":1}}},{"hash":"bbb4653d302bf2525b869d960160d8183dd74321","messageTitle":"Enforce Checkstyle","messageBody":"","fileTypesAndContributionMap":{"functional-code":{"insertions":1,"deletions":3}}},{"hash":"be24ed1aeb36177e62674f55f40fcc7d4f3f2750","messageTitle":"Abstract magic strings for editing and deleting emergency contacts","messageBody":"","fileTypesAndContributionMap":{"functional-code":{"insertions":6,"deletions":2}}},{"hash":"a267e8410cd79c0fc65cf5b2402f5c73071a8dad","messageTitle":"Update Test Cases for default Emergency Contacts","messageBody":"","fileTypesAndContributionMap":{"functional-code":{"insertions":2,"deletions":2},"test-code":{"insertions":16,"deletions":6}}},{"hash":"d54c663429376b7d39b5710773a381f47c2ebb8a","messageTitle":"Remove unused assert statements","messageBody":"","fileTypesAndContributionMap":{"functional-code":{"insertions":0,"deletions":2}}},{"hash":"cdb012df36a5aac2c3009f9d91d503876f3362d4","messageTitle":"Encapsulate Emergency Contact checking in the respective commands","messageBody":"","fileTypesAndContributionMap":{"functional-code":{"insertions":17,"deletions":20}}},{"hash":"d9e14aa0b4f140fb09bbac70669518e8448b39a2","messageTitle":"Add restriction for adding and deleting tags, socials for emergency contacts","messageBody":"","fileTypesAndContributionMap":{"functional-code":{"insertions":33,"deletions":1}}},{"hash":"286ce55a923a50b19796cf0da5f9c046c2928cb6","messageTitle":"Fix buggy UI for MeetingsBook","messageBody":"","fileTypesAndContributionMap":{"functional-code":{"insertions":1,"deletions":1}}},{"hash":"da4d3d2d2d016d7b67891377520f8108438aa093","messageTitle":"Merge \u0027master\u0027 of https://github.com/AY2122S2-CS2103-W16-2 into Feature-MeetingsLogic","messageBody":"","fileTypesAndContributionMap":{"other":{"insertions":4,"deletions":0},"docs":{"insertions":187,"deletions":58}}},{"hash":"c9d0e1be05dbc80db7e129724917cdfba2b121ba","messageTitle":"Update Developer Guide indentation and whitespace","messageBody":"","fileTypesAndContributionMap":{"docs":{"insertions":17,"deletions":17}}},{"hash":"47a9773a9e5db2a160014e8f7ab27ed14e0d3221","messageTitle":"Update restrictions for tags","messageBody":"","fileTypesAndContributionMap":{"functional-code":{"insertions":19,"deletions":3}}}]}],"cheehongw":[{"date":"2022-02-25","commitResults":[{"hash":"2fd85cd7c14fe9c546e138f5465cc70123865d75","messageTitle":"Add AboutUs.md","messageBody":"See issue #26\n","fileTypesAndContributionMap":{"docs":{"insertions":23,"deletions":34}}},{"hash":"a53c4417c610fa36d1de44a225397de8c808b7b5","messageTitle":"Update Weng Qi\u0027s name","messageBody":"","fileTypesAndContributionMap":{"docs":{"insertions":1,"deletions":1}}}]},{"date":"2022-02-27","commitResults":[{"hash":"f8b5dcdcee39cb33d2e9010f1d11fcc8682d97c8","messageTitle":"Rename .jpg to .png","messageBody":"Team member photos should have the following format:\ngithub_username_in_lowercase.png\n\nCloses #2\n","fileTypesAndContributionMap":{"docs":{"insertions":4,"deletions":4}}}]},{"date":"2022-03-01","commitResults":[{"hash":"bd08bec1c17bf3295ab05fda06d73c0e6504ddfd","messageTitle":"Update product scope","messageBody":"See issue AY2122S2-CS2103-W16-2/tp#53.\n","fileTypesAndContributionMap":{"docs":{"insertions":2,"deletions":1}}},{"hash":"06d131c6c46585802889dc8e2516caefa11bd234","messageTitle":"Add skeletal PPP for cheehongw","messageBody":"See AY2122S2-CS2103-W16-2/tp#54\n","fileTypesAndContributionMap":{"docs":{"insertions":33,"deletions":0}}},{"hash":"c9404ebd12d5390ce6d084df6981fa400456f5cb","messageTitle":"Checkstyle: Fix missing newline at EOF","messageBody":"","fileTypesAndContributionMap":{"docs":{"insertions":1,"deletions":1}}}]},{"date":"2022-03-04","commitResults":[{"hash":"05e3b2fc177ad75d0e0bac695678c83b247040be","messageTitle":"Update Product Scope","messageBody":"","fileTypesAndContributionMap":{"docs":{"insertions":3,"deletions":3}}}]},{"date":"2022-03-10","commitResults":[{"hash":"e1d1f8e56c6031d7e2eb70ea3b3ecd6881ffff48","messageTitle":"Add models for SocialMedia","messageBody":"To support the addition of social media information under `Person`, we\nrequire a new model to represent the social media associated with a\nPerson.\n","fileTypesAndContributionMap":{"functional-code":{"insertions":116,"deletions":0}}},{"hash":"d6d3335f1426431e6d78f7f60c178ea5eb92c20d","messageTitle":"Update Parser and AddCommand to handle new format","messageBody":"As discussed in the updated UserGuide, uMessage will accept new contacts\nin a different format from that of AB3.\n\nIn particular, add command no longer has a need for `a/`, `p/` and `e/`\nprefixes. Additionally, the add command will accept a variable number of\n`d/` prefixes, which specifies a social media account/communication\nchannel that the person has.\n","fileTypesAndContributionMap":{"functional-code":{"insertions":71,"deletions":15}}},{"hash":"e373af2cf79d20205ffd1864b5e8d8c8b260701e","messageTitle":"Revert removal of `phone` and `email` feature","messageBody":"This reverts the removal of `phone` and `email` as these two were deemed\nessential.\n","fileTypesAndContributionMap":{"functional-code":{"insertions":14,"deletions":3}}},{"hash":"e72d9605ef8434630652a652c08d4c9ba5f8221b","messageTitle":"Update Person Model, Storage to contain `SocialMedia`","messageBody":"Person model now can contain a list of SocialMedia models. This change\nnecessitated changes in Person::new, and associated classes that depend\non Person\u0027s constructor.\n\nMorever, storage classes have been updated to store SocialMedia model.\n\nThe changes are detailed as follows:\n\n+ Update AddCommand to accept new Person constructor\n+ Update SampleDataUtil to accept new Person constructor\n+ Update JsonAdaptedPerson to accept new Person constructor\n+ Add JsonAdaptedSocialMedia to parse and store SocialMedia models\n+ Add new getters in SocialMedia, PlatformName, PlatformDescription\n\nWhat\u0027s next:\n\n- Add UI to display SocialMedia models. (see TODO comment in\nPersonCard.java)\n","fileTypesAndContributionMap":{"functional-code":{"insertions":166,"deletions":36}}},{"hash":"01ee1dc79128d3856ae55a72a2b820b591c05521","messageTitle":"Update EditCommand to match changes to Person::new","messageBody":"","fileTypesAndContributionMap":{"functional-code":{"insertions":60,"deletions":16}}},{"hash":"211c4cb1fd1b3185d72681961adc2f61e5f60480","messageTitle":"Update tests to handle changes in Person::new","messageBody":"","fileTypesAndContributionMap":{"test-code":{"insertions":259,"deletions":143}}},{"hash":"e603c44b832ff4f283dc3bdffa72ff26b786b284","messageTitle":"Fix prefix not being delimited by space.","messageBody":"Prefixes should be separated by spaces even if there are no arguments\nprovided. For example input string `p/d/` should be `p/ d/`, otherwise,\n parser has difficulty parsing input strings.\n","fileTypesAndContributionMap":{"test-code":{"insertions":2,"deletions":2}}},{"hash":"af468ee9bad0eeeef325a2bae20cebf8cf123c2e","messageTitle":"Enforce Checkstyle","messageBody":"","fileTypesAndContributionMap":{"functional-code":{"insertions":47,"deletions":29},"docs":{"insertions":2,"deletions":2},"test-code":{"insertions":30,"deletions":32}}}]},{"date":"2022-03-11","commitResults":[{"hash":"9ceaccf91018f26efc4dd91a0504f9ddde4fdd56","messageTitle":"Remove address-related comments","messageBody":"","fileTypesAndContributionMap":{"functional-code":{"insertions":2,"deletions":15},"test-code":{"insertions":9,"deletions":26}}},{"hash":"3e0ce4bf2114443a16f3d3f478aead53f6d69bac","messageTitle":"Fix SocialMedia models not being stored in JSON","messageBody":"Previously, test cases passed because Person did not set its socialMedia\nattribute in the constructor. Upon fixing said oversight, it appears\nthat SocialMedia was not properly serialized into JSON format.\n\nThis commit ensures that now SocialMedia models can be serialized, and\nalso fixes a few test cases that will fail because of the new serialized\nformat.\n","fileTypesAndContributionMap":{"functional-code":{"insertions":1,"deletions":5},"test-code":{"insertions":2,"deletions":2}}}]},{"date":"2022-03-14","commitResults":[{"hash":"1ed9d1c3da1ed6faa88329ad6d4a2d8c8a000925","messageTitle":"Fix integration bug.","messageBody":"This fixes a bug due to getplatformDescription being renamed for style.\n","fileTypesAndContributionMap":{"functional-code":{"insertions":1,"deletions":1}}}]},{"date":"2022-03-16","commitResults":[{"hash":"106db91bc80597b9da03dba3c73858fd9b464f38","messageTitle":"Refactor IndexedDeleteCommand,  NamedDeleteCommand","messageBody":"Since we will be implementing several commands that can target the list in AddressBook based on an Index or Name of Person, we should\nrefactor this targetting into a separate class.\n\nThis reduces the need to make two sets of commands whenever we wish to allow for targetting by\nboth Index and Name.\n","fileTypesAndContributionMap":{"functional-code":{"insertions":189,"deletions":95}}},{"hash":"fa248c1f1ebe5c41a4c77dc3e683e2d094779912","messageTitle":"Implement DeletePersonTagCommand","messageBody":"This adds the command to delete a person\u0027s tags.\n","fileTypesAndContributionMap":{"functional-code":{"insertions":162,"deletions":23}}},{"hash":"e3a889d7f2b6233783477a27ebc372fa10ac574a","messageTitle":"Update Tests for DeletePersonCommand","messageBody":"Previously, DeletePersonCommand was split under IndexedDeleteCommand and\nNamedDeleteCommand respectively. This 2 classes have been phased out and\nreplaced by DeletePersonCommand. The changes in the test files reflect\nthis.\n\nFurthurmore, one test case was modified. Under\n`DeleteCommandParserTest::parse_invalid_Args_throwsParseException`, an\ninvalid index format will throw a MESSAGE_INVALID_INDEX to warn the user\nthat the index provided is invalid since this is more useful than giving a\ngeneric DeleteCommand.MESSAGE_USAGE.\n","fileTypesAndContributionMap":{"functional-code":{"insertions":1,"deletions":2},"test-code":{"insertions":25,"deletions":26}}},{"hash":"6ddcf7ac4dbc7f4779c2928eaf7af323dfac31ac","messageTitle":"Checkstyle","messageBody":"","fileTypesAndContributionMap":{"functional-code":{"insertions":30,"deletions":14},"test-code":{"insertions":1,"deletions":1}}},{"hash":"3fe667cdc995866fa56353055728dcc3ba09629c","messageTitle":"Move createEditedPerson from EditCommand to EditPersonDescriptor","messageBody":"","fileTypesAndContributionMap":{"functional-code":{"insertions":17,"deletions":19}}},{"hash":"ed0723d2fcaae00f502f098dd8b31f1d3fd0a414","messageTitle":"Implement AddTagToPersonCommand","messageBody":"","fileTypesAndContributionMap":{"functional-code":{"insertions":85,"deletions":0}}},{"hash":"f92358c7e27d04d07e27a48b56701986b32fe495","messageTitle":"Refactor AddCommand","messageBody":"Now AddCommand is abstract, and the original functionality is moved to\nAddPersonCommand\n\nUpdate AddCommandParser to handle different cases of `add` command.\n","fileTypesAndContributionMap":{"functional-code":{"insertions":110,"deletions":58}}},{"hash":"d24771514d0fee17673a3b4a0ef53f6710d34720","messageTitle":"Update test files to match new AddCommand","messageBody":"","fileTypesAndContributionMap":{"functional-code":{"insertions":1,"deletions":11},"test-code":{"insertions":25,"deletions":20}}},{"hash":"130fcfb411d526c43b41909772bc801b1e3043bf","messageTitle":"Update UG for add and delete","messageBody":"","fileTypesAndContributionMap":{"docs":{"insertions":46,"deletions":23}}},{"hash":"4ab2aaf0ab05d11e9330d7e561b6f7ccc45a341e","messageTitle":"Remove test.md","messageBody":"","fileTypesAndContributionMap":{"functional-code":{"insertions":0,"deletions":1}}}]},{"date":"2022-03-18","commitResults":[{"hash":"91ebf2f92e83207cfd2746235ca187eda3e727bf","messageTitle":"Update UserGuide.md","messageBody":"","fileTypesAndContributionMap":{"docs":{"insertions":4,"deletions":4}}}]},{"date":"2022-03-23","commitResults":[{"hash":"ff577b58104eae4f4a6fcf334ad681c5adbca654","messageTitle":"Add two new observable values in Model","messageBody":"currentlySelectedPersonProperty represents the currently selected person\nin the addressbook. The currently selected person is the one displayed in\nthe RHS panel at any given moment. The RHS panel will observe this\nproperty for any changes, and update accordingly if the person\nencapsulated by this variable changes.\n\nselectionIndex represents the current index selected in PersonListPanel.\nTypically, the ListView in PersonListPanel already exposes a\nSelectionModel for us to track and modify the current selection in a\nListView. But since we want to reduce coupling and ensure that Ui only\nobserves and reacts to changes in the model, we should not track the\nSelectionModel in ListView, but track a separate observable value.\nPersonListPanel will observe this variable, and update accordingly if\nthe selectionIndex is changed.\n","fileTypesAndContributionMap":{"functional-code":{"insertions":33,"deletions":26}}},{"hash":"13221204b233e30f6bc9d4181857ea470160bf3c","messageTitle":"Implement handlers in Ui","messageBody":"PersonListPanel will now update the currentlySelectedPerson in\nModelManager after each selection change done using arrow keys or mouse.\n\nPersonListPanel will now update the selectionIndex in ModelManager after each selection change done using arrow keys or mouse.\n\nContactDetailPanel will observe the Person in currentlySelectedPerson\nand load in the corresponding ContactDetailCard that matches the Person.\n\nPersonListPanel will observe the selectionIndex in ModelManager for any\noutside changes that may change it, and update its own internal index to\nmatch selectionIndex.\n\nView command now changes the selectIndex in ModelManager.\n","fileTypesAndContributionMap":{"functional-code":{"insertions":102,"deletions":48}}},{"hash":"4a91ad668a1234e85e499945663e8ddf039574a1","messageTitle":"Enforce Checkstyle","messageBody":"","fileTypesAndContributionMap":{"functional-code":{"insertions":4,"deletions":4}}},{"hash":"4c0cb0bac5fed361b5ac2d69febc0d701d072085","messageTitle":"Fix ModelStub in tests","messageBody":"Add methods in ModelStub to override new abstract methods declared in\nModel interface.\n","fileTypesAndContributionMap":{"test-code":{"insertions":22,"deletions":13}}},{"hash":"2b47f08a6cc0282987a6ddb93ecca49e16f3db48","messageTitle":"Remove unused method","messageBody":"","fileTypesAndContributionMap":{"functional-code":{"insertions":0,"deletions":4}}}]},{"date":"2022-03-25","commitResults":[{"hash":"4b8e54d464528e8ba13ac68528fd99fc72eae513","messageTitle":"Convert SocialMedia set `Person` to List","messageBody":"We want to implement indexed operations with the collection of social\nmedias in a given person. This commit begins the process of migrating to\na collection type that supports indices.\n","fileTypesAndContributionMap":{"functional-code":{"insertions":29,"deletions":35},"test-code":{"insertions":12,"deletions":17}}},{"hash":"f0dd3f66b8f72a55eb4a4f2410bb82d1f9e2cde7","messageTitle":"Add implementation for Target class into DG","messageBody":"","fileTypesAndContributionMap":{"functional-code":{"insertions":1,"deletions":1},"docs":{"insertions":54,"deletions":0}}},{"hash":"07439e5b59d6674a2fde38be5e8a09c31c17f0bb","messageTitle":"Update alt text","messageBody":"","fileTypesAndContributionMap":{"docs":{"insertions":2,"deletions":1}}},{"hash":"55d7e8baaba12dcbf3a71dfd26c371f028e171eb","messageTitle":"Add code snippets to explain the use of Target","messageBody":"","fileTypesAndContributionMap":{"docs":{"insertions":20,"deletions":2}}},{"hash":"4db99c52cd2bf7a862b7c9020c541f1da7d8fefc","messageTitle":"Bump version for 1.3 release","messageBody":"","fileTypesAndContributionMap":{"functional-code":{"insertions":1,"deletions":1}}}]},{"date":"2022-03-28","commitResults":[{"hash":"e82a7dbc0ec6895cd655be7e49083e559c021bc8","messageTitle":"Update method name due to merge","messageBody":"","fileTypesAndContributionMap":{"functional-code":{"insertions":1,"deletions":1},"test-code":{"insertions":1,"deletions":1}}},{"hash":"23abe3903c193f459df0b7484610cc89db17ebd5","messageTitle":"Change methods that set selectedIndex to use Index","messageBody":"","fileTypesAndContributionMap":{"functional-code":{"insertions":25,"deletions":7},"test-code":{"insertions":2,"deletions":1}}},{"hash":"9aa3f1b4d32ded6687c76c6755d118bf67cc66a9","messageTitle":"Fix Edit command","messageBody":"Edit replaces the old Person instance with a new Person instance, but\nthe currentlySelectedPerson still references the old Person instance.\n\nThis causes a visual bug where if the currentlySelectedPerson\nis the one being edited, the RHS panel does not update to reflect the\nnew edits to the person.\n\nFurthermore, we should show the newly edited person instance to the user\nso that they can be assured of the changes. We also set the\nselectionIndex to null so the LHS does not have the selection bar over\nthe wrong Person.\n\nThis commit also updates ViewCommand to work with previous changes to\nsetSelectedIndex.\n","fileTypesAndContributionMap":{"functional-code":{"insertions":3,"deletions":1}}},{"hash":"6c7c848167262d7a84375a9707d89945b26e1008","messageTitle":"Enforce Checkstyle","messageBody":"","fileTypesAndContributionMap":{"functional-code":{"insertions":1,"deletions":1}}},{"hash":"1afb9e32d8751b9c244aea78c50010312d040735","messageTitle":"Clear RHS panel if person on RHS is being deleted","messageBody":"","fileTypesAndContributionMap":{"functional-code":{"insertions":19,"deletions":5}}},{"hash":"098832b408bd484b9c40328b962f5f512e87dc64","messageTitle":"Enforce Checkstyle","messageBody":"","fileTypesAndContributionMap":{"functional-code":{"insertions":1,"deletions":1}}},{"hash":"0c367a481457b04b292dda4dc9a2f02c15142d30","messageTitle":"Enforce Checkstyle","messageBody":"","fileTypesAndContributionMap":{"functional-code":{"insertions":0,"deletions":1}}}]},{"date":"2022-03-30","commitResults":[{"hash":"c8d3af94557fb234e0d53a4a8b19b88e74816491","messageTitle":"Add command and parser for editing social media","messageBody":"","fileTypesAndContributionMap":{"functional-code":{"insertions":132,"deletions":1}}},{"hash":"48c882013c91a80a09eb3a9f40d95b4074c00b15","messageTitle":"Refactor EditCommand","messageBody":"Refactor Editcommand to become an abstract class. All functionality\nrelated to editing a person has been moved to a new subclass\nEditPersonCommand.\n\nAlso, EditCommandParser will rely on EditSocialMediaParser to parse the\nsocial media.\n","fileTypesAndContributionMap":{"functional-code":{"insertions":137,"deletions":93}}},{"hash":"7e268f01ee479f6752179c0d5b799186bbc0c7f8","messageTitle":"Fix AddSocials and DeleteSocials to use List","messageBody":"Previously, AddSocialsToPersonCommand and DeletePersonsSocialCommand were\nusing Set\u003cSocialMedia\u003e to handle the collection of social medias in a\nperson. This has been changed to List.\n","fileTypesAndContributionMap":{"functional-code":{"insertions":7,"deletions":8}}},{"hash":"d9963c6b0d4a9e699b5e9dc76a167bb2c1c5e90f","messageTitle":"Fix tests and code quality","messageBody":"Some tests were made obsolete because of the change from index\ntargetting only to both index and name targetting.\n\nOther fixes include changing classnames from EditCommand to\nEditPersonCommand.\n","fileTypesAndContributionMap":{"functional-code":{"insertions":1,"deletions":3},"test-code":{"insertions":45,"deletions":51}}}]},{"date":"2022-03-31","commitResults":[{"hash":"296b9344d34198a2f7efb6bdec103d800a7da2c5","messageTitle":"Include index when displaying social media","messageBody":"","fileTypesAndContributionMap":{"functional-code":{"insertions":7,"deletions":2}}},{"hash":"70cd48f8ed093c077478bca57835a4ad71460750","messageTitle":"Enforce Checkstyle","messageBody":"","fileTypesAndContributionMap":{"functional-code":{"insertions":24,"deletions":16},"test-code":{"insertions":1,"deletions":1}}},{"hash":"9f227def61b39204dedc367f5bb1327d1fbab419","messageTitle":"Make Tags in TagPanel clickable","messageBody":"","fileTypesAndContributionMap":{"functional-code":{"insertions":29,"deletions":6}}},{"hash":"56c10d7dc49159540115ba6d043880cd0d8c2166","messageTitle":"Enforce Checkstyle","messageBody":"","fileTypesAndContributionMap":{"functional-code":{"insertions":1,"deletions":3}}},{"hash":"ad293dc6585e60b98deb73d5fd9e4d09846e7f7b","messageTitle":"Enforce Checkstyle","messageBody":"","fileTypesAndContributionMap":{"functional-code":{"insertions":9,"deletions":9}}},{"hash":"98e66453685d7e7376c533301e2967fbc07e2ede","messageTitle":"Fix css of ListCell and ListView","messageBody":"Fixes #141.\n\nChange so that the VBox of the PersonListCard does not dictate the\nbackground color of the cardpane anymore. Instead, rely on the .list-cell\nand .list-view in LightTheme.css to set the background color of the\ncell.\n\nAlso, change javafx17 to javafx11 to prevent incompatibility warnings\nfrom happening since the max supported javafx version on some computers is\nlower than 17.\n","fileTypesAndContributionMap":{"functional-code":{"insertions":7,"deletions":7}}},{"hash":"bd01201c219419e593b9909853eba163f085d821","messageTitle":"Make meetingTagPanel filter by tag","messageBody":"","fileTypesAndContributionMap":{"functional-code":{"insertions":18,"deletions":8}}},{"hash":"2dd5cb184459cbe6d3537e728737e4105c11c9ec","messageTitle":"Fix tags not being initialised in TagPanel","messageBody":"","fileTypesAndContributionMap":{"functional-code":{"insertions":11,"deletions":0}}},{"hash":"4320023073d4c632b24ffbae729996ad59bc6a63","messageTitle":"Fix label width in ContactDetailCard","messageBody":"","fileTypesAndContributionMap":{"functional-code":{"insertions":2,"deletions":2}}}]},{"date":"2022-04-01","commitResults":[{"hash":"5357e82aa46bddedac43f569af9d990a7fbcc62d","messageTitle":"Version Bump to 1.3.1","messageBody":"","fileTypesAndContributionMap":{"functional-code":{"insertions":1,"deletions":1}}},{"hash":"8c7e6c34fa252206d3cca2ab2e99c44e4af89e2d","messageTitle":"Move helpguide into resource folder","messageBody":"","fileTypesAndContributionMap":{"functional-code":{"insertions":330,"deletions":2}}},{"hash":"a62b005d9cf62c9fad5742bd3ca01fbf0529c20f","messageTitle":"Enforce Checkstyle","messageBody":"","fileTypesAndContributionMap":{"functional-code":{"insertions":2,"deletions":4}}}]}]},"authorFileTypeContributionMap":{"kavxya":{"docs":112,"functional-code":334,"test-code":9,"other":4},"chriswengqi":{"docs":369,"functional-code":1346,"test-code":55,"other":11},"zihaowrez":{"docs":361,"functional-code":280,"test-code":223},"reignnz":{"docs":201,"functional-code":3270,"test-code":1618},"cheehongw":{"docs":99,"functional-code":1768,"test-code":319,"other":1}},"authorContributionVariance":{"kavxya":5516.816,"chriswengqi":21821.898,"zihaowrez":91784.57,"reignnz":487168.7,"cheehongw":50743.996},"authorDisplayNameMap":{"kavxya":"CS2103-W16-2 KAAV..LVAM","chriswengqi":"CS2103-W16-2 ONG ..G QI","zihaowrez":"CS2103-W16-2 WU Z..IHAO","reignnz":"CS2103-W16-2 CHOW..NETH","cheehongw":"CS2103-W16-2 WONG..HONG"}}
